MozillaBuild Install Directory: C:\mozilla-build
Python 2.7.11
/c/mozilla-build/yasm/yasm.exe
yasm-rc=53
yasm2-rc=0
total 622
drwxr-xr-x  2 runneradmin Administrators      0 Oct  8 18:46 .
drwxr-xr-x 43 runneradmin Administrators  12288 Oct  8 18:46 ..
-rwxr-xr-x  1 runneradmin Administrators 624640 Oct  8 18:46 yasm.exe
PATH=/local/bin
/c/mozilla-build/7zip
/c/mozilla-build/info-zip
/c/mozilla-build/kdiff3
/c/mozilla-build/mozmake
/c/mozilla-build/nsis-3.0b3
/c/mozilla-build/nsis-3.0b1
/c/mozilla-build/nsis-2.46u
/c/mozilla-build/python
/c/mozilla-build/python/Scripts
/c/mozilla-build/upx391w
/c/mozilla-build/watchman
/c/mozilla-build/wget
/c/mozilla-build/yasm
.
/usr/local/bin
/mingw/bin
/bin
/c/mozilla-build/moztools-x64/bin
/c/yasm
/c/mozilla-build/yasm
/c/mozilla-build/python
/c/mozilla-build/python27
/c/Program Files/Microsoft Visual Studio/2022/Enterprise/VC/Tools/MSVC/14.29.30133/bin/HostX64/x64
/c/Program Files/Microsoft Visual Studio/2022/Enterprise/Common7/IDE/VC/VCPackages
/c/Program Files/Microsoft Visual Studio/2022/Enterprise/Common7/IDE/CommonExtensions/Microsoft/TestWindow
/c/Program Files/Microsoft Visual Studio/2022/Enterprise/Common7/IDE/CommonExtensions/Microsoft/TeamFoundation/Team Explorer
/c/Program Files/Microsoft Visual Studio/2022/Enterprise/MSBuild/Current/bin/Roslyn
/c/Program Files (x86)/Microsoft SDKs/Windows/v10.0A/bin/NETFX 4.8 Tools/x64/
/c/Program Files (x86)/HTML Help Workshop
 0:01.17 c:\Strawberry\c\bin\gmake.EXE -f client.mk -k MOZ_PARALLEL_BUILD=4 -s
 0:44.57 Clobber not needed.
 0:44.57 Adding client.mk options from D:/a/K-Meleon-R/K-Meleon-R/goanna/mozconfig:
 0:44.57     CONFIG_GUESS=x86_64-pc-mingw32
 0:44.57     MOZ_MAKE_FLAGS=-j4 -k
 0:44.57     MOZ_OBJDIR=d:/a/K-Meleon-R/K-Meleon-R/goanna/obj-x64
 0:44.57     OBJDIR=d:/a/K-Meleon-R/K-Meleon-R/goanna/obj-x64
 0:44.57     FOUND_MOZCONFIG=D:/a/K-Meleon-R/K-Meleon-R/goanna/mozconfig
 0:44.57 Generating d:/a/K-Meleon-R/K-Meleon-R/goanna/configure using autoconf
 0:44.57 Generating d:/a/K-Meleon-R/K-Meleon-R/goanna/js/src/configure using autoconf
 0:44.57 cd d:/a/K-Meleon-R/K-Meleon-R/goanna/obj-x64
 0:44.57 d:/a/K-Meleon-R/K-Meleon-R/goanna/configure
 0:44.57 Adding configure options from D:/a/K-Meleon-R/K-Meleon-R/goanna/mozconfig
 0:44.57   --enable-application=xulrunner
 0:44.57   --target=x86_64-pc-mingw32
 0:44.57   --host=x86_64-pc-mingw32
 0:44.57   --enable-optimize
 0:44.57   --disable-debug
 0:44.57   --disable-tests
 0:44.57   --disable-updater
 0:44.57   --disable-crashreporter
 0:44.57   --disable-maintenance-service
 0:44.57   --disable-installer
 0:44.57   --disable-webrtc
 0:44.57   --disable-require-d3d-compilers
 0:44.57 creating cache ./config.cache
 0:44.57 checking host system type... x86_64-pc-mingw32
 0:44.57 checking target system type... x86_64-pc-mingw32
 0:44.57 checking build system type... x86_64-pc-mingw32
 0:44.57 checking for mawk... no
 0:44.57 checking for gawk... gawk
 0:44.57 checking for python2.7... /c/mozilla-build/python/python2.7
 0:44.57 Creating Python environment
 0:44.57 New python executable in d:/a/K-Meleon-R/K-Meleon-R/goanna/obj-x64/_virtualenv\Scripts\python2.7.exe
 0:44.57 Also creating executable in d:/a/K-Meleon-R/K-Meleon-R/goanna/obj-x64/_virtualenv\Scripts\python.exe
 0:44.57 Installing setuptools, pip...done.
 0:44.57 running build_ext
 0:44.57 
 0:44.57 building '_psutil_windows' extension
 0:44.57 
 0:44.57 error: Microsoft Visual C++ 9.0 is required (Unable to find vcvarsall.bat). Get it from http://aka.ms/vcpython27
 0:44.57 
 0:44.57 
 0:44.57 Error processing command. Ignoring because optional. (optional:setup.py:python/psutil:build_ext:--inplace)
 0:44.57 d:/a/K-Meleon-R/K-Meleon-R/goanna/python/mozbuild/mozbuild/virtualenv.py:318: UserWarning: Hacking environment to allow binary Python extensions to build. You can make this warning go away by installing Visual Studio 2008. You can download the Express Edition installer from http://go.microsoft.com/?linkid=7729279
 0:44.57   warnings.warn('Hacking environment to allow binary Python '
 0:44.57 checking Python environment is Mozilla virtualenv... yes
 0:44.57 checking for perl5... no
 0:44.57 checking for perl... /usr/bin/perl
 0:44.57 checking for gcc... cl
 0:44.57 checking whether the C compiler (cl -DNOMINMAX ) works... yes
 0:44.57 checking whether the C compiler (cl -DNOMINMAX ) is a cross-compiler... no
 0:44.57 checking whether we are using GNU C... no
 0:44.57 checking whether cl accepts -g... no
 0:44.57 checking for c++... cl
 0:44.57 checking whether the C++ compiler (cl -DNOMINMAX ) works... yes
 0:44.57 checking whether the C++ compiler (cl -DNOMINMAX ) is a cross-compiler... no
 0:44.57 checking whether we are using GNU C++... no
 0:44.57 checking whether cl accepts -g... no
 0:44.57 checking for ranlib... ranlib
 0:44.57 checking for ml64... /c/Program Files/Microsoft Visual Studio/2022/Enterprise/VC/Tools/MSVC/14.29.30133/bin/HostX64/x64/ml64
 0:44.57 checking for ar... ar
 0:44.57 checking for ld... link
 0:44.57 checking for strip... strip
 0:44.57 checking for windres... windres
 0:44.57 checking for otool... no
 0:44.57 checking for midl... midl
 0:44.57 configure: warning: Unknown version of the Microsoft (R) Manifest Tool.
 0:44.57 checking for std::_Throw... no
 0:44.57 checking for overridable _RAISE... no
 0:44.57 configure: warning: exception wrapping disabled
 0:44.57 checking for highest Windows version supported by this SDK... 0x0A00
 0:44.57 checking for Windows SDK being recent enough... yes
 0:44.57 checking how to run the C preprocessor... cl -E -nologo
 0:44.57 checking how to run the C++ preprocessor... cl -TP -E -nologo
 0:44.57 checking for a BSD compatible install... /usr/bin/install -c
 0:44.57 checking whether ln -s works... no
 0:44.57 checking for minimum required perl version >= 5.006... 5.008008
 0:44.57 checking for full perl installation... yes
 0:44.57 checking for doxygen... :
 0:44.57 checking for autoconf... /usr/bin/autoconf
 0:44.57 checking for unzip... /c/mozilla-build/info-zip/unzip
 0:44.57 checking for zip... /c/mozilla-build/info-zip/zip
 0:44.57 checking for xargs... /usr/bin/xargs
 0:44.57 checking for rpmbuild... :
 0:44.57 checking for c:/Strawberry/c/bin/gmake.EXE... d:/a/K-Meleon-R/K-Meleon-R/goanna/configure: line 5460: test: /usr/local/bin/c: binary operator expected
 0:44.57 d:/a/K-Meleon-R/K-Meleon-R/goanna/configure: line 5460: test: /c/mozilla-build/7zip/c: binary operator expected
 0:44.57 d:/a/K-Meleon-R/K-Meleon-R/goanna/configure: line 5460: test: /c/mozilla-build/info-zip/c: binary operator expected
 0:44.57 d:/a/K-Meleon-R/K-Meleon-R/goanna/configure: line 5460: test: /c/mozilla-build/kdiff3/c: binary operator expected
 0:44.57 d:/a/K-Meleon-R/K-Meleon-R/goanna/configure: line 5460: test: /c/mozilla-build/mozmake/c: binary operator expected
 0:44.57 d:/a/K-Meleon-R/K-Meleon-R/goanna/configure: line 5460: test: /c/mozilla-build/nsis-3.0b3/c: binary operator expected
 0:44.57 d:/a/K-Meleon-R/K-Meleon-R/goanna/configure: line 5460: test: /c/mozilla-build/nsis-3.0b1/c: binary operator expected
 0:44.57 d:/a/K-Meleon-R/K-Meleon-R/goanna/configure: line 5460: test: /c/mozilla-build/nsis-2.46u/c: binary operator expected
 0:44.57 d:/a/K-Meleon-R/K-Meleon-R/goanna/configure: line 5460: test: /c/mozilla-build/python/c: binary operator expected
 0:44.57 d:/a/K-Meleon-R/K-Meleon-R/goanna/configure: line 5460: test: /c/mozilla-build/python/Scripts/c: binary operator expected
 0:44.57 d:/a/K-Meleon-R/K-Meleon-R/goanna/configure: line 5460: test: /c/mozilla-build/upx391w/c: binary operator expected
 0:44.57 d:/a/K-Meleon-R/K-Meleon-R/goanna/configure: line 5460: test: /c/mozilla-build/watchman/c: binary operator expected
 0:44.57 d:/a/K-Meleon-R/K-Meleon-R/goanna/configure: line 5460: test: /c/mozilla-build/wget/c: binary operator expected
 0:44.57 d:/a/K-Meleon-R/K-Meleon-R/goanna/configure: line 5460: test: /c/mozilla-build/yasm/c: binary operator expected
 0:44.57 d:/a/K-Meleon-R/K-Meleon-R/goanna/configure: line 5460: test: ./c: binary operator expected
 0:44.57 d:/a/K-Meleon-R/K-Meleon-R/goanna/configure: line 5460: test: /usr/local/bin/c: binary operator expected
 0:44.57 d:/a/K-Meleon-R/K-Meleon-R/goanna/configure: line 5460: test: /usr/mingw/bin/c: binary operator expected
 0:44.57 d:/a/K-Meleon-R/K-Meleon-R/goanna/configure: line 5460: test: /usr/bin/c: binary operator expected
 0:44.57 d:/a/K-Meleon-R/K-Meleon-R/goanna/configure: line 5460: test: /c/mozilla-build/moztools-x64/bin/c: binary operator expected
 0:44.57 d:/a/K-Meleon-R/K-Meleon-R/goanna/configure: line 5460: test: /c/yasm/c: binary operator expected
 0:44.57 d:/a/K-Meleon-R/K-Meleon-R/goanna/configure: line 5460: test: /c/mozilla-build/yasm/c: binary operator expected
 0:44.57 d:/a/K-Meleon-R/K-Meleon-R/goanna/configure: line 5460: test: /c/mozilla-build/python/c: binary operator expected
 0:44.57 d:/a/K-Meleon-R/K-Meleon-R/goanna/configure: line 5460: test: /c/mozilla-build/python27/c: binary operator expected
 0:44.57 d:/a/K-Meleon-R/K-Meleon-R/goanna/configure: line 5460: test: /c/Program Files/Microsoft Visual Studio/2022/Enterprise/VC/Tools/MSVC/14.29.30133/bin/HostX64/x64/c: binary operator expected
 0:44.57 d:/a/K-Meleon-R/K-Meleon-R/goanna/configure: line 5460: test: /c/Program Files/Microsoft Visual Studio/2022/Enterprise/Common7/IDE/VC/VCPackages/c: binary operator expected
 0:44.57 d:/a/K-Meleon-R/K-Meleon-R/goanna/configure: line 5460: test: /c/Program Files/Microsoft Visual Studio/2022/Enterprise/Common7/IDE/CommonExtensions/Microsoft/TestWindow/c: binary operator expected
 0:44.57 d:/a/K-Meleon-R/K-Meleon-R/goanna/configure: line 5460: test: /c/Program Files/Microsoft Visual Studio/2022/Enterprise/Common7/IDE/CommonExtensions/Microsoft/TeamFoundation/Team Explorer/c: binary operator expected
 0:44.57 d:/a/K-Meleon-R/K-Meleon-R/goanna/configure: line 5460: test: /c/Program Files/Microsoft Visual Studio/2022/Enterprise/MSBuild/Current/bin/Roslyn/c: binary operator expected
 0:44.57 d:/a/K-Meleon-R/K-Meleon-R/goanna/configure: line 5460: test: /c/Program Files (x86)/Microsoft SDKs/Windows/v10.0A/bin/NETFX 4.8 Tools/x64//c: binary operator expected
 0:44.57 d:/a/K-Meleon-R/K-Meleon-R/goanna/configure: line 5460: test: /c/Program Files (x86)/HTML Help Workshop/c: binary operator expected
 0:44.57 d:/a/K-Meleon-R/K-Meleon-R/goanna/configure: line 5460: test: /c/Program Files/Microsoft Visual Studio/2022/Enterprise/Common7/IDE/CommonExtensions/Microsoft/FSharp/Tools/c: binary operator expected
 0:44.57 d:/a/K-Meleon-R/K-Meleon-R/goanna/configure: line 5460: test: /c/Program Files/Microsoft Visual Studio/2022/Enterprise/Team Tools/DiagnosticsHub/Collector/c: binary operator expected
 0:44.57 d:/a/K-Meleon-R/K-Meleon-R/goanna/configure: line 5460: test: /c/Program Files/Microsoft Visual Studio/2022/Enterprise/Common7/IDE/Extensions/Microsoft/CodeCoverage.Console/c: binary operator expected
 0:44.57 d:/a/K-Meleon-R/K-Meleon-R/goanna/configure: line 5460: test: /c/Program Files/Microsoft Visual Studio/2022/Enterprise/VC/Tools/Llvm/x64/bin/c: binary operator expected
 0:44.57 d:/a/K-Meleon-R/K-Meleon-R/goanna/configure: line 5460: test: /c/Program Files (x86)/Windows Kits/10/bin/10.0.26100.0/x64/c: binary operator expected
 0:44.57 d:/a/K-Meleon-R/K-Meleon-R/goanna/configure: line 5460: test: /c/Program Files (x86)/Windows Kits/10/bin/x64/c: binary operator expected
 0:44.57 d:/a/K-Meleon-R/K-Meleon-R/goanna/configure: line 5460: test: /c/Program Files/Microsoft Visual Studio/2022/Enterprise/MSBuild/Current/Bin/amd64/c: binary operator expected
 0:44.57 d:/a/K-Meleon-R/K-Meleon-R/goanna/configure: line 5460: test: /c/Windows/Microsoft.NET/Framework64/v4.0.30319/c: binary operator expected
 0:44.57 d:/a/K-Meleon-R/K-Meleon-R/goanna/configure: line 5460: test: /c/Program Files/Microsoft Visual Studio/2022/Enterprise/Common7/IDE//c: binary operator expected
 0:44.57 d:/a/K-Meleon-R/K-Meleon-R/goanna/configure: line 5460: test: /c/Program Files/Microsoft Visual Studio/2022/Enterprise/Common7/Tools//c: binary operator expected
 0:44.57 d:/a/K-Meleon-R/K-Meleon-R/goanna/configure: line 5460: test: /c/Program Files/MongoDB/Server/7.0/bin/c: binary operator expected
 0:44.57 d:/a/K-Meleon-R/K-Meleon-R/goanna/configure: line 5460: test: /c/aliyun-cli/c: binary operator expected
 0:44.57 d:/a/K-Meleon-R/K-Meleon-R/goanna/configure: line 5460: test: /c/vcpkg/c: binary operator expected
 0:44.57 d:/a/K-Meleon-R/K-Meleon-R/goanna/configure: line 5460: test: /c/Program Files (x86)/NSIS//c: binary operator expected
 0:44.57 d:/a/K-Meleon-R/K-Meleon-R/goanna/configure: line 5460: test: /c/tools/zstd/c: binary operator expected
 0:44.57 d:/a/K-Meleon-R/K-Meleon-R/goanna/configure: line 5460: test: /c/Program Files/Mercurial//c: binary operator expected
 0:44.57 d:/a/K-Meleon-R/K-Meleon-R/goanna/configure: line 5460: test: /c/hostedtoolcache/windows/stack/3.11.1/x64/c: binary operator expected
 0:44.57 d:/a/K-Meleon-R/K-Meleon-R/goanna/configure: line 5460: test: /c/cabal/bin/c: binary operator expected
 0:44.57 d:/a/K-Meleon-R/K-Meleon-R/goanna/configure: line 5460: test: /c/ghcup/bin/c: binary operator expected
 0:44.57 d:/a/K-Meleon-R/K-Meleon-R/goanna/configure: line 5460: test: /c/mingw64/bin/c: binary operator expected
 0:44.57 d:/a/K-Meleon-R/K-Meleon-R/goanna/configure: line 5460: test: /c/Program Files/dotnet/c: binary operator expected
 0:44.57 d:/a/K-Meleon-R/K-Meleon-R/goanna/configure: line 5460: test: /c/Program Files/MySQL/MySQL Server 8.0/bin/c: binary operator expected
 0:44.57 d:/a/K-Meleon-R/K-Meleon-R/goanna/configure: line 5460: test: /c/Program Files/R/R-4.6.1/bin/x64/c: binary operator expected
 0:44.57 d:/a/K-Meleon-R/K-Meleon-R/goanna/configure: line 5460: test: /c/SeleniumWebDrivers/GeckoDriver/c: binary operator expected
 0:44.57 d:/a/K-Meleon-R/K-Meleon-R/goanna/configure: line 5460: test: /c/SeleniumWebDrivers/EdgeDriver//c: binary operator expected
 0:44.57 d:/a/K-Meleon-R/K-Meleon-R/goanna/configure: line 5460: test: /c/SeleniumWebDrivers/ChromeDriver/c: binary operator expected
 0:44.57 d:/a/K-Meleon-R/K-Meleon-R/goanna/configure: line 5460: test: /c/Program Files (x86)/sbt/bin/c: binary operator expected
 0:44.57 d:/a/K-Meleon-R/K-Meleon-R/goanna/configure: line 5460: test: /c/Program Files (x86)/GitHub CLI/c: binary operator expected
 0:44.57 d:/a/K-Meleon-R/K-Meleon-R/goanna/configure: line 5460: test: /c/Program Files/Git/bin/c: binary operator expected
 0:44.57 d:/a/K-Meleon-R/K-Meleon-R/goanna/configure: line 5460: test: /c/Program Files (x86)/pipx_bin/c: binary operator expected
 0:44.57 d:/a/K-Meleon-R/K-Meleon-R/goanna/configure: line 5460: test: /c/npm/prefix/c: binary operator expected
 0:44.57 d:/a/K-Meleon-R/K-Meleon-R/goanna/configure: line 5460: test: /c/hostedtoolcache/windows/go/1.24.13/x64/bin/c: binary operator expected
 0:44.57 d:/a/K-Meleon-R/K-Meleon-R/goanna/configure: line 5460: test: /c/hostedtoolcache/windows/Python/3.12.10/x64/Scripts/c: binary operator expected
 0:44.57 d:/a/K-Meleon-R/K-Meleon-R/goanna/configure: line 5460: test: /c/hostedtoolcache/windows/Python/3.12.10/x64/c: binary operator expected
 0:44.57 d:/a/K-Meleon-R/K-Meleon-R/goanna/configure: line 5460: test: /c/hostedtoolcache/windows/Ruby/3.3.12/x64/bin/c: binary operator expected
 0:44.57 d:/a/K-Meleon-R/K-Meleon-R/goanna/configure: line 5460: test: /c/Program Files/OpenSSL/bin/c: binary operator expected
 0:44.57 d:/a/K-Meleon-R/K-Meleon-R/goanna/configure: line 5460: test: /c/tools/kotlinc/bin/c: binary operator expected
 0:44.57 d:/a/K-Meleon-R/K-Meleon-R/goanna/configure: line 5460: test: /c/hostedtoolcache/windows/Java_Temurin-Hotspot_jdk/8.0.504-1/x64/bin/c: binary operator expected
 0:44.57 d:/a/K-Meleon-R/K-Meleon-R/goanna/configure: line 5460: test: /c/Program Files/ImageMagick-7.1.2-Q16-HDRI/c: binary operator expected
 0:44.57 d:/a/K-Meleon-R/K-Meleon-R/goanna/configure: line 5460: test: /c/Program Files/Microsoft SDKs/Azure/CLI2/wbin/c: binary operator expected
 0:44.57 d:/a/K-Meleon-R/K-Meleon-R/goanna/configure: line 5460: test: /c/ProgramData/kind/c: binary operator expected
 0:44.57 d:/a/K-Meleon-R/K-Meleon-R/goanna/configure: line 5460: test: /c/ProgramData/Chocolatey/bin/c: binary operator expected
 0:44.57 d:/a/K-Meleon-R/K-Meleon-R/goanna/configure: line 5460: test: /c/Windows/system32/c: binary operator expected
 0:44.57 d:/a/K-Meleon-R/K-Meleon-R/goanna/configure: line 5460: test: /c/Windows/c: binary operator expected
 0:44.57 d:/a/K-Meleon-R/K-Meleon-R/goanna/configure: line 5460: test: /c/Windows/System32/Wbem/c: binary operator expected
 0:44.57 d:/a/K-Meleon-R/K-Meleon-R/goanna/configure: line 5460: test: /c/Windows/System32/WindowsPowerShell/v1.0//c: binary operator expected
 0:44.57 d:/a/K-Meleon-R/K-Meleon-R/goanna/configure: line 5460: test: /c/Windows/System32/OpenSSH//c: binary operator expected
 0:44.57 d:/a/K-Meleon-R/K-Meleon-R/goanna/configure: line 5460: test: /c/Program Files/dotnet//c: binary operator expected
 0:44.57 d:/a/K-Meleon-R/K-Meleon-R/goanna/configure: line 5460: test: /c/Program Files/PowerShell/7//c: binary operator expected
 0:44.57 d:/a/K-Meleon-R/K-Meleon-R/goanna/configure: line 5460: test: /c/Program Files/Microsoft/Web Platform Installer//c: binary operator expected
 0:44.57 d:/a/K-Meleon-R/K-Meleon-R/goanna/configure: line 5460: test: /c/Program Files/TortoiseSVN/bin/c: binary operator expected
 0:44.57 d:/a/K-Meleon-R/K-Meleon-R/goanna/configure: line 5460: test: /c/Program Files/Microsoft SQL Server/Client SDK/ODBC/170/Tools/Binn//c: binary operator expected
 0:44.57 d:/a/K-Meleon-R/K-Meleon-R/goanna/configure: line 5460: test: /c/Program Files/Microsoft SQL Server/150/Tools/Binn//c: binary operator expected
 0:44.57 d:/a/K-Meleon-R/K-Meleon-R/goanna/configure: line 5460: test: /c/Program Files (x86)/Windows Kits/10/Windows Performance Toolkit//c: binary operator expected
 0:44.57 d:/a/K-Meleon-R/K-Meleon-R/goanna/configure: line 5460: test: /c/Program Files (x86)/WiX Toolset v3.14/bin/c: binary operator expected
 0:44.57 d:/a/K-Meleon-R/K-Meleon-R/goanna/configure: line 5460: test: /c/Program Files/Microsoft SQL Server/130/DTS/Binn//c: binary operator expected
 0:44.57 d:/a/K-Meleon-R/K-Meleon-R/goanna/configure: line 5460: test: /c/Program Files/Microsoft SQL Server/140/DTS/Binn//c: binary operator expected
 0:44.57 d:/a/K-Meleon-R/K-Meleon-R/goanna/configure: line 5460: test: /c/Program Files/Microsoft SQL Server/150/DTS/Binn//c: binary operator expected
 0:44.57 d:/a/K-Meleon-R/K-Meleon-R/goanna/configure: line 5460: test: /c/Program Files/Microsoft SQL Server/160/DTS/Binn//c: binary operator expected
 0:44.57 d:/a/K-Meleon-R/K-Meleon-R/goanna/configure: line 5460: test: /c/Program Files/Microsoft SQL Server/170/DTS/Binn//c: binary operator expected
 0:44.57 d:/a/K-Meleon-R/K-Meleon-R/goanna/configure: line 5460: test: /c/Strawberry/c/bin/c: binary operator expected
 0:44.57 d:/a/K-Meleon-R/K-Meleon-R/goanna/configure: line 5460: test: /c/Strawberry/perl/site/bin/c: binary operator expected
 0:44.57 d:/a/K-Meleon-R/K-Meleon-R/goanna/configure: line 5460: test: /c/Strawberry/perl/bin/c: binary operator expected
 0:44.57 d:/a/K-Meleon-R/K-Meleon-R/goanna/configure: line 5460: test: /c/ProgramData/chocolatey/lib/pulumi/tools/Pulumi/bin/c: binary operator expected
 0:44.57 d:/a/K-Meleon-R/K-Meleon-R/goanna/configure: line 5460: test: /c/Program Files/CMake/bin/c: binary operator expected
 0:44.57 d:/a/K-Meleon-R/K-Meleon-R/goanna/configure: line 5460: test: /c/ProgramData/chocolatey/lib/maven/apache-maven-3.9.16/bin/c: binary operator expected
 0:44.57 d:/a/K-Meleon-R/K-Meleon-R/goanna/configure: line 5460: test: /c/Program Files/Microsoft Service Fabric/bin/Fabric/Fabric.Code/c: binary operator expected
 0:44.57 d:/a/K-Meleon-R/K-Meleon-R/goanna/configure: line 5460: test: /c/Program Files/Microsoft SDKs/Service Fabric/Tools/ServiceFabricLocalClusterManager/c: binary operator expected
 0:44.57 d:/a/K-Meleon-R/K-Meleon-R/goanna/configure: line 5460: test: /c/Program Files/nodejs//c: binary operator expected
 0:44.57 d:/a/K-Meleon-R/K-Meleon-R/goanna/configure: line 5460: test: /c/Program Files/Git/cmd/c: binary operator expected
 0:44.57 d:/a/K-Meleon-R/K-Meleon-R/goanna/configure: line 5460: test: /c/Program Files/Git/ucrt64/bin/c: binary operator expected
 0:44.57 d:/a/K-Meleon-R/K-Meleon-R/goanna/configure: line 5460: test: /c/Program Files/Git/usr/bin/c: binary operator expected
 0:44.57 d:/a/K-Meleon-R/K-Meleon-R/goanna/configure: line 5460: test: /c/Program Files/GitHub CLI//c: binary operator expected
 0:44.57 d:/a/K-Meleon-R/K-Meleon-R/goanna/configure: line 5460: test: /c/tools/php/c: binary operator expected
 0:44.57 d:/a/K-Meleon-R/K-Meleon-R/goanna/configure: line 5460: test: /c/Program Files (x86)/sbt/bin/c: binary operator expected
 0:44.57 d:/a/K-Meleon-R/K-Meleon-R/goanna/configure: line 5460: test: /c/Program Files/Amazon/AWSCLIV2//c: binary operator expected
 0:44.57 d:/a/K-Meleon-R/K-Meleon-R/goanna/configure: line 5460: test: /c/Program Files/Amazon/SessionManagerPlugin/bin//c: binary operator expected
 0:44.57 d:/a/K-Meleon-R/K-Meleon-R/goanna/configure: line 5460: test: /c/Program Files/Amazon/AWSSAMCLI/bin//c: binary operator expected
 0:44.57 d:/a/K-Meleon-R/K-Meleon-R/goanna/configure: line 5460: test: /c/Program Files/Microsoft SQL Server/130/Tools/Binn//c: binary operator expected
 0:44.57 d:/a/K-Meleon-R/K-Meleon-R/goanna/configure: line 5460: test: /c/Program Files/mongosh//c: binary operator expected
 0:44.57 d:/a/K-Meleon-R/K-Meleon-R/goanna/configure: line 5460: test: /c/Program Files/LLVM/bin/c: binary operator expected
 1:27.55 d:/a/K-Meleon-R/K-Meleon-R/goanna/configure: line 5460: test: /c/Program Files (x86)/LLVM/bin/c: binary operator expected
 1:27.55 d:/a/K-Meleon-R/K-Meleon-R/goanna/configure: line 5460: test: /c/Users/runneradmin/.dotnet/tools/c: binary operator expected
 1:27.55 d:/a/K-Meleon-R/K-Meleon-R/goanna/configure: line 5460: test: /c/Users/runneradmin/.cargo/bin/c: binary operator expected
 1:27.55 d:/a/K-Meleon-R/K-Meleon-R/goanna/configure: line 5460: test: /c/Users/runneradmin/AppData/Local/Microsoft/WindowsApps/c: binary operator expected
 1:27.55 d:/a/K-Meleon-R/K-Meleon-R/goanna/configure: line 5460: test: /c/Program Files/Microsoft Visual Studio/2022/Enterprise/Common7/IDE/CommonExtensions/Microsoft/CMake/CMake/bin/c: binary operator expected
 1:27.55 d:/a/K-Meleon-R/K-Meleon-R/goanna/configure: line 5460: test: /c/Program Files/Microsoft Visual Studio/2022/Enterprise/Common7/IDE/CommonExtensions/Microsoft/CMake/Ninja/c: binary operator expected
 1:27.55 d:/a/K-Meleon-R/K-Meleon-R/goanna/configure: line 5460: test: /c/Program Files/Microsoft Visual Studio/2022/Enterprise/Common7/IDE/VC/Linux/bin/ConnectionManagerExe/c: binary operator expected
 1:27.55 d:/a/K-Meleon-R/K-Meleon-R/goanna/configure: line 5460: test: /c/Program Files/Microsoft Visual Studio/2022/Enterprise/VC/vcpkg/c: binary operator expected
 1:27.55 d:/a/K-Meleon-R/K-Meleon-R/goanna/configure: line 5460: test: /c/mozilla-build/python/c: binary operator expected
 1:27.55 d:/a/K-Meleon-R/K-Meleon-R/goanna/configure: line 5460: test: /c/mozilla-build/python27/c: binary operator expected
 1:27.55 no
 1:27.55 checking for make... /usr/local/bin/make
 1:27.55 checking for X... no
 1:27.55 checking that static assertion macros used in autoconf tests work... yes
 1:27.55 d:/a/K-Meleon-R/K-Meleon-R/goanna/configure: line 8159: test: : integer expression expected
 1:27.55 checking for 64-bit OS... yes
 1:27.55 checking whether the C++ compiler (cl -DNOMINMAX -TP -nologo -Wv:18 -wd4091 -D_HAS_EXCEPTIONS=0 -W3 -Gy -FS -wd4251 -wd4244 -wd4267 -wd4345 -wd4351 -wd4482 -wd4800 -wd4819 -we4553 -GR-  -LARGEADDRESSAWARE -NXCOMPAT -OPT:REF -OPT:ICF=15 -DYNAMICBASE) actually is a C++ compiler... yes
 1:27.55 checking NSPR selection... source-tree
 1:27.55 checking for YASM assembler... checking for yasm... /c/mozilla-build/yasm/yasm.exe
 1:27.55 checking for application to build... xulrunner
 1:27.55 checking if app-specific confvars.sh exists... d:/a/K-Meleon-R/K-Meleon-R/goanna/xulrunner/confvars.sh
 1:27.55 checking __attribute__ ((aligned ())) support... trying 64
 1:27.55 trying 32
 1:27.55 trying 16
 1:27.55 trying 8
 1:27.55 0
 1:27.55 d:/a/K-Meleon-R/K-Meleon-R/goanna/configure: line 19664: test: too many arguments
 1:27.55 checking for java... /c/hostedtoolcache/windows/Java_Temurin-Hotspot_jdk/8.0.504-1/x64/bin/java
 1:27.55 checking for javac... /c/hostedtoolcache/windows/Java_Temurin-Hotspot_jdk/8.0.504-1/x64/bin/javac
 1:27.55 checking for javah... /c/hostedtoolcache/windows/Java_Temurin-Hotspot_jdk/8.0.504-1/x64/bin/javah
 1:27.55 checking for jar... /c/hostedtoolcache/windows/Java_Temurin-Hotspot_jdk/8.0.504-1/x64/bin/jar
 1:27.55 checking for jarsigner... /c/hostedtoolcache/windows/Java_Temurin-Hotspot_jdk/8.0.504-1/x64/bin/jarsigner
 1:27.55 checking for keytool... /c/hostedtoolcache/windows/Java_Temurin-Hotspot_jdk/8.0.504-1/x64/bin/keytool
 1:27.55 ERROR: Invalid key name.
 1:27.55 Type "REG QUERY /?" for usage.
 1:27.55 DirectX SDK not found.
 1:27.55 Couldn't find an acceptable DirectX SDK for ANGLE, needed for d3dcompiler_43.
 1:27.55 d:/a/K-Meleon-R/K-Meleon-R/goanna/configure: line 21332: test: : integer expression expected
 1:27.55 checking for makensisu-3.0a2.exe... no
 1:27.55 checking for makensisu-2.46.exe... /c/mozilla-build/nsis-2.46u/makensisu-2.46.exe
 1:27.55 yes
 1:27.55 checking for Unicode NSIS version 2.46 or greater... yes
 1:27.55 checking for gnutar... no
 1:27.55 checking for gtar... no
 1:27.55 checking for tar... tar
 1:27.55 checking for wget... wget
 1:27.55 checking for valid optimization flags... yes
 1:27.55 LINK : fatal error LNK1146: no argument specified with option '/EXTRACT:'
 1:27.55 grep: crtdll.obj: No such file or directory
 1:27.55 cannot get attributes for "d:\a\K-Meleon-R\K-Meleon-R\goanna\obj-x64\crtdll.obj": The system cannot find the file specified.
 1:27.55 
 1:27.55 checking what kind of list files are supported by the linker... list
 1:27.55 checking for stdint.h... yes
 1:27.55 checking for inttypes.h... yes
 1:27.55 checking for sys/int_types.h... no
 1:27.55 checking for d3d9.h... yes
 1:27.55 checking for d3d10.h... yes
 1:27.55 checking for posix_fadvise... no
 1:27.55 checking for posix_fallocate... no
 1:27.55 updating cache ./config.cache
 1:27.55 creating ./config.status
 1:27.55 intl\icu\target> configuring
 1:27.55 intl\icu\target> running C:/mozilla-build/msys/bin/sh d:/a/K-Meleon-R/K-Meleon-R/goanna/intl/icu/source/configure --build=x86_64-pc-mingw32 --host=x86_64-pc-mingw32 --disable-static --enable-shared --disable-extras --disable-icuio --disable-layout --disable-tests --disable-samples --cache-file=d:/a/K-Meleon-R/K-Meleon-R/goanna/obj-x64/intl/icu/target/config.cache
 1:27.55 js\src\ctypes\libffi> configuring
 1:27.55 js\src\ctypes\libffi> running C:/mozilla-build/msys/bin/sh d:/a/K-Meleon-R/K-Meleon-R/goanna/js/src/ctypes/libffi/configure --build=x86_64-pc-mingw32 --host=x86_64-pc-mingw32 --disable-shared --enable-static --disable-raw-api AS=ml64.exe CC=cl CXX=cl CPP=cl -E -nologo LD=link AR=lib RANLIB=echo not_ranlib STRIP=echo not_strip LD=link CPP=cl -nologo -EP CXXCPP=cl -nologo -EP SHELL=sh.exe CC=/d/a/K-Meleon-R/K-Meleon-R/goanna/js/src/ctypes/libffi/msvcc.sh -m64 CXX=/d/a/K-Meleon-R/K-Meleon-R/goanna/js/src/ctypes/libffi/msvcc.sh -m64 --cache-file=d:/a/K-Meleon-R/K-Meleon-R/goanna/obj-x64/js/src/ctypes/libffi/config.cache
 1:27.55 nsprpub> configuring
 1:27.55 nsprpub> running C:/mozilla-build/msys/bin/sh d:/a/K-Meleon-R/K-Meleon-R/goanna/nsprpub/configure --target=x86_64-pc-mingw32 --build=x86_64-pc-mingw32 --host=x86_64-pc-mingw32 --enable-application=xulrunner --enable-optimize --disable-debug --disable-tests --disable-updater --disable-crashreporter --disable-maintenance-service --disable-installer --disable-webrtc --disable-require-d3d-compilers --with-dist-prefix=d:/a/K-Meleon-R/K-Meleon-R/goanna/obj-x64/dist --with-mozilla --disable-debug --enable-optimize --enable-64bit AS=ml64.exe CC= CXX= CPP=cl -E -nologo LD=link AR=lib RANLIB=echo not_ranlib STRIP=echo not_strip --cache-file=d:/a/K-Meleon-R/K-Meleon-R/goanna/obj-x64/nsprpub/config.cache
 1:27.55 js\src> configuring
 1:27.55 js\src> running C:/mozilla-build/msys/bin/sh d:/a/K-Meleon-R/K-Meleon-R/goanna/js/src/configure --target=x86_64-pc-mingw32 --host=x86_64-pc-mingw32 --enable-application=xulrunner --enable-optimize --disable-debug --disable-tests --disable-updater --disable-crashreporter --disable-maintenance-service --disable-installer --disable-webrtc --disable-require-d3d-compilers --enable-threadsafe --enable-ctypes --disable-shared-js --disable-export-js --with-nspr-cflags=-Id:/a/K-Meleon-R/K-Meleon-R/goanna/obj-x64/dist/include/nspr --with-nspr-libs=d:/a/K-Meleon-R/K-Meleon-R/goanna/obj-x64/dist/lib/nspr4.lib d:/a/K-Meleon-R/K-Meleon-R/goanna/obj-x64/dist/lib/plc4.lib d:/a/K-Meleon-R/K-Meleon-R/goanna/obj-x64/dist/lib/plds4.lib  --prefix=d:/a/K-Meleon-R/K-Meleon-R/goanna/obj-x64/dist --enable-jemalloc --cache-file=d:/a/K-Meleon-R/K-Meleon-R/goanna/obj-x64/js/src/config.cache
 1:27.55 js\src> creating cache d:/a/K-Meleon-R/K-Meleon-R/goanna/obj-x64/js/src/config.cache
 1:27.55 js\src> checking host system type... x86_64-pc-mingw32
 1:27.55 js\src> checking target system type... x86_64-pc-mingw32
 1:27.55 js\src> checking build system type... x86_64-pc-mingw32
 1:27.55 js\src> checking for mawk... no
 1:27.55 js\src> checking for gawk... gawk
 1:27.55 js\src> checking for perl5... no
 1:27.55 js\src> checking for perl... /usr/bin/perl
 1:27.55 js\src> checking for gcc... cl
 1:27.55 js\src> checking whether the C compiler (cl -DNOMINMAX ) works... yes
 1:27.55 js\src> checking whether the C compiler (cl -DNOMINMAX ) is a cross-compiler... no
 1:27.55 js\src> checking whether we are using GNU C... no
 1:27.55 js\src> checking whether cl accepts -g... no
 1:27.55 js\src> checking for c++... cl
 1:27.55 js\src> checking whether the C++ compiler (cl -DNOMINMAX ) works... yes
 1:27.55 js\src> checking whether the C++ compiler (cl -DNOMINMAX ) is a cross-compiler... no
 1:27.55 js\src> checking whether we are using GNU C++... no
 1:27.55 js\src> checking whether cl accepts -g... no
 1:27.55 js\src> checking for ranlib... ranlib
 1:27.55 js\src> checking for ml64... /c/Program Files/Microsoft Visual Studio/2022/Enterprise/VC/Tools/MSVC/14.29.30133/bin/HostX64/x64/ml64
 1:27.55 js\src> checking for ar... ar
 1:27.55 js\src> checking for ld... link
 1:27.55 js\src> checking for strip... strip
 1:27.55 js\src> checking for windres... windres
 1:27.55 js\src> configure: warning: Unknown version of the Microsoft (R) Manifest Tool.
 1:27.55 js\src> checking for highest Windows version supported by this SDK... 0x0A00
 1:27.55 js\src> checking for Windows SDK being recent enough... yes
 1:27.55 js\src> checking how to run the C preprocessor... cl -E -nologo
 1:27.55 js\src> checking how to run the C++ preprocessor... cl -TP -E -nologo
 1:27.55 js\src> checking for _getc_nolock... yes
 1:27.55 js\src> checking for sb-conf... no
 1:27.55 js\src> checking for ve... no
 1:27.55 js\src> checking for a BSD compatible install... /usr/bin/install -c
 1:27.55 js\src> checking whether ln -s works... no
 1:27.55 js\src> checking for tar archiver... checking for gnutar... no
 1:27.55 js\src> checking for gtar... no
 1:27.55 js\src> checking for tar... tar
 1:27.55 js\src> tar
 1:27.55 js\src> checking for minimum required perl version >= 5.006... 5.008008
 1:27.55 js\src> checking for full perl installation... yes
 1:27.55 js\src> Using Python from environment variable $PYTHON
 1:27.55 js\src> checking Python environment is Mozilla virtualenv... yes
 1:27.55 js\src> checking for doxygen... :
 1:27.55 js\src> checking for autoconf... /usr/bin/autoconf
 1:27.55 js\src> checking for xargs... /usr/bin/xargs
 1:27.55 js\src> checking for c:/Strawberry/c/bin/gmake.EXE... d:/a/K-Meleon-R/K-Meleon-R/goanna/js/src/configure: line 4641: test: /usr/local/bin/c: binary operator expected
 1:27.55 js\src> d:/a/K-Meleon-R/K-Meleon-R/goanna/js/src/configure: line 4641: test: /c/mozilla-build/7zip/c: binary operator expected
 1:27.55 js\src> d:/a/K-Meleon-R/K-Meleon-R/goanna/js/src/configure: line 4641: test: /c/mozilla-build/info-zip/c: binary operator expected
 1:27.55 js\src> d:/a/K-Meleon-R/K-Meleon-R/goanna/js/src/configure: line 4641: test: /c/mozilla-build/kdiff3/c: binary operator expected
 1:27.55 js\src> d:/a/K-Meleon-R/K-Meleon-R/goanna/js/src/configure: line 4641: test: /c/mozilla-build/mozmake/c: binary operator expected
 1:27.55 js\src> d:/a/K-Meleon-R/K-Meleon-R/goanna/js/src/configure: line 4641: test: /c/mozilla-build/nsis-3.0b3/c: binary operator expected
 1:27.55 js\src> d:/a/K-Meleon-R/K-Meleon-R/goanna/js/src/configure: line 4641: test: /c/mozilla-build/nsis-3.0b1/c: binary operator expected
 1:27.55 js\src> d:/a/K-Meleon-R/K-Meleon-R/goanna/js/src/configure: line 4641: test: /c/mozilla-build/nsis-2.46u/c: binary operator expected
 1:27.55 js\src> d:/a/K-Meleon-R/K-Meleon-R/goanna/js/src/configure: line 4641: test: /c/mozilla-build/python/c: binary operator expected
 1:27.55 js\src> d:/a/K-Meleon-R/K-Meleon-R/goanna/js/src/configure: line 4641: test: /c/mozilla-build/python/Scripts/c: binary operator expected
 1:27.55 js\src> d:/a/K-Meleon-R/K-Meleon-R/goanna/js/src/configure: line 4641: test: /c/mozilla-build/upx391w/c: binary operator expected
 1:27.55 js\src> d:/a/K-Meleon-R/K-Meleon-R/goanna/js/src/configure: line 4641: test: /c/mozilla-build/watchman/c: binary operator expected
 1:27.55 js\src> d:/a/K-Meleon-R/K-Meleon-R/goanna/js/src/configure: line 4641: test: /c/mozilla-build/wget/c: binary operator expected
 1:27.55 js\src> d:/a/K-Meleon-R/K-Meleon-R/goanna/js/src/configure: line 4641: test: /c/mozilla-build/yasm/c: binary operator expected
 1:27.55 js\src> d:/a/K-Meleon-R/K-Meleon-R/goanna/js/src/configure: line 4641: test: ./c: binary operator expected
 1:27.55 js\src> d:/a/K-Meleon-R/K-Meleon-R/goanna/js/src/configure: line 4641: test: /usr/local/bin/c: binary operator expected
 1:27.55 js\src> d:/a/K-Meleon-R/K-Meleon-R/goanna/js/src/configure: line 4641: test: /usr/mingw/bin/c: binary operator expected
 1:27.55 js\src> d:/a/K-Meleon-R/K-Meleon-R/goanna/js/src/configure: line 4641: test: /usr/bin/c: binary operator expected
 1:27.55 js\src> d:/a/K-Meleon-R/K-Meleon-R/goanna/js/src/configure: line 4641: test: /c/mozilla-build/moztools-x64/bin/c: binary operator expected
 1:27.55 js\src> d:/a/K-Meleon-R/K-Meleon-R/goanna/js/src/configure: line 4641: test: /c/yasm/c: binary operator expected
 1:27.55 js\src> d:/a/K-Meleon-R/K-Meleon-R/goanna/js/src/configure: line 4641: test: /c/mozilla-build/yasm/c: binary operator expected
 1:27.55 js\src> d:/a/K-Meleon-R/K-Meleon-R/goanna/js/src/configure: line 4641: test: /c/mozilla-build/python/c: binary operator expected
 1:27.55 js\src> d:/a/K-Meleon-R/K-Meleon-R/goanna/js/src/configure: line 4641: test: /c/mozilla-build/python27/c: binary operator expected
 1:27.55 js\src> d:/a/K-Meleon-R/K-Meleon-R/goanna/js/src/configure: line 4641: test: /c/Program Files/Microsoft Visual Studio/2022/Enterprise/VC/Tools/MSVC/14.29.30133/bin/HostX64/x64/c: binary operator expected
 1:27.55 js\src> d:/a/K-Meleon-R/K-Meleon-R/goanna/js/src/configure: line 4641: test: /c/Program Files/Microsoft Visual Studio/2022/Enterprise/Common7/IDE/VC/VCPackages/c: binary operator expected
 1:27.55 js\src> d:/a/K-Meleon-R/K-Meleon-R/goanna/js/src/configure: line 4641: test: /c/Program Files/Microsoft Visual Studio/2022/Enterprise/Common7/IDE/CommonExtensions/Microsoft/TestWindow/c: binary operator expected
 1:27.55 js\src> d:/a/K-Meleon-R/K-Meleon-R/goanna/js/src/configure: line 4641: test: /c/Program Files/Microsoft Visual Studio/2022/Enterprise/Common7/IDE/CommonExtensions/Microsoft/TeamFoundation/Team Explorer/c: binary operator expected
 1:27.55 js\src> d:/a/K-Meleon-R/K-Meleon-R/goanna/js/src/configure: line 4641: test: /c/Program Files/Microsoft Visual Studio/2022/Enterprise/MSBuild/Current/bin/Roslyn/c: binary operator expected
 1:27.55 js\src> d:/a/K-Meleon-R/K-Meleon-R/goanna/js/src/configure: line 4641: test: /c/Program Files (x86)/Microsoft SDKs/Windows/v10.0A/bin/NETFX 4.8 Tools/x64//c: binary operator expected
 1:27.55 js\src> d:/a/K-Meleon-R/K-Meleon-R/goanna/js/src/configure: line 4641: test: /c/Program Files (x86)/HTML Help Workshop/c: binary operator expected
 1:27.55 js\src> d:/a/K-Meleon-R/K-Meleon-R/goanna/js/src/configure: line 4641: test: /c/Program Files/Microsoft Visual Studio/2022/Enterprise/Common7/IDE/CommonExtensions/Microsoft/FSharp/Tools/c: binary operator expected
 1:27.55 js\src> d:/a/K-Meleon-R/K-Meleon-R/goanna/js/src/configure: line 4641: test: /c/Program Files/Microsoft Visual Studio/2022/Enterprise/Team Tools/DiagnosticsHub/Collector/c: binary operator expected
 1:27.55 js\src> d:/a/K-Meleon-R/K-Meleon-R/goanna/js/src/configure: line 4641: test: /c/Program Files/Microsoft Visual Studio/2022/Enterprise/Common7/IDE/Extensions/Microsoft/CodeCoverage.Console/c: binary operator expected
 1:27.55 js\src> d:/a/K-Meleon-R/K-Meleon-R/goanna/js/src/configure: line 4641: test: /c/Program Files/Microsoft Visual Studio/2022/Enterprise/VC/Tools/Llvm/x64/bin/c: binary operator expected
 1:27.55 js\src> d:/a/K-Meleon-R/K-Meleon-R/goanna/js/src/configure: line 4641: test: /c/Program Files (x86)/Windows Kits/10/bin/10.0.26100.0/x64/c: binary operator expected
 1:27.55 js\src> d:/a/K-Meleon-R/K-Meleon-R/goanna/js/src/configure: line 4641: test: /c/Program Files (x86)/Windows Kits/10/bin/x64/c: binary operator expected
 1:27.55 js\src> d:/a/K-Meleon-R/K-Meleon-R/goanna/js/src/configure: line 4641: test: /c/Program Files/Microsoft Visual Studio/2022/Enterprise/MSBuild/Current/Bin/amd64/c: binary operator expected
 1:27.55 js\src> d:/a/K-Meleon-R/K-Meleon-R/goanna/js/src/configure: line 4641: test: /c/Windows/Microsoft.NET/Framework64/v4.0.30319/c: binary operator expected
 1:27.55 js\src> d:/a/K-Meleon-R/K-Meleon-R/goanna/js/src/configure: line 4641: test: /c/Program Files/Microsoft Visual Studio/2022/Enterprise/Common7/IDE//c: binary operator expected
 1:27.55 js\src> d:/a/K-Meleon-R/K-Meleon-R/goanna/js/src/configure: line 4641: test: /c/Program Files/Microsoft Visual Studio/2022/Enterprise/Common7/Tools//c: binary operator expected
 1:27.55 js\src> d:/a/K-Meleon-R/K-Meleon-R/goanna/js/src/configure: line 4641: test: /c/Program Files/MongoDB/Server/7.0/bin/c: binary operator expected
 1:27.55 js\src> d:/a/K-Meleon-R/K-Meleon-R/goanna/js/src/configure: line 4641: test: /c/aliyun-cli/c: binary operator expected
 1:27.55 js\src> d:/a/K-Meleon-R/K-Meleon-R/goanna/js/src/configure: line 4641: test: /c/vcpkg/c: binary operator expected
 1:27.55 js\src> d:/a/K-Meleon-R/K-Meleon-R/goanna/js/src/configure: line 4641: test: /c/Program Files (x86)/NSIS//c: binary operator expected
 1:27.55 js\src> d:/a/K-Meleon-R/K-Meleon-R/goanna/js/src/configure: line 4641: test: /c/tools/zstd/c: binary operator expected
 1:27.55 js\src> d:/a/K-Meleon-R/K-Meleon-R/goanna/js/src/configure: line 4641: test: /c/Program Files/Mercurial//c: binary operator expected
 1:27.55 js\src> d:/a/K-Meleon-R/K-Meleon-R/goanna/js/src/configure: line 4641: test: /c/hostedtoolcache/windows/stack/3.11.1/x64/c: binary operator expected
 1:27.55 js\src> d:/a/K-Meleon-R/K-Meleon-R/goanna/js/src/configure: line 4641: test: /c/cabal/bin/c: binary operator expected
 1:27.55 js\src> d:/a/K-Meleon-R/K-Meleon-R/goanna/js/src/configure: line 4641: test: /c/ghcup/bin/c: binary operator expected
 1:27.55 js\src> d:/a/K-Meleon-R/K-Meleon-R/goanna/js/src/configure: line 4641: test: /c/mingw64/bin/c: binary operator expected
 1:27.55 js\src> d:/a/K-Meleon-R/K-Meleon-R/goanna/js/src/configure: line 4641: test: /c/Program Files/dotnet/c: binary operator expected
 1:27.55 js\src> d:/a/K-Meleon-R/K-Meleon-R/goanna/js/src/configure: line 4641: test: /c/Program Files/MySQL/MySQL Server 8.0/bin/c: binary operator expected
 1:27.55 js\src> d:/a/K-Meleon-R/K-Meleon-R/goanna/js/src/configure: line 4641: test: /c/Program Files/R/R-4.6.1/bin/x64/c: binary operator expected
 1:27.55 js\src> d:/a/K-Meleon-R/K-Meleon-R/goanna/js/src/configure: line 4641: test: /c/SeleniumWebDrivers/GeckoDriver/c: binary operator expected
 1:27.55 js\src> d:/a/K-Meleon-R/K-Meleon-R/goanna/js/src/configure: line 4641: test: /c/SeleniumWebDrivers/EdgeDriver//c: binary operator expected
 1:27.55 js\src> d:/a/K-Meleon-R/K-Meleon-R/goanna/js/src/configure: line 4641: test: /c/SeleniumWebDrivers/ChromeDriver/c: binary operator expected
 1:27.55 js\src> d:/a/K-Meleon-R/K-Meleon-R/goanna/js/src/configure: line 4641: test: /c/Program Files (x86)/sbt/bin/c: binary operator expected
 1:27.55 js\src> d:/a/K-Meleon-R/K-Meleon-R/goanna/js/src/configure: line 4641: test: /c/Program Files (x86)/GitHub CLI/c: binary operator expected
 1:27.55 js\src> d:/a/K-Meleon-R/K-Meleon-R/goanna/js/src/configure: line 4641: test: /c/Program Files/Git/bin/c: binary operator expected
 1:27.55 js\src> d:/a/K-Meleon-R/K-Meleon-R/goanna/js/src/configure: line 4641: test: /c/Program Files (x86)/pipx_bin/c: binary operator expected
 1:27.55 js\src> d:/a/K-Meleon-R/K-Meleon-R/goanna/js/src/configure: line 4641: test: /c/npm/prefix/c: binary operator expected
 1:27.55 js\src> d:/a/K-Meleon-R/K-Meleon-R/goanna/js/src/configure: line 4641: test: /c/hostedtoolcache/windows/go/1.24.13/x64/bin/c: binary operator expected
 1:27.55 js\src> d:/a/K-Meleon-R/K-Meleon-R/goanna/js/src/configure: line 4641: test: /c/hostedtoolcache/windows/Python/3.12.10/x64/Scripts/c: binary operator expected
 1:27.55 js\src> d:/a/K-Meleon-R/K-Meleon-R/goanna/js/src/configure: line 4641: test: /c/hostedtoolcache/windows/Python/3.12.10/x64/c: binary operator expected
 1:27.55 js\src> d:/a/K-Meleon-R/K-Meleon-R/goanna/js/src/configure: line 4641: test: /c/hostedtoolcache/windows/Ruby/3.3.12/x64/bin/c: binary operator expected
 1:27.55 js\src> d:/a/K-Meleon-R/K-Meleon-R/goanna/js/src/configure: line 4641: test: /c/Program Files/OpenSSL/bin/c: binary operator expected
 1:27.55 js\src> d:/a/K-Meleon-R/K-Meleon-R/goanna/js/src/configure: line 4641: test: /c/tools/kotlinc/bin/c: binary operator expected
 1:27.55 js\src> d:/a/K-Meleon-R/K-Meleon-R/goanna/js/src/configure: line 4641: test: /c/hostedtoolcache/windows/Java_Temurin-Hotspot_jdk/8.0.504-1/x64/bin/c: binary operator expected
 1:27.55 js\src> d:/a/K-Meleon-R/K-Meleon-R/goanna/js/src/configure: line 4641: test: /c/Program Files/ImageMagick-7.1.2-Q16-HDRI/c: binary operator expected
 1:27.55 js\src> d:/a/K-Meleon-R/K-Meleon-R/goanna/js/src/configure: line 4641: test: /c/Program Files/Microsoft SDKs/Azure/CLI2/wbin/c: binary operator expected
 1:27.55 js\src> d:/a/K-Meleon-R/K-Meleon-R/goanna/js/src/configure: line 4641: test: /c/ProgramData/kind/c: binary operator expected
 1:27.55 js\src> d:/a/K-Meleon-R/K-Meleon-R/goanna/js/src/configure: line 4641: test: /c/ProgramData/Chocolatey/bin/c: binary operator expected
 1:27.55 js\src> d:/a/K-Meleon-R/K-Meleon-R/goanna/js/src/configure: line 4641: test: /c/Windows/system32/c: binary operator expected
 1:27.55 js\src> d:/a/K-Meleon-R/K-Meleon-R/goanna/js/src/configure: line 4641: test: /c/Windows/c: binary operator expected
 1:27.55 js\src> d:/a/K-Meleon-R/K-Meleon-R/goanna/js/src/configure: line 4641: test: /c/Windows/System32/Wbem/c: binary operator expected
 1:27.55 js\src> d:/a/K-Meleon-R/K-Meleon-R/goanna/js/src/configure: line 4641: test: /c/Windows/System32/WindowsPowerShell/v1.0//c: binary operator expected
 1:27.55 js\src> d:/a/K-Meleon-R/K-Meleon-R/goanna/js/src/configure: line 4641: test: /c/Windows/System32/OpenSSH//c: binary operator expected
 1:30.12 js\src> d:/a/K-Meleon-R/K-Meleon-R/goanna/js/src/configure: line 4641: test: /c/Program Files/dotnet//c: binary operator expected
 1:30.12 js\src> d:/a/K-Meleon-R/K-Meleon-R/goanna/js/src/configure: line 4641: test: /c/Program Files/PowerShell/7//c: binary operator expected
 1:30.12 js\src> d:/a/K-Meleon-R/K-Meleon-R/goanna/js/src/configure: line 4641: test: /c/Program Files/Microsoft/Web Platform Installer//c: binary operator expected
 1:30.12 js\src> d:/a/K-Meleon-R/K-Meleon-R/goanna/js/src/configure: line 4641: test: /c/Program Files/TortoiseSVN/bin/c: binary operator expected
 1:30.12 js\src> d:/a/K-Meleon-R/K-Meleon-R/goanna/js/src/configure: line 4641: test: /c/Program Files/Microsoft SQL Server/Client SDK/ODBC/170/Tools/Binn//c: binary operator expected
 1:30.12 js\src> d:/a/K-Meleon-R/K-Meleon-R/goanna/js/src/configure: line 4641: test: /c/Program Files/Microsoft SQL Server/150/Tools/Binn//c: binary operator expected
 1:30.12 js\src> d:/a/K-Meleon-R/K-Meleon-R/goanna/js/src/configure: line 4641: test: /c/Program Files (x86)/Windows Kits/10/Windows Performance Toolkit//c: binary operator expected
 1:30.12 js\src> d:/a/K-Meleon-R/K-Meleon-R/goanna/js/src/configure: line 4641: test: /c/Program Files (x86)/WiX Toolset v3.14/bin/c: binary operator expected
 1:30.12 js\src> d:/a/K-Meleon-R/K-Meleon-R/goanna/js/src/configure: line 4641: test: /c/Program Files/Microsoft SQL Server/130/DTS/Binn//c: binary operator expected
 1:30.12 js\src> d:/a/K-Meleon-R/K-Meleon-R/goanna/js/src/configure: line 4641: test: /c/Program Files/Microsoft SQL Server/140/DTS/Binn//c: binary operator expected
 1:30.12 js\src> d:/a/K-Meleon-R/K-Meleon-R/goanna/js/src/configure: line 4641: test: /c/Program Files/Microsoft SQL Server/150/DTS/Binn//c: binary operator expected
 1:30.12 js\src> d:/a/K-Meleon-R/K-Meleon-R/goanna/js/src/configure: line 4641: test: /c/Program Files/Microsoft SQL Server/160/DTS/Binn//c: binary operator expected
 1:30.12 js\src> d:/a/K-Meleon-R/K-Meleon-R/goanna/js/src/configure: line 4641: test: /c/Program Files/Microsoft SQL Server/170/DTS/Binn//c: binary operator expected
 1:30.12 js\src> d:/a/K-Meleon-R/K-Meleon-R/goanna/js/src/configure: line 4641: test: /c/Strawberry/c/bin/c: binary operator expected
 1:30.12 js\src> d:/a/K-Meleon-R/K-Meleon-R/goanna/js/src/configure: line 4641: test: /c/Strawberry/perl/site/bin/c: binary operator expected
 1:30.12 js\src> d:/a/K-Meleon-R/K-Meleon-R/goanna/js/src/configure: line 4641: test: /c/Strawberry/perl/bin/c: binary operator expected
 1:30.12 js\src> d:/a/K-Meleon-R/K-Meleon-R/goanna/js/src/configure: line 4641: test: /c/ProgramData/chocolatey/lib/pulumi/tools/Pulumi/bin/c: binary operator expected
 1:30.12 js\src> d:/a/K-Meleon-R/K-Meleon-R/goanna/js/src/configure: line 4641: test: /c/Program Files/CMake/bin/c: binary operator expected
 1:30.12 js\src> d:/a/K-Meleon-R/K-Meleon-R/goanna/js/src/configure: line 4641: test: /c/ProgramData/chocolatey/lib/maven/apache-maven-3.9.16/bin/c: binary operator expected
 1:30.12 js\src> d:/a/K-Meleon-R/K-Meleon-R/goanna/js/src/configure: line 4641: test: /c/Program Files/Microsoft Service Fabric/bin/Fabric/Fabric.Code/c: binary operator expected
 1:30.12 js\src> d:/a/K-Meleon-R/K-Meleon-R/goanna/js/src/configure: line 4641: test: /c/Program Files/Microsoft SDKs/Service Fabric/Tools/ServiceFabricLocalClusterManager/c: binary operator expected
 1:30.12 js\src> d:/a/K-Meleon-R/K-Meleon-R/goanna/js/src/configure: line 4641: test: /c/Program Files/nodejs//c: binary operator expected
 1:30.12 js\src> d:/a/K-Meleon-R/K-Meleon-R/goanna/js/src/configure: line 4641: test: /c/Program Files/Git/cmd/c: binary operator expected
 1:30.12 js\src> d:/a/K-Meleon-R/K-Meleon-R/goanna/js/src/configure: line 4641: test: /c/Program Files/Git/ucrt64/bin/c: binary operator expected
 1:30.12 js\src> d:/a/K-Meleon-R/K-Meleon-R/goanna/js/src/configure: line 4641: test: /c/Program Files/Git/usr/bin/c: binary operator expected
 1:30.12 js\src> d:/a/K-Meleon-R/K-Meleon-R/goanna/js/src/configure: line 4641: test: /c/Program Files/GitHub CLI//c: binary operator expected
 1:30.12 js\src> d:/a/K-Meleon-R/K-Meleon-R/goanna/js/src/configure: line 4641: test: /c/tools/php/c: binary operator expected
 1:30.12 js\src> d:/a/K-Meleon-R/K-Meleon-R/goanna/js/src/configure: line 4641: test: /c/Program Files (x86)/sbt/bin/c: binary operator expected
 1:30.12 js\src> d:/a/K-Meleon-R/K-Meleon-R/goanna/js/src/configure: line 4641: test: /c/Program Files/Amazon/AWSCLIV2//c: binary operator expected
 1:30.12 js\src> d:/a/K-Meleon-R/K-Meleon-R/goanna/js/src/configure: line 4641: test: /c/Program Files/Amazon/SessionManagerPlugin/bin//c: binary operator expected
 1:30.12 js\src> d:/a/K-Meleon-R/K-Meleon-R/goanna/js/src/configure: line 4641: test: /c/Program Files/Amazon/AWSSAMCLI/bin//c: binary operator expected
 1:30.12 js\src> d:/a/K-Meleon-R/K-Meleon-R/goanna/js/src/configure: line 4641: test: /c/Program Files/Microsoft SQL Server/130/Tools/Binn//c: binary operator expected
 1:30.12 js\src> d:/a/K-Meleon-R/K-Meleon-R/goanna/js/src/configure: line 4641: test: /c/Program Files/mongosh//c: binary operator expected
 1:30.12 js\src> d:/a/K-Meleon-R/K-Meleon-R/goanna/js/src/configure: line 4641: test: /c/Program Files/LLVM/bin/c: binary operator expected
 1:30.12 js\src> d:/a/K-Meleon-R/K-Meleon-R/goanna/js/src/configure: line 4641: test: /c/Program Files (x86)/LLVM/bin/c: binary operator expected
 1:30.12 js\src> d:/a/K-Meleon-R/K-Meleon-R/goanna/js/src/configure: line 4641: test: /c/Users/runneradmin/.dotnet/tools/c: binary operator expected
 1:30.12 js\src> d:/a/K-Meleon-R/K-Meleon-R/goanna/js/src/configure: line 4641: test: /c/Users/runneradmin/.cargo/bin/c: binary operator expected
 1:30.12 js\src> d:/a/K-Meleon-R/K-Meleon-R/goanna/js/src/configure: line 4641: test: /c/Users/runneradmin/AppData/Local/Microsoft/WindowsApps/c: binary operator expected
 1:30.12 js\src> d:/a/K-Meleon-R/K-Meleon-R/goanna/js/src/configure: line 4641: test: /c/Program Files/Microsoft Visual Studio/2022/Enterprise/Common7/IDE/CommonExtensions/Microsoft/CMake/CMake/bin/c: binary operator expected
 1:30.12 js\src> d:/a/K-Meleon-R/K-Meleon-R/goanna/js/src/configure: line 4641: test: /c/Program Files/Microsoft Visual Studio/2022/Enterprise/Common7/IDE/CommonExtensions/Microsoft/CMake/Ninja/c: binary operator expected
 1:30.12 js\src> d:/a/K-Meleon-R/K-Meleon-R/goanna/js/src/configure: line 4641: test: /c/Program Files/Microsoft Visual Studio/2022/Enterprise/Common7/IDE/VC/Linux/bin/ConnectionManagerExe/c: binary operator expected
 1:30.12 js\src> d:/a/K-Meleon-R/K-Meleon-R/goanna/js/src/configure: line 4641: test: /c/Program Files/Microsoft Visual Studio/2022/Enterprise/VC/vcpkg/c: binary operator expected
 1:30.12 js\src> d:/a/K-Meleon-R/K-Meleon-R/goanna/js/src/configure: line 4641: test: /c/mozilla-build/python/c: binary operator expected
 1:30.12 js\src> d:/a/K-Meleon-R/K-Meleon-R/goanna/js/src/configure: line 4641: test: /c/mozilla-build/python27/c: binary operator expected
 1:30.12 js\src> no
 1:30.12 js\src> checking for make... /usr/local/bin/make
 1:30.12 js\src> checking for X... no
 1:30.12 js\src> checking that static assertion macros used in autoconf tests work... yes
 1:30.12 js\src> checking for 64-bit OS... yes
 1:30.12 js\src> checking whether the C++ compiler (cl -DNOMINMAX -TP -nologo -wd4345 -wd4351 -wd4800 -D_CRT_SECURE_NO_WARNINGS -Wv:18 -D_HAS_EXCEPTIONS=0 -W3 -Gy -FS -wd4244 -wd4267 -wd4251 -we4553 -GR-  -LARGEADDRESSAWARE -NXCOMPAT -DYNAMICBASE) actually is a C++ compiler... yes
 1:30.12 js\src> checking NSPR selection... command-line
 1:30.12 js\src> checking for valid optimization flags... yes
 1:30.12 js\src> checking what kind of list files are supported by the linker... list
 1:30.12 js\src> checking for posix_fadvise... no
 1:30.12 js\src> checking for posix_fallocate... no
 1:30.12 js\src> checking for malloc.h... yes
 1:30.12 js\src> checking for setlocale... no
 1:30.12 js\src> checking for localeconv... no
 1:30.12 js\src> checking for malloc_size... no
 1:30.12 js\src> checking for malloc_usable_size... no
 1:30.12 js\src> updating cache d:/a/K-Meleon-R/K-Meleon-R/goanna/obj-x64/js/src/config.cache
 1:30.12 js\src> creating ./config.status
 1:30.12 
 1:30.12 nsprpub> configure: WARNING: unrecognized options: --enable-application, --disable-tests, --disable-updater, --disable-crashreporter, --disable-maintenance-service, --disable-installer, --disable-webrtc, --disable-require-d3d-compilers
 1:30.12 nsprpub> configure: creating cache d:/a/K-Meleon-R/K-Meleon-R/goanna/obj-x64/nsprpub/config.cache
 1:30.12 nsprpub> checking build system type... x86_64-pc-mingw32
 1:30.12 nsprpub> checking host system type... x86_64-pc-mingw32
 1:30.12 nsprpub> checking target system type... x86_64-pc-mingw32
 1:30.12 nsprpub> checking for cl... cl
 1:30.12 nsprpub> configure: WARNING: Unknown version of the Microsoft (R) Manifest Tool.
 1:30.12 nsprpub> configure: updating cache d:/a/K-Meleon-R/K-Meleon-R/goanna/obj-x64/nsprpub/config.cache
 1:30.12 nsprpub> configure: creating ./config.status
 1:30.12 nsprpub> configure: WARNING: unrecognized options: --enable-application, --disable-tests, --disable-updater, --disable-crashreporter, --disable-maintenance-service, --disable-installer, --disable-webrtc, --disable-require-d3d-compilers
 1:30.12 nsprpub> config.status: creating Makefile
 1:30.12 nsprpub> config.status: creating config/Makefile
 1:30.12 nsprpub> config.status: creating config/autoconf.mk
 1:30.12 nsprpub> config.status: creating config/nsprincl.mk
 1:30.12 nsprpub> config.status: creating config/nsprincl.sh
 1:30.12 nsprpub> config.status: creating config/nspr-config
 1:30.12 nsprpub> config.status: creating config/nspr.pc
 1:30.12 nsprpub> config.status: creating lib/Makefile
 1:30.12 nsprpub> config.status: creating lib/ds/Makefile
 1:30.12 nsprpub> config.status: creating lib/libc/Makefile
 1:30.12 nsprpub> config.status: creating lib/libc/include/Makefile
 1:30.12 nsprpub> config.status: creating lib/libc/src/Makefile
 1:30.12 nsprpub> config.status: creating lib/tests/Makefile
 1:30.12 nsprpub> config.status: creating pkg/Makefile
 1:30.12 nsprpub> config.status: creating pr/Makefile
 1:30.12 nsprpub> config.status: creating pr/include/Makefile
 1:30.12 nsprpub> config.status: creating pr/include/md/Makefile
 1:30.12 nsprpub> config.status: creating pr/include/obsolete/Makefile
 1:30.12 nsprpub> config.status: creating pr/include/private/Makefile
 1:30.12 nsprpub> config.status: creating pr/src/Makefile
 1:30.12 nsprpub> config.status: creating pr/src/io/Makefile
 1:30.12 nsprpub> config.status: creating pr/src/linking/Makefile
 1:30.12 nsprpub> config.status: creating pr/src/malloc/Makefile
 1:30.12 nsprpub> config.status: creating pr/src/md/Makefile
 1:30.12 nsprpub> config.status: creating pr/src/md/windows/Makefile
 1:30.12 nsprpub> config.status: creating pr/src/memory/Makefile
 1:30.12 nsprpub> config.status: creating pr/src/misc/Makefile
 1:30.12 nsprpub> config.status: creating pr/src/threads/Makefile
 1:30.12 nsprpub> config.status: creating pr/tests/Makefile
 1:30.12 nsprpub> config.status: creating pr/tests/dll/Makefile
 2:11.76 nsprpub> config.status: creating pr/src/threads/combined/Makefile
 2:11.76 nsprpub> config.status: executing default commands
 2:11.76 
 2:11.76 intl\icu\target> configure: creating cache d:/a/K-Meleon-R/K-Meleon-R/goanna/obj-x64/intl/icu/target/config.cache
 2:11.76 intl\icu\target> checking for ICU version numbers... release 58.3, library 58.3, unicode version 9.0
 2:11.76 intl\icu\target> checking build system type... x86_64-pc-mingw32
 2:11.76 intl\icu\target> checking host system type... x86_64-pc-mingw32
 2:11.76 intl\icu\target> checking whether to build debug libraries... no
 2:11.76 intl\icu\target> checking whether to build release libraries... yes
 2:11.76 intl\icu\target> checking for x86_64-pc-mingw32-clang... cl
 2:11.76 intl\icu\target> checking whether the C compiler works... yes
 2:11.76 intl\icu\target> checking for C compiler default output file name... conftest.exe
 2:11.76 intl\icu\target> checking for suffix of executables... .exe
 2:11.76 intl\icu\target> checking whether we are cross compiling... no
 2:11.76 intl\icu\target> checking for suffix of object files... obj
 2:11.76 intl\icu\target> checking whether we are using the GNU C compiler... no
 2:11.76 intl\icu\target> checking whether cl accepts -g... yes
 2:11.76 intl\icu\target> checking for cl option to accept ISO C89... none needed
 2:11.76 intl\icu\target> checking whether we are using the GNU C++ compiler... no
 2:11.76 intl\icu\target> checking whether cl accepts -g... yes
 2:11.76 intl\icu\target> checking for x86_64-pc-mingw32-pkg-config... no
 2:11.76 intl\icu\target> checking for pkg-config... /c/Strawberry/perl/bin/pkg-config
 2:11.76 intl\icu\target> checking pkg-config is at least version 0.20... yes
 2:11.76 intl\icu\target> checking for ICULEHB... no
 2:11.76 intl\icu\target> checking how to run the C preprocessor... cl -E
 2:11.76 intl\icu\target> checking for a BSD-compatible install... /usr/bin/install -c
 2:11.76 intl\icu\target> checking for gmake... /c/Strawberry/c/bin/gmake
 2:11.76 intl\icu\target> checking for doxygen... no
 2:11.76 intl\icu\target> checking checking for executable suffix... .exe
 2:11.76 intl\icu\target> checking whether strict compiling is on... yes
 2:11.76 intl\icu\target> checking for grep that handles long lines and -e... /usr/bin/grep
 2:11.76 intl\icu\target> checking for egrep... /usr/bin/grep -E
 2:11.76 intl\icu\target> checking for ANSI C header files... yes
 2:11.76 intl\icu\target> checking for sys/types.h... yes
 2:11.76 intl\icu\target> checking for sys/stat.h... yes
 2:11.76 intl\icu\target> checking for stdlib.h... yes
 2:11.76 intl\icu\target> checking for string.h... yes
 2:11.76 intl\icu\target> checking for memory.h... yes
 2:11.76 intl\icu\target> checking for strings.h... no
 2:11.76 intl\icu\target> checking for inttypes.h... yes
 2:11.76 intl\icu\target> checking for stdint.h... yes
 2:11.76 intl\icu\target> checking for unistd.h... no
 2:11.76 intl\icu\target> checking size of void *... 8
 2:11.76 intl\icu\target> checking whether runnable 64 bit binaries are built by default... yes
 2:11.76 intl\icu\target> checking which Makefile fragment to use for x86_64-pc-mingw32... mh-msys-msvc
 2:11.76 intl\icu\target> checking for floor in -lm... no
 2:11.76 intl\icu\target> checking whether to build shared libraries... yes
 2:11.76 intl\icu\target> checking whether to build static libraries... no
 2:11.76 intl\icu\target> checking whether to enable auto cleanup of libraries... no
 2:11.76 intl\icu\target> checking whether to enable draft APIs... yes
 2:11.76 intl\icu\target> checking for x86_64-pc-mingw32-ranlib... no
 2:11.76 intl\icu\target> checking for ranlib... ranlib
 2:11.76 intl\icu\target> checking for x86_64-pc-mingw32-ar... lib
 2:11.76 intl\icu\target> checking whether to enable renaming of symbols... yes
 2:11.76 intl\icu\target> checking whether to enable function and data tracing... no
 2:11.76 intl\icu\target> checking elf.h usability... no
 2:11.76 intl\icu\target> checking elf.h presence... no
 2:11.76 intl\icu\target> checking for elf.h... no
 2:11.76 intl\icu\target> checking whether to enable dynamic loading of plugins. Ignored if plugins disabled.... yes
 2:11.76 intl\icu\target> checking dlfcn.h usability... no
 2:11.76 intl\icu\target> checking dlfcn.h presence... no
 2:11.76 intl\icu\target> checking for dlfcn.h... no
 2:11.76 intl\icu\target> checking for library containing dlopen... no
 2:11.76 intl\icu\target> checking for dlopen... no
 2:11.76 intl\icu\target> checking for gettimeofday... no
 2:11.76 intl\icu\target> checking if we have a C++ compiler... Good
 2:11.76 intl\icu\target> checking if #include <string> works... yes
 2:11.76 intl\icu\target> checking if #include <atomic> works... yes
 2:11.76 intl\icu\target> checking for pthread_attr_init in -lpthread... no
 2:11.76 intl\icu\target> checking for library containing pthread_mutex_destroy... no
 2:11.76 intl\icu\target> checking for pthread_mutex_init in -lpthread... no
 2:11.76 intl\icu\target> checking for pthread_mutex_lock... no
 2:11.76 intl\icu\target> checking for mmap... no
 2:11.76 intl\icu\target> checking for genccode assembly...
 2:11.76 intl\icu\target> checking for inttypes.h... (cached) yes
 2:11.76 intl\icu\target> checking dirent.h usability... no
 2:11.76 intl\icu\target> checking dirent.h presence... no
 2:11.76 intl\icu\target> checking for dirent.h... no
 2:11.76 intl\icu\target> checking whether byte ordering is bigendian... no
 2:11.76 intl\icu\target> checking for nl_langinfo... no
 2:11.76 intl\icu\target> checking for namespace support... yes
 2:11.76 intl\icu\target> checking for properly overriding new and delete... yes
 2:11.76 intl\icu\target> checking for placement new and delete... yes
 2:11.76 intl\icu\target> checking for popen... no
 2:11.76 intl\icu\target> checking for tzset... yes
 2:11.76 intl\icu\target> checking for tzname... no
 2:11.76 intl\icu\target> checking for _tzname... no
 2:11.76 intl\icu\target> checking for timezone... no
 2:11.76 intl\icu\target> checking for __timezone... no
 2:11.76 intl\icu\target> checking for _timezone... yes
 2:11.76 intl\icu\target> checking for strtod_l... no
 2:11.76 intl\icu\target> checking for int8_t... yes
 2:11.76 intl\icu\target> checking for uint8_t... yes
 2:11.76 intl\icu\target> checking for int16_t... yes
 2:11.76 intl\icu\target> checking for uint16_t... yes
 2:11.76 intl\icu\target> checking for int32_t... yes
 2:11.76 intl\icu\target> checking for uint32_t... yes
 2:11.76 intl\icu\target> checking for int64_t... yes
 2:11.76 intl\icu\target> checking for uint64_t... yes
 2:11.76 intl\icu\target> checking wchar.h usability... yes
 2:11.76 intl\icu\target> checking wchar.h presence... yes
 2:11.76 intl\icu\target> checking for wchar.h... yes
 2:11.76 intl\icu\target> checking for library containing wcscpy... no
 2:11.76 intl\icu\target> checking size of wchar_t... 2
 2:11.76 intl\icu\target> checking for UTF-16 string literal support... unknown
 2:11.76 intl\icu\target> checking for a library suffix to use... none
 2:11.76 intl\icu\target> CPPFLAGS= -DU_USING_ICU_NAMESPACE=0 -DU_NO_DEFAULT_INCLUDE_UTF_HEADERS=1 -DUCONFIG_NO_LEGACY_CONVERSION -DUCONFIG_NO_TRANSLITERATION -DUCONFIG_NO_REGULAR_EXPRESSIONS -DUCONFIG_NO_BREAK_ITERATION -DUCONFIG_NO_IDNA -DU_CHARSET_IS_UTF8 -I/d/a/K-Meleon-R/K-Meleon-R/goanna/intl/icu/source/common -I/d/a/K-Meleon-R/K-Meleon-R/goanna/intl/icu/source/i18n  $(THREADSCPPFLAGS)  -DHAVE_DLOPEN=0 -DU_HAVE_ATOMIC=1 -DU_HAVE_MMAP=0 -DU_HAVE_DIRENT_H=0 -DU_HAVE_POPEN=0 -DU_HAVE_TZNAME=0 -DU_HAVE_STRTOD_L=0 -DU_HAVE_WCSCPY=0
 2:11.76 intl\icu\target> CFLAGS= -DNOMINMAX -TC -nologo -Wv:18 -wd4091 -D_HAS_EXCEPTIONS=0 -W3 -Gy -FS -wd4244 -wd4267 -wd4819 -we4553 -Zi -UDEBUG -DNDEBUG -O1 -Oi -MD -W4 -W4 $(THREADSCFLAGS)
 2:11.76 intl\icu\target> CXXFLAGS=-DNOMINMAX -TP -nologo -Wv:18 -wd4091 -D_HAS_EXCEPTIONS=0 -W3 -Gy -FS -wd4251 -wd4244 -wd4267 -wd4345 -wd4351 -wd4482 -wd4800 -wd4819 -we4553 -GR -Zi -UDEBUG -DNDEBUG -O1 -Oi -MD $(THREADSCXXFLAGS)
 2:11.76 intl\icu\target> configure: updating cache d:/a/K-Meleon-R/K-Meleon-R/goanna/obj-x64/intl/icu/target/config.cache
 2:11.76 intl\icu\target> configure: creating ./config.status
 2:11.76 intl\icu\target>
 2:11.76 intl\icu\target> ICU for C/C++ 58.3 is ready to be built.
 2:11.76 intl\icu\target> === Important Notes: ===
 2:11.76 intl\icu\target> Data Packaging: library
 2:11.76 intl\icu\target>  This means: ICU data will be linked with ICU. A shared data library will be built.
 2:11.76 intl\icu\target>  To locate data: ICU will use the linked data library. If linked with the stub library located in stubdata/, the application can use udata_setCommonData() or set a data path to override.
 2:11.76 intl\icu\target> Building ICU: Use a GNU make such as /c/Strawberry/c/bin/gmake to build ICU.
 2:11.76 intl\icu\target> checking the version of "/c/Strawberry/c/bin/gmake"... gmake[3]: Entering directory 'd:/a/K-Meleon-R/K-Meleon-R/goanna/obj-x64/intl/icu/target'
 2:11.76 
 2:11.76 intl\icu\target> 4.2.1 (we wanted at least 3.80)
 2:11.76 intl\icu\target> gmake[3]: Leaving directory 'd:/a/K-Meleon-R/K-Meleon-R/goanna/obj-x64/intl/icu/target'
 2:11.76 
 2:11.76 intl\icu\target> ok
 2:11.76 intl\icu\target> config.status: creating icudefs.mk
 2:11.76 intl\icu\target> config.status: creating Makefile
 2:11.76 intl\icu\target> config.status: creating data/pkgdataMakefile
 2:11.76 intl\icu\target> config.status: creating config/Makefile.inc
 2:11.76 intl\icu\target> config.status: creating config/icu.pc
 2:11.76 intl\icu\target> config.status: creating config/pkgdataMakefile
 2:11.76 intl\icu\target> config.status: creating data/Makefile
 2:11.76 intl\icu\target> config.status: creating stubdata/Makefile
 2:11.76 intl\icu\target> config.status: creating common/Makefile
 2:11.76 intl\icu\target> config.status: creating i18n/Makefile
 2:11.76 intl\icu\target> config.status: creating layoutex/Makefile
 2:11.76 intl\icu\target> config.status: creating io/Makefile
 2:11.76 intl\icu\target> config.status: creating extra/Makefile
 2:11.76 intl\icu\target> config.status: creating extra/uconv/Makefile
 2:11.76 intl\icu\target> config.status: creating extra/uconv/pkgdataMakefile
 2:11.76 intl\icu\target> config.status: creating extra/scrptrun/Makefile
 2:11.76 intl\icu\target> config.status: creating tools/Makefile
 2:11.76 intl\icu\target> config.status: creating tools/ctestfw/Makefile
 2:11.76 intl\icu\target> config.status: creating tools/toolutil/Makefile
 2:11.76 intl\icu\target> config.status: creating tools/makeconv/Makefile
 2:11.76 intl\icu\target> config.status: creating tools/genrb/Makefile
 2:11.76 intl\icu\target> config.status: creating tools/genccode/Makefile
 2:11.76 intl\icu\target> config.status: creating tools/gencmn/Makefile
 2:11.76 intl\icu\target> config.status: creating tools/gencnval/Makefile
 2:11.76 intl\icu\target> config.status: creating tools/gendict/Makefile
 2:11.76 intl\icu\target> config.status: creating tools/gentest/Makefile
 2:11.76 intl\icu\target> config.status: creating tools/gennorm2/Makefile
 2:11.76 intl\icu\target> config.status: creating tools/genbrk/Makefile
 2:11.76 intl\icu\target> config.status: creating tools/gensprep/Makefile
 2:11.76 intl\icu\target> config.status: creating tools/icuinfo/Makefile
 2:11.76 intl\icu\target> config.status: creating tools/icupkg/Makefile
 2:11.76 intl\icu\target> config.status: creating tools/icuswap/Makefile
 2:11.76 intl\icu\target> config.status: creating tools/pkgdata/Makefile
 2:11.76 intl\icu\target> config.status: creating tools/tzcode/Makefile
 2:11.76 intl\icu\target> config.status: creating tools/gencfu/Makefile
 2:24.14 intl\icu\target> config.status: creating test/Makefile
 2:24.14 intl\icu\target> config.status: creating test/compat/Makefile
 2:24.14 intl\icu\target> config.status: creating test/testdata/Makefile
 2:24.14 intl\icu\target> config.status: creating test/testdata/pkgdataMakefile
 2:24.14 intl\icu\target> config.status: creating test/hdrtst/Makefile
 2:24.14 intl\icu\target> config.status: creating test/intltest/Makefile
 2:24.14 intl\icu\target> config.status: creating test/cintltst/Makefile
 2:24.14 intl\icu\target> config.status: creating test/iotest/Makefile
 2:24.14 intl\icu\target> config.status: creating test/letest/Makefile
 2:24.14 intl\icu\target> config.status: creating test/perf/Makefile
 2:24.14 intl\icu\target> config.status: creating test/perf/collationperf/Makefile
 2:24.14 intl\icu\target> config.status: creating test/perf/collperf/Makefile
 2:24.14 intl\icu\target> config.status: creating test/perf/collperf2/Makefile
 2:24.14 intl\icu\target> config.status: creating test/perf/dicttrieperf/Makefile
 2:24.14 intl\icu\target> config.status: creating test/perf/ubrkperf/Makefile
 2:24.14 intl\icu\target> config.status: creating test/perf/charperf/Makefile
 2:24.14 intl\icu\target> config.status: creating test/perf/convperf/Makefile
 2:24.14 intl\icu\target> config.status: creating test/perf/normperf/Makefile
 2:24.14 intl\icu\target> config.status: creating test/perf/DateFmtPerf/Makefile
 2:24.14 intl\icu\target> config.status: creating test/perf/howExpensiveIs/Makefile
 2:24.14 intl\icu\target> config.status: creating test/perf/strsrchperf/Makefile
 2:24.14 intl\icu\target> config.status: creating test/perf/unisetperf/Makefile
 2:24.14 intl\icu\target> config.status: creating test/perf/usetperf/Makefile
 2:24.14 intl\icu\target> config.status: creating test/perf/ustrperf/Makefile
 2:24.14 intl\icu\target> config.status: creating test/perf/utfperf/Makefile
 2:24.14 intl\icu\target> config.status: creating test/perf/utrie2perf/Makefile
 2:24.14 intl\icu\target> config.status: creating test/perf/leperf/Makefile
 2:24.14 intl\icu\target> config.status: creating samples/Makefile
 2:24.14 intl\icu\target> config.status: creating samples/date/Makefile
 2:24.14 intl\icu\target> config.status: creating samples/cal/Makefile
 2:24.14 intl\icu\target> config.status: creating samples/layout/Makefile
 2:24.14 
 2:24.14 js\src\ctypes\libffi> configure: creating cache d:/a/K-Meleon-R/K-Meleon-R/goanna/obj-x64/js/src/ctypes/libffi/config.cache
 2:24.14 js\src\ctypes\libffi> checking build system type... x86_64-pc-mingw32
 2:24.14 js\src\ctypes\libffi> checking host system type... x86_64-pc-mingw32
 2:24.14 js\src\ctypes\libffi> checking target system type... x86_64-pc-mingw32
 2:24.14 js\src\ctypes\libffi> checking for gsed... sed
 2:24.14 js\src\ctypes\libffi> checking for a BSD-compatible install... /usr/bin/install -c
 2:24.14 js\src\ctypes\libffi> checking whether build environment is sane... yes
 2:24.14 js\src\ctypes\libffi> checking for a thread-safe mkdir -p... /usr/bin/mkdir -p
 2:24.14 js\src\ctypes\libffi> checking for gawk... gawk
 2:24.14 js\src\ctypes\libffi> checking whether c:/Strawberry/c/bin/gmake.EXE sets $(MAKE)... yes
 2:24.14 js\src\ctypes\libffi> checking whether c:/Strawberry/c/bin/gmake.EXE supports nested variables... yes
 2:24.14 js\src\ctypes\libffi> checking for x86_64-pc-mingw32-gcc... /d/a/K-Meleon-R/K-Meleon-R/goanna/js/src/ctypes/libffi/msvcc.sh -m64
 2:24.14 js\src\ctypes\libffi> checking whether the C compiler works... yes
 2:24.14 js\src\ctypes\libffi> checking for C compiler default output file name... conftest.exe
 2:24.14 js\src\ctypes\libffi> checking for suffix of executables... .exe
 2:24.14 js\src\ctypes\libffi> checking whether we are cross compiling... no
 2:24.14 js\src\ctypes\libffi> checking for suffix of object files... obj
 2:24.14 js\src\ctypes\libffi> checking whether we are using the GNU C compiler... no
 2:24.14 js\src\ctypes\libffi> checking whether /d/a/K-Meleon-R/K-Meleon-R/goanna/js/src/ctypes/libffi/msvcc.sh -m64 accepts -g... yes
 2:24.14 js\src\ctypes\libffi> checking for /d/a/K-Meleon-R/K-Meleon-R/goanna/js/src/ctypes/libffi/msvcc.sh -m64 option to accept ISO C89... none needed
 2:24.14 js\src\ctypes\libffi> checking whether /d/a/K-Meleon-R/K-Meleon-R/goanna/js/src/ctypes/libffi/msvcc.sh -m64 understands -c and -o together... yes
 2:24.14 js\src\ctypes\libffi> checking for style of include used by c:/Strawberry/c/bin/gmake.EXE... GNU
 2:24.14 js\src\ctypes\libffi> checking dependency style of /d/a/K-Meleon-R/K-Meleon-R/goanna/js/src/ctypes/libffi/msvcc.sh -m64... msvc7
 2:24.14 js\src\ctypes\libffi> checking whether we are using the GNU C++ compiler... no
 2:24.14 js\src\ctypes\libffi> checking whether /d/a/K-Meleon-R/K-Meleon-R/goanna/js/src/ctypes/libffi/msvcc.sh -m64 accepts -g... yes
 2:24.14 js\src\ctypes\libffi> checking dependency style of /d/a/K-Meleon-R/K-Meleon-R/goanna/js/src/ctypes/libffi/msvcc.sh -m64... msvc7
 2:24.14 js\src\ctypes\libffi> checking dependency style of /d/a/K-Meleon-R/K-Meleon-R/goanna/js/src/ctypes/libffi/msvcc.sh -m64... msvc7
 2:24.14 js\src\ctypes\libffi> checking how to print strings... printf
 2:24.14 js\src\ctypes\libffi> checking for a sed that does not truncate output... /usr/bin/sed
 2:24.14 js\src\ctypes\libffi> checking for grep that handles long lines and -e... /usr/bin/grep
 2:24.14 js\src\ctypes\libffi> checking for egrep... /usr/bin/grep -E
 2:24.14 js\src\ctypes\libffi> checking for fgrep... /usr/bin/grep -F
 2:24.14 js\src\ctypes\libffi> checking for non-GNU ld... link
 2:24.14 js\src\ctypes\libffi> checking if the linker (link) is GNU ld... no
 2:24.14 js\src\ctypes\libffi> checking for BSD- or MS-compatible name lister (nm)... /c/mingw64/bin/nm -B
 2:24.14 js\src\ctypes\libffi> checking the name lister (/c/mingw64/bin/nm -B) interface... BSD nm
 2:24.14 js\src\ctypes\libffi> checking whether ln -s works... no, using cp -pR
 2:24.14 js\src\ctypes\libffi> checking the maximum length of command line arguments... 8192
 2:24.14 js\src\ctypes\libffi> checking whether the shell understands some XSI constructs... yes
 2:24.14 js\src\ctypes\libffi> checking whether the shell understands "+="... yes
 2:24.14 js\src\ctypes\libffi> checking how to convert x86_64-pc-mingw32 file names to x86_64-pc-mingw32 format... func_convert_file_msys_to_w32
 2:24.14 js\src\ctypes\libffi> checking how to convert x86_64-pc-mingw32 file names to toolchain format... func_convert_file_msys_to_w32
 2:24.14 js\src\ctypes\libffi> checking for link option to reload object files... -r
 2:24.14 js\src\ctypes\libffi> checking for x86_64-pc-mingw32-objdump... no
 2:24.14 js\src\ctypes\libffi> checking for objdump... objdump
 2:24.14 js\src\ctypes\libffi> checking how to recognize dependent libraries... file_magic ^x86 archive import|^x86 DLL
 2:24.14 js\src\ctypes\libffi> checking for x86_64-pc-mingw32-dlltool... no
 2:24.14 js\src\ctypes\libffi> checking for dlltool... dlltool
 2:24.14 js\src\ctypes\libffi> checking how to associate runtime and link libraries... func_cygming_dll_for_implib
 2:24.14 js\src\ctypes\libffi> checking for x86_64-pc-mingw32-ar... lib
 2:24.14 js\src\ctypes\libffi> checking for archiver @FILE support... no
 2:24.14 js\src\ctypes\libffi> checking for x86_64-pc-mingw32-strip... echo not_strip
 2:24.14 js\src\ctypes\libffi> checking for x86_64-pc-mingw32-ranlib... echo not_ranlib
 2:24.14 js\src\ctypes\libffi> checking command to parse /c/mingw64/bin/nm -B output from /d/a/K-Meleon-R/K-Meleon-R/goanna/js/src/ctypes/libffi/msvcc.sh -m64 object... ok
 2:24.14 js\src\ctypes\libffi> checking for sysroot... no
 2:24.14 js\src\ctypes\libffi> checking for x86_64-pc-mingw32-mt... no
 2:24.14 js\src\ctypes\libffi> checking for mt... mt
 2:24.14 js\src\ctypes\libffi> checking if mt is a manifest tool... yes
 2:24.14 js\src\ctypes\libffi> checking how to run the C preprocessor... cl -nologo -EP
 2:24.14 js\src\ctypes\libffi> checking for ANSI C header files... yes
 2:24.14 js\src\ctypes\libffi> checking for sys/types.h... yes
 2:24.14 js\src\ctypes\libffi> checking for sys/stat.h... yes
 2:24.14 js\src\ctypes\libffi> checking for stdlib.h... yes
 2:24.14 js\src\ctypes\libffi> checking for string.h... yes
 2:24.14 js\src\ctypes\libffi> checking for memory.h... yes
 2:24.14 js\src\ctypes\libffi> checking for strings.h... no
 2:24.14 js\src\ctypes\libffi> checking for inttypes.h... yes
 2:24.14 js\src\ctypes\libffi> checking for stdint.h... yes
 2:24.14 js\src\ctypes\libffi> checking for unistd.h... no
 2:24.14 js\src\ctypes\libffi> checking for dlfcn.h... no
 2:24.14 js\src\ctypes\libffi> checking for objdir... .libs
 2:24.14 js\src\ctypes\libffi> checking for /d/a/K-Meleon-R/K-Meleon-R/goanna/js/src/ctypes/libffi/msvcc.sh -m64 option to produce PIC... -DDLL_EXPORT -DPIC
 2:24.14 js\src\ctypes\libffi> checking if /d/a/K-Meleon-R/K-Meleon-R/goanna/js/src/ctypes/libffi/msvcc.sh -m64 PIC flag -DDLL_EXPORT -DPIC works... yes
 2:24.14 js\src\ctypes\libffi> checking if /d/a/K-Meleon-R/K-Meleon-R/goanna/js/src/ctypes/libffi/msvcc.sh -m64 static flag  works... yes
 2:24.14 js\src\ctypes\libffi> checking if /d/a/K-Meleon-R/K-Meleon-R/goanna/js/src/ctypes/libffi/msvcc.sh -m64 supports -c -o file.obj... yes
 2:24.14 js\src\ctypes\libffi> checking if /d/a/K-Meleon-R/K-Meleon-R/goanna/js/src/ctypes/libffi/msvcc.sh -m64 supports -c -o file.obj... (cached) yes
 2:24.14 js\src\ctypes\libffi> checking whether the /d/a/K-Meleon-R/K-Meleon-R/goanna/js/src/ctypes/libffi/msvcc.sh -m64 linker (link) supports shared libraries... yes
 2:24.14 js\src\ctypes\libffi> checking dynamic linker characteristics... Win32 ld.exe
 2:24.14 js\src\ctypes\libffi> checking how to hardcode library paths into programs... immediate
 2:24.14 js\src\ctypes\libffi> checking whether stripping libraries is possible... no
 2:24.14 js\src\ctypes\libffi> checking if libtool supports shared libraries... yes
 2:24.14 js\src\ctypes\libffi> checking whether to build shared libraries... no
 2:24.14 js\src\ctypes\libffi> checking whether to build static libraries... yes
 2:24.14 js\src\ctypes\libffi> checking how to run the C++ preprocessor... cl -nologo -EP
 2:24.14 js\src\ctypes\libffi> checking whether the /d/a/K-Meleon-R/K-Meleon-R/goanna/js/src/ctypes/libffi/msvcc.sh -m64 linker (link) supports shared libraries... no
 2:24.14 js\src\ctypes\libffi> checking for /d/a/K-Meleon-R/K-Meleon-R/goanna/js/src/ctypes/libffi/msvcc.sh -m64 option to produce PIC... -DDLL_EXPORT -DPIC
 2:24.14 js\src\ctypes\libffi> checking if /d/a/K-Meleon-R/K-Meleon-R/goanna/js/src/ctypes/libffi/msvcc.sh -m64 PIC flag -DDLL_EXPORT -DPIC works... yes
 2:24.14 js\src\ctypes\libffi> checking if /d/a/K-Meleon-R/K-Meleon-R/goanna/js/src/ctypes/libffi/msvcc.sh -m64 static flag  works... yes
 2:24.14 js\src\ctypes\libffi> checking if /d/a/K-Meleon-R/K-Meleon-R/goanna/js/src/ctypes/libffi/msvcc.sh -m64 supports -c -o file.obj... yes
 2:24.14 js\src\ctypes\libffi> checking if /d/a/K-Meleon-R/K-Meleon-R/goanna/js/src/ctypes/libffi/msvcc.sh -m64 supports -c -o file.obj... (cached) yes
 2:24.14 js\src\ctypes\libffi> checking whether the /d/a/K-Meleon-R/K-Meleon-R/goanna/js/src/ctypes/libffi/msvcc.sh -m64 linker (link) supports shared libraries... no
 2:24.14 js\src\ctypes\libffi> checking dynamic linker characteristics... Win32 ld.exe
 2:36.75 js\src\ctypes\libffi> checking how to hardcode library paths into programs... immediate
 2:36.75 js\src\ctypes\libffi> checking size of size_t... 8
 2:36.75 js\src\ctypes\libffi> checking for C compiler vendor... microsoft
 2:36.75 js\src\ctypes\libffi> checking CFLAGS for maximum warnings... -Wall
 2:36.75 js\src\ctypes\libffi> checking whether to enable maintainer-specific portions of Makefiles... no
 2:36.75 js\src\ctypes\libffi> checking sys/mman.h usability... no
 2:36.75 js\src\ctypes\libffi> checking sys/mman.h presence... no
 2:36.75 js\src\ctypes\libffi> checking for sys/mman.h... no
 2:36.75 js\src\ctypes\libffi> checking for mmap... no
 2:36.75 js\src\ctypes\libffi> checking for sys/mman.h... (cached) no
 2:36.75 js\src\ctypes\libffi> checking for mmap... (cached) no
 2:36.75 js\src\ctypes\libffi> checking for ANSI C header files... (cached) yes
 2:36.75 js\src\ctypes\libffi> checking for memcpy... yes
 2:36.75 js\src\ctypes\libffi> checking for size_t... yes
 2:36.75 js\src\ctypes\libffi> checking for working alloca.h... no
 2:36.75 js\src\ctypes\libffi> checking for alloca... yes
 2:36.75 js\src\ctypes\libffi> checking size of double... 8
 2:36.75 js\src\ctypes\libffi> checking size of long double... 8
 2:36.75 js\src\ctypes\libffi> checking whether byte ordering is bigendian... no
 2:36.75 js\src\ctypes\libffi> checking assembler .cfi pseudo-op support... no
 2:36.75 js\src\ctypes\libffi> checking for _ prefix in compiled symbols... no
 2:36.75 js\src\ctypes\libffi> configure: updating cache d:/a/K-Meleon-R/K-Meleon-R/goanna/obj-x64/js/src/ctypes/libffi/config.cache
 2:36.75 js\src\ctypes\libffi> checking that generated files are newer than configure... done
 2:36.75 js\src\ctypes\libffi> configure: creating ./config.status
 2:36.75 js\src\ctypes\libffi> config.status: creating include/Makefile
 2:36.75 js\src\ctypes\libffi> config.status: creating include/ffi.h
 2:36.75 js\src\ctypes\libffi> config.status: creating Makefile
 2:36.75 js\src\ctypes\libffi> config.status: creating testsuite/Makefile
 2:36.75 js\src\ctypes\libffi> config.status: creating man/Makefile
 2:36.75 js\src\ctypes\libffi> config.status: creating libffi.pc
 2:36.75 js\src\ctypes\libffi> config.status: creating fficonfig.h
 2:36.75 js\src\ctypes\libffi> config.status: linking d:/a/K-Meleon-R/K-Meleon-R/goanna/js/src/ctypes/libffi/src/x86/ffitarget.h to include/ffitarget.h
 2:36.75 js\src\ctypes\libffi> config.status: executing buildir commands
 2:36.75 js\src\ctypes\libffi> config.status: skipping top_srcdir/Makefile - not created
 2:36.75 js\src\ctypes\libffi> config.status: executing depfiles commands
 2:36.75 js\src\ctypes\libffi> config.status: executing libtool commands
 2:36.75 js\src\ctypes\libffi> config.status: executing include commands
 2:36.75 js\src\ctypes\libffi> config.status: executing src commands
 2:36.75 
 2:36.75 Walking the dog...
 2:36.75 Finished reading 771 moz.build files in 0.68s
 2:36.75 Processed into 5538 build config descriptors in 0.95s
 2:36.75 Backend executed in 1.50s
 2:36.75 1605 total backend files; 1605 created; 0 updated; 0 unchanged; 0 deleted; 77 -> 568 Makefile
 2:36.75 Total wall time: 3.32s; CPU time: 3.32s; Efficiency: 100%; Untracked: 0.19s
 2:36.75 From dist/branding: Kept 0 existing; Added/updated 0; Removed 0 files and 0 directories.
 2:36.75 From dist/bin: Kept 168 existing; Added/updated 55; Removed 0 files and 0 directories.
 2:36.75 d:/a/K-Meleon-R/K-Meleon-R/goanna/layout/mathml/mathfont.properties: WARNING: no preprocessor directives found
 2:36.75 From dist/public: Kept 0 existing; Added/updated 0; Removed 0 files and 0 directories.
 2:36.75 From dist/private: Kept 0 existing; Added/updated 0; Removed 0 files and 0 directories.
 2:36.75 From dist/sdk: Kept 0 existing; Added/updated 0; Removed 0 files and 0 directories.
 2:36.75 From dist/xpi-stage: Kept 1 existing; Added/updated 0; Removed 0 files and 0 directories.
 2:36.75 From dist/idl: Kept 0 existing; Added/updated 1071; Removed 0 files and 0 directories.
 2:36.75 From dist/include: Kept 1765 existing; Added/updated 2339; Removed 0 files and 0 directories.
 2:36.75 From _tests: Kept 6 existing; Added/updated 7580; Removed 0 files and 0 directories.
 2:36.75 now.c
 2:36.75 WARNING: Token 'INFINITY' defined, but not used
 2:36.75 WARNING: There is 1 unused token
 2:36.75 Microsoft (R) C/C++ Optimizing Compiler Version 19.29.30159 for x64
 2:36.75 Copyright (C) Microsoft Corporation.  All rights reserved.
 2:36.75 
 2:36.75 cl : Command line warning D9002 : ignoring unknown option '-OP'
 2:36.75 cl : Command line warning D9002 : ignoring unknown option '-OT'
 2:36.75 cl : Command line warning D9002 : ignoring unknown option '-O:'
 2:36.75 cl : Command line warning D9002 : ignoring unknown option '-OR'
 2:36.75 cl : Command line warning D9002 : ignoring unknown option '-OE'
 2:36.75 cl : Command line warning D9002 : ignoring unknown option '-OF'
 2:36.75 Microsoft (R) Incremental Linker Version 14.29.30159.0
 2:36.75 Copyright (C) Microsoft Corporation.  All rights reserved.
 2:36.75 
 2:36.75 /out:now.exe
 2:36.75 now.obj
 2:36.75 prfdcach.c
 2:36.75 cd include; c:/Strawberry/c/bin/gmake.EXE private_export
 2:36.75 From ../../dist/idl: Kept 1071 existing; Added/updated 0; Removed 0 files and 0 directories.
 2:36.75 Creating d:/a/K-Meleon-R/K-Meleon-R/goanna/obj-x64/dist/private/nss
 2:36.75 alerts.xpt
 2:36.75 Creating d:/a/K-Meleon-R/K-Meleon-R/goanna/obj-x64/dist/private/dbm
 2:36.75 appshell.xpt
 2:36.75 appstartup.xpt
 2:36.75 cd src; c:/Strawberry/c/bin/gmake.EXE private_export
 2:36.75 autocomplete.xpt
 2:36.75 autoconfig.xpt
 2:36.75 browser-element.xpt
 2:36.75 Microsoft (R) C/C++ Optimizing Compiler Version 19.29.30159 for x64
 2:36.75 Copyright (C) Microsoft Corporation.  All rights reserved.
 2:36.75 
 2:36.75 self-hosting-cpp-input.cpp
 2:36.75 d:/a/K-Meleon-R/K-Meleon-R/goanna/obj-x64/_virtualenv/Scripts/python.exe -m mozbuild.action.cl cl -P -Fiself-hosting-preprocessed.pp -DZLIB_IN_MOZGLUE=1 -DNS_WARN_UNUSED_RESULT= -DHAVE__GETC_NOLOCK=1 -DAB_CD= -DHAVE_64BIT_BUILD=1 -DCPP_THROW_NEW=throw() -D_WIN32_WINNT=0x600 -DNO_X11=1 -DHAVE_SNPRINTF=1 -DJS_PUNBOX64=1 -DMOZILLA_UAVERSION="3.4" -DNO_NSPR_10_SUPPORT=1 -DEXPOSE_INTL_API=1 -DASMJS_MAY_USE_SIGNAL_HANDLERS_FOR_OOB=1 -DXP_WIN32=1 -DDLL_SUFFIX=".dll" -DMOZ_DLL_SUFFIX=".dll" -DDLL_PREFIX="" -D_CRT_RAND_S=1 -DMOZ_NTDDI_WIN7=0x06010000 -DHAVE_FORCEINLINE=1 -DHAVE_HYPOT=1 -DFFI_BUILDING=1 -DMOZILLA_VERSION="3.4.5" -DNS_ATTR_MALLOC= -DSTATIC_JS_API=1 -DJS_HAS_CTYPES=1 -DENABLE_INTL_API=1 -DMALLOC_H=<malloc.h> -DSTDC_HEADERS=1 -DJS_CPU_X64=1 -DMOZ_MEMORY_WINDOWS=1 -DWIN32_LEAN_AND_MEAN=1 -DMOZ_WINSDK_TARGETVER=0x06030000 -DEXPORT_JS_API=1 -DNDEBUG=1 -D_AMD64_=1 -D_CRT_NONSTDC_NO_WARNINGS=1 -DMOZJS_MINOR_VERSION=4 -DWIN32=1 -DTRIMMED=1 -DRELEASE_BUILD=1 -DJS_TRACE_LOGGING=1 -DHAVE_LOCALECONV=1 -DHW_THREADS=1 -D_WIN32_IE=0x0603 -DJS_CODEGEN_X64=1 -DD_INO=d_ino -DWINVER=0x600 -DU_USING_ICU_NAMESPACE=0 -DMOZILLA_VERSION_U=3.4.5 -D_CRT_SECURE_NO_WARNINGS=1 -DJS_DEFAULT_JITREPORT_GRANULARITY=3 -DMOZ_DEBUG_SYMBOLS=1 -DMOZ_UPDATE_CHANNEL=default -DMOZJS_MAJOR_VERSION=3 -DU_STATIC_IMPLEMENTATION=1 -DXP_WIN=1 -DMOZ_MEMORY=1 -DX_DISPLAY_MISSING=1 -DHAVE__MSIZE=1 -D_WINDOWS=1 self-hosting-cpp-input.cpp
 2:36.75 caps.xpt
 2:36.75 prmwait.c
 2:36.75 chrome.xpt
 2:36.75 commandhandler.xpt
 2:36.75 There are no private exports.
 2:36.75 commandlines.xpt
 2:36.75 compartments.xpt
 2:36.75 There are no private exports.
 2:36.75 composer.xpt
 2:36.75 content_events.xpt
 2:36.75 content_geckomediaplugins.xpt
 2:36.75 content_html.xpt
 2:36.75 cd mangle; c:/Strawberry/c/bin/gmake.EXE private_export
 2:36.75 content_webrtc.xpt
 2:36.75 content_xslt.xpt
 2:36.75 cookie.xpt
 2:36.75 d:/a/K-Meleon-R/K-Meleon-R/goanna/nsprpub/pr/src/io/prmwait.c(477): warning C4267: 'function': conversion from 'size_t' to 'PRUint32', possible loss of data
 2:36.75 d:/a/K-Meleon-R/K-Meleon-R/goanna/nsprpub/pr/src/io/prmwait.c(648): warning C4267: 'function': conversion from 'size_t' to 'PRInt32', possible loss of data
 2:36.75 devtools_security.xpt
 2:36.75 There are no private exports.
 2:36.75 There are no private exports.
 2:36.75 directory.xpt
 2:36.75 diskspacewatcher.xpt
 2:36.75 priometh.c
 2:36.75 docshell.xpt
 2:36.75 d:/a/K-Meleon-R/K-Meleon-R/goanna/nsprpub/pr/src/io/priometh.c(347): warning C4267: '=': conversion from 'size_t' to 'PRInt32', possible loss of data
 2:36.75 dom.xpt
 2:36.75 pripv6.c
 2:36.75 dom_activities.xpt
 2:36.75 warning: interface 'nsISelectionPrivate' is scriptable but derives from non-scriptable 'nsISelection', ../../../dist/idl\nsISelectionPrivate.idl line 31:0
 2:36.75 interface nsISelectionPrivate : nsISelection
 2:36.75 ^
 2:36.75 prmapopt.c
 2:36.75 dom_alarm.xpt
 2:36.75 dom_apps.xpt
 2:36.75 d:/a/K-Meleon-R/K-Meleon-R/goanna/nsprpub/pr/src/io/prmapopt.c(262): warning C4267: 'initializing': conversion from 'size_t' to 'PRIntn', possible loss of data
 2:36.75 dom_audiochannel.xpt
 2:36.75 prlayer.c
 2:36.75 dom_base.xpt
 2:36.75 prlog.c
 2:36.75 d:/a/K-Meleon-R/K-Meleon-R/goanna/nsprpub/pr/src/io/prlayer.c(623): warning C4267: 'function': conversion from 'size_t' to 'PRUint32', possible loss of data
 2:36.75 dom_canvas.xpt
 2:36.75 d:/a/K-Meleon-R/K-Meleon-R/goanna/nsprpub/pr/src/io/prlog.c(198): warning C4267: 'initializing': conversion from 'size_t' to 'PRIntn', possible loss of data
 2:36.75 d:/a/K-Meleon-R/K-Meleon-R/goanna/nsprpub/pr/src/io/prlog.c(322): warning C4267: 'initializing': conversion from 'size_t' to 'PRIntn', possible loss of data
 2:36.75 d:/a/K-Meleon-R/K-Meleon-R/goanna/nsprpub/pr/src/io/prlog.c(492): warning C4267: '=': conversion from 'size_t' to 'PRUint32', possible loss of data
 2:36.75 dom_cellbroadcast.xpt
 2:36.75 prmmap.c
 2:36.75 dom_core.xpt
 2:36.75 prpolevt.c
 2:36.75 prprf.c
 2:36.75 dom_css.xpt
 2:36.75 prscanf.c
 2:36.75 d:/a/K-Meleon-R/K-Meleon-R/goanna/nsprpub/pr/src/io/prprf.c(346): warning C4267: 'function': conversion from 'size_t' to 'PRUint32', possible loss of data
 2:36.75 d:/a/K-Meleon-R/K-Meleon-R/goanna/nsprpub/pr/src/io/prprf.c(321): warning C4244: 'initializing': conversion from '__int64' to 'int', possible loss of data
 2:36.75 d:/a/K-Meleon-R/K-Meleon-R/goanna/nsprpub/pr/src/io/prprf.c(373): warning C4244: '=': conversion from '__int64' to 'int', possible loss of data
 2:36.75 d:/a/K-Meleon-R/K-Meleon-R/goanna/nsprpub/pr/src/io/prprf.c(375): warning C4267: '=': conversion from 'size_t' to 'int', possible loss of data
 2:36.75 d:/a/K-Meleon-R/K-Meleon-R/goanna/nsprpub/pr/src/io/prprf.c(948): warning C4244: '=': conversion from '__int64' to 'int', possible loss of data
 2:36.75 d:/a/K-Meleon-R/K-Meleon-R/goanna/nsprpub/pr/src/io/prprf.c(1052): warning C4244: '=': conversion from '__int64' to 'int', possible loss of data
 2:36.75 d:/a/K-Meleon-R/K-Meleon-R/goanna/nsprpub/pr/src/io/prprf.c(1224): warning C4244: 'initializing': conversion from '__int64' to 'PRUint32', possible loss of data
 2:36.75 d:/a/K-Meleon-R/K-Meleon-R/goanna/nsprpub/pr/src/io/prprf.c(1273): warning C4244: '=': conversion from '__int64' to 'PRUint32', possible loss of data
 2:36.75 d:/a/K-Meleon-R/K-Meleon-R/goanna/nsprpub/pr/src/io/prprf.c(1301): warning C4267: '=': conversion from 'size_t' to 'PRUint32', possible loss of data
 2:36.75 dom_datastore.xpt
 2:36.75 dom_devicestorage.xpt
 2:36.75 prstdio.c
 2:36.75 dom_events.xpt
 2:36.75 d:/a/K-Meleon-R/K-Meleon-R/goanna/nsprpub/pr/src/io/prstdio.c(32): warning C4267: '=': conversion from 'size_t' to 'PRUint32', possible loss of data
 2:36.75 prdir.c
 2:50.28 dom_gamepad.xpt
 2:50.28 dom_geolocation.xpt
 2:50.28 dom_html.xpt
 2:50.28 prfile.c
 2:50.28 prio.c
 2:50.28 prsocket.c
 2:50.28 d:/a/K-Meleon-R/K-Meleon-R/goanna/nsprpub/pr/src/io/prsocket.c(325): warning C4022: 'GetOverlappedResult': pointer mismatch for actual parameter 1
 2:50.28 d:/a/K-Meleon-R/K-Meleon-R/goanna/nsprpub/pr/src/io/prsocket.c(357): warning C4022: 'GetOverlappedResult': pointer mismatch for actual parameter 1
 2:50.28 prlink.c
 2:50.28 d:/a/K-Meleon-R/K-Meleon-R/goanna/nsprpub/pr/src/linking/prlink.c(124): warning C4267: 'function': conversion from 'size_t' to 'PRIntn', possible loss of data
 2:50.28 prmalloc.c
 2:50.28 dom_json.xpt
 2:50.28 dom_media.xpt
 2:50.28 dom_messages.xpt
 2:50.28 prmem.c
 2:50.28 dom_mobileconnection.xpt
 2:50.28 dom_mobilemessage.xpt
 2:50.28 dom_network.xpt
 2:50.28 ntmisc.c
 2:50.28 dom_notification.xpt
 2:50.28 d:/a/K-Meleon-R/K-Meleon-R/goanna/nsprpub/pr/src/md/windows/ntmisc.c(820): warning C4996: 'GetVersionExA': was declared deprecated
 2:50.28 d:/a/K-Meleon-R/K-Meleon-R/goanna/nsprpub/pr/src/md/windows/ntmisc.c(877): warning C4996: 'GetVersionExA': was declared deprecated
 2:50.28 dom_offline.xpt
 2:50.28 ntsec.c
 2:50.28 dom_permissionsettings.xpt
 2:50.28 dom_power.xpt
 2:50.28 dom_presentation.xpt
 2:50.28 dom_quota.xpt
 2:50.28 ntsem.c
 2:50.28 dom_range.xpt
 2:50.28 dom_security.xpt
 2:50.28 dom_settings.xpt
 2:50.28 ntinrval.c
 2:50.28 dom_sidebar.xpt
 2:50.28 dom_smil.xpt
 2:50.28 dom_storage.xpt
 2:50.28 ntgc.c
 2:50.28 dom_stylesheets.xpt
 2:50.28 dom_svg.xpt
 2:50.28 dom_system.xpt
 2:50.28 w95thred.c
 2:50.28 dom_telephony.xpt
 2:50.28 dom_time.xpt
 2:50.28 dom_traversal.xpt
 2:50.28 dom_tv.xpt
 2:50.28 w95io.c
 2:50.28 dom_voicemail.xpt
 2:50.28 dom_webspeechrecognition.xpt
 2:50.28 dom_webspeechsynth.xpt
 2:50.28 w95cv.c
 2:50.28 dom_workers.xpt
 2:50.28 dom_xbl.xpt
 2:50.28 dom_xpath.xpt
 2:50.28 dom_xul.xpt
 2:50.28 w32rng.c
 2:50.28 w95sock.c
 2:50.28 d:/a/K-Meleon-R/K-Meleon-R/goanna/nsprpub/pr/src/md/windows/w95sock.c(38): warning C4996: 'GetVersionExA': was declared deprecated
 2:50.28 d:/a/K-Meleon-R/K-Meleon-R/goanna/nsprpub/pr/src/md/windows/w95sock.c(376): warning C4013: 'WSAIoctl' undefined; assuming extern returning int
 2:50.28 d:/a/K-Meleon-R/K-Meleon-R/goanna/nsprpub/pr/src/md/windows/w95sock.c(448): warning C4090: 'function': different 'const' qualifiers
 2:50.28 d:/a/K-Meleon-R/K-Meleon-R/goanna/nsprpub/pr/src/md/windows/w95sock.c(497): warning C4022: 'GetOverlappedResult': pointer mismatch for actual parameter 1
 2:50.28 downloads.xpt
 2:50.28 editor.xpt
 2:50.28 win32_errors.c
 2:50.28 embed_base.xpt
 2:50.28 w32ipcsem.c
 2:50.28 extensions.xpt
 2:50.28 exthandler.xpt
 2:50.28 exthelper.xpt
 2:50.28 w32poll.c
 2:50.28 fastfind.xpt
 2:50.28 feeds.xpt
 2:50.28 w32shm.c
 2:50.28 find.xpt
 2:50.28 gfx.xpt
 2:50.28 hal.xpt
 2:50.28 w95dllmain.c
 2:50.28 html5.xpt
 2:50.28 htmlparser.xpt
 2:50.28 prosdep.c
 2:50.28 identity.xpt
 2:50.28 imglib2.xpt
 2:50.28 inspector.xpt
 2:50.28 prseg.c
 2:50.28 intl.xpt
 2:50.28 jar.xpt
 2:50.28 prshm.c
 2:50.28 jsdebugger.xpt
 2:50.28 jsdownloads.xpt
 2:50.28 jsinspector.xpt
 2:50.28 layout_base.xpt
 2:50.28 prshma.c
 2:50.28 layout_printing.xpt
 2:50.28 layout_xul.xpt
 2:50.28 pralarm.c
 2:50.28 layout_xul_tree.xpt
 2:50.28 locale.xpt
 2:50.28 loginmgr.xpt
 2:50.28 pratom.c
 2:50.28 lwbrk.xpt
 2:50.28 mimetype.xpt
 2:50.28 d:/a/K-Meleon-R/K-Meleon-R/goanna/nsprpub/pr/src/misc/pratom.c(315): warning C4267: 'function': conversion from 'size_t' to 'PRUint32', possible loss of data
 2:50.28 mozfind.xpt
 2:50.28 prcountr.c
 2:50.28 necko.xpt
 2:50.28 prdtoa.c
 2:50.28 There are no private exports.
 2:50.28 d:/a/K-Meleon-R/K-Meleon-R/goanna/nsprpub/pr/src/misc/prdtoa.c(1281): warning C4554: '>>': check operator precedence for possible error; use parentheses to clarify precedence
 2:50.28 d:/a/K-Meleon-R/K-Meleon-R/goanna/nsprpub/pr/src/misc/prdtoa.c(1283): warning C4554: '<<': check operator precedence for possible error; use parentheses to clarify precedence
 2:50.28 d:/a/K-Meleon-R/K-Meleon-R/goanna/nsprpub/pr/src/misc/prdtoa.c(1283): warning C4554: '>>': check operator precedence for possible error; use parentheses to clarify precedence
 2:50.28 d:/a/K-Meleon-R/K-Meleon-R/goanna/nsprpub/pr/src/misc/prdtoa.c(1288): warning C4554: '>>': check operator precedence for possible error; use parentheses to clarify precedence
 2:50.28 d:/a/K-Meleon-R/K-Meleon-R/goanna/nsprpub/pr/src/misc/prdtoa.c(1290): warning C4554: '>>': check operator precedence for possible error; use parentheses to clarify precedence
 2:50.28 d:/a/K-Meleon-R/K-Meleon-R/goanna/nsprpub/pr/src/misc/prdtoa.c(1373): warning C4554: '<<': check operator precedence for possible error; use parentheses to clarify precedence
 2:50.28 d:/a/K-Meleon-R/K-Meleon-R/goanna/nsprpub/pr/src/misc/prdtoa.c(2068): warning C4554: '<<': check operator precedence for possible error; use parentheses to clarify precedence
 2:50.28 d:/a/K-Meleon-R/K-Meleon-R/goanna/nsprpub/pr/src/misc/prdtoa.c(2496): warning C4244: '=': conversion from 'double' to 'PRUint32', possible loss of data
 2:50.28 d:/a/K-Meleon-R/K-Meleon-R/goanna/nsprpub/pr/src/misc/prdtoa.c(3024): warning C4554: '<<': check operator precedence for possible error; use parentheses to clarify precedence
 2:50.28 d:/a/K-Meleon-R/K-Meleon-R/goanna/nsprpub/pr/src/misc/prdtoa.c(3025): warning C4554: '>>': check operator precedence for possible error; use parentheses to clarify precedence
 2:50.28 d:/a/K-Meleon-R/K-Meleon-R/goanna/nsprpub/pr/src/misc/prdtoa.c(3025): warning C4554: '<<': check operator precedence for possible error; use parentheses to clarify precedence
 2:50.28 d:/a/K-Meleon-R/K-Meleon-R/goanna/nsprpub/pr/src/misc/prdtoa.c(3177): warning C4244: '=': conversion from 'double' to 'PRInt32', possible loss of data
 2:50.28 d:/a/K-Meleon-R/K-Meleon-R/goanna/nsprpub/pr/src/misc/prdtoa.c(3649): warning C4244: '=': conversion from '__int64' to 'PRIntn', possible loss of data
 2:50.28 d:/a/K-Meleon-R/K-Meleon-R/goanna/nsprpub/pr/src/misc/prdtoa.c(3674): warning C4244: 'function': conversion from '__int64' to 'PRUint32', possible loss of data
 2:50.28 prenv.c
 2:50.28 There are no private exports.
 2:50.28 prerr.c
 2:50.28 necko_about.xpt
 2:50.28 prerror.c
 2:50.28 necko_cache.xpt
 2:50.28 necko_cache2.xpt
 2:50.28 necko_cookie.xpt
 2:50.28 prerrortable.c
 2:50.28 necko_dns.xpt
 2:50.28 prinit.c
 2:50.28 necko_file.xpt
 2:50.28 necko_ftp.xpt
 2:50.28 d:/a/K-Meleon-R/K-Meleon-R/goanna/nsprpub/pr/src/misc/prinit.c(529): warning C4267: 'function': conversion from 'size_t' to 'PRUint32', possible loss of data
 2:50.28 d:/a/K-Meleon-R/K-Meleon-R/goanna/nsprpub/pr/src/misc/prinit.c(595): warning C4267: 'function': conversion from 'size_t' to 'PRUint32', possible loss of data
 2:50.28 d:/a/K-Meleon-R/K-Meleon-R/goanna/nsprpub/pr/src/misc/prinit.c(597): warning C4267: 'function': conversion from 'size_t' to 'PRUint32', possible loss of data
 2:50.28 d:/a/K-Meleon-R/K-Meleon-R/goanna/nsprpub/pr/src/misc/prinit.c(607): warning C4267: '=': conversion from 'size_t' to 'int', possible loss of data
 2:50.28 d:/a/K-Meleon-R/K-Meleon-R/goanna/nsprpub/pr/src/misc/prinit.c(626): warning C4267: 'initializing': conversion from 'size_t' to 'int', possible loss of data
 2:50.28 necko_http.xpt
 2:50.28 prinrval.c
 2:50.28 necko_ipc.xpt
 2:50.28 necko_res.xpt
 2:50.28 necko_socket.xpt
 2:50.28 pripc.c
 2:50.28 necko_strconv.xpt
 2:50.28 necko_viewsource.xpt
 2:50.28 necko_websocket.xpt
 2:50.28 necko_wifi.xpt
 2:50.28 prlog2.c
 2:50.28 necko_wyciwyg.xpt
 2:50.28 prlong.c
 2:50.28 cd legacydb; c:/Strawberry/c/bin/gmake.EXE private_export
 2:50.28 parentalcontrols.xpt
 2:50.28 prnetdb.c
 2:50.28 pipboot.xpt
 2:50.28 pipnss.xpt
 2:50.28 d:/a/K-Meleon-R/K-Meleon-R/goanna/nsprpub/pr/src/misc/prnetdb.c(446): warning C4311: 'type cast': pointer truncation from 'char *' to 'long'
 2:50.28 d:/a/K-Meleon-R/K-Meleon-R/goanna/nsprpub/pr/src/misc/prnetdb.c(521): warning C4267: '=': conversion from 'size_t' to 'PRIntn', possible loss of data
 2:50.28 d:/a/K-Meleon-R/K-Meleon-R/goanna/nsprpub/pr/src/misc/prnetdb.c(545): warning C4267: '=': conversion from 'size_t' to 'PRIntn', possible loss of data
 2:50.28 d:/a/K-Meleon-R/K-Meleon-R/goanna/nsprpub/pr/src/misc/prnetdb.c(603): warning C4267: '=': conversion from 'size_t' to 'PRIntn', possible loss of data
 2:50.28 d:/a/K-Meleon-R/K-Meleon-R/goanna/nsprpub/pr/src/misc/prnetdb.c(620): warning C4267: '=': conversion from 'size_t' to 'PRIntn', possible loss of data
 2:50.28 There are no private exports.
 2:50.28 praton.c
 2:50.28 d:/a/K-Meleon-R/K-Meleon-R/goanna/nsprpub/pr/src/misc/praton.c(186): warning C4244: '=': conversion from '__int64' to 'int', possible loss of data
 2:50.28 prolock.c
 2:50.28 warning: [const] doesn't make sense on builtin types., <class 'xpidl.BuiltinLocation'>
 2:50.28 warning: [const] doesn't make sense on builtin types., <class 'xpidl.BuiltinLocation'>
 2:50.28 warning: [const] doesn't make sense on builtin types., <class 'xpidl.BuiltinLocation'>
 2:50.28 warning: [const] doesn't make sense on builtin types., <class 'xpidl.BuiltinLocation'>
 2:50.28 warning: [const] doesn't make sense on builtin types., <class 'xpidl.BuiltinLocation'>
 2:50.28 warning: [const] doesn't make sense on builtin types., <class 'xpidl.BuiltinLocation'>
 2:50.28 warning: [const] doesn't make sense on builtin types., <class 'xpidl.BuiltinLocation'>
 2:50.28 warning: [const] doesn't make sense on builtin types., <class 'xpidl.BuiltinLocation'>
 2:50.28 warning: [const] doesn't make sense on builtin types., <class 'xpidl.BuiltinLocation'>
 2:50.28 warning: [const] doesn't make sense on builtin types., <class 'xpidl.BuiltinLocation'>
 2:50.28 pippki.xpt
 2:50.28 prrng.c
 2:50.28 places.xpt
 2:50.28 There are no private exports.
 2:50.28 plugin.xpt
 2:50.28 prsystem.c
 2:50.28 pref.xpt
 2:50.28 prefetch.xpt
 2:50.28 profile.xpt
 2:50.28 prtime.c
 2:50.28 d:/a/K-Meleon-R/K-Meleon-R/goanna/nsprpub/pr/src/misc/prtime.c(1858): warning C4267: 'return': conversion from 'size_t' to 'PRUint32', possible loss of data
 2:50.28 d:/a/K-Meleon-R/K-Meleon-R/goanna/nsprpub/pr/src/misc/prtime.c(1970): warning C4267: 'initializing': conversion from 'size_t' to 'PRUint32', possible loss of data
 2:50.28 d:/a/K-Meleon-R/K-Meleon-R/goanna/nsprpub/pr/src/misc/prtime.c(1975): warning C4267: 'initializing': conversion from 'size_t' to 'PRUint32', possible loss of data
 2:50.28 d:/a/K-Meleon-R/K-Meleon-R/goanna/nsprpub/pr/src/misc/prtime.c(1980): warning C4267: 'initializing': conversion from 'size_t' to 'PRUint32', possible loss of data
 2:50.28 d:/a/K-Meleon-R/K-Meleon-R/goanna/nsprpub/pr/src/misc/prtime.c(1985): warning C4267: 'initializing': conversion from 'size_t' to 'PRUint32', possible loss of data
 2:50.28 d:/a/K-Meleon-R/K-Meleon-R/goanna/nsprpub/pr/src/misc/prtime.c(1991): warning C4267: 'initializing': conversion from 'size_t' to 'PRUint32', possible loss of data
 2:50.28 d:/a/K-Meleon-R/K-Meleon-R/goanna/nsprpub/pr/src/misc/prtime.c(1997): warning C4267: 'initializing': conversion from 'size_t' to 'PRUint32', possible loss of data
 2:50.28 d:/a/K-Meleon-R/K-Meleon-R/goanna/nsprpub/pr/src/misc/prtime.c(2003): warning C4267: 'initializing': conversion from 'size_t' to 'PRUint32', possible loss of data
 2:50.28 d:/a/K-Meleon-R/K-Meleon-R/goanna/nsprpub/pr/src/misc/prtime.c(2010): warning C4267: 'initializing': conversion from 'size_t' to 'PRUint32', possible loss of data
 2:50.28 d:/a/K-Meleon-R/K-Meleon-R/goanna/nsprpub/pr/src/misc/prtime.c(2016): warning C4267: 'initializing': conversion from 'size_t' to 'PRUint32', possible loss of data
 2:50.28 d:/a/K-Meleon-R/K-Meleon-R/goanna/nsprpub/pr/src/misc/prtime.c(2022): warning C4267: 'initializing': conversion from 'size_t' to 'PRUint32', possible loss of data
 3:08.95 d:/a/K-Meleon-R/K-Meleon-R/goanna/nsprpub/pr/src/misc/prtime.c(2028): warning C4267: 'initializing': conversion from 'size_t' to 'PRUint32', possible loss of data
 3:08.95 d:/a/K-Meleon-R/K-Meleon-R/goanna/nsprpub/pr/src/misc/prtime.c(2033): warning C4267: 'initializing': conversion from 'size_t' to 'PRUint32', possible loss of data
 3:08.95 d:/a/K-Meleon-R/K-Meleon-R/goanna/nsprpub/pr/src/misc/prtime.c(2039): warning C4267: 'initializing': conversion from 'size_t' to 'PRUint32', possible loss of data
 3:08.95 d:/a/K-Meleon-R/K-Meleon-R/goanna/nsprpub/pr/src/misc/prtime.c(2045): warning C4267: 'initializing': conversion from 'size_t' to 'PRUint32', possible loss of data
 3:08.95 d:/a/K-Meleon-R/K-Meleon-R/goanna/nsprpub/pr/src/misc/prtime.c(2051): warning C4267: 'initializing': conversion from 'size_t' to 'PRUint32', possible loss of data
 3:08.95 d:/a/K-Meleon-R/K-Meleon-R/goanna/nsprpub/pr/src/misc/prtime.c(2057): warning C4267: 'initializing': conversion from 'size_t' to 'PRUint32', possible loss of data
 3:08.95 d:/a/K-Meleon-R/K-Meleon-R/goanna/nsprpub/pr/src/misc/prtime.c(2063): warning C4267: 'initializing': conversion from 'size_t' to 'PRUint32', possible loss of data
 3:08.95 d:/a/K-Meleon-R/K-Meleon-R/goanna/nsprpub/pr/src/misc/prtime.c(2069): warning C4267: 'initializing': conversion from 'size_t' to 'PRUint32', possible loss of data
 3:08.95 d:/a/K-Meleon-R/K-Meleon-R/goanna/nsprpub/pr/src/misc/prtime.c(2075): warning C4267: 'initializing': conversion from 'size_t' to 'PRUint32', possible loss of data
 3:08.95 d:/a/K-Meleon-R/K-Meleon-R/goanna/nsprpub/pr/src/misc/prtime.c(2081): warning C4267: 'initializing': conversion from 'size_t' to 'PRUint32', possible loss of data
 3:08.95 d:/a/K-Meleon-R/K-Meleon-R/goanna/nsprpub/pr/src/misc/prtime.c(2090): warning C4267: 'initializing': conversion from 'size_t' to 'PRUint32', possible loss of data
 3:08.95 rdf.xpt
 3:08.95 cd builtins; c:/Strawberry/c/bin/gmake.EXE private_export
 3:08.95 prthinfo.c
 3:08.95 cd testlib; c:/Strawberry/c/bin/gmake.EXE private_export
 3:08.95 prtpool.c
 3:08.95 prtrace.c
 3:08.95 satchel.xpt
 3:08.95 There are no private exports.
 3:08.95 There are no private exports.
 3:08.95 saxparser.xpt
 3:08.95 services-crypto-component.xpt
 3:08.95 pripcsem.c
 3:08.95 services_fxaccounts.xpt
 3:08.95 shistory.xpt
 3:08.95 cd include; c:/Strawberry/c/bin/gmake.EXE private_export
 3:08.95 spellchecker.xpt
 3:08.95 prucpu.c
 3:08.95 startupcache.xpt
 3:08.95 storage.xpt
 3:08.95 cd pkix; c:/Strawberry/c/bin/gmake.EXE private_export
 3:08.95 prucv.c
 3:08.95 telemetry.xpt
 3:08.95 toolkit_asyncshutdown.xpt
 3:08.95 cd certsel; c:/Strawberry/c/bin/gmake.EXE private_export
 3:08.95 d:/a/K-Meleon-R/K-Meleon-R/goanna/nsprpub/pr/src/threads/combined/prucv.c(620): warning C4312: 'type cast': conversion from 'unsigned int' to 'PRLock *' of greater size
 3:08.95 toolkit_filewatcher.xpt
 3:08.95 prulock.c
 3:08.95 toolkit_finalizationwitness.xpt
 3:08.95 toolkit_formautofill.xpt
 3:08.95 toolkit_osfile.xpt
 3:08.95 pruthr.c
 3:08.95 cd crlsel; c:/Strawberry/c/bin/gmake.EXE private_export
 3:08.95 toolkit_xulstore.xpt
 3:08.95 toolkitprofile.xpt
 3:08.95 d:/a/K-Meleon-R/K-Meleon-R/goanna/nsprpub/pr/src/threads/combined/pruthr.c(1644): warning C4267: 'function': conversion from 'size_t' to 'PRUint32', possible loss of data
 3:08.95 txmgr.xpt
 3:08.95 prustack.c
 3:08.95 txtsvc.xpt
 3:08.95 cd checker; c:/Strawberry/c/bin/gmake.EXE private_export
 3:08.95 uconv.xpt
 3:08.95 unicharutil.xpt
 3:08.95 prcmon.c
 3:08.95 update.xpt
 3:08.95 cd params; c:/Strawberry/c/bin/gmake.EXE private_export
 3:08.95 uriloader.xpt
 3:08.95 urlformatter.xpt
 3:08.95 prdump.c
 3:08.95 webBrowser_core.xpt
 3:08.95 cd results; c:/Strawberry/c/bin/gmake.EXE private_export
 3:08.95 webbrowserpersist.xpt
 3:08.95 prmon.c
 3:08.95 webvtt.xpt
 3:08.95 widget.xpt
 3:08.95 cd store; c:/Strawberry/c/bin/gmake.EXE private_export
 3:08.95 prsem.c
 3:08.95 prrwlock.c
 3:08.95 cd top; c:/Strawberry/c/bin/gmake.EXE private_export
 3:08.95 windowds.xpt
 3:08.95 windowwatcher.xpt
 3:08.95 d:/a/K-Meleon-R/K-Meleon-R/goanna/nsprpub/pr/src/threads/prrwlock.c(115): warning C4267: 'function': conversion from 'size_t' to 'PRUint32', possible loss of data
 3:08.95 xpcom_base.xpt
 3:08.95 prcthr.c
 3:08.95 xpcom_components.xpt
 3:08.95 cd util; c:/Strawberry/c/bin/gmake.EXE private_export
 3:08.95 d:/a/K-Meleon-R/K-Meleon-R/goanna/nsprpub/pr/src/threads/prcthr.c(285): warning C4312: 'type cast': conversion from 'PRInt32' to 'void *' of greater size
 3:08.95 prtpd.c
 3:08.95 xpcom_ds.xpt
 3:08.95 cd include; c:/Strawberry/c/bin/gmake.EXE export
 3:08.95 There are no private exports.
 3:08.95 xpcom_io.xpt
 3:08.95 cd pkix_pl_nss; c:/Strawberry/c/bin/gmake.EXE private_export
 3:08.95 not_ranlib nspr4_s.lib
 3:08.95 plarena.c
 3:08.95 d:/a/K-Meleon-R/K-Meleon-R/goanna/nsprpub/lib/ds/plarena.c(67): warning C4267: '=': conversion from 'size_t' to 'PRUint32', possible loss of data
 3:08.95 d:/a/K-Meleon-R/K-Meleon-R/goanna/nsprpub/lib/ds/plarena.c(109): warning C4244: '=': conversion from 'PRUword' to 'PRUint32', possible loss of data
 3:08.95 d:/a/K-Meleon-R/K-Meleon-R/goanna/nsprpub/lib/ds/plarena.c(133): warning C4267: '+=': conversion from 'size_t' to 'PRUint32', possible loss of data
 3:08.95 d:/a/K-Meleon-R/K-Meleon-R/goanna/nsprpub/lib/ds/plarena.c(169): warning C4244: 'initializing': conversion from 'PRUword' to 'PRUint32', possible loss of data
 3:08.95 xpcom_system.xpt
 3:08.95 plhash.c
 3:08.95 Creating d:/a/K-Meleon-R/K-Meleon-R/goanna/obj-x64/dist/include/dbm
 3:08.95 d:/a/K-Meleon-R/K-Meleon-R/goanna/nsprpub/lib/ds/plhash.c(36): warning C4267: 'function': conversion from 'size_t' to 'PRUint32', possible loss of data
 3:08.95 xpcom_threads.xpt
 3:08.95 cd pki; c:/Strawberry/c/bin/gmake.EXE private_export
 3:08.95 not_ranlib plds4_s.lib
 3:08.95 There are no private exports.
 3:08.95 cd src; c:/Strawberry/c/bin/gmake.EXE export
 3:08.95 xpcom_xpti.xpt
 3:08.95 strlen.c
 3:08.95 xpconnect.xpt
 3:08.95 strcpy.c
 3:08.95 strdup.c
 3:08.95 cd system; c:/Strawberry/c/bin/gmake.EXE private_export
 3:08.95 WARNING: mkdir -dot- requested by c:/Strawberry/c/bin/gmake.EXE -C d:/a/K-Meleon-R/K-Meleon-R/goanna/obj-x64/ipc/app export
 3:08.95 xul.xpt
 3:08.95 strcase.c
 3:08.95 d:/a/K-Meleon-R/K-Meleon-R/goanna/nsprpub/lib/libc/src/strcase.c(108): warning C4267: '=': conversion from 'size_t' to 'PRUint32', possible loss of data
 3:08.95 d:/a/K-Meleon-R/K-Meleon-R/goanna/nsprpub/lib/libc/src/strcase.c(132): warning C4267: '=': conversion from 'size_t' to 'PRUint32', possible loss of data
 3:08.95 d:/a/K-Meleon-R/K-Meleon-R/goanna/nsprpub/lib/libc/src/strcase.c(133): warning C4267: '=': conversion from 'size_t' to 'PRUint32', possible loss of data
 3:08.95 d:/a/K-Meleon-R/K-Meleon-R/goanna/nsprpub/lib/libc/src/strcase.c(160): warning C4267: '=': conversion from 'size_t' to 'PRUint32', possible loss of data
 3:08.95 d:/a/K-Meleon-R/K-Meleon-R/goanna/nsprpub/lib/libc/src/strcase.c(189): warning C4267: '=': conversion from 'size_t' to 'PRUint32', possible loss of data
 3:08.95 xulapp.xpt
 3:08.95 strcat.c
 3:08.95 xultmpl.xpt
 3:08.95 strcmp.c
 3:08.95 There are no private exports.
 3:08.95 strchr.c
 3:08.95 zipwriter.xpt
 3:08.95 cd module; c:/Strawberry/c/bin/gmake.EXE private_export
 3:08.95 strpbrk.c
 3:08.95 simple.xpt
 3:08.95 strstr.c
 3:08.95 strtok.c
 3:08.95 base64.c
 3:08.95 cd mangle; c:/Strawberry/c/bin/gmake.EXE export
 3:08.95 d:/a/K-Meleon-R/K-Meleon-R/goanna/nsprpub/lib/libc/src/base64.c(123): warning C4267: '=': conversion from 'size_t' to 'PRUint32', possible loss of data
 3:08.95 d:/a/K-Meleon-R/K-Meleon-R/goanna/nsprpub/lib/libc/src/base64.c(368): warning C4267: '=': conversion from 'size_t' to 'PRUint32', possible loss of data
 3:08.95 There are no private exports.
 3:08.95 There are no private exports.
 3:08.95 plerror.c
 3:08.95 Creating d:/a/K-Meleon-R/K-Meleon-R/goanna/obj-x64/dist/include/nss
 3:08.95 plgetopt.c
 3:08.95 d:/a/K-Meleon-R/K-Meleon-R/goanna/nsprpub/lib/libc/src/plgetopt.c(168): warning C4244: '=': conversion from '__int64' to 'PRIntn', possible loss of data
 3:08.95 d:/a/K-Meleon-R/K-Meleon-R/goanna/nsprpub/lib/libc/src/plgetopt.c(151): warning C4267: 'initializing': conversion from 'size_t' to 'PRIntn', possible loss of data
 3:08.95 There are no private exports.
 3:08.95 not_ranlib plc4_s.lib
 3:08.95 There are no private exports.
 3:08.95 There are no private exports.
 3:08.95 There are no private exports.
 3:08.95 There are no private exports.
 3:08.95 There are no private exports.
 3:08.95 There are no private exports.
 3:08.95 There are no private exports.
 3:08.95 There are no private exports.
 3:08.95 There are no private exports.
 3:08.95 There are no private exports.
 3:08.95 There are no private exports.
 3:08.95 There are no private exports.
 3:08.95 There are no private exports.
 3:08.95 There are no private exports.
 3:08.95 There are no private exports.
 3:08.95 There are no private exports.
 3:08.95 There are no private exports.
 3:08.95 There are no private exports.
 3:08.95 There are no private exports.
 3:08.95 cd legacydb; c:/Strawberry/c/bin/gmake.EXE export
 3:08.95 There are no private exports.
 3:08.95 There are no private exports.
 3:08.95 cd legacydb; c:/Strawberry/c/bin/gmake.EXE private_export
 3:08.95 There are no private exports.
 3:08.95 cd builtins; c:/Strawberry/c/bin/gmake.EXE export
 3:08.95 There are no private exports.
 3:08.95 There are no private exports.
 3:08.95 cd include; c:/Strawberry/c/bin/gmake.EXE export
 3:08.95 cd testlib; c:/Strawberry/c/bin/gmake.EXE export
 3:08.95 There are no private exports.
 3:08.95 There are no private exports.
 3:08.95 cd pkix; c:/Strawberry/c/bin/gmake.EXE export
 3:08.95 cd builtins; c:/Strawberry/c/bin/gmake.EXE private_export
 3:08.95 cd certsel; c:/Strawberry/c/bin/gmake.EXE export
 3:08.95 cd testlib; c:/Strawberry/c/bin/gmake.EXE private_export
 3:08.95 There are no private exports.
 3:08.95 cd crlsel; c:/Strawberry/c/bin/gmake.EXE export
 3:08.95 There are no private exports.
 3:08.95 There are no private exports.
 3:08.95 There are no private exports.
 3:08.95 There are no private exports.
 3:08.95 cd checker; c:/Strawberry/c/bin/gmake.EXE export
 3:08.95 There are no private exports.
 3:08.95 cd params; c:/Strawberry/c/bin/gmake.EXE export
 3:08.95 There are no private exports.
 3:08.95 cd results; c:/Strawberry/c/bin/gmake.EXE export
 3:08.95 d:/a/K-Meleon-R/K-Meleon-R/goanna/dom/base/UseCounters.conf: WARNING: no preprocessor directives found
 3:08.95 CSS2PropertiesProps.h
 3:08.95 d:/a/K-Meleon-R/K-Meleon-R/goanna/dom/base/UseCounters.conf: WARNING: no preprocessor directives found
 3:08.95 d:/a/K-Meleon-R/K-Meleon-R/goanna/dom/webidl/HTMLMediaElement.webidl: WARNING: no preprocessor directives found
 3:08.95 There are no private exports.
 3:08.95 cd store; c:/Strawberry/c/bin/gmake.EXE export
 3:08.95 There are no private exports.
 3:08.95 cd top; c:/Strawberry/c/bin/gmake.EXE export
 3:08.95 There are no private exports.
 3:08.95 cd util; c:/Strawberry/c/bin/gmake.EXE export
 3:08.95 There are no private exports.
 3:08.95 cd certsel; c:/Strawberry/c/bin/gmake.EXE private_export
 3:08.95 There are no private exports.
 3:08.95 There are no private exports.
 3:08.95 cd crlsel; c:/Strawberry/c/bin/gmake.EXE private_export
 3:08.95 There are no private exports.
 3:08.95 cd checker; c:/Strawberry/c/bin/gmake.EXE private_export
 3:08.95 There are no private exports.
 3:08.95 cd params; c:/Strawberry/c/bin/gmake.EXE private_export
 3:08.95 There are no private exports.
 3:08.95 cd results; c:/Strawberry/c/bin/gmake.EXE private_export
 3:08.95 There are no private exports.
 3:08.95 cd store; c:/Strawberry/c/bin/gmake.EXE private_export
 3:08.95 There are no private exports.
 3:08.95 cd top; c:/Strawberry/c/bin/gmake.EXE private_export
 3:08.95 There are no private exports.
 3:08.95 cd util; c:/Strawberry/c/bin/gmake.EXE private_export
 3:08.95 There are no private exports.
 3:08.95 There are no private exports.
 3:08.95 cd pkix_pl_nss; c:/Strawberry/c/bin/gmake.EXE export
 3:08.95 cd pki; c:/Strawberry/c/bin/gmake.EXE export
 3:08.95 d:/a/K-Meleon-R/K-Meleon-R/goanna/dom/base/UseCounters.conf: WARNING: no preprocessor directives found
 4:09.45 There are no private exports.
 4:09.45 d:/a/K-Meleon-R/K-Meleon-R/goanna/dom/base/UseCounters.conf: WARNING: no preprocessor directives found
 4:09.45 cd system; c:/Strawberry/c/bin/gmake.EXE export
 4:09.45 There are no private exports.
 4:09.45 cd module; c:/Strawberry/c/bin/gmake.EXE export
 4:09.45 There are no private exports.
 4:09.45 cd pki; c:/Strawberry/c/bin/gmake.EXE private_export
 4:09.45 There are no private exports.
 4:09.45 cd system; c:/Strawberry/c/bin/gmake.EXE private_export
 4:09.45 There are no private exports.
 4:09.45 cd module; c:/Strawberry/c/bin/gmake.EXE private_export
 4:09.45 There are no private exports.
 4:09.45 There are no private exports.
 4:09.45 cd include; c:/Strawberry/c/bin/gmake.EXE private_export
 4:09.45 There are no private exports.
 4:09.45 cd pkix; c:/Strawberry/c/bin/gmake.EXE private_export
 4:09.45 cd certsel; c:/Strawberry/c/bin/gmake.EXE private_export
 4:09.45 There are no private exports.
 4:09.45 cd crlsel; c:/Strawberry/c/bin/gmake.EXE private_export
 4:09.45 There are no private exports.
 4:09.45 cd checker; c:/Strawberry/c/bin/gmake.EXE private_export
 4:09.45 There are no private exports.
 4:09.45 cd params; c:/Strawberry/c/bin/gmake.EXE private_export
 4:09.45 There are no private exports.
 4:09.45 cd results; c:/Strawberry/c/bin/gmake.EXE private_export
 4:09.45 There are no private exports.
 4:09.45 cd store; c:/Strawberry/c/bin/gmake.EXE private_export
 4:09.45 There are no private exports.
 4:09.45 cd top; c:/Strawberry/c/bin/gmake.EXE private_export
 4:09.45 There are no private exports.
 4:09.45 cd util; c:/Strawberry/c/bin/gmake.EXE private_export
 4:09.45 There are no private exports.
 4:09.45 There are no private exports.
 4:09.45 cd pkix_pl_nss; c:/Strawberry/c/bin/gmake.EXE private_export
 4:09.45 cd pki; c:/Strawberry/c/bin/gmake.EXE private_export
 4:09.45 There are no private exports.
 4:09.45 cd system; c:/Strawberry/c/bin/gmake.EXE private_export
 4:09.45 There are no private exports.
 4:09.45 cd module; c:/Strawberry/c/bin/gmake.EXE private_export
 4:09.45 There are no private exports.
 4:09.45 There are no private exports.
 4:09.45 There are no private exports.
 4:09.45 jemalloc.objadler32.obj
 4:09.45 Compression.obj
 4:09.45 fallible.obj
 4:09.45 
 4:09.45 adler32_simd.obj
 4:09.45 Decimal.obj
 4:09.45 adler32.c
 4:09.45 compress.obj
 4:09.45 fallible.cpp
 4:09.45 fallible.lib.desc
 4:09.45 Unified_cpp_mfbt0.obj
 4:09.45 jemalloc.c
 4:09.45 d:/a/K-Meleon-R/K-Meleon-R/goanna/memory/mozjemalloc/jemalloc.c(6706): warning C4273: '_recalloc': inconsistent dll linkage
 4:09.45 C:\Program Files (x86)\Windows Kits\10\include\10.0.26100.0\ucrt\corecrt_malloc.h(141): note: see previous definition of '_recalloc'
 4:09.45 d:/a/K-Meleon-R/K-Meleon-R/goanna/memory/mozjemalloc/jemalloc.c(6733): warning C4273: '_expand': inconsistent dll linkage
 4:09.45 C:\Program Files (x86)\Windows Kits\10\include\10.0.26100.0\ucrt\corecrt_malloc.h(78): note: see previous definition of '_expand'
 4:09.45 d:/a/K-Meleon-R/K-Meleon-R/goanna/memory/mozjemalloc/jemalloc.c(6742): warning C4273: '_msize': inconsistent dll linkage
 4:09.45 C:\Program Files (x86)\Windows Kits\10\include\10.0.26100.0\ucrt\corecrt_malloc.h(113): note: see previous definition of '_msize'
 4:09.45 jemalloc.lib.desc
 4:09.45 adler32_simd.c
 4:09.45 Compression.cpp
 4:09.45 crc32.obj
 4:09.45 crc32_simd.obj
 4:09.45 gmp-fake.obj
 4:09.45 module.res
 4:09.45 compress.c
 4:09.45 crc32.c
 4:09.45 crc_folding.obj
 4:09.45 crc32_simd.c
 4:09.45 deflate.obj
 4:09.45 crc_folding.c
 4:09.45 fill_window_sse.obj
 4:09.45 Unified_cpp_mfbt0.cpp
 4:09.45 plugin-container.obj
 4:09.45 deflate.c
 4:09.45 gzclose.obj
 4:09.45 gmp-fake.cpp
 4:09.45 fill_window_sse.c
 4:09.45 Creating Resource file: module.res
 4:09.45 gzlib.obj
 4:09.45 gzclose.c
 4:09.45 gzread.obj
 4:09.45 plugin-container.cpp
 4:09.45 plugin-container.lib.desc
 4:09.45 gzwrite.obj
 4:09.45 gzlib.c
 4:09.45 host_dictionary.obj
 4:09.45 host_bit_reader.obj
 4:09.45 Decimal.cpp
 4:09.45 mfbt.lib.desc
 4:09.45 gzread.c
 4:09.45 infback.obj
 4:09.45 host_decode.obj
 4:09.45 Microsoft (R) Windows (R) Resource Compiler Version 10.0.10011.16384
 4:09.45 
 4:09.45 Copyright (C) Microsoft Corporation.  All rights reserved.
 4:09.45 
 4:09.45 
 4:09.45 fakeopenh264.dll
 4:09.45 dictionary.c
 4:09.45 bit_reader.c
 4:09.45 inffast.obj
 4:09.45 host_huffman.obj
 4:09.45 gzwrite.c
 4:09.45 sqlite3.obj
 4:09.45 infback.c
 4:09.45 inffast_chunk.obj
 4:09.45 decode.c
 4:09.45 inffast.c
 4:09.45 host_state.obj
 4:09.45 inflate_simd.obj
 4:09.45 huffman.c
 4:09.45 host_backward_references.obj
 4:09.45 inffast_chunk.c
 4:09.45 inftrees.obj
 4:09.45 state.c
 4:09.45 host_backward_references_hq.obj
 4:09.45 inflate_simd.c
 4:09.45 trees.obj
 4:09.45 inftrees.c
 4:09.45 backward_references.c
 4:09.45 host_bit_cost.obj
 4:09.45 uncompr.obj
 4:09.45 trees.c
 4:09.45 x86.obj
 4:09.45 backward_references_hq.c
 4:09.45 host_block_splitter.obj
 4:09.45 uncompr.c
 4:09.45 zutil.obj
 4:09.45 bit_cost.c
 4:09.45 host_brotli_bit_stream.obj
 4:09.45 sqlite3.c
 4:09.45 db_sqlite3_src.lib.desc
 4:09.45 x86.c
 4:09.45 host_cluster.obj
 4:09.45 block_splitter.c
 4:09.45 zutil.c
 4:09.45 modules_zlib_src.lib.desc
 4:09.45 PresentationDeviceManager.obj
 4:09.45 PresentationSessionRequest.obj
 4:09.45 host_compress_fragment.obj
 4:09.45 brotli_bit_stream.c
 4:09.45 cluster.c
 4:09.45 host_compress_fragment_two_pass.obj
 4:09.45 PresentationDeviceManager.cpp
 4:09.45 Unified_cpp_dom_cellbroadcast0.obj
 4:09.45 PresentationSessionRequest.cpp
 4:09.45 dom_presentation.lib.desc
 4:09.45 host_dictionary_hash.obj
 4:09.45 compress_fragment.c
 4:09.45 nsBrowserStatusFilter.obj
 4:09.45 compress_fragment_two_pass.c
 4:09.45 host_encode.obj
 4:09.45 nsBrowserStatusFilter.cpp
 4:09.45 toolkit_components_statusfilter.lib.desc
 4:09.45 host_entropy_encode.obj
 4:09.45 dictionary_hash.c
 4:09.45 FinalizationWitnessService.obj
 4:09.45 encode.c
 4:09.45 host_histogram.obj
 4:09.45 FinalizationWitnessService.cpp
 4:09.45 toolkit_components_finalizationwitness.lib.desc
 4:09.45 host_literal_cost.obj
 4:09.45 entropy_encode.c
 4:09.45 Unified_cpp_dom_xslt_xpath0.obj
 4:09.45 Unified_cpp_dom_xslt_xpath1.obj
 4:09.45    Creating library fakeopenh264.lib and object fakeopenh264.exp
 4:09.45 
 4:09.45 histogram.c
 4:09.45 host_memory.obj
 4:09.45 Unified_cpp_dom_xslt_xpath2.obj
 4:09.45 literal_cost.c
 4:09.45 host_metablock.obj
 4:09.45 memory.c
 4:09.45 host_static_dict.obj
 4:09.45 metablock.c
 4:09.45 host_utf8_util.obj
 4:09.45 Unified_cpp_dom_cellbroadcast0.cpp
 4:09.45 dom_cellbroadcast.lib.desc
 4:09.45 static_dict.c
 4:09.45 host_brotli.obj
 4:09.45 utf8_util.c
 4:09.45 Unified_cpp_dom_xslt_xpath1.cpp
 4:09.45 Unified_cpp_dom_xslt_xpath0.cpp
 4:09.45 Unified_cpp_uriloader_prefetch0.obj
 4:09.45 Activity.obj
 4:09.45 brotli.c
 4:09.45 brotli.exe
 4:09.45 nsTerminator.obj
 4:09.45 nsTerminator.cpp
 4:09.45 Unified_cpp_dom_xslt_xpath2.cpp
 4:09.45 toolkit_components_terminator.lib.desc
 4:09.45 dom_xslt_xpath.lib.desc
 4:09.45 Unified_cpp_devtools_security0.obj
 4:09.45 Unified_c_netwerk_dns0.obj
 4:09.45 nsEffectiveTLDService.obj
 4:09.45 Unified_c_netwerk_dns0.c
 4:09.45 nsHostResolver.obj
 4:09.45 Activity.cpp
 4:09.45 dom_activities.lib.desc
 4:09.45 Unified_cpp_netwerk_dns0.obj
 4:09.45 Unified_cpp_devtools_security0.cpp
 4:09.45 toolkit_devtools_security.lib.desc
 4:09.45 nsEffectiveTLDService.cpp
 4:09.45 nsBaseWidget.obj
 4:09.45 Unified_cpp_widget0.obj
 4:09.45 nsHostResolver.cpp
 4:09.45 WMFUtils.obj
 4:09.45 Unified_cpp_dom_media_wmf0.obj
 4:09.45 Unified_cpp_uriloader_prefetch0.cpp
 4:09.45 uriloader_prefetch.lib.desc
 4:09.45 Unified_cpp_widget1.obj
 4:09.45 Unified_cpp_netwerk_dns0.cpp
 4:09.45 netwerk_dns.lib.desc
 4:09.45 nsBaseWidget.cpp
 4:09.45 Unified_cpp_editor_libeditor0.obj
 4:09.45 Unified_cpp_editor_libeditor1.obj
 4:09.45 WMFUtils.cpp
 4:09.45 Unified_cpp_widget2.obj
 4:09.45 Unified_cpp_widget0.cpp
 4:09.45 BatteryManager.obj
 4:09.45 Unified_cpp_editor_libeditor0.cpp
 4:09.45 Unified_cpp_editor_libeditor2.obj
 4:09.45 BatteryManager.cpp
 4:09.45 dom_battery.lib.desc
 4:09.45 Unified_cpp_dom_media_wmf0.cpp
 4:09.45 dom_media_wmf.lib.desc
 4:09.45 Unified_cpp_widget1.cpp
 4:09.45 Unified_cpp_manager_boot_src0.obj
 4:09.45 Unified_cpp_widget2.cpp
 4:09.45 widget.lib.desc
 4:09.45 Unified_cpp_dom_mathml0.obj
 4:09.45 Unified_cpp_editor_libeditor1.cpp
 4:09.45 Unified_c_intl_uconv0.obj
 4:09.45 nsUTF8ToUnicodeSSE2.obj
 4:09.45 Unified_c_intl_uconv0.c
 4:09.45 Unified_cpp_intl_uconv0.obj
 4:09.45 Unified_cpp_manager_boot_src0.cpp
 4:09.45 security_manager_boot_src.lib.desc
 4:09.45 Unified_cpp_intl_uconv1.obj
 4:09.45 Unified_cpp_editor_libeditor2.cpp
 4:09.45 editor_libeditor.lib.desc
 4:09.45 Unified_cpp_intl_uconv2.obj
 4:09.45 nsUTF8ToUnicodeSSE2.cpp
 4:09.45 nsLineLayout.obj
 4:09.45 nsPluginFrame.obj
 4:09.45 Unified_cpp_intl_uconv1.cpp
 4:09.45 Unified_cpp_intl_uconv0.cpp
 4:09.45 Unified_cpp_intl_uconv3.obj
 4:09.45 nsAutodialWin.obj
 4:09.45 nsNativeConnectionHelper.obj
 4:09.45 Unified_cpp_dom_mathml0.cpp
 4:09.45 dom_mathml.lib.desc
 4:09.45 Unified_cpp_layout_generic0.obj
 4:09.45 Unified_cpp_intl_uconv2.cpp
 4:09.45 Unified_cpp_intl_uconv4.obj
 4:09.45 nsAutodialWin.cpp
 4:09.45 nsURLHelperWin.obj
 4:09.45 Unified_cpp_intl_uconv3.cpp
 4:09.45 Unified_cpp_intl_uconv5.obj
 4:09.45 Unified_cpp_intl_uconv4.cpp
 4:09.45 Unified_cpp_intl_uconv6.obj
 4:09.45 nsNativeConnectionHelper.cpp
 4:09.45 Unified_cpp_netwerk_base0.obj
 4:09.45 Unified_cpp_intl_uconv5.cpp
 4:09.45 nsLineLayout.cpp
 4:09.45 Unified_cpp_layout_printing0.obj
 4:09.45 nsURLHelperWin.cpp
 4:09.45 Unified_cpp_netwerk_base1.obj
 4:09.45 Unified_cpp_intl_uconv6.cpp
 4:09.45 intl_uconv.lib.desc
 4:09.45 Unified_cpp_layout_generic1.obj
 4:09.45 nsPluginFrame.cpp
 4:09.45 Unified_cpp_netwerk_base2.obj
 4:09.45 Unified_cpp_layout_printing0.cpp
 4:09.45 layout_printing.lib.desc
 4:09.45 Unified_cpp_layout_generic2.obj
 4:09.45 Unified_cpp_netwerk_base1.cpp
 4:09.45 Unified_cpp_netwerk_base0.cpp
 4:09.45 Unified_cpp_netwerk_base3.obj
 4:09.45 Unified_cpp_layout_tables0.obj
 4:09.45 Unified_cpp_layout_generic0.cpp
 4:09.45 xptcinvoke_x86_64.obj
 4:09.45 xptcstubs_x86_64.obj
 4:09.45 xptcinvoke_x86_64.cpp
 4:09.45 xptcinvoke_asm_x86_64.obj
 4:09.45 xptcstubs_x86_64.cpp
 4:09.45 xptcstubs_asm_x86_64.obj
 4:09.45 Microsoft (R) Macro Assembler (x64) Version 14.29.30159.0
 4:09.45 Copyright (C) Microsoft Corporation.  All rights reserved.
 4:09.45 
 4:09.45  Assembling: d:/a/K-Meleon-R/K-Meleon-R/goanna/xpcom/reflect/xptcall/md/win32/xptcinvoke_asm_x86_64.asm
 4:09.45 Microsoft (R) Macro Assembler (x64) Version 14.29.30159.0
 4:09.45 Copyright (C) Microsoft Corporation.  All rights reserved.
 4:09.45 
 4:09.45  Assembling: d:/a/K-Meleon-R/K-Meleon-R/goanna/xpcom/reflect/xptcall/md/win32/xptcstubs_asm_x86_64.asm
 4:09.45 xpcom_reflect_xptcall_md_win32.lib.desc
 4:09.45 Unified_cpp_netwerk_base2.cpp
 4:09.45 Unified_cpp_layout_generic3.obj
 4:09.45 Unified_cpp_layout_tables0.cpp
 4:09.45 layout_tables.lib.desc
 4:09.45 Unified_cpp_layout_generic1.cpp
 4:09.45 ProgressTracker.obj
 4:09.45 RasterImage.obj
 4:09.45 ProgressTracker.cpp
 4:09.45 imgLoader.obj
 4:09.45 Unified_cpp_netwerk_base3.cpp
 4:09.45 netwerk_base.lib.desc
 4:09.45 imgRequest.obj
 4:09.45 Unified_cpp_layout_generic2.cpp
 4:09.45 Unified_cpp_image_decoders_icon0.obj
 4:09.45 imgLoader.cpp
 4:09.45 Unified_cpp_dom_xslt_base0.obj
 4:09.45 RasterImage.cpp
 4:09.45 imgRequestProxy.obj
 4:09.45 Unified_cpp_image_decoders_icon0.cpp
 4:09.45 image_decoders_icon.lib.desc
 4:09.45 Unified_cpp_image0.obj
 4:09.45 Unified_cpp_layout_generic3.cpp
 4:09.45 layout_generic.lib.desc
 4:09.45 Unified_cpp_image1.obj
 4:09.45 Unified_cpp_dom_xslt_base0.cpp
 4:09.45 dom_xslt_base.lib.desc
 4:09.45 imgRequest.cpp
 4:09.45 imgRequestProxy.cpp
 4:09.45 Unified_cpp_dom_xslt_xslt0.obj
 4:09.45 Unified_cpp_dom_media_webrtc0.obj
 4:09.45 Unified_cpp_dom_xslt_xslt1.obj
 4:09.45 Unified_cpp_image1.cpp
 4:09.45 d:\a\K-Meleon-R\K-Meleon-R\goanna\image\imgFrame.cpp(78): warning C4334: '<<': result of 32-bit shift implicitly converted to 64 bits (was 64-bit shift intended?)
 4:09.45 Unified_cpp_dom_media_webrtc0.cpp
 4:09.45 dom_media_webrtc.lib.desc
 4:09.45 Unified_cpp_image0.cpp
 4:09.45 Unified_cpp_dom_media_webm0.obj
 4:09.45 image.lib.desc
 4:09.45 Unified_cpp_certverifier0.obj
 4:09.45 Unified_cpp_certverifier0.cpp
 4:09.45 d:/a/K-Meleon-R/K-Meleon-R/goanna/obj-x64/security/certverifier/Unified_cpp_certverifier0.cpp: warning C4464: relative include path contains '..'
 4:09.45 d:\a\K-Meleon-R\K-Meleon-R\goanna\obj-x64\dist\include\mozilla/mozalloc.h(214): warning C4986: 'operator new': exception specification does not match previous declaration
 4:09.45 C:\Program Files\Microsoft Visual Studio\2022\Enterprise\VC\Tools\MSVC\14.29.30133\include\vcruntime_new.h(53): note: see declaration of 'operator new'
 4:09.45 d:\a\K-Meleon-R\K-Meleon-R\goanna\obj-x64\dist\include\mozilla/mozalloc.h(226): warning C4986: 'operator new[]': exception specification does not match previous declaration
 4:09.45 C:\Program Files\Microsoft Visual Studio\2022\Enterprise\VC\Tools\MSVC\14.29.30133\include\vcruntime_new.h(64): note: see declaration of 'operator new[]'
 4:09.45 d:\a\K-Meleon-R\K-Meleon-R\goanna\security\manager\ssl\src\ScopedNSSTypes.h(217): warning C4061: enumerator 'SEC_OID_UNKNOWN' in switch of enum 'SECOidTag' is not explicitly handled by a case label
 4:09.45 d:\a\K-Meleon-R\K-Meleon-R\goanna\obj-x64\dist\include\nss\secoidt.h(34): note: see declaration of 'SECOidTag'
 4:09.45 d:\a\K-Meleon-R\K-Meleon-R\goanna\security\manager\ssl\src\ScopedNSSTypes.h(217): warning C4061: enumerator 'SEC_OID_MD2' in switch of enum 'SECOidTag' is not explicitly handled by a case label
 4:09.45 d:\a\K-Meleon-R\K-Meleon-R\goanna\obj-x64\dist\include\nss\secoidt.h(34): note: see declaration of 'SECOidTag'
 4:09.45 d:\a\K-Meleon-R\K-Meleon-R\goanna\security\manager\ssl\src\ScopedNSSTypes.h(217): warning C4061: enumerator 'SEC_OID_MD4' in switch of enum 'SECOidTag' is not explicitly handled by a case label
 4:09.45 d:\a\K-Meleon-R\K-Meleon-R\goanna\obj-x64\dist\include\nss\secoidt.h(34): note: see declaration of 'SECOidTag'
 4:09.45 d:\a\K-Meleon-R\K-Meleon-R\goanna\security\manager\ssl\src\ScopedNSSTypes.h(217): warning C4061: enumerator 'SEC_OID_MD5' in switch of enum 'SECOidTag' is not explicitly handled by a case label
 4:09.45 d:\a\K-Meleon-R\K-Meleon-R\goanna\obj-x64\dist\include\nss\secoidt.h(34): note: see declaration of 'SECOidTag'
 4:09.45 d:\a\K-Meleon-R\K-Meleon-R\goanna\security\manager\ssl\src\ScopedNSSTypes.h(217): warning C4061: enumerator 'SEC_OID_RC2_CBC' in switch of enum 'SECOidTag' is not explicitly handled by a case label
 4:09.45 d:\a\K-Meleon-R\K-Meleon-R\goanna\obj-x64\dist\include\nss\secoidt.h(34): note: see declaration of 'SECOidTag'
 4:09.45 d:\a\K-Meleon-R\K-Meleon-R\goanna\security\manager\ssl\src\ScopedNSSTypes.h(217): warning C4061: enumerator 'SEC_OID_RC4' in switch of enum 'SECOidTag' is not explicitly handled by a case label
 4:09.45 d:\a\K-Meleon-R\K-Meleon-R\goanna\obj-x64\dist\include\nss\secoidt.h(34): note: see declaration of 'SECOidTag'
 4:09.45 d:\a\K-Meleon-R\K-Meleon-R\goanna\security\manager\ssl\src\ScopedNSSTypes.h(217): warning C4061: enumerator 'SEC_OID_DES_EDE3_CBC' in switch of enum 'SECOidTag' is not explicitly handled by a case label
 4:09.45 d:\a\K-Meleon-R\K-Meleon-R\goanna\obj-x64\dist\include\nss\secoidt.h(34): note: see declaration of 'SECOidTag'
 4:09.45 d:\a\K-Meleon-R\K-Meleon-R\goanna\security\manager\ssl\src\ScopedNSSTypes.h(217): warning C4061: enumerator 'SEC_OID_RC5_CBC_PAD' in switch of enum 'SECOidTag' is not explicitly handled by a case label
 4:09.45 d:\a\K-Meleon-R\K-Meleon-R\goanna\obj-x64\dist\include\nss\secoidt.h(34): note: see declaration of 'SECOidTag'
 4:09.45 d:\a\K-Meleon-R\K-Meleon-R\goanna\security\manager\ssl\src\ScopedNSSTypes.h(217): warning C4061: enumerator 'SEC_OID_DES_ECB' in switch of enum 'SECOidTag' is not explicitly handled by a case label
 4:09.45 d:\a\K-Meleon-R\K-Meleon-R\goanna\obj-x64\dist\include\nss\secoidt.h(34): note: see declaration of 'SECOidTag'
 4:09.45 d:\a\K-Meleon-R\K-Meleon-R\goanna\security\manager\ssl\src\ScopedNSSTypes.h(217): warning C4061: enumerator 'SEC_OID_DES_CBC' in switch of enum 'SECOidTag' is not explicitly handled by a case label
 4:09.45 d:\a\K-Meleon-R\K-Meleon-R\goanna\obj-x64\dist\include\nss\secoidt.h(34): note: see declaration of 'SECOidTag'
 4:09.45 d:\a\K-Meleon-R\K-Meleon-R\goanna\security\manager\ssl\src\ScopedNSSTypes.h(217): warning C4061: enumerator 'SEC_OID_DES_OFB' in switch of enum 'SECOidTag' is not explicitly handled by a case label
 4:09.45 d:\a\K-Meleon-R\K-Meleon-R\goanna\obj-x64\dist\include\nss\secoidt.h(34): note: see declaration of 'SECOidTag'
 4:09.45 d:\a\K-Meleon-R\K-Meleon-R\goanna\security\manager\ssl\src\ScopedNSSTypes.h(217): warning C4061: enumerator 'SEC_OID_DES_CFB' in switch of enum 'SECOidTag' is not explicitly handled by a case label
 4:09.45 d:\a\K-Meleon-R\K-Meleon-R\goanna\obj-x64\dist\include\nss\secoidt.h(34): note: see declaration of 'SECOidTag'
 4:09.45 d:\a\K-Meleon-R\K-Meleon-R\goanna\security\manager\ssl\src\ScopedNSSTypes.h(217): warning C4061: enumerator 'SEC_OID_DES_MAC' in switch of enum 'SECOidTag' is not explicitly handled by a case label
 4:09.45 d:\a\K-Meleon-R\K-Meleon-R\goanna\obj-x64\dist\include\nss\secoidt.h(34): note: see declaration of 'SECOidTag'
 4:09.45 d:\a\K-Meleon-R\K-Meleon-R\goanna\security\manager\ssl\src\ScopedNSSTypes.h(217): warning C4061: enumerator 'SEC_OID_DES_EDE' in switch of enum 'SECOidTag' is not explicitly handled by a case label
 4:09.45 d:\a\K-Meleon-R\K-Meleon-R\goanna\obj-x64\dist\include\nss\secoidt.h(34): note: see declaration of 'SECOidTag'
 4:09.45 d:\a\K-Meleon-R\K-Meleon-R\goanna\security\manager\ssl\src\ScopedNSSTypes.h(217): warning C4061: enumerator 'SEC_OID_ISO_SHA_WITH_RSA_SIGNATURE' in switch of enum 'SECOidTag' is not explicitly handled by a case label
 4:09.45 d:\a\K-Meleon-R\K-Meleon-R\goanna\obj-x64\dist\include\nss\secoidt.h(34): note: see declaration of 'SECOidTag'
 4:09.45 d:\a\K-Meleon-R\K-Meleon-R\goanna\security\manager\ssl\src\ScopedNSSTypes.h(217): warning C4061: enumerator 'SEC_OID_PKCS1_RSA_ENCRYPTION' in switch of enum 'SECOidTag' is not explicitly handled by a case label
 4:09.45 d:\a\K-Meleon-R\K-Meleon-R\goanna\obj-x64\dist\include\nss\secoidt.h(34): note: see declaration of 'SECOidTag'
 4:09.45 d:\a\K-Meleon-R\K-Meleon-R\goanna\security\manager\ssl\src\ScopedNSSTypes.h(217): warning C4061: enumerator 'SEC_OID_PKCS1_MD2_WITH_RSA_ENCRYPTION' in switch of enum 'SECOidTag' is not explicitly handled by a case label
 4:09.45 d:\a\K-Meleon-R\K-Meleon-R\goanna\obj-x64\dist\include\nss\secoidt.h(34): note: see declaration of 'SECOidTag'
 4:09.45 d:\a\K-Meleon-R\K-Meleon-R\goanna\security\manager\ssl\src\ScopedNSSTypes.h(217): warning C4061: enumerator 'SEC_OID_PKCS1_MD4_WITH_RSA_ENCRYPTION' in switch of enum 'SECOidTag' is not explicitly handled by a case label
 4:09.45 d:\a\K-Meleon-R\K-Meleon-R\goanna\obj-x64\dist\include\nss\secoidt.h(34): note: see declaration of 'SECOidTag'
 4:09.45 d:\a\K-Meleon-R\K-Meleon-R\goanna\security\manager\ssl\src\ScopedNSSTypes.h(217): warning C4061: enumerator 'SEC_OID_PKCS1_MD5_WITH_RSA_ENCRYPTION' in switch of enum 'SECOidTag' is not explicitly handled by a case label
 4:09.45 d:\a\K-Meleon-R\K-Meleon-R\goanna\obj-x64\dist\include\nss\secoidt.h(34): note: see declaration of 'SECOidTag'
 4:09.45 d:\a\K-Meleon-R\K-Meleon-R\goanna\security\manager\ssl\src\ScopedNSSTypes.h(217): warning C4061: enumerator 'SEC_OID_PKCS1_SHA1_WITH_RSA_ENCRYPTION' in switch of enum 'SECOidTag' is not explicitly handled by a case label
 4:09.45 d:\a\K-Meleon-R\K-Meleon-R\goanna\obj-x64\dist\include\nss\secoidt.h(34): note: see declaration of 'SECOidTag'
 4:09.45 d:\a\K-Meleon-R\K-Meleon-R\goanna\security\manager\ssl\src\ScopedNSSTypes.h(217): warning C4061: enumerator 'SEC_OID_PKCS5_PBE_WITH_MD2_AND_DES_CBC' in switch of enum 'SECOidTag' is not explicitly handled by a case label
 4:09.45 d:\a\K-Meleon-R\K-Meleon-R\goanna\obj-x64\dist\include\nss\secoidt.h(34): note: see declaration of 'SECOidTag'
 4:09.45 d:\a\K-Meleon-R\K-Meleon-R\goanna\security\manager\ssl\src\ScopedNSSTypes.h(217): warning C4061: enumerator 'SEC_OID_PKCS5_PBE_WITH_MD5_AND_DES_CBC' in switch of enum 'SECOidTag' is not explicitly handled by a case label
 4:09.45 d:\a\K-Meleon-R\K-Meleon-R\goanna\obj-x64\dist\include\nss\secoidt.h(34): note: see declaration of 'SECOidTag'
 4:09.45 d:\a\K-Meleon-R\K-Meleon-R\goanna\security\manager\ssl\src\ScopedNSSTypes.h(217): warning C4061: enumerator 'SEC_OID_PKCS5_PBE_WITH_SHA1_AND_DES_CBC' in switch of enum 'SECOidTag' is not explicitly handled by a case label
 4:09.45 d:\a\K-Meleon-R\K-Meleon-R\goanna\obj-x64\dist\include\nss\secoidt.h(34): note: see declaration of 'SECOidTag'
 4:09.45 d:\a\K-Meleon-R\K-Meleon-R\goanna\security\manager\ssl\src\ScopedNSSTypes.h(217): warning C4061: enumerator 'SEC_OID_PKCS7' in switch of enum 'SECOidTag' is not explicitly handled by a case label
 4:09.45 d:\a\K-Meleon-R\K-Meleon-R\goanna\obj-x64\dist\include\nss\secoidt.h(34): note: see declaration of 'SECOidTag'
 4:09.45 d:\a\K-Meleon-R\K-Meleon-R\goanna\security\manager\ssl\src\ScopedNSSTypes.h(217): warning C4061: enumerator 'SEC_OID_PKCS7_DATA' in switch of enum 'SECOidTag' is not explicitly handled by a case label
 4:09.45 d:\a\K-Meleon-R\K-Meleon-R\goanna\obj-x64\dist\include\nss\secoidt.h(34): note: see declaration of 'SECOidTag'
 4:09.45 d:\a\K-Meleon-R\K-Meleon-R\goanna\security\manager\ssl\src\ScopedNSSTypes.h(217): warning C4061: enumerator 'SEC_OID_PKCS7_SIGNED_DATA' in switch of enum 'SECOidTag' is not explicitly handled by a case label
 4:09.45 d:\a\K-Meleon-R\K-Meleon-R\goanna\obj-x64\dist\include\nss\secoidt.h(34): note: see declaration of 'SECOidTag'
 4:09.45 d:\a\K-Meleon-R\K-Meleon-R\goanna\security\manager\ssl\src\ScopedNSSTypes.h(217): warning C4061: enumerator 'SEC_OID_PKCS7_ENVELOPED_DATA' in switch of enum 'SECOidTag' is not explicitly handled by a case label
 4:09.45 d:\a\K-Meleon-R\K-Meleon-R\goanna\obj-x64\dist\include\nss\secoidt.h(34): note: see declaration of 'SECOidTag'
 4:09.45 d:\a\K-Meleon-R\K-Meleon-R\goanna\security\manager\ssl\src\ScopedNSSTypes.h(217): warning C4061: enumerator 'SEC_OID_PKCS7_SIGNED_ENVELOPED_DATA' in switch of enum 'SECOidTag' is not explicitly handled by a case label
 4:09.45 d:\a\K-Meleon-R\K-Meleon-R\goanna\obj-x64\dist\include\nss\secoidt.h(34): note: see declaration of 'SECOidTag'
 4:09.45 d:\a\K-Meleon-R\K-Meleon-R\goanna\security\manager\ssl\src\ScopedNSSTypes.h(217): warning C4061: enumerator 'SEC_OID_PKCS7_DIGESTED_DATA' in switch of enum 'SECOidTag' is not explicitly handled by a case label
 4:09.45 d:\a\K-Meleon-R\K-Meleon-R\goanna\obj-x64\dist\include\nss\secoidt.h(34): note: see declaration of 'SECOidTag'
 4:09.45 d:\a\K-Meleon-R\K-Meleon-R\goanna\security\manager\ssl\src\ScopedNSSTypes.h(217): warning C4061: enumerator 'SEC_OID_PKCS7_ENCRYPTED_DATA' in switch of enum 'SECOidTag' is not explicitly handled by a case label
 4:09.45 d:\a\K-Meleon-R\K-Meleon-R\goanna\obj-x64\dist\include\nss\secoidt.h(34): note: see declaration of 'SECOidTag'
 4:09.45 d:\a\K-Meleon-R\K-Meleon-R\goanna\security\manager\ssl\src\ScopedNSSTypes.h(217): warning C4061: enumerator 'SEC_OID_PKCS9_EMAIL_ADDRESS' in switch of enum 'SECOidTag' is not explicitly handled by a case label
 4:09.45 d:\a\K-Meleon-R\K-Meleon-R\goanna\obj-x64\dist\include\nss\secoidt.h(34): note: see declaration of 'SECOidTag'
 4:09.45 d:\a\K-Meleon-R\K-Meleon-R\goanna\security\manager\ssl\src\ScopedNSSTypes.h(217): warning C4061: enumerator 'SEC_OID_PKCS9_UNSTRUCTURED_NAME' in switch of enum 'SECOidTag' is not explicitly handled by a case label
 4:09.45 d:\a\K-Meleon-R\K-Meleon-R\goanna\obj-x64\dist\include\nss\secoidt.h(34): note: see declaration of 'SECOidTag'
 4:09.45 d:\a\K-Meleon-R\K-Meleon-R\goanna\security\manager\ssl\src\ScopedNSSTypes.h(217): warning C4061: enumerator 'SEC_OID_PKCS9_CONTENT_TYPE' in switch of enum 'SECOidTag' is not explicitly handled by a case label
 4:09.45 d:\a\K-Meleon-R\K-Meleon-R\goanna\obj-x64\dist\include\nss\secoidt.h(34): note: see declaration of 'SECOidTag'
 4:09.45 d:\a\K-Meleon-R\K-Meleon-R\goanna\security\manager\ssl\src\ScopedNSSTypes.h(217): warning C4061: enumerator 'SEC_OID_PKCS9_MESSAGE_DIGEST' in switch of enum 'SECOidTag' is not explicitly handled by a case label
 4:09.45 d:\a\K-Meleon-R\K-Meleon-R\goanna\obj-x64\dist\include\nss\secoidt.h(34): note: see declaration of 'SECOidTag'
 4:09.45 d:\a\K-Meleon-R\K-Meleon-R\goanna\security\manager\ssl\src\ScopedNSSTypes.h(217): warning C4061: enumerator 'SEC_OID_PKCS9_SIGNING_TIME' in switch of enum 'SECOidTag' is not explicitly handled by a case label
 4:09.45 d:\a\K-Meleon-R\K-Meleon-R\goanna\obj-x64\dist\include\nss\secoidt.h(34): note: see declaration of 'SECOidTag'
 4:09.45 d:\a\K-Meleon-R\K-Meleon-R\goanna\security\manager\ssl\src\ScopedNSSTypes.h(217): warning C4061: enumerator 'SEC_OID_PKCS9_COUNTER_SIGNATURE' in switch of enum 'SECOidTag' is not explicitly handled by a case label
 4:09.45 d:\a\K-Meleon-R\K-Meleon-R\goanna\obj-x64\dist\include\nss\secoidt.h(34): note: see declaration of 'SECOidTag'
 4:09.45 d:\a\K-Meleon-R\K-Meleon-R\goanna\security\manager\ssl\src\ScopedNSSTypes.h(217): warning C4061: enumerator 'SEC_OID_PKCS9_CHALLENGE_PASSWORD' in switch of enum 'SECOidTag' is not explicitly handled by a case label
 4:09.45 d:\a\K-Meleon-R\K-Meleon-R\goanna\obj-x64\dist\include\nss\secoidt.h(34): note: see declaration of 'SECOidTag'
 4:09.45 d:\a\K-Meleon-R\K-Meleon-R\goanna\security\manager\ssl\src\ScopedNSSTypes.h(217): warning C4061: enumerator 'SEC_OID_PKCS9_UNSTRUCTURED_ADDRESS' in switch of enum 'SECOidTag' is not explicitly handled by a case label
 4:09.45 d:\a\K-Meleon-R\K-Meleon-R\goanna\obj-x64\dist\include\nss\secoidt.h(34): note: see declaration of 'SECOidTag'
 4:09.45 d:\a\K-Meleon-R\K-Meleon-R\goanna\security\manager\ssl\src\ScopedNSSTypes.h(217): warning C4061: enumerator 'SEC_OID_PKCS9_EXTENDED_CERTIFICATE_ATTRIBUTES' in switch of enum 'SECOidTag' is not explicitly handled by a case label
 4:09.45 d:\a\K-Meleon-R\K-Meleon-R\goanna\obj-x64\dist\include\nss\secoidt.h(34): note: see declaration of 'SECOidTag'
 4:09.46 d:\a\K-Meleon-R\K-Meleon-R\goanna\security\manager\ssl\src\ScopedNSSTypes.h(217): warning C4061: enumerator 'SEC_OID_PKCS9_SMIME_CAPABILITIES' in switch of enum 'SECOidTag' is not explicitly handled by a case label
 4:09.46 d:\a\K-Meleon-R\K-Meleon-R\goanna\obj-x64\dist\include\nss\secoidt.h(34): note: see declaration of 'SECOidTag'
 4:09.46 d:\a\K-Meleon-R\K-Meleon-R\goanna\security\manager\ssl\src\ScopedNSSTypes.h(217): warning C4061: enumerator 'SEC_OID_AVA_COMMON_NAME' in switch of enum 'SECOidTag' is not explicitly handled by a case label
 4:09.46 d:\a\K-Meleon-R\K-Meleon-R\goanna\obj-x64\dist\include\nss\secoidt.h(34): note: see declaration of 'SECOidTag'
 4:09.46 d:\a\K-Meleon-R\K-Meleon-R\goanna\security\manager\ssl\src\ScopedNSSTypes.h(217): warning C4061: enumerator 'SEC_OID_AVA_COUNTRY_NAME' in switch of enum 'SECOidTag' is not explicitly handled by a case label
 4:09.46 d:\a\K-Meleon-R\K-Meleon-R\goanna\obj-x64\dist\include\nss\secoidt.h(34): note: see declaration of 'SECOidTag'
 4:09.46 d:\a\K-Meleon-R\K-Meleon-R\goanna\security\manager\ssl\src\ScopedNSSTypes.h(217): warning C4061: enumerator 'SEC_OID_AVA_LOCALITY' in switch of enum 'SECOidTag' is not explicitly handled by a case label
 4:09.46 d:\a\K-Meleon-R\K-Meleon-R\goanna\obj-x64\dist\include\nss\secoidt.h(34): note: see declaration of 'SECOidTag'
 4:09.46 d:\a\K-Meleon-R\K-Meleon-R\goanna\security\manager\ssl\src\ScopedNSSTypes.h(217): warning C4061: enumerator 'SEC_OID_AVA_STATE_OR_PROVINCE' in switch of enum 'SECOidTag' is not explicitly handled by a case label
 4:09.46 d:\a\K-Meleon-R\K-Meleon-R\goanna\obj-x64\dist\include\nss\secoidt.h(34): note: see declaration of 'SECOidTag'
 4:09.46 d:\a\K-Meleon-R\K-Meleon-R\goanna\security\manager\ssl\src\ScopedNSSTypes.h(217): warning C4061: enumerator 'SEC_OID_AVA_ORGANIZATION_NAME' in switch of enum 'SECOidTag' is not explicitly handled by a case label
 4:09.46 d:\a\K-Meleon-R\K-Meleon-R\goanna\obj-x64\dist\include\nss\secoidt.h(34): note: see declaration of 'SECOidTag'
 4:09.46 d:\a\K-Meleon-R\K-Meleon-R\goanna\security\manager\ssl\src\ScopedNSSTypes.h(217): warning C4061: enumerator 'SEC_OID_AVA_ORGANIZATIONAL_UNIT_NAME' in switch of enum 'SECOidTag' is not explicitly handled by a case label
 4:09.46 d:\a\K-Meleon-R\K-Meleon-R\goanna\obj-x64\dist\include\nss\secoidt.h(34): note: see declaration of 'SECOidTag'
 4:09.46 d:\a\K-Meleon-R\K-Meleon-R\goanna\security\manager\ssl\src\ScopedNSSTypes.h(217): warning C4061: enumerator 'SEC_OID_AVA_DN_QUALIFIER' in switch of enum 'SECOidTag' is not explicitly handled by a case label
 4:09.46 d:\a\K-Meleon-R\K-Meleon-R\goanna\obj-x64\dist\include\nss\secoidt.h(34): note: see declaration of 'SECOidTag'
 4:09.46 d:\a\K-Meleon-R\K-Meleon-R\goanna\security\manager\ssl\src\ScopedNSSTypes.h(217): warning C4061: enumerator 'SEC_OID_AVA_DC' in switch of enum 'SECOidTag' is not explicitly handled by a case label
 4:09.46 d:\a\K-Meleon-R\K-Meleon-R\goanna\obj-x64\dist\include\nss\secoidt.h(34): note: see declaration of 'SECOidTag'
 4:09.46 d:\a\K-Meleon-R\K-Meleon-R\goanna\security\manager\ssl\src\ScopedNSSTypes.h(217): warning C4061: enumerator 'SEC_OID_NS_TYPE_GIF' in switch of enum 'SECOidTag' is not explicitly handled by a case label
 4:09.46 d:\a\K-Meleon-R\K-Meleon-R\goanna\obj-x64\dist\include\nss\secoidt.h(34): note: see declaration of 'SECOidTag'
 4:09.46 d:\a\K-Meleon-R\K-Meleon-R\goanna\security\manager\ssl\src\ScopedNSSTypes.h(217): warning C4061: enumerator 'SEC_OID_NS_TYPE_JPEG' in switch of enum 'SECOidTag' is not explicitly handled by a case label
 4:09.46 d:\a\K-Meleon-R\K-Meleon-R\goanna\obj-x64\dist\include\nss\secoidt.h(34): note: see declaration of 'SECOidTag'
 4:09.46 d:\a\K-Meleon-R\K-Meleon-R\goanna\security\manager\ssl\src\ScopedNSSTypes.h(217): warning C4061: enumerator 'SEC_OID_NS_TYPE_URL' in switch of enum 'SECOidTag' is not explicitly handled by a case label
 4:09.46 d:\a\K-Meleon-R\K-Meleon-R\goanna\obj-x64\dist\include\nss\secoidt.h(34): note: see declaration of 'SECOidTag'
 4:09.46 d:\a\K-Meleon-R\K-Meleon-R\goanna\security\manager\ssl\src\ScopedNSSTypes.h(217): warning C4061: enumerator 'SEC_OID_NS_TYPE_HTML' in switch of enum 'SECOidTag' is not explicitly handled by a case label
 4:09.46 d:\a\K-Meleon-R\K-Meleon-R\goanna\obj-x64\dist\include\nss\secoidt.h(34): note: see declaration of 'SECOidTag'
 4:09.46 d:\a\K-Meleon-R\K-Meleon-R\goanna\security\manager\ssl\src\ScopedNSSTypes.h(217): warning C4061: enumerator 'SEC_OID_NS_TYPE_CERT_SEQUENCE' in switch of enum 'SECOidTag' is not explicitly handled by a case label
 4:09.46 d:\a\K-Meleon-R\K-Meleon-R\goanna\obj-x64\dist\include\nss\secoidt.h(34): note: see declaration of 'SECOidTag'
 4:09.46 d:\a\K-Meleon-R\K-Meleon-R\goanna\security\manager\ssl\src\ScopedNSSTypes.h(217): warning C4061: enumerator 'SEC_OID_MISSI_KEA_DSS_OLD' in switch of enum 'SECOidTag' is not explicitly handled by a case label
 4:09.46 d:\a\K-Meleon-R\K-Meleon-R\goanna\obj-x64\dist\include\nss\secoidt.h(34): note: see declaration of 'SECOidTag'
 4:09.46 d:\a\K-Meleon-R\K-Meleon-R\goanna\security\manager\ssl\src\ScopedNSSTypes.h(217): warning C4061: enumerator 'SEC_OID_MISSI_DSS_OLD' in switch of enum 'SECOidTag' is not explicitly handled by a case label
 4:09.46 d:\a\K-Meleon-R\K-Meleon-R\goanna\obj-x64\dist\include\nss\secoidt.h(34): note: see declaration of 'SECOidTag'
 4:09.46 d:\a\K-Meleon-R\K-Meleon-R\goanna\security\manager\ssl\src\ScopedNSSTypes.h(217): warning C4061: enumerator 'SEC_OID_MISSI_KEA_DSS' in switch of enum 'SECOidTag' is not explicitly handled by a case label
 4:09.46 d:\a\K-Meleon-R\K-Meleon-R\goanna\obj-x64\dist\include\nss\secoidt.h(34): note: see declaration of 'SECOidTag'
 4:09.46 d:\a\K-Meleon-R\K-Meleon-R\goanna\security\manager\ssl\src\ScopedNSSTypes.h(217): warning C4061: enumerator 'SEC_OID_MISSI_DSS' in switch of enum 'SECOidTag' is not explicitly handled by a case label
 4:09.46 d:\a\K-Meleon-R\K-Meleon-R\goanna\obj-x64\dist\include\nss\secoidt.h(34): note: see declaration of 'SECOidTag'
 4:09.46 d:\a\K-Meleon-R\K-Meleon-R\goanna\security\manager\ssl\src\ScopedNSSTypes.h(217): warning C4061: enumerator 'SEC_OID_MISSI_KEA' in switch of enum 'SECOidTag' is not explicitly handled by a case label
 4:09.46 d:\a\K-Meleon-R\K-Meleon-R\goanna\obj-x64\dist\include\nss\secoidt.h(34): note: see declaration of 'SECOidTag'
 4:09.46 d:\a\K-Meleon-R\K-Meleon-R\goanna\security\manager\ssl\src\ScopedNSSTypes.h(217): warning C4061: enumerator 'SEC_OID_MISSI_ALT_KEA' in switch of enum 'SECOidTag' is not explicitly handled by a case label
 4:09.46 d:\a\K-Meleon-R\K-Meleon-R\goanna\obj-x64\dist\include\nss\secoidt.h(34): note: see declaration of 'SECOidTag'
 4:09.46 d:\a\K-Meleon-R\K-Meleon-R\goanna\security\manager\ssl\src\ScopedNSSTypes.h(217): warning C4061: enumerator 'SEC_OID_NS_CERT_EXT_NETSCAPE_OK' in switch of enum 'SECOidTag' is not explicitly handled by a case label
 4:09.46 d:\a\K-Meleon-R\K-Meleon-R\goanna\obj-x64\dist\include\nss\secoidt.h(34): note: see declaration of 'SECOidTag'
 4:09.46 d:\a\K-Meleon-R\K-Meleon-R\goanna\security\manager\ssl\src\ScopedNSSTypes.h(217): warning C4061: enumerator 'SEC_OID_NS_CERT_EXT_ISSUER_LOGO' in switch of enum 'SECOidTag' is not explicitly handled by a case label
 4:09.46 d:\a\K-Meleon-R\K-Meleon-R\goanna\obj-x64\dist\include\nss\secoidt.h(34): note: see declaration of 'SECOidTag'
 4:09.46 d:\a\K-Meleon-R\K-Meleon-R\goanna\security\manager\ssl\src\ScopedNSSTypes.h(217): warning C4061: enumerator 'SEC_OID_NS_CERT_EXT_SUBJECT_LOGO' in switch of enum 'SECOidTag' is not explicitly handled by a case label
 4:09.46 d:\a\K-Meleon-R\K-Meleon-R\goanna\obj-x64\dist\include\nss\secoidt.h(34): note: see declaration of 'SECOidTag'
 4:09.46 d:\a\K-Meleon-R\K-Meleon-R\goanna\security\manager\ssl\src\ScopedNSSTypes.h(217): warning C4061: enumerator 'SEC_OID_NS_CERT_EXT_CERT_TYPE' in switch of enum 'SECOidTag' is not explicitly handled by a case label
 4:09.46 d:\a\K-Meleon-R\K-Meleon-R\goanna\obj-x64\dist\include\nss\secoidt.h(34): note: see declaration of 'SECOidTag'
 4:09.46 d:\a\K-Meleon-R\K-Meleon-R\goanna\security\manager\ssl\src\ScopedNSSTypes.h(217): warning C4061: enumerator 'SEC_OID_NS_CERT_EXT_BASE_URL' in switch of enum 'SECOidTag' is not explicitly handled by a case label
 4:09.46 d:\a\K-Meleon-R\K-Meleon-R\goanna\obj-x64\dist\include\nss\secoidt.h(34): note: see declaration of 'SECOidTag'
 4:09.46 d:\a\K-Meleon-R\K-Meleon-R\goanna\security\manager\ssl\src\ScopedNSSTypes.h(217): warning C4061: enumerator 'SEC_OID_NS_CERT_EXT_REVOCATION_URL' in switch of enum 'SECOidTag' is not explicitly handled by a case label
 4:09.46 d:\a\K-Meleon-R\K-Meleon-R\goanna\obj-x64\dist\include\nss\secoidt.h(34): note: see declaration of 'SECOidTag'
 4:09.46 d:\a\K-Meleon-R\K-Meleon-R\goanna\security\manager\ssl\src\ScopedNSSTypes.h(217): warning C4061: enumerator 'SEC_OID_NS_CERT_EXT_CA_REVOCATION_URL' in switch of enum 'SECOidTag' is not explicitly handled by a case label
 4:09.46 d:\a\K-Meleon-R\K-Meleon-R\goanna\obj-x64\dist\include\nss\secoidt.h(34): note: see declaration of 'SECOidTag'
 4:09.46 d:\a\K-Meleon-R\K-Meleon-R\goanna\security\manager\ssl\src\ScopedNSSTypes.h(217): warning C4061: enumerator 'SEC_OID_NS_CERT_EXT_CA_CRL_URL' in switch of enum 'SECOidTag' is not explicitly handled by a case label
 4:09.46 d:\a\K-Meleon-R\K-Meleon-R\goanna\obj-x64\dist\include\nss\secoidt.h(34): note: see declaration of 'SECOidTag'
 4:09.46 d:\a\K-Meleon-R\K-Meleon-R\goanna\security\manager\ssl\src\ScopedNSSTypes.h(217): warning C4061: enumerator 'SEC_OID_NS_CERT_EXT_CA_CERT_URL' in switch of enum 'SECOidTag' is not explicitly handled by a case label
 4:09.46 d:\a\K-Meleon-R\K-Meleon-R\goanna\obj-x64\dist\include\nss\secoidt.h(34): note: see declaration of 'SECOidTag'
 4:09.46 d:\a\K-Meleon-R\K-Meleon-R\goanna\security\manager\ssl\src\ScopedNSSTypes.h(217): warning C4061: enumerator 'SEC_OID_NS_CERT_EXT_CERT_RENEWAL_URL' in switch of enum 'SECOidTag' is not explicitly handled by a case label
 4:09.46 d:\a\K-Meleon-R\K-Meleon-R\goanna\obj-x64\dist\include\nss\secoidt.h(34): note: see declaration of 'SECOidTag'
 4:09.46 d:\a\K-Meleon-R\K-Meleon-R\goanna\security\manager\ssl\src\ScopedNSSTypes.h(217): warning C4061: enumerator 'SEC_OID_NS_CERT_EXT_CA_POLICY_URL' in switch of enum 'SECOidTag' is not explicitly handled by a case label
 4:09.46 d:\a\K-Meleon-R\K-Meleon-R\goanna\obj-x64\dist\include\nss\secoidt.h(34): note: see declaration of 'SECOidTag'
 4:09.46 d:\a\K-Meleon-R\K-Meleon-R\goanna\security\manager\ssl\src\ScopedNSSTypes.h(217): warning C4061: enumerator 'SEC_OID_NS_CERT_EXT_HOMEPAGE_URL' in switch of enum 'SECOidTag' is not explicitly handled by a case label
 4:09.46 d:\a\K-Meleon-R\K-Meleon-R\goanna\obj-x64\dist\include\nss\secoidt.h(34): note: see declaration of 'SECOidTag'
 4:09.46 d:\a\K-Meleon-R\K-Meleon-R\goanna\security\manager\ssl\src\ScopedNSSTypes.h(217): warning C4061: enumerator 'SEC_OID_NS_CERT_EXT_ENTITY_LOGO' in switch of enum 'SECOidTag' is not explicitly handled by a case label
 4:09.46 d:\a\K-Meleon-R\K-Meleon-R\goanna\obj-x64\dist\include\nss\secoidt.h(34): note: see declaration of 'SECOidTag'
 4:09.46 d:\a\K-Meleon-R\K-Meleon-R\goanna\security\manager\ssl\src\ScopedNSSTypes.h(217): warning C4061: enumerator 'SEC_OID_NS_CERT_EXT_USER_PICTURE' in switch of enum 'SECOidTag' is not explicitly handled by a case label
 4:09.46 d:\a\K-Meleon-R\K-Meleon-R\goanna\obj-x64\dist\include\nss\secoidt.h(34): note: see declaration of 'SECOidTag'
 4:09.46 d:\a\K-Meleon-R\K-Meleon-R\goanna\security\manager\ssl\src\ScopedNSSTypes.h(217): warning C4061: enumerator 'SEC_OID_NS_CERT_EXT_SSL_SERVER_NAME' in switch of enum 'SECOidTag' is not explicitly handled by a case label
 4:09.46 d:\a\K-Meleon-R\K-Meleon-R\goanna\obj-x64\dist\include\nss\secoidt.h(34): note: see declaration of 'SECOidTag'
 4:09.46 d:\a\K-Meleon-R\K-Meleon-R\goanna\security\manager\ssl\src\ScopedNSSTypes.h(217): warning C4061: enumerator 'SEC_OID_NS_CERT_EXT_COMMENT' in switch of enum 'SECOidTag' is not explicitly handled by a case label
 4:09.46 d:\a\K-Meleon-R\K-Meleon-R\goanna\obj-x64\dist\include\nss\secoidt.h(34): note: see declaration of 'SECOidTag'
 4:09.46 d:\a\K-Meleon-R\K-Meleon-R\goanna\security\manager\ssl\src\ScopedNSSTypes.h(217): warning C4061: enumerator 'SEC_OID_NS_CERT_EXT_LOST_PASSWORD_URL' in switch of enum 'SECOidTag' is not explicitly handled by a case label
 4:09.46 d:\a\K-Meleon-R\K-Meleon-R\goanna\obj-x64\dist\include\nss\secoidt.h(34): note: see declaration of 'SECOidTag'
 4:09.46 d:\a\K-Meleon-R\K-Meleon-R\goanna\security\manager\ssl\src\ScopedNSSTypes.h(217): warning C4061: enumerator 'SEC_OID_NS_CERT_EXT_CERT_RENEWAL_TIME' in switch of enum 'SECOidTag' is not explicitly handled by a case label
 4:09.46 d:\a\K-Meleon-R\K-Meleon-R\goanna\obj-x64\dist\include\nss\secoidt.h(34): note: see declaration of 'SECOidTag'
 4:09.46 d:\a\K-Meleon-R\K-Meleon-R\goanna\security\manager\ssl\src\ScopedNSSTypes.h(217): warning C4061: enumerator 'SEC_OID_NS_KEY_USAGE_GOVT_APPROVED' in switch of enum 'SECOidTag' is not explicitly handled by a case label
 4:09.46 d:\a\K-Meleon-R\K-Meleon-R\goanna\obj-x64\dist\include\nss\secoidt.h(34): note: see declaration of 'SECOidTag'
 4:09.46 d:\a\K-Meleon-R\K-Meleon-R\goanna\security\manager\ssl\src\ScopedNSSTypes.h(217): warning C4061: enumerator 'SEC_OID_X509_SUBJECT_DIRECTORY_ATTR' in switch of enum 'SECOidTag' is not explicitly handled by a case label
 4:09.46 d:\a\K-Meleon-R\K-Meleon-R\goanna\obj-x64\dist\include\nss\secoidt.h(34): note: see declaration of 'SECOidTag'
 4:09.46 d:\a\K-Meleon-R\K-Meleon-R\goanna\security\manager\ssl\src\ScopedNSSTypes.h(217): warning C4061: enumerator 'SEC_OID_X509_SUBJECT_KEY_ID' in switch of enum 'SECOidTag' is not explicitly handled by a case label
 4:09.46 d:\a\K-Meleon-R\K-Meleon-R\goanna\obj-x64\dist\include\nss\secoidt.h(34): note: see declaration of 'SECOidTag'
 4:09.46 d:\a\K-Meleon-R\K-Meleon-R\goanna\security\manager\ssl\src\ScopedNSSTypes.h(217): warning C4061: enumerator 'SEC_OID_X509_KEY_USAGE' in switch of enum 'SECOidTag' is not explicitly handled by a case label
 4:09.46 d:\a\K-Meleon-R\K-Meleon-R\goanna\obj-x64\dist\include\nss\secoidt.h(34): note: see declaration of 'SECOidTag'
 4:09.46 d:\a\K-Meleon-R\K-Meleon-R\goanna\security\manager\ssl\src\ScopedNSSTypes.h(217): warning C4061: enumerator 'SEC_OID_X509_PRIVATE_KEY_USAGE_PERIOD' in switch of enum 'SECOidTag' is not explicitly handled by a case label
 4:09.46 d:\a\K-Meleon-R\K-Meleon-R\goanna\obj-x64\dist\include\nss\secoidt.h(34): note: see declaration of 'SECOidTag'
 4:09.46 d:\a\K-Meleon-R\K-Meleon-R\goanna\security\manager\ssl\src\ScopedNSSTypes.h(217): warning C4061: enumerator 'SEC_OID_X509_SUBJECT_ALT_NAME' in switch of enum 'SECOidTag' is not explicitly handled by a case label
 4:09.46 d:\a\K-Meleon-R\K-Meleon-R\goanna\obj-x64\dist\include\nss\secoidt.h(34): note: see declaration of 'SECOidTag'
 4:09.46 d:\a\K-Meleon-R\K-Meleon-R\goanna\security\manager\ssl\src\ScopedNSSTypes.h(217): warning C4061: enumerator 'SEC_OID_X509_ISSUER_ALT_NAME' in switch of enum 'SECOidTag' is not explicitly handled by a case label
 4:09.46 d:\a\K-Meleon-R\K-Meleon-R\goanna\obj-x64\dist\include\nss\secoidt.h(34): note: see declaration of 'SECOidTag'
 4:09.46 d:\a\K-Meleon-R\K-Meleon-R\goanna\security\manager\ssl\src\ScopedNSSTypes.h(217): warning C4061: enumerator 'SEC_OID_X509_BASIC_CONSTRAINTS' in switch of enum 'SECOidTag' is not explicitly handled by a case label
 4:09.46 d:\a\K-Meleon-R\K-Meleon-R\goanna\obj-x64\dist\include\nss\secoidt.h(34): note: see declaration of 'SECOidTag'
 4:09.46 d:\a\K-Meleon-R\K-Meleon-R\goanna\security\manager\ssl\src\ScopedNSSTypes.h(217): warning C4061: enumerator 'SEC_OID_X509_NAME_CONSTRAINTS' in switch of enum 'SECOidTag' is not explicitly handled by a case label
 4:09.46 d:\a\K-Meleon-R\K-Meleon-R\goanna\obj-x64\dist\include\nss\secoidt.h(34): note: see declaration of 'SECOidTag'
 4:09.46 d:\a\K-Meleon-R\K-Meleon-R\goanna\security\manager\ssl\src\ScopedNSSTypes.h(217): warning C4061: enumerator 'SEC_OID_X509_CRL_DIST_POINTS' in switch of enum 'SECOidTag' is not explicitly handled by a case label
 4:09.46 d:\a\K-Meleon-R\K-Meleon-R\goanna\obj-x64\dist\include\nss\secoidt.h(34): note: see declaration of 'SECOidTag'
 4:09.46 d:\a\K-Meleon-R\K-Meleon-R\goanna\security\manager\ssl\src\ScopedNSSTypes.h(217): warning C4061: enumerator 'SEC_OID_X509_CERTIFICATE_POLICIES' in switch of enum 'SECOidTag' is not explicitly handled by a case label
 4:09.46 d:\a\K-Meleon-R\K-Meleon-R\goanna\obj-x64\dist\include\nss\secoidt.h(34): note: see declaration of 'SECOidTag'
 4:09.46 d:\a\K-Meleon-R\K-Meleon-R\goanna\security\manager\ssl\src\ScopedNSSTypes.h(217): warning C4061: enumerator 'SEC_OID_X509_POLICY_MAPPINGS' in switch of enum 'SECOidTag' is not explicitly handled by a case label
 4:09.46 d:\a\K-Meleon-R\K-Meleon-R\goanna\obj-x64\dist\include\nss\secoidt.h(34): note: see declaration of 'SECOidTag'
 4:09.46 d:\a\K-Meleon-R\K-Meleon-R\goanna\security\manager\ssl\src\ScopedNSSTypes.h(217): warning C4061: enumerator 'SEC_OID_X509_POLICY_CONSTRAINTS' in switch of enum 'SECOidTag' is not explicitly handled by a case label
 4:09.46 d:\a\K-Meleon-R\K-Meleon-R\goanna\obj-x64\dist\include\nss\secoidt.h(34): note: see declaration of 'SECOidTag'
 4:09.46 d:\a\K-Meleon-R\K-Meleon-R\goanna\security\manager\ssl\src\ScopedNSSTypes.h(217): warning C4061: enumerator 'SEC_OID_X509_AUTH_KEY_ID' in switch of enum 'SECOidTag' is not explicitly handled by a case label
 4:09.46 d:\a\K-Meleon-R\K-Meleon-R\goanna\obj-x64\dist\include\nss\secoidt.h(34): note: see declaration of 'SECOidTag'
 4:09.46 d:\a\K-Meleon-R\K-Meleon-R\goanna\security\manager\ssl\src\ScopedNSSTypes.h(217): warning C4061: enumerator 'SEC_OID_X509_EXT_KEY_USAGE' in switch of enum 'SECOidTag' is not explicitly handled by a case label
 4:09.46 d:\a\K-Meleon-R\K-Meleon-R\goanna\obj-x64\dist\include\nss\secoidt.h(34): note: see declaration of 'SECOidTag'
 4:09.46 d:\a\K-Meleon-R\K-Meleon-R\goanna\security\manager\ssl\src\ScopedNSSTypes.h(217): warning C4061: enumerator 'SEC_OID_X509_AUTH_INFO_ACCESS' in switch of enum 'SECOidTag' is not explicitly handled by a case label
 4:09.46 d:\a\K-Meleon-R\K-Meleon-R\goanna\obj-x64\dist\include\nss\secoidt.h(34): note: see declaration of 'SECOidTag'
 4:09.46 d:\a\K-Meleon-R\K-Meleon-R\goanna\security\manager\ssl\src\ScopedNSSTypes.h(217): warning C4061: enumerator 'SEC_OID_X509_CRL_NUMBER' in switch of enum 'SECOidTag' is not explicitly handled by a case label
 4:09.46 d:\a\K-Meleon-R\K-Meleon-R\goanna\obj-x64\dist\include\nss\secoidt.h(34): note: see declaration of 'SECOidTag'
 4:09.46 d:\a\K-Meleon-R\K-Meleon-R\goanna\security\manager\ssl\src\ScopedNSSTypes.h(217): warning C4061: enumerator 'SEC_OID_X509_REASON_CODE' in switch of enum 'SECOidTag' is not explicitly handled by a case label
 4:09.46 d:\a\K-Meleon-R\K-Meleon-R\goanna\obj-x64\dist\include\nss\secoidt.h(34): note: see declaration of 'SECOidTag'
 4:09.46 d:\a\K-Meleon-R\K-Meleon-R\goanna\security\manager\ssl\src\ScopedNSSTypes.h(217): warning C4061: enumerator 'SEC_OID_X509_INVALID_DATE' in switch of enum 'SECOidTag' is not explicitly handled by a case label
 4:09.46 d:\a\K-Meleon-R\K-Meleon-R\goanna\obj-x64\dist\include\nss\secoidt.h(34): note: see declaration of 'SECOidTag'
 4:09.46 d:\a\K-Meleon-R\K-Meleon-R\goanna\security\manager\ssl\src\ScopedNSSTypes.h(217): warning C4061: enumerator 'SEC_OID_X500_RSA_ENCRYPTION' in switch of enum 'SECOidTag' is not explicitly handled by a case label
 4:09.46 d:\a\K-Meleon-R\K-Meleon-R\goanna\obj-x64\dist\include\nss\secoidt.h(34): note: see declaration of 'SECOidTag'
 4:09.46 d:\a\K-Meleon-R\K-Meleon-R\goanna\security\manager\ssl\src\ScopedNSSTypes.h(217): warning C4061: enumerator 'SEC_OID_RFC1274_UID' in switch of enum 'SECOidTag' is not explicitly handled by a case label
 4:09.46 d:\a\K-Meleon-R\K-Meleon-R\goanna\obj-x64\dist\include\nss\secoidt.h(34): note: see declaration of 'SECOidTag'
 4:09.46 d:\a\K-Meleon-R\K-Meleon-R\goanna\security\manager\ssl\src\ScopedNSSTypes.h(217): warning C4061: enumerator 'SEC_OID_RFC1274_MAIL' in switch of enum 'SECOidTag' is not explicitly handled by a case label
 4:09.46 d:\a\K-Meleon-R\K-Meleon-R\goanna\obj-x64\dist\include\nss\secoidt.h(34): note: see declaration of 'SECOidTag'
 4:09.46 d:\a\K-Meleon-R\K-Meleon-R\goanna\security\manager\ssl\src\ScopedNSSTypes.h(217): warning C4061: enumerator 'SEC_OID_PKCS12' in switch of enum 'SECOidTag' is not explicitly handled by a case label
 4:09.46 d:\a\K-Meleon-R\K-Meleon-R\goanna\obj-x64\dist\include\nss\secoidt.h(34): note: see declaration of 'SECOidTag'
 4:09.46 d:\a\K-Meleon-R\K-Meleon-R\goanna\security\manager\ssl\src\ScopedNSSTypes.h(217): warning C4061: enumerator 'SEC_OID_PKCS12_MODE_IDS' in switch of enum 'SECOidTag' is not explicitly handled by a case label
 4:09.46 d:\a\K-Meleon-R\K-Meleon-R\goanna\obj-x64\dist\include\nss\secoidt.h(34): note: see declaration of 'SECOidTag'
 4:09.46 d:\a\K-Meleon-R\K-Meleon-R\goanna\security\manager\ssl\src\ScopedNSSTypes.h(217): warning C4061: enumerator 'SEC_OID_PKCS12_ESPVK_IDS' in switch of enum 'SECOidTag' is not explicitly handled by a case label
 4:09.46 d:\a\K-Meleon-R\K-Meleon-R\goanna\obj-x64\dist\include\nss\secoidt.h(34): note: see declaration of 'SECOidTag'
 4:09.46 d:\a\K-Meleon-R\K-Meleon-R\goanna\security\manager\ssl\src\ScopedNSSTypes.h(217): warning C4061: enumerator 'SEC_OID_PKCS12_BAG_IDS' in switch of enum 'SECOidTag' is not explicitly handled by a case label
 4:09.46 d:\a\K-Meleon-R\K-Meleon-R\goanna\obj-x64\dist\include\nss\secoidt.h(34): note: see declaration of 'SECOidTag'
 4:09.46 d:\a\K-Meleon-R\K-Meleon-R\goanna\security\manager\ssl\src\ScopedNSSTypes.h(217): warning C4061: enumerator 'SEC_OID_PKCS12_CERT_BAG_IDS' in switch of enum 'SECOidTag' is not explicitly handled by a case label
 4:09.46 d:\a\K-Meleon-R\K-Meleon-R\goanna\obj-x64\dist\include\nss\secoidt.h(34): note: see declaration of 'SECOidTag'
 4:09.46 d:\a\K-Meleon-R\K-Meleon-R\goanna\security\manager\ssl\src\ScopedNSSTypes.h(217): warning C4061: enumerator 'SEC_OID_PKCS12_OIDS' in switch of enum 'SECOidTag' is not explicitly handled by a case label
 4:09.46 d:\a\K-Meleon-R\K-Meleon-R\goanna\obj-x64\dist\include\nss\secoidt.h(34): note: see declaration of 'SECOidTag'
 4:09.46 d:\a\K-Meleon-R\K-Meleon-R\goanna\security\manager\ssl\src\ScopedNSSTypes.h(217): warning C4061: enumerator 'SEC_OID_PKCS12_PBE_IDS' in switch of enum 'SECOidTag' is not explicitly handled by a case label
 4:09.46 d:\a\K-Meleon-R\K-Meleon-R\goanna\obj-x64\dist\include\nss\secoidt.h(34): note: see declaration of 'SECOidTag'
 4:09.46 d:\a\K-Meleon-R\K-Meleon-R\goanna\security\manager\ssl\src\ScopedNSSTypes.h(217): warning C4061: enumerator 'SEC_OID_PKCS12_SIGNATURE_IDS' in switch of enum 'SECOidTag' is not explicitly handled by a case label
 4:09.46 d:\a\K-Meleon-R\K-Meleon-R\goanna\obj-x64\dist\include\nss\secoidt.h(34): note: see declaration of 'SECOidTag'
 4:09.46 d:\a\K-Meleon-R\K-Meleon-R\goanna\security\manager\ssl\src\ScopedNSSTypes.h(217): warning C4061: enumerator 'SEC_OID_PKCS12_ENVELOPING_IDS' in switch of enum 'SECOidTag' is not explicitly handled by a case label
 4:09.46 d:\a\K-Meleon-R\K-Meleon-R\goanna\obj-x64\dist\include\nss\secoidt.h(34): note: see declaration of 'SECOidTag'
 4:09.46 d:\a\K-Meleon-R\K-Meleon-R\goanna\security\manager\ssl\src\ScopedNSSTypes.h(217): warning C4061: enumerator 'SEC_OID_PKCS12_PKCS8_KEY_SHROUDING' in switch of enum 'SECOidTag' is not explicitly handled by a case label
 4:09.46 d:\a\K-Meleon-R\K-Meleon-R\goanna\obj-x64\dist\include\nss\secoidt.h(34): note: see declaration of 'SECOidTag'
 4:09.46 d:\a\K-Meleon-R\K-Meleon-R\goanna\security\manager\ssl\src\ScopedNSSTypes.h(217): warning C4061: enumerator 'SEC_OID_PKCS12_KEY_BAG_ID' in switch of enum 'SECOidTag' is not explicitly handled by a case label
 4:09.46 d:\a\K-Meleon-R\K-Meleon-R\goanna\obj-x64\dist\include\nss\secoidt.h(34): note: see declaration of 'SECOidTag'
 4:09.46 d:\a\K-Meleon-R\K-Meleon-R\goanna\security\manager\ssl\src\ScopedNSSTypes.h(217): warning C4061: enumerator 'SEC_OID_PKCS12_CERT_AND_CRL_BAG_ID' in switch of enum 'SECOidTag' is not explicitly handled by a case label
 4:09.46 d:\a\K-Meleon-R\K-Meleon-R\goanna\obj-x64\dist\include\nss\secoidt.h(34): note: see declaration of 'SECOidTag'
 4:09.46 d:\a\K-Meleon-R\K-Meleon-R\goanna\security\manager\ssl\src\ScopedNSSTypes.h(217): warning C4061: enumerator 'SEC_OID_PKCS12_SECRET_BAG_ID' in switch of enum 'SECOidTag' is not explicitly handled by a case label
 4:09.46 d:\a\K-Meleon-R\K-Meleon-R\goanna\obj-x64\dist\include\nss\secoidt.h(34): note: see declaration of 'SECOidTag'
 4:09.46 d:\a\K-Meleon-R\K-Meleon-R\goanna\security\manager\ssl\src\ScopedNSSTypes.h(217): warning C4061: enumerator 'SEC_OID_PKCS12_X509_CERT_CRL_BAG' in switch of enum 'SECOidTag' is not explicitly handled by a case label
 4:09.46 d:\a\K-Meleon-R\K-Meleon-R\goanna\obj-x64\dist\include\nss\secoidt.h(34): note: see declaration of 'SECOidTag'
 4:09.46 d:\a\K-Meleon-R\K-Meleon-R\goanna\security\manager\ssl\src\ScopedNSSTypes.h(217): warning C4061: enumerator 'SEC_OID_PKCS12_SDSI_CERT_BAG' in switch of enum 'SECOidTag' is not explicitly handled by a case label
 4:09.46 d:\a\K-Meleon-R\K-Meleon-R\goanna\obj-x64\dist\include\nss\secoidt.h(34): note: see declaration of 'SECOidTag'
 4:09.46 d:\a\K-Meleon-R\K-Meleon-R\goanna\security\manager\ssl\src\ScopedNSSTypes.h(217): warning C4061: enumerator 'SEC_OID_PKCS12_PBE_WITH_SHA1_AND_128_BIT_RC4' in switch of enum 'SECOidTag' is not explicitly handled by a case label
 4:09.46 d:\a\K-Meleon-R\K-Meleon-R\goanna\obj-x64\dist\include\nss\secoidt.h(34): note: see declaration of 'SECOidTag'
 4:09.46 d:\a\K-Meleon-R\K-Meleon-R\goanna\security\manager\ssl\src\ScopedNSSTypes.h(217): warning C4061: enumerator 'SEC_OID_PKCS12_PBE_WITH_SHA1_AND_40_BIT_RC4' in switch of enum 'SECOidTag' is not explicitly handled by a case label
 4:09.46 d:\a\K-Meleon-R\K-Meleon-R\goanna\obj-x64\dist\include\nss\secoidt.h(34): note: see declaration of 'SECOidTag'
 4:09.46 d:\a\K-Meleon-R\K-Meleon-R\goanna\security\manager\ssl\src\ScopedNSSTypes.h(217): warning C4061: enumerator 'SEC_OID_PKCS12_PBE_WITH_SHA1_AND_TRIPLE_DES_CBC' in switch of enum 'SECOidTag' is not explicitly handled by a case label
 4:09.46 d:\a\K-Meleon-R\K-Meleon-R\goanna\obj-x64\dist\include\nss\secoidt.h(34): note: see declaration of 'SECOidTag'
 4:09.46 d:\a\K-Meleon-R\K-Meleon-R\goanna\security\manager\ssl\src\ScopedNSSTypes.h(217): warning C4061: enumerator 'SEC_OID_PKCS12_PBE_WITH_SHA1_AND_128_BIT_RC2_CBC' in switch of enum 'SECOidTag' is not explicitly handled by a case label
 4:09.46 d:\a\K-Meleon-R\K-Meleon-R\goanna\obj-x64\dist\include\nss\secoidt.h(34): note: see declaration of 'SECOidTag'
 4:09.46 d:\a\K-Meleon-R\K-Meleon-R\goanna\security\manager\ssl\src\ScopedNSSTypes.h(217): warning C4061: enumerator 'SEC_OID_PKCS12_PBE_WITH_SHA1_AND_40_BIT_RC2_CBC' in switch of enum 'SECOidTag' is not explicitly handled by a case label
 4:09.46 d:\a\K-Meleon-R\K-Meleon-R\goanna\obj-x64\dist\include\nss\secoidt.h(34): note: see declaration of 'SECOidTag'
 4:09.46 d:\a\K-Meleon-R\K-Meleon-R\goanna\security\manager\ssl\src\ScopedNSSTypes.h(217): warning C4061: enumerator 'SEC_OID_PKCS12_RSA_ENCRYPTION_WITH_128_BIT_RC4' in switch of enum 'SECOidTag' is not explicitly handled by a case label
 4:09.46 d:\a\K-Meleon-R\K-Meleon-R\goanna\obj-x64\dist\include\nss\secoidt.h(34): note: see declaration of 'SECOidTag'
 4:09.46 d:\a\K-Meleon-R\K-Meleon-R\goanna\security\manager\ssl\src\ScopedNSSTypes.h(217): warning C4061: enumerator 'SEC_OID_PKCS12_RSA_ENCRYPTION_WITH_40_BIT_RC4' in switch of enum 'SECOidTag' is not explicitly handled by a case label
 4:09.46 d:\a\K-Meleon-R\K-Meleon-R\goanna\obj-x64\dist\include\nss\secoidt.h(34): note: see declaration of 'SECOidTag'
 4:09.46 d:\a\K-Meleon-R\K-Meleon-R\goanna\security\manager\ssl\src\ScopedNSSTypes.h(217): warning C4061: enumerator 'SEC_OID_PKCS12_RSA_ENCRYPTION_WITH_TRIPLE_DES' in switch of enum 'SECOidTag' is not explicitly handled by a case label
 4:09.46 d:\a\K-Meleon-R\K-Meleon-R\goanna\obj-x64\dist\include\nss\secoidt.h(34): note: see declaration of 'SECOidTag'
 4:09.46 d:\a\K-Meleon-R\K-Meleon-R\goanna\security\manager\ssl\src\ScopedNSSTypes.h(217): warning C4061: enumerator 'SEC_OID_PKCS12_RSA_SIGNATURE_WITH_SHA1_DIGEST' in switch of enum 'SECOidTag' is not explicitly handled by a case label
 4:09.46 d:\a\K-Meleon-R\K-Meleon-R\goanna\obj-x64\dist\include\nss\secoidt.h(34): note: see declaration of 'SECOidTag'
 4:09.46 d:\a\K-Meleon-R\K-Meleon-R\goanna\security\manager\ssl\src\ScopedNSSTypes.h(217): warning C4061: enumerator 'SEC_OID_ANSIX9_DSA_SIGNATURE' in switch of enum 'SECOidTag' is not explicitly handled by a case label
 4:09.46 d:\a\K-Meleon-R\K-Meleon-R\goanna\obj-x64\dist\include\nss\secoidt.h(34): note: see declaration of 'SECOidTag'
 4:09.46 d:\a\K-Meleon-R\K-Meleon-R\goanna\security\manager\ssl\src\ScopedNSSTypes.h(217): warning C4061: enumerator 'SEC_OID_ANSIX9_DSA_SIGNATURE_WITH_SHA1_DIGEST' in switch of enum 'SECOidTag' is not explicitly handled by a case label
 4:09.46 d:\a\K-Meleon-R\K-Meleon-R\goanna\obj-x64\dist\include\nss\secoidt.h(34): note: see declaration of 'SECOidTag'
 4:09.46 d:\a\K-Meleon-R\K-Meleon-R\goanna\security\manager\ssl\src\ScopedNSSTypes.h(217): warning C4061: enumerator 'SEC_OID_BOGUS_DSA_SIGNATURE_WITH_SHA1_DIGEST' in switch of enum 'SECOidTag' is not explicitly handled by a case label
 4:09.46 d:\a\K-Meleon-R\K-Meleon-R\goanna\obj-x64\dist\include\nss\secoidt.h(34): note: see declaration of 'SECOidTag'
 4:09.46 d:\a\K-Meleon-R\K-Meleon-R\goanna\security\manager\ssl\src\ScopedNSSTypes.h(217): warning C4061: enumerator 'SEC_OID_VERISIGN_USER_NOTICES' in switch of enum 'SECOidTag' is not explicitly handled by a case label
 4:09.46 d:\a\K-Meleon-R\K-Meleon-R\goanna\obj-x64\dist\include\nss\secoidt.h(34): note: see declaration of 'SECOidTag'
 4:09.46 d:\a\K-Meleon-R\K-Meleon-R\goanna\security\manager\ssl\src\ScopedNSSTypes.h(217): warning C4061: enumerator 'SEC_OID_PKIX_CPS_POINTER_QUALIFIER' in switch of enum 'SECOidTag' is not explicitly handled by a case label
 4:09.46 d:\a\K-Meleon-R\K-Meleon-R\goanna\obj-x64\dist\include\nss\secoidt.h(34): note: see declaration of 'SECOidTag'
 4:09.46 d:\a\K-Meleon-R\K-Meleon-R\goanna\security\manager\ssl\src\ScopedNSSTypes.h(217): warning C4061: enumerator 'SEC_OID_PKIX_USER_NOTICE_QUALIFIER' in switch of enum 'SECOidTag' is not explicitly handled by a case label
 4:09.46 d:\a\K-Meleon-R\K-Meleon-R\goanna\obj-x64\dist\include\nss\secoidt.h(34): note: see declaration of 'SECOidTag'
 4:09.46 d:\a\K-Meleon-R\K-Meleon-R\goanna\security\manager\ssl\src\ScopedNSSTypes.h(217): warning C4061: enumerator 'SEC_OID_PKIX_OCSP' in switch of enum 'SECOidTag' is not explicitly handled by a case label
 4:09.46 d:\a\K-Meleon-R\K-Meleon-R\goanna\obj-x64\dist\include\nss\secoidt.h(34): note: see declaration of 'SECOidTag'
 4:09.46 d:\a\K-Meleon-R\K-Meleon-R\goanna\security\manager\ssl\src\ScopedNSSTypes.h(217): warning C4061: enumerator 'SEC_OID_PKIX_OCSP_BASIC_RESPONSE' in switch of enum 'SECOidTag' is not explicitly handled by a case label
 4:09.46 d:\a\K-Meleon-R\K-Meleon-R\goanna\obj-x64\dist\include\nss\secoidt.h(34): note: see declaration of 'SECOidTag'
 4:09.46 d:\a\K-Meleon-R\K-Meleon-R\goanna\security\manager\ssl\src\ScopedNSSTypes.h(217): warning C4061: enumerator 'SEC_OID_PKIX_OCSP_NONCE' in switch of enum 'SECOidTag' is not explicitly handled by a case label
 4:09.46 d:\a\K-Meleon-R\K-Meleon-R\goanna\obj-x64\dist\include\nss\secoidt.h(34): note: see declaration of 'SECOidTag'
 4:09.46 d:\a\K-Meleon-R\K-Meleon-R\goanna\security\manager\ssl\src\ScopedNSSTypes.h(217): warning C4061: enumerator 'SEC_OID_PKIX_OCSP_CRL' in switch of enum 'SECOidTag' is not explicitly handled by a case label
 4:09.46 d:\a\K-Meleon-R\K-Meleon-R\goanna\obj-x64\dist\include\nss\secoidt.h(34): note: see declaration of 'SECOidTag'
 4:09.46 d:\a\K-Meleon-R\K-Meleon-R\goanna\security\manager\ssl\src\ScopedNSSTypes.h(217): warning C4061: enumerator 'SEC_OID_PKIX_OCSP_RESPONSE' in switch of enum 'SECOidTag' is not explicitly handled by a case label
 4:09.46 d:\a\K-Meleon-R\K-Meleon-R\goanna\obj-x64\dist\include\nss\secoidt.h(34): note: see declaration of 'SECOidTag'
 4:09.46 d:\a\K-Meleon-R\K-Meleon-R\goanna\security\manager\ssl\src\ScopedNSSTypes.h(217): warning C4061: enumerator 'SEC_OID_PKIX_OCSP_NO_CHECK' in switch of enum 'SECOidTag' is not explicitly handled by a case label
 4:09.46 d:\a\K-Meleon-R\K-Meleon-R\goanna\obj-x64\dist\include\nss\secoidt.h(34): note: see declaration of 'SECOidTag'
 4:09.46 d:\a\K-Meleon-R\K-Meleon-R\goanna\security\manager\ssl\src\ScopedNSSTypes.h(217): warning C4061: enumerator 'SEC_OID_PKIX_OCSP_ARCHIVE_CUTOFF' in switch of enum 'SECOidTag' is not explicitly handled by a case label
 4:09.46 d:\a\K-Meleon-R\K-Meleon-R\goanna\obj-x64\dist\include\nss\secoidt.h(34): note: see declaration of 'SECOidTag'
 4:09.46 d:\a\K-Meleon-R\K-Meleon-R\goanna\security\manager\ssl\src\ScopedNSSTypes.h(217): warning C4061: enumerator 'SEC_OID_PKIX_OCSP_SERVICE_LOCATOR' in switch of enum 'SECOidTag' is not explicitly handled by a case label
 4:09.46 d:\a\K-Meleon-R\K-Meleon-R\goanna\obj-x64\dist\include\nss\secoidt.h(34): note: see declaration of 'SECOidTag'
 4:09.46 d:\a\K-Meleon-R\K-Meleon-R\goanna\security\manager\ssl\src\ScopedNSSTypes.h(217): warning C4061: enumerator 'SEC_OID_PKIX_REGCTRL_REGTOKEN' in switch of enum 'SECOidTag' is not explicitly handled by a case label
 4:09.46 d:\a\K-Meleon-R\K-Meleon-R\goanna\obj-x64\dist\include\nss\secoidt.h(34): note: see declaration of 'SECOidTag'
 4:09.46 d:\a\K-Meleon-R\K-Meleon-R\goanna\security\manager\ssl\src\ScopedNSSTypes.h(217): warning C4061: enumerator 'SEC_OID_PKIX_REGCTRL_AUTHENTICATOR' in switch of enum 'SECOidTag' is not explicitly handled by a case label
 4:09.46 d:\a\K-Meleon-R\K-Meleon-R\goanna\obj-x64\dist\include\nss\secoidt.h(34): note: see declaration of 'SECOidTag'
 4:09.46 d:\a\K-Meleon-R\K-Meleon-R\goanna\security\manager\ssl\src\ScopedNSSTypes.h(217): warning C4061: enumerator 'SEC_OID_PKIX_REGCTRL_PKIPUBINFO' in switch of enum 'SECOidTag' is not explicitly handled by a case label
 4:09.46 d:\a\K-Meleon-R\K-Meleon-R\goanna\obj-x64\dist\include\nss\secoidt.h(34): note: see declaration of 'SECOidTag'
 4:09.46 d:\a\K-Meleon-R\K-Meleon-R\goanna\security\manager\ssl\src\ScopedNSSTypes.h(217): warning C4061: enumerator 'SEC_OID_PKIX_REGCTRL_PKI_ARCH_OPTIONS' in switch of enum 'SECOidTag' is not explicitly handled by a case label
 4:09.46 d:\a\K-Meleon-R\K-Meleon-R\goanna\obj-x64\dist\include\nss\secoidt.h(34): note: see declaration of 'SECOidTag'
 4:09.46 d:\a\K-Meleon-R\K-Meleon-R\goanna\security\manager\ssl\src\ScopedNSSTypes.h(217): warning C4061: enumerator 'SEC_OID_PKIX_REGCTRL_OLD_CERT_ID' in switch of enum 'SECOidTag' is not explicitly handled by a case label
 4:09.46 d:\a\K-Meleon-R\K-Meleon-R\goanna\obj-x64\dist\include\nss\secoidt.h(34): note: see declaration of 'SECOidTag'
 4:09.46 d:\a\K-Meleon-R\K-Meleon-R\goanna\security\manager\ssl\src\ScopedNSSTypes.h(217): warning C4061: enumerator 'SEC_OID_PKIX_REGCTRL_PROTOCOL_ENC_KEY' in switch of enum 'SECOidTag' is not explicitly handled by a case label
 4:09.46 d:\a\K-Meleon-R\K-Meleon-R\goanna\obj-x64\dist\include\nss\secoidt.h(34): note: see declaration of 'SECOidTag'
 4:09.46 d:\a\K-Meleon-R\K-Meleon-R\goanna\security\manager\ssl\src\ScopedNSSTypes.h(217): warning C4061: enumerator 'SEC_OID_PKIX_REGINFO_UTF8_PAIRS' in switch of enum 'SECOidTag' is not explicitly handled by a case label
 4:09.46 d:\a\K-Meleon-R\K-Meleon-R\goanna\obj-x64\dist\include\nss\secoidt.h(34): note: see declaration of 'SECOidTag'
 4:09.46 d:\a\K-Meleon-R\K-Meleon-R\goanna\security\manager\ssl\src\ScopedNSSTypes.h(217): warning C4061: enumerator 'SEC_OID_PKIX_REGINFO_CERT_REQUEST' in switch of enum 'SECOidTag' is not explicitly handled by a case label
 4:09.46 d:\a\K-Meleon-R\K-Meleon-R\goanna\obj-x64\dist\include\nss\secoidt.h(34): note: see declaration of 'SECOidTag'
 4:09.46 d:\a\K-Meleon-R\K-Meleon-R\goanna\security\manager\ssl\src\ScopedNSSTypes.h(217): warning C4061: enumerator 'SEC_OID_EXT_KEY_USAGE_SERVER_AUTH' in switch of enum 'SECOidTag' is not explicitly handled by a case label
 4:09.46 d:\a\K-Meleon-R\K-Meleon-R\goanna\obj-x64\dist\include\nss\secoidt.h(34): note: see declaration of 'SECOidTag'
 4:09.46 d:\a\K-Meleon-R\K-Meleon-R\goanna\security\manager\ssl\src\ScopedNSSTypes.h(217): warning C4061: enumerator 'SEC_OID_EXT_KEY_USAGE_CLIENT_AUTH' in switch of enum 'SECOidTag' is not explicitly handled by a case label
 4:09.46 d:\a\K-Meleon-R\K-Meleon-R\goanna\obj-x64\dist\include\nss\secoidt.h(34): note: see declaration of 'SECOidTag'
 4:09.46 d:\a\K-Meleon-R\K-Meleon-R\goanna\security\manager\ssl\src\ScopedNSSTypes.h(217): warning C4061: enumerator 'SEC_OID_EXT_KEY_USAGE_CODE_SIGN' in switch of enum 'SECOidTag' is not explicitly handled by a case label
 4:09.46 d:\a\K-Meleon-R\K-Meleon-R\goanna\obj-x64\dist\include\nss\secoidt.h(34): note: see declaration of 'SECOidTag'
 4:09.46 d:\a\K-Meleon-R\K-Meleon-R\goanna\security\manager\ssl\src\ScopedNSSTypes.h(217): warning C4061: enumerator 'SEC_OID_EXT_KEY_USAGE_EMAIL_PROTECT' in switch of enum 'SECOidTag' is not explicitly handled by a case label
 4:09.46 d:\a\K-Meleon-R\K-Meleon-R\goanna\obj-x64\dist\include\nss\secoidt.h(34): note: see declaration of 'SECOidTag'
 4:09.46 d:\a\K-Meleon-R\K-Meleon-R\goanna\security\manager\ssl\src\ScopedNSSTypes.h(217): warning C4061: enumerator 'SEC_OID_EXT_KEY_USAGE_TIME_STAMP' in switch of enum 'SECOidTag' is not explicitly handled by a case label
 4:09.46 d:\a\K-Meleon-R\K-Meleon-R\goanna\obj-x64\dist\include\nss\secoidt.h(34): note: see declaration of 'SECOidTag'
 4:09.46 d:\a\K-Meleon-R\K-Meleon-R\goanna\security\manager\ssl\src\ScopedNSSTypes.h(217): warning C4061: enumerator 'SEC_OID_OCSP_RESPONDER' in switch of enum 'SECOidTag' is not explicitly handled by a case label
 4:09.46 d:\a\K-Meleon-R\K-Meleon-R\goanna\obj-x64\dist\include\nss\secoidt.h(34): note: see declaration of 'SECOidTag'
 4:09.46 d:\a\K-Meleon-R\K-Meleon-R\goanna\security\manager\ssl\src\ScopedNSSTypes.h(217): warning C4061: enumerator 'SEC_OID_NETSCAPE_SMIME_KEA' in switch of enum 'SECOidTag' is not explicitly handled by a case label
 4:09.46 d:\a\K-Meleon-R\K-Meleon-R\goanna\obj-x64\dist\include\nss\secoidt.h(34): note: see declaration of 'SECOidTag'
 4:09.46 d:\a\K-Meleon-R\K-Meleon-R\goanna\security\manager\ssl\src\ScopedNSSTypes.h(217): warning C4061: enumerator 'SEC_OID_FORTEZZA_SKIPJACK' in switch of enum 'SECOidTag' is not explicitly handled by a case label
 4:09.46 d:\a\K-Meleon-R\K-Meleon-R\goanna\obj-x64\dist\include\nss\secoidt.h(34): note: see declaration of 'SECOidTag'
 4:09.46 d:\a\K-Meleon-R\K-Meleon-R\goanna\security\manager\ssl\src\ScopedNSSTypes.h(217): warning C4061: enumerator 'SEC_OID_PKCS12_V2_PBE_WITH_SHA1_AND_128_BIT_RC4' in switch of enum 'SECOidTag' is not explicitly handled by a case label
 4:09.46 d:\a\K-Meleon-R\K-Meleon-R\goanna\obj-x64\dist\include\nss\secoidt.h(34): note: see declaration of 'SECOidTag'
 4:09.46 d:\a\K-Meleon-R\K-Meleon-R\goanna\security\manager\ssl\src\ScopedNSSTypes.h(217): warning C4061: enumerator 'SEC_OID_PKCS12_V2_PBE_WITH_SHA1_AND_40_BIT_RC4' in switch of enum 'SECOidTag' is not explicitly handled by a case label
 4:09.46 d:\a\K-Meleon-R\K-Meleon-R\goanna\obj-x64\dist\include\nss\secoidt.h(34): note: see declaration of 'SECOidTag'
 4:09.46 d:\a\K-Meleon-R\K-Meleon-R\goanna\security\manager\ssl\src\ScopedNSSTypes.h(217): warning C4061: enumerator 'SEC_OID_PKCS12_V2_PBE_WITH_SHA1_AND_3KEY_TRIPLE_DES_CBC' in switch of enum 'SECOidTag' is not explicitly handled by a case label
 4:09.46 d:\a\K-Meleon-R\K-Meleon-R\goanna\obj-x64\dist\include\nss\secoidt.h(34): note: see declaration of 'SECOidTag'
 4:09.46 d:\a\K-Meleon-R\K-Meleon-R\goanna\security\manager\ssl\src\ScopedNSSTypes.h(217): warning C4061: enumerator 'SEC_OID_PKCS12_V2_PBE_WITH_SHA1_AND_2KEY_TRIPLE_DES_CBC' in switch of enum 'SECOidTag' is not explicitly handled by a case label
 4:09.46 d:\a\K-Meleon-R\K-Meleon-R\goanna\obj-x64\dist\include\nss\secoidt.h(34): note: see declaration of 'SECOidTag'
 4:09.46 d:\a\K-Meleon-R\K-Meleon-R\goanna\security\manager\ssl\src\ScopedNSSTypes.h(217): warning C4061: enumerator 'SEC_OID_PKCS12_V2_PBE_WITH_SHA1_AND_128_BIT_RC2_CBC' in switch of enum 'SECOidTag' is not explicitly handled by a case label
 4:09.46 d:\a\K-Meleon-R\K-Meleon-R\goanna\obj-x64\dist\include\nss\secoidt.h(34): note: see declaration of 'SECOidTag'
 4:09.46 d:\a\K-Meleon-R\K-Meleon-R\goanna\security\manager\ssl\src\ScopedNSSTypes.h(217): warning C4061: enumerator 'SEC_OID_PKCS12_V2_PBE_WITH_SHA1_AND_40_BIT_RC2_CBC' in switch of enum 'SECOidTag' is not explicitly handled by a case label
 4:09.46 d:\a\K-Meleon-R\K-Meleon-R\goanna\obj-x64\dist\include\nss\secoidt.h(34): note: see declaration of 'SECOidTag'
 4:09.46 d:\a\K-Meleon-R\K-Meleon-R\goanna\security\manager\ssl\src\ScopedNSSTypes.h(217): warning C4061: enumerator 'SEC_OID_PKCS12_SAFE_CONTENTS_ID' in switch of enum 'SECOidTag' is not explicitly handled by a case label
 4:09.46 d:\a\K-Meleon-R\K-Meleon-R\goanna\obj-x64\dist\include\nss\secoidt.h(34): note: see declaration of 'SECOidTag'
 4:09.46 d:\a\K-Meleon-R\K-Meleon-R\goanna\security\manager\ssl\src\ScopedNSSTypes.h(217): warning C4061: enumerator 'SEC_OID_PKCS12_PKCS8_SHROUDED_KEY_BAG_ID' in switch of enum 'SECOidTag' is not explicitly handled by a case label
 4:09.46 d:\a\K-Meleon-R\K-Meleon-R\goanna\obj-x64\dist\include\nss\secoidt.h(34): note: see declaration of 'SECOidTag'
 4:09.46 d:\a\K-Meleon-R\K-Meleon-R\goanna\security\manager\ssl\src\ScopedNSSTypes.h(217): warning C4061: enumerator 'SEC_OID_PKCS12_V1_KEY_BAG_ID' in switch of enum 'SECOidTag' is not explicitly handled by a case label
 4:09.46 d:\a\K-Meleon-R\K-Meleon-R\goanna\obj-x64\dist\include\nss\secoidt.h(34): note: see declaration of 'SECOidTag'
 4:09.46 d:\a\K-Meleon-R\K-Meleon-R\goanna\security\manager\ssl\src\ScopedNSSTypes.h(217): warning C4061: enumerator 'SEC_OID_PKCS12_V1_PKCS8_SHROUDED_KEY_BAG_ID' in switch of enum 'SECOidTag' is not explicitly handled by a case label
 4:09.46 d:\a\K-Meleon-R\K-Meleon-R\goanna\obj-x64\dist\include\nss\secoidt.h(34): note: see declaration of 'SECOidTag'
 4:09.46 d:\a\K-Meleon-R\K-Meleon-R\goanna\security\manager\ssl\src\ScopedNSSTypes.h(217): warning C4061: enumerator 'SEC_OID_PKCS12_V1_CERT_BAG_ID' in switch of enum 'SECOidTag' is not explicitly handled by a case label
 4:09.46 d:\a\K-Meleon-R\K-Meleon-R\goanna\obj-x64\dist\include\nss\secoidt.h(34): note: see declaration of 'SECOidTag'
 4:09.46 d:\a\K-Meleon-R\K-Meleon-R\goanna\security\manager\ssl\src\ScopedNSSTypes.h(217): warning C4061: enumerator 'SEC_OID_PKCS12_V1_CRL_BAG_ID' in switch of enum 'SECOidTag' is not explicitly handled by a case label
 4:09.46 d:\a\K-Meleon-R\K-Meleon-R\goanna\obj-x64\dist\include\nss\secoidt.h(34): note: see declaration of 'SECOidTag'
 4:09.46 d:\a\K-Meleon-R\K-Meleon-R\goanna\security\manager\ssl\src\ScopedNSSTypes.h(217): warning C4061: enumerator 'SEC_OID_PKCS12_V1_SECRET_BAG_ID' in switch of enum 'SECOidTag' is not explicitly handled by a case label
 4:09.46 d:\a\K-Meleon-R\K-Meleon-R\goanna\obj-x64\dist\include\nss\secoidt.h(34): note: see declaration of 'SECOidTag'
 4:09.46 d:\a\K-Meleon-R\K-Meleon-R\goanna\security\manager\ssl\src\ScopedNSSTypes.h(217): warning C4061: enumerator 'SEC_OID_PKCS12_V1_SAFE_CONTENTS_BAG_ID' in switch of enum 'SECOidTag' is not explicitly handled by a case label
 4:09.46 d:\a\K-Meleon-R\K-Meleon-R\goanna\obj-x64\dist\include\nss\secoidt.h(34): note: see declaration of 'SECOidTag'
 4:09.46 d:\a\K-Meleon-R\K-Meleon-R\goanna\security\manager\ssl\src\ScopedNSSTypes.h(217): warning C4061: enumerator 'SEC_OID_PKCS9_X509_CERT' in switch of enum 'SECOidTag' is not explicitly handled by a case label
 4:09.46 d:\a\K-Meleon-R\K-Meleon-R\goanna\obj-x64\dist\include\nss\secoidt.h(34): note: see declaration of 'SECOidTag'
 4:09.46 d:\a\K-Meleon-R\K-Meleon-R\goanna\security\manager\ssl\src\ScopedNSSTypes.h(217): warning C4061: enumerator 'SEC_OID_PKCS9_SDSI_CERT' in switch of enum 'SECOidTag' is not explicitly handled by a case label
 4:09.46 d:\a\K-Meleon-R\K-Meleon-R\goanna\obj-x64\dist\include\nss\secoidt.h(34): note: see declaration of 'SECOidTag'
 4:09.46 d:\a\K-Meleon-R\K-Meleon-R\goanna\security\manager\ssl\src\ScopedNSSTypes.h(217): warning C4061: enumerator 'SEC_OID_PKCS9_X509_CRL' in switch of enum 'SECOidTag' is not explicitly handled by a case label
 4:09.46 d:\a\K-Meleon-R\K-Meleon-R\goanna\obj-x64\dist\include\nss\secoidt.h(34): note: see declaration of 'SECOidTag'
 4:09.46 d:\a\K-Meleon-R\K-Meleon-R\goanna\security\manager\ssl\src\ScopedNSSTypes.h(217): warning C4061: enumerator 'SEC_OID_PKCS9_FRIENDLY_NAME' in switch of enum 'SECOidTag' is not explicitly handled by a case label
 4:09.46 d:\a\K-Meleon-R\K-Meleon-R\goanna\obj-x64\dist\include\nss\secoidt.h(34): note: see declaration of 'SECOidTag'
 4:09.46 d:\a\K-Meleon-R\K-Meleon-R\goanna\security\manager\ssl\src\ScopedNSSTypes.h(217): warning C4061: enumerator 'SEC_OID_PKCS9_LOCAL_KEY_ID' in switch of enum 'SECOidTag' is not explicitly handled by a case label
 4:09.46 d:\a\K-Meleon-R\K-Meleon-R\goanna\obj-x64\dist\include\nss\secoidt.h(34): note: see declaration of 'SECOidTag'
 4:09.46 d:\a\K-Meleon-R\K-Meleon-R\goanna\security\manager\ssl\src\ScopedNSSTypes.h(217): warning C4061: enumerator 'SEC_OID_BOGUS_KEY_USAGE' in switch of enum 'SECOidTag' is not explicitly handled by a case label
 4:09.46 d:\a\K-Meleon-R\K-Meleon-R\goanna\obj-x64\dist\include\nss\secoidt.h(34): note: see declaration of 'SECOidTag'
 4:09.46 d:\a\K-Meleon-R\K-Meleon-R\goanna\security\manager\ssl\src\ScopedNSSTypes.h(217): warning C4061: enumerator 'SEC_OID_X942_DIFFIE_HELMAN_KEY' in switch of enum 'SECOidTag' is not explicitly handled by a case label
 4:09.46 d:\a\K-Meleon-R\K-Meleon-R\goanna\obj-x64\dist\include\nss\secoidt.h(34): note: see declaration of 'SECOidTag'
 4:09.46 d:\a\K-Meleon-R\K-Meleon-R\goanna\security\manager\ssl\src\ScopedNSSTypes.h(217): warning C4061: enumerator 'SEC_OID_NETSCAPE_NICKNAME' in switch of enum 'SECOidTag' is not explicitly handled by a case label
 4:09.46 d:\a\K-Meleon-R\K-Meleon-R\goanna\obj-x64\dist\include\nss\secoidt.h(34): note: see declaration of 'SECOidTag'
 4:09.46 d:\a\K-Meleon-R\K-Meleon-R\goanna\security\manager\ssl\src\ScopedNSSTypes.h(217): warning C4061: enumerator 'SEC_OID_NETSCAPE_RECOVERY_REQUEST' in switch of enum 'SECOidTag' is not explicitly handled by a case label
 4:09.46 d:\a\K-Meleon-R\K-Meleon-R\goanna\obj-x64\dist\include\nss\secoidt.h(34): note: see declaration of 'SECOidTag'
 4:09.46 d:\a\K-Meleon-R\K-Meleon-R\goanna\security\manager\ssl\src\ScopedNSSTypes.h(217): warning C4061: enumerator 'SEC_OID_CERT_RENEWAL_LOCATOR' in switch of enum 'SECOidTag' is not explicitly handled by a case label
 4:09.46 d:\a\K-Meleon-R\K-Meleon-R\goanna\obj-x64\dist\include\nss\secoidt.h(34): note: see declaration of 'SECOidTag'
 4:09.46 d:\a\K-Meleon-R\K-Meleon-R\goanna\security\manager\ssl\src\ScopedNSSTypes.h(217): warning C4061: enumerator 'SEC_OID_NS_CERT_EXT_SCOPE_OF_USE' in switch of enum 'SECOidTag' is not explicitly handled by a case label
 4:09.46 d:\a\K-Meleon-R\K-Meleon-R\goanna\obj-x64\dist\include\nss\secoidt.h(34): note: see declaration of 'SECOidTag'
 4:09.46 d:\a\K-Meleon-R\K-Meleon-R\goanna\security\manager\ssl\src\ScopedNSSTypes.h(217): warning C4061: enumerator 'SEC_OID_CMS_EPHEMERAL_STATIC_DIFFIE_HELLMAN' in switch of enum 'SECOidTag' is not explicitly handled by a case label
 4:09.46 d:\a\K-Meleon-R\K-Meleon-R\goanna\obj-x64\dist\include\nss\secoidt.h(34): note: see declaration of 'SECOidTag'
 4:09.46 d:\a\K-Meleon-R\K-Meleon-R\goanna\security\manager\ssl\src\ScopedNSSTypes.h(217): warning C4061: enumerator 'SEC_OID_CMS_3DES_KEY_WRAP' in switch of enum 'SECOidTag' is not explicitly handled by a case label
 4:09.46 d:\a\K-Meleon-R\K-Meleon-R\goanna\obj-x64\dist\include\nss\secoidt.h(34): note: see declaration of 'SECOidTag'
 4:09.46 d:\a\K-Meleon-R\K-Meleon-R\goanna\security\manager\ssl\src\ScopedNSSTypes.h(217): warning C4061: enumerator 'SEC_OID_CMS_RC2_KEY_WRAP' in switch of enum 'SECOidTag' is not explicitly handled by a case label
 4:09.46 d:\a\K-Meleon-R\K-Meleon-R\goanna\obj-x64\dist\include\nss\secoidt.h(34): note: see declaration of 'SECOidTag'
 4:09.46 d:\a\K-Meleon-R\K-Meleon-R\goanna\security\manager\ssl\src\ScopedNSSTypes.h(217): warning C4061: enumerator 'SEC_OID_SMIME_ENCRYPTION_KEY_PREFERENCE' in switch of enum 'SECOidTag' is not explicitly handled by a case label
 4:09.46 d:\a\K-Meleon-R\K-Meleon-R\goanna\obj-x64\dist\include\nss\secoidt.h(34): note: see declaration of 'SECOidTag'
 4:09.46 d:\a\K-Meleon-R\K-Meleon-R\goanna\security\manager\ssl\src\ScopedNSSTypes.h(217): warning C4061: enumerator 'SEC_OID_AES_128_ECB' in switch of enum 'SECOidTag' is not explicitly handled by a case label
 4:09.46 d:\a\K-Meleon-R\K-Meleon-R\goanna\obj-x64\dist\include\nss\secoidt.h(34): note: see declaration of 'SECOidTag'
 4:09.46 d:\a\K-Meleon-R\K-Meleon-R\goanna\security\manager\ssl\src\ScopedNSSTypes.h(217): warning C4061: enumerator 'SEC_OID_AES_128_CBC' in switch of enum 'SECOidTag' is not explicitly handled by a case label
 4:09.46 d:\a\K-Meleon-R\K-Meleon-R\goanna\obj-x64\dist\include\nss\secoidt.h(34): note: see declaration of 'SECOidTag'
 4:09.46 d:\a\K-Meleon-R\K-Meleon-R\goanna\security\manager\ssl\src\ScopedNSSTypes.h(217): warning C4061: enumerator 'SEC_OID_AES_192_ECB' in switch of enum 'SECOidTag' is not explicitly handled by a case label
 4:09.46 d:\a\K-Meleon-R\K-Meleon-R\goanna\obj-x64\dist\include\nss\secoidt.h(34): note: see declaration of 'SECOidTag'
 4:09.46 d:\a\K-Meleon-R\K-Meleon-R\goanna\security\manager\ssl\src\ScopedNSSTypes.h(217): warning C4061: enumerator 'SEC_OID_AES_192_CBC' in switch of enum 'SECOidTag' is not explicitly handled by a case label
 4:09.46 d:\a\K-Meleon-R\K-Meleon-R\goanna\obj-x64\dist\include\nss\secoidt.h(34): note: see declaration of 'SECOidTag'
 4:09.46 d:\a\K-Meleon-R\K-Meleon-R\goanna\security\manager\ssl\src\ScopedNSSTypes.h(217): warning C4061: enumerator 'SEC_OID_AES_256_ECB' in switch of enum 'SECOidTag' is not explicitly handled by a case label
 4:09.46 d:\a\K-Meleon-R\K-Meleon-R\goanna\obj-x64\dist\include\nss\secoidt.h(34): note: see declaration of 'SECOidTag'
 4:09.46 d:\a\K-Meleon-R\K-Meleon-R\goanna\security\manager\ssl\src\ScopedNSSTypes.h(217): warning C4061: enumerator 'SEC_OID_AES_256_CBC' in switch of enum 'SECOidTag' is not explicitly handled by a case label
 4:09.46 d:\a\K-Meleon-R\K-Meleon-R\goanna\obj-x64\dist\include\nss\secoidt.h(34): note: see declaration of 'SECOidTag'
 4:09.46 d:\a\K-Meleon-R\K-Meleon-R\goanna\security\manager\ssl\src\ScopedNSSTypes.h(217): warning C4061: enumerator 'SEC_OID_SDN702_DSA_SIGNATURE' in switch of enum 'SECOidTag' is not explicitly handled by a case label
 4:09.46 d:\a\K-Meleon-R\K-Meleon-R\goanna\obj-x64\dist\include\nss\secoidt.h(34): note: see declaration of 'SECOidTag'
 4:09.46 d:\a\K-Meleon-R\K-Meleon-R\goanna\security\manager\ssl\src\ScopedNSSTypes.h(217): warning C4061: enumerator 'SEC_OID_MS_SMIME_ENCRYPTION_KEY_PREFERENCE' in switch of enum 'SECOidTag' is not explicitly handled by a case label
 4:09.46 d:\a\K-Meleon-R\K-Meleon-R\goanna\obj-x64\dist\include\nss\secoidt.h(34): note: see declaration of 'SECOidTag'
 4:09.46 d:\a\K-Meleon-R\K-Meleon-R\goanna\security\manager\ssl\src\ScopedNSSTypes.h(217): warning C4061: enumerator 'SEC_OID_PKCS1_SHA256_WITH_RSA_ENCRYPTION' in switch of enum 'SECOidTag' is not explicitly handled by a case label
 4:09.46 d:\a\K-Meleon-R\K-Meleon-R\goanna\obj-x64\dist\include\nss\secoidt.h(34): note: see declaration of 'SECOidTag'
 4:09.46 d:\a\K-Meleon-R\K-Meleon-R\goanna\security\manager\ssl\src\ScopedNSSTypes.h(217): warning C4061: enumerator 'SEC_OID_PKCS1_SHA384_WITH_RSA_ENCRYPTION' in switch of enum 'SECOidTag' is not explicitly handled by a case label
 4:09.46 d:\a\K-Meleon-R\K-Meleon-R\goanna\obj-x64\dist\include\nss\secoidt.h(34): note: see declaration of 'SECOidTag'
 4:09.48 d:\a\K-Meleon-R\K-Meleon-R\goanna\security\manager\ssl\src\ScopedNSSTypes.h(217): warning C4061: enumerator 'SEC_OID_PKCS1_SHA512_WITH_RSA_ENCRYPTION' in switch of enum 'SECOidTag' is not explicitly handled by a case label
 4:09.48 d:\a\K-Meleon-R\K-Meleon-R\goanna\obj-x64\dist\include\nss\secoidt.h(34): note: see declaration of 'SECOidTag'
 4:09.48 d:\a\K-Meleon-R\K-Meleon-R\goanna\security\manager\ssl\src\ScopedNSSTypes.h(217): warning C4061: enumerator 'SEC_OID_AES_128_KEY_WRAP' in switch of enum 'SECOidTag' is not explicitly handled by a case label
 4:09.48 d:\a\K-Meleon-R\K-Meleon-R\goanna\obj-x64\dist\include\nss\secoidt.h(34): note: see declaration of 'SECOidTag'
 4:09.48 d:\a\K-Meleon-R\K-Meleon-R\goanna\security\manager\ssl\src\ScopedNSSTypes.h(217): warning C4061: enumerator 'SEC_OID_AES_192_KEY_WRAP' in switch of enum 'SECOidTag' is not explicitly handled by a case label
 4:09.48 d:\a\K-Meleon-R\K-Meleon-R\goanna\obj-x64\dist\include\nss\secoidt.h(34): note: see declaration of 'SECOidTag'
 4:09.48 d:\a\K-Meleon-R\K-Meleon-R\goanna\security\manager\ssl\src\ScopedNSSTypes.h(217): warning C4061: enumerator 'SEC_OID_AES_256_KEY_WRAP' in switch of enum 'SECOidTag' is not explicitly handled by a case label
 4:09.48 d:\a\K-Meleon-R\K-Meleon-R\goanna\obj-x64\dist\include\nss\secoidt.h(34): note: see declaration of 'SECOidTag'
 4:09.48 d:\a\K-Meleon-R\K-Meleon-R\goanna\security\manager\ssl\src\ScopedNSSTypes.h(217): warning C4061: enumerator 'SEC_OID_ANSIX962_EC_PUBLIC_KEY' in switch of enum 'SECOidTag' is not explicitly handled by a case label
 4:09.48 d:\a\K-Meleon-R\K-Meleon-R\goanna\obj-x64\dist\include\nss\secoidt.h(34): note: see declaration of 'SECOidTag'
 4:09.48 d:\a\K-Meleon-R\K-Meleon-R\goanna\security\manager\ssl\src\ScopedNSSTypes.h(217): warning C4061: enumerator 'SEC_OID_ANSIX962_ECDSA_SHA1_SIGNATURE' in switch of enum 'SECOidTag' is not explicitly handled by a case label
 4:09.48 d:\a\K-Meleon-R\K-Meleon-R\goanna\obj-x64\dist\include\nss\secoidt.h(34): note: see declaration of 'SECOidTag'
 4:09.48 d:\a\K-Meleon-R\K-Meleon-R\goanna\security\manager\ssl\src\ScopedNSSTypes.h(217): warning C4061: enumerator 'SEC_OID_ANSIX962_EC_PRIME192V1' in switch of enum 'SECOidTag' is not explicitly handled by a case label
 4:09.48 d:\a\K-Meleon-R\K-Meleon-R\goanna\obj-x64\dist\include\nss\secoidt.h(34): note: see declaration of 'SECOidTag'
 4:09.48 d:\a\K-Meleon-R\K-Meleon-R\goanna\security\manager\ssl\src\ScopedNSSTypes.h(217): warning C4061: enumerator 'SEC_OID_ANSIX962_EC_PRIME192V2' in switch of enum 'SECOidTag' is not explicitly handled by a case label
 4:09.48 d:\a\K-Meleon-R\K-Meleon-R\goanna\obj-x64\dist\include\nss\secoidt.h(34): note: see declaration of 'SECOidTag'
 4:09.48 d:\a\K-Meleon-R\K-Meleon-R\goanna\security\manager\ssl\src\ScopedNSSTypes.h(217): warning C4061: enumerator 'SEC_OID_ANSIX962_EC_PRIME192V3' in switch of enum 'SECOidTag' is not explicitly handled by a case label
 4:09.48 d:\a\K-Meleon-R\K-Meleon-R\goanna\obj-x64\dist\include\nss\secoidt.h(34): note: see declaration of 'SECOidTag'
 4:09.48 d:\a\K-Meleon-R\K-Meleon-R\goanna\security\manager\ssl\src\ScopedNSSTypes.h(217): warning C4061: enumerator 'SEC_OID_ANSIX962_EC_PRIME239V1' in switch of enum 'SECOidTag' is not explicitly handled by a case label
 4:09.48 d:\a\K-Meleon-R\K-Meleon-R\goanna\obj-x64\dist\include\nss\secoidt.h(34): note: see declaration of 'SECOidTag'
 4:09.48 d:\a\K-Meleon-R\K-Meleon-R\goanna\security\manager\ssl\src\ScopedNSSTypes.h(217): warning C4061: enumerator 'SEC_OID_ANSIX962_EC_PRIME239V2' in switch of enum 'SECOidTag' is not explicitly handled by a case label
 4:09.48 d:\a\K-Meleon-R\K-Meleon-R\goanna\obj-x64\dist\include\nss\secoidt.h(34): note: see declaration of 'SECOidTag'
 4:09.48 d:\a\K-Meleon-R\K-Meleon-R\goanna\security\manager\ssl\src\ScopedNSSTypes.h(217): warning C4061: enumerator 'SEC_OID_ANSIX962_EC_PRIME239V3' in switch of enum 'SECOidTag' is not explicitly handled by a case label
 4:09.48 d:\a\K-Meleon-R\K-Meleon-R\goanna\obj-x64\dist\include\nss\secoidt.h(34): note: see declaration of 'SECOidTag'
 4:09.48 d:\a\K-Meleon-R\K-Meleon-R\goanna\security\manager\ssl\src\ScopedNSSTypes.h(217): warning C4061: enumerator 'SEC_OID_ANSIX962_EC_PRIME256V1' in switch of enum 'SECOidTag' is not explicitly handled by a case label
 4:09.48 d:\a\K-Meleon-R\K-Meleon-R\goanna\obj-x64\dist\include\nss\secoidt.h(34): note: see declaration of 'SECOidTag'
 4:09.48 d:\a\K-Meleon-R\K-Meleon-R\goanna\security\manager\ssl\src\ScopedNSSTypes.h(217): warning C4061: enumerator 'SEC_OID_SECG_EC_SECP112R1' in switch of enum 'SECOidTag' is not explicitly handled by a case label
 4:09.48 d:\a\K-Meleon-R\K-Meleon-R\goanna\obj-x64\dist\include\nss\secoidt.h(34): note: see declaration of 'SECOidTag'
 4:09.48 d:\a\K-Meleon-R\K-Meleon-R\goanna\security\manager\ssl\src\ScopedNSSTypes.h(217): warning C4061: enumerator 'SEC_OID_SECG_EC_SECP112R2' in switch of enum 'SECOidTag' is not explicitly handled by a case label
 4:09.48 d:\a\K-Meleon-R\K-Meleon-R\goanna\obj-x64\dist\include\nss\secoidt.h(34): note: see declaration of 'SECOidTag'
 4:09.48 d:\a\K-Meleon-R\K-Meleon-R\goanna\security\manager\ssl\src\ScopedNSSTypes.h(217): warning C4061: enumerator 'SEC_OID_SECG_EC_SECP128R1' in switch of enum 'SECOidTag' is not explicitly handled by a case label
 4:09.48 d:\a\K-Meleon-R\K-Meleon-R\goanna\obj-x64\dist\include\nss\secoidt.h(34): note: see declaration of 'SECOidTag'
 4:09.48 d:\a\K-Meleon-R\K-Meleon-R\goanna\security\manager\ssl\src\ScopedNSSTypes.h(217): warning C4061: enumerator 'SEC_OID_SECG_EC_SECP128R2' in switch of enum 'SECOidTag' is not explicitly handled by a case label
 4:09.48 d:\a\K-Meleon-R\K-Meleon-R\goanna\obj-x64\dist\include\nss\secoidt.h(34): note: see declaration of 'SECOidTag'
 4:09.48 d:\a\K-Meleon-R\K-Meleon-R\goanna\security\manager\ssl\src\ScopedNSSTypes.h(217): warning C4061: enumerator 'SEC_OID_SECG_EC_SECP160K1' in switch of enum 'SECOidTag' is not explicitly handled by a case label
 4:09.48 d:\a\K-Meleon-R\K-Meleon-R\goanna\obj-x64\dist\include\nss\secoidt.h(34): note: see declaration of 'SECOidTag'
 4:09.48 d:\a\K-Meleon-R\K-Meleon-R\goanna\security\manager\ssl\src\ScopedNSSTypes.h(217): warning C4061: enumerator 'SEC_OID_SECG_EC_SECP160R1' in switch of enum 'SECOidTag' is not explicitly handled by a case label
 4:09.48 d:\a\K-Meleon-R\K-Meleon-R\goanna\obj-x64\dist\include\nss\secoidt.h(34): note: see declaration of 'SECOidTag'
 4:09.48 d:\a\K-Meleon-R\K-Meleon-R\goanna\security\manager\ssl\src\ScopedNSSTypes.h(217): warning C4061: enumerator 'SEC_OID_SECG_EC_SECP160R2' in switch of enum 'SECOidTag' is not explicitly handled by a case label
 4:09.48 d:\a\K-Meleon-R\K-Meleon-R\goanna\obj-x64\dist\include\nss\secoidt.h(34): note: see declaration of 'SECOidTag'
 4:09.48 d:\a\K-Meleon-R\K-Meleon-R\goanna\security\manager\ssl\src\ScopedNSSTypes.h(217): warning C4061: enumerator 'SEC_OID_SECG_EC_SECP192K1' in switch of enum 'SECOidTag' is not explicitly handled by a case label
 4:09.48 d:\a\K-Meleon-R\K-Meleon-R\goanna\obj-x64\dist\include\nss\secoidt.h(34): note: see declaration of 'SECOidTag'
 4:09.48 d:\a\K-Meleon-R\K-Meleon-R\goanna\security\manager\ssl\src\ScopedNSSTypes.h(217): warning C4061: enumerator 'SEC_OID_SECG_EC_SECP224K1' in switch of enum 'SECOidTag' is not explicitly handled by a case label
 4:09.48 d:\a\K-Meleon-R\K-Meleon-R\goanna\obj-x64\dist\include\nss\secoidt.h(34): note: see declaration of 'SECOidTag'
 4:09.48 d:\a\K-Meleon-R\K-Meleon-R\goanna\security\manager\ssl\src\ScopedNSSTypes.h(217): warning C4061: enumerator 'SEC_OID_SECG_EC_SECP224R1' in switch of enum 'SECOidTag' is not explicitly handled by a case label
 4:09.48 d:\a\K-Meleon-R\K-Meleon-R\goanna\obj-x64\dist\include\nss\secoidt.h(34): note: see declaration of 'SECOidTag'
 4:09.48 d:\a\K-Meleon-R\K-Meleon-R\goanna\security\manager\ssl\src\ScopedNSSTypes.h(217): warning C4061: enumerator 'SEC_OID_SECG_EC_SECP256K1' in switch of enum 'SECOidTag' is not explicitly handled by a case label
 4:09.48 d:\a\K-Meleon-R\K-Meleon-R\goanna\obj-x64\dist\include\nss\secoidt.h(34): note: see declaration of 'SECOidTag'
 4:09.48 d:\a\K-Meleon-R\K-Meleon-R\goanna\security\manager\ssl\src\ScopedNSSTypes.h(217): warning C4061: enumerator 'SEC_OID_SECG_EC_SECP384R1' in switch of enum 'SECOidTag' is not explicitly handled by a case label
 4:09.48 d:\a\K-Meleon-R\K-Meleon-R\goanna\obj-x64\dist\include\nss\secoidt.h(34): note: see declaration of 'SECOidTag'
 4:09.48 d:\a\K-Meleon-R\K-Meleon-R\goanna\security\manager\ssl\src\ScopedNSSTypes.h(217): warning C4061: enumerator 'SEC_OID_SECG_EC_SECP521R1' in switch of enum 'SECOidTag' is not explicitly handled by a case label
 4:09.48 d:\a\K-Meleon-R\K-Meleon-R\goanna\obj-x64\dist\include\nss\secoidt.h(34): note: see declaration of 'SECOidTag'
 4:09.48 d:\a\K-Meleon-R\K-Meleon-R\goanna\security\manager\ssl\src\ScopedNSSTypes.h(217): warning C4061: enumerator 'SEC_OID_ANSIX962_EC_C2PNB163V1' in switch of enum 'SECOidTag' is not explicitly handled by a case label
 4:09.48 d:\a\K-Meleon-R\K-Meleon-R\goanna\obj-x64\dist\include\nss\secoidt.h(34): note: see declaration of 'SECOidTag'
 4:09.48 d:\a\K-Meleon-R\K-Meleon-R\goanna\security\manager\ssl\src\ScopedNSSTypes.h(217): warning C4061: enumerator 'SEC_OID_ANSIX962_EC_C2PNB163V2' in switch of enum 'SECOidTag' is not explicitly handled by a case label
 4:09.48 d:\a\K-Meleon-R\K-Meleon-R\goanna\obj-x64\dist\include\nss\secoidt.h(34): note: see declaration of 'SECOidTag'
 4:09.48 d:\a\K-Meleon-R\K-Meleon-R\goanna\security\manager\ssl\src\ScopedNSSTypes.h(217): warning C4061: enumerator 'SEC_OID_ANSIX962_EC_C2PNB163V3' in switch of enum 'SECOidTag' is not explicitly handled by a case label
 4:09.48 d:\a\K-Meleon-R\K-Meleon-R\goanna\obj-x64\dist\include\nss\secoidt.h(34): note: see declaration of 'SECOidTag'
 4:09.48 d:\a\K-Meleon-R\K-Meleon-R\goanna\security\manager\ssl\src\ScopedNSSTypes.h(217): warning C4061: enumerator 'SEC_OID_ANSIX962_EC_C2PNB176V1' in switch of enum 'SECOidTag' is not explicitly handled by a case label
 4:09.48 d:\a\K-Meleon-R\K-Meleon-R\goanna\obj-x64\dist\include\nss\secoidt.h(34): note: see declaration of 'SECOidTag'
 4:09.48 d:\a\K-Meleon-R\K-Meleon-R\goanna\security\manager\ssl\src\ScopedNSSTypes.h(217): warning C4061: enumerator 'SEC_OID_ANSIX962_EC_C2TNB191V1' in switch of enum 'SECOidTag' is not explicitly handled by a case label
 4:09.48 d:\a\K-Meleon-R\K-Meleon-R\goanna\obj-x64\dist\include\nss\secoidt.h(34): note: see declaration of 'SECOidTag'
 4:09.48 d:\a\K-Meleon-R\K-Meleon-R\goanna\security\manager\ssl\src\ScopedNSSTypes.h(217): warning C4061: enumerator 'SEC_OID_ANSIX962_EC_C2TNB191V2' in switch of enum 'SECOidTag' is not explicitly handled by a case label
 4:09.48 d:\a\K-Meleon-R\K-Meleon-R\goanna\obj-x64\dist\include\nss\secoidt.h(34): note: see declaration of 'SECOidTag'
 4:09.48 d:\a\K-Meleon-R\K-Meleon-R\goanna\security\manager\ssl\src\ScopedNSSTypes.h(217): warning C4061: enumerator 'SEC_OID_ANSIX962_EC_C2TNB191V3' in switch of enum 'SECOidTag' is not explicitly handled by a case label
 4:09.48 d:\a\K-Meleon-R\K-Meleon-R\goanna\obj-x64\dist\include\nss\secoidt.h(34): note: see declaration of 'SECOidTag'
 4:09.48 d:\a\K-Meleon-R\K-Meleon-R\goanna\security\manager\ssl\src\ScopedNSSTypes.h(217): warning C4061: enumerator 'SEC_OID_ANSIX962_EC_C2ONB191V4' in switch of enum 'SECOidTag' is not explicitly handled by a case label
 4:09.48 d:\a\K-Meleon-R\K-Meleon-R\goanna\obj-x64\dist\include\nss\secoidt.h(34): note: see declaration of 'SECOidTag'
 4:09.48 d:\a\K-Meleon-R\K-Meleon-R\goanna\security\manager\ssl\src\ScopedNSSTypes.h(217): warning C4061: enumerator 'SEC_OID_ANSIX962_EC_C2ONB191V5' in switch of enum 'SECOidTag' is not explicitly handled by a case label
 4:09.48 d:\a\K-Meleon-R\K-Meleon-R\goanna\obj-x64\dist\include\nss\secoidt.h(34): note: see declaration of 'SECOidTag'
 4:09.48 d:\a\K-Meleon-R\K-Meleon-R\goanna\security\manager\ssl\src\ScopedNSSTypes.h(217): warning C4061: enumerator 'SEC_OID_ANSIX962_EC_C2PNB208W1' in switch of enum 'SECOidTag' is not explicitly handled by a case label
 4:09.48 d:\a\K-Meleon-R\K-Meleon-R\goanna\obj-x64\dist\include\nss\secoidt.h(34): note: see declaration of 'SECOidTag'
 4:09.48 d:\a\K-Meleon-R\K-Meleon-R\goanna\security\manager\ssl\src\ScopedNSSTypes.h(217): warning C4061: enumerator 'SEC_OID_ANSIX962_EC_C2TNB239V1' in switch of enum 'SECOidTag' is not explicitly handled by a case label
 4:09.48 d:\a\K-Meleon-R\K-Meleon-R\goanna\obj-x64\dist\include\nss\secoidt.h(34): note: see declaration of 'SECOidTag'
 4:09.48 d:\a\K-Meleon-R\K-Meleon-R\goanna\security\manager\ssl\src\ScopedNSSTypes.h(217): warning C4061: enumerator 'SEC_OID_ANSIX962_EC_C2TNB239V2' in switch of enum 'SECOidTag' is not explicitly handled by a case label
 4:09.48 d:\a\K-Meleon-R\K-Meleon-R\goanna\obj-x64\dist\include\nss\secoidt.h(34): note: see declaration of 'SECOidTag'
 4:09.48 d:\a\K-Meleon-R\K-Meleon-R\goanna\security\manager\ssl\src\ScopedNSSTypes.h(217): warning C4061: enumerator 'SEC_OID_ANSIX962_EC_C2TNB239V3' in switch of enum 'SECOidTag' is not explicitly handled by a case label
 4:09.48 d:\a\K-Meleon-R\K-Meleon-R\goanna\obj-x64\dist\include\nss\secoidt.h(34): note: see declaration of 'SECOidTag'
 4:09.48 d:\a\K-Meleon-R\K-Meleon-R\goanna\security\manager\ssl\src\ScopedNSSTypes.h(217): warning C4061: enumerator 'SEC_OID_ANSIX962_EC_C2ONB239V4' in switch of enum 'SECOidTag' is not explicitly handled by a case label
 4:09.48 d:\a\K-Meleon-R\K-Meleon-R\goanna\obj-x64\dist\include\nss\secoidt.h(34): note: see declaration of 'SECOidTag'
 4:09.48 d:\a\K-Meleon-R\K-Meleon-R\goanna\security\manager\ssl\src\ScopedNSSTypes.h(217): warning C4061: enumerator 'SEC_OID_ANSIX962_EC_C2ONB239V5' in switch of enum 'SECOidTag' is not explicitly handled by a case label
 4:09.48 d:\a\K-Meleon-R\K-Meleon-R\goanna\obj-x64\dist\include\nss\secoidt.h(34): note: see declaration of 'SECOidTag'
 4:09.48 d:\a\K-Meleon-R\K-Meleon-R\goanna\security\manager\ssl\src\ScopedNSSTypes.h(217): warning C4061: enumerator 'SEC_OID_ANSIX962_EC_C2PNB272W1' in switch of enum 'SECOidTag' is not explicitly handled by a case label
 4:09.48 d:\a\K-Meleon-R\K-Meleon-R\goanna\obj-x64\dist\include\nss\secoidt.h(34): note: see declaration of 'SECOidTag'
 4:09.48 d:\a\K-Meleon-R\K-Meleon-R\goanna\security\manager\ssl\src\ScopedNSSTypes.h(217): warning C4061: enumerator 'SEC_OID_ANSIX962_EC_C2PNB304W1' in switch of enum 'SECOidTag' is not explicitly handled by a case label
 4:09.48 d:\a\K-Meleon-R\K-Meleon-R\goanna\obj-x64\dist\include\nss\secoidt.h(34): note: see declaration of 'SECOidTag'
 4:09.48 d:\a\K-Meleon-R\K-Meleon-R\goanna\security\manager\ssl\src\ScopedNSSTypes.h(217): warning C4061: enumerator 'SEC_OID_ANSIX962_EC_C2TNB359V1' in switch of enum 'SECOidTag' is not explicitly handled by a case label
 4:09.48 d:\a\K-Meleon-R\K-Meleon-R\goanna\obj-x64\dist\include\nss\secoidt.h(34): note: see declaration of 'SECOidTag'
 4:09.48 d:\a\K-Meleon-R\K-Meleon-R\goanna\security\manager\ssl\src\ScopedNSSTypes.h(217): warning C4061: enumerator 'SEC_OID_ANSIX962_EC_C2PNB368W1' in switch of enum 'SECOidTag' is not explicitly handled by a case label
 4:09.48 d:\a\K-Meleon-R\K-Meleon-R\goanna\obj-x64\dist\include\nss\secoidt.h(34): note: see declaration of 'SECOidTag'
 4:09.48 d:\a\K-Meleon-R\K-Meleon-R\goanna\security\manager\ssl\src\ScopedNSSTypes.h(217): warning C4061: enumerator 'SEC_OID_ANSIX962_EC_C2TNB431R1' in switch of enum 'SECOidTag' is not explicitly handled by a case label
 4:09.48 d:\a\K-Meleon-R\K-Meleon-R\goanna\obj-x64\dist\include\nss\secoidt.h(34): note: see declaration of 'SECOidTag'
 4:09.48 d:\a\K-Meleon-R\K-Meleon-R\goanna\security\manager\ssl\src\ScopedNSSTypes.h(217): warning C4061: enumerator 'SEC_OID_SECG_EC_SECT113R1' in switch of enum 'SECOidTag' is not explicitly handled by a case label
 4:09.48 d:\a\K-Meleon-R\K-Meleon-R\goanna\obj-x64\dist\include\nss\secoidt.h(34): note: see declaration of 'SECOidTag'
 4:09.48 d:\a\K-Meleon-R\K-Meleon-R\goanna\security\manager\ssl\src\ScopedNSSTypes.h(217): warning C4061: enumerator 'SEC_OID_SECG_EC_SECT113R2' in switch of enum 'SECOidTag' is not explicitly handled by a case label
 4:09.48 d:\a\K-Meleon-R\K-Meleon-R\goanna\obj-x64\dist\include\nss\secoidt.h(34): note: see declaration of 'SECOidTag'
 4:09.48 d:\a\K-Meleon-R\K-Meleon-R\goanna\security\manager\ssl\src\ScopedNSSTypes.h(217): warning C4061: enumerator 'SEC_OID_SECG_EC_SECT131R1' in switch of enum 'SECOidTag' is not explicitly handled by a case label
 4:09.48 d:\a\K-Meleon-R\K-Meleon-R\goanna\obj-x64\dist\include\nss\secoidt.h(34): note: see declaration of 'SECOidTag'
 4:09.48 d:\a\K-Meleon-R\K-Meleon-R\goanna\security\manager\ssl\src\ScopedNSSTypes.h(217): warning C4061: enumerator 'SEC_OID_SECG_EC_SECT131R2' in switch of enum 'SECOidTag' is not explicitly handled by a case label
 4:09.48 d:\a\K-Meleon-R\K-Meleon-R\goanna\obj-x64\dist\include\nss\secoidt.h(34): note: see declaration of 'SECOidTag'
 4:09.48 d:\a\K-Meleon-R\K-Meleon-R\goanna\security\manager\ssl\src\ScopedNSSTypes.h(217): warning C4061: enumerator 'SEC_OID_SECG_EC_SECT163K1' in switch of enum 'SECOidTag' is not explicitly handled by a case label
 4:09.48 d:\a\K-Meleon-R\K-Meleon-R\goanna\obj-x64\dist\include\nss\secoidt.h(34): note: see declaration of 'SECOidTag'
 4:09.48 d:\a\K-Meleon-R\K-Meleon-R\goanna\security\manager\ssl\src\ScopedNSSTypes.h(217): warning C4061: enumerator 'SEC_OID_SECG_EC_SECT163R1' in switch of enum 'SECOidTag' is not explicitly handled by a case label
 4:09.48 d:\a\K-Meleon-R\K-Meleon-R\goanna\obj-x64\dist\include\nss\secoidt.h(34): note: see declaration of 'SECOidTag'
 4:09.48 d:\a\K-Meleon-R\K-Meleon-R\goanna\security\manager\ssl\src\ScopedNSSTypes.h(217): warning C4061: enumerator 'SEC_OID_SECG_EC_SECT163R2' in switch of enum 'SECOidTag' is not explicitly handled by a case label
 4:09.48 d:\a\K-Meleon-R\K-Meleon-R\goanna\obj-x64\dist\include\nss\secoidt.h(34): note: see declaration of 'SECOidTag'
 4:09.48 d:\a\K-Meleon-R\K-Meleon-R\goanna\security\manager\ssl\src\ScopedNSSTypes.h(217): warning C4061: enumerator 'SEC_OID_SECG_EC_SECT193R1' in switch of enum 'SECOidTag' is not explicitly handled by a case label
 4:09.48 d:\a\K-Meleon-R\K-Meleon-R\goanna\obj-x64\dist\include\nss\secoidt.h(34): note: see declaration of 'SECOidTag'
 4:09.48 d:\a\K-Meleon-R\K-Meleon-R\goanna\security\manager\ssl\src\ScopedNSSTypes.h(217): warning C4061: enumerator 'SEC_OID_SECG_EC_SECT193R2' in switch of enum 'SECOidTag' is not explicitly handled by a case label
 4:09.48 d:\a\K-Meleon-R\K-Meleon-R\goanna\obj-x64\dist\include\nss\secoidt.h(34): note: see declaration of 'SECOidTag'
 4:09.48 d:\a\K-Meleon-R\K-Meleon-R\goanna\security\manager\ssl\src\ScopedNSSTypes.h(217): warning C4061: enumerator 'SEC_OID_SECG_EC_SECT233K1' in switch of enum 'SECOidTag' is not explicitly handled by a case label
 4:09.48 d:\a\K-Meleon-R\K-Meleon-R\goanna\obj-x64\dist\include\nss\secoidt.h(34): note: see declaration of 'SECOidTag'
 4:09.48 d:\a\K-Meleon-R\K-Meleon-R\goanna\security\manager\ssl\src\ScopedNSSTypes.h(217): warning C4061: enumerator 'SEC_OID_SECG_EC_SECT233R1' in switch of enum 'SECOidTag' is not explicitly handled by a case label
 4:09.48 d:\a\K-Meleon-R\K-Meleon-R\goanna\obj-x64\dist\include\nss\secoidt.h(34): note: see declaration of 'SECOidTag'
 4:09.48 d:\a\K-Meleon-R\K-Meleon-R\goanna\security\manager\ssl\src\ScopedNSSTypes.h(217): warning C4061: enumerator 'SEC_OID_SECG_EC_SECT239K1' in switch of enum 'SECOidTag' is not explicitly handled by a case label
 4:09.48 d:\a\K-Meleon-R\K-Meleon-R\goanna\obj-x64\dist\include\nss\secoidt.h(34): note: see declaration of 'SECOidTag'
 4:09.48 d:\a\K-Meleon-R\K-Meleon-R\goanna\security\manager\ssl\src\ScopedNSSTypes.h(217): warning C4061: enumerator 'SEC_OID_SECG_EC_SECT283K1' in switch of enum 'SECOidTag' is not explicitly handled by a case label
 4:09.48 d:\a\K-Meleon-R\K-Meleon-R\goanna\obj-x64\dist\include\nss\secoidt.h(34): note: see declaration of 'SECOidTag'
 4:09.48 d:\a\K-Meleon-R\K-Meleon-R\goanna\security\manager\ssl\src\ScopedNSSTypes.h(217): warning C4061: enumerator 'SEC_OID_SECG_EC_SECT283R1' in switch of enum 'SECOidTag' is not explicitly handled by a case label
 4:09.48 d:\a\K-Meleon-R\K-Meleon-R\goanna\obj-x64\dist\include\nss\secoidt.h(34): note: see declaration of 'SECOidTag'
 4:09.48 d:\a\K-Meleon-R\K-Meleon-R\goanna\security\manager\ssl\src\ScopedNSSTypes.h(217): warning C4061: enumerator 'SEC_OID_SECG_EC_SECT409K1' in switch of enum 'SECOidTag' is not explicitly handled by a case label
 4:09.48 d:\a\K-Meleon-R\K-Meleon-R\goanna\obj-x64\dist\include\nss\secoidt.h(34): note: see declaration of 'SECOidTag'
 4:09.48 d:\a\K-Meleon-R\K-Meleon-R\goanna\security\manager\ssl\src\ScopedNSSTypes.h(217): warning C4061: enumerator 'SEC_OID_SECG_EC_SECT409R1' in switch of enum 'SECOidTag' is not explicitly handled by a case label
 4:09.48 d:\a\K-Meleon-R\K-Meleon-R\goanna\obj-x64\dist\include\nss\secoidt.h(34): note: see declaration of 'SECOidTag'
 4:09.48 d:\a\K-Meleon-R\K-Meleon-R\goanna\security\manager\ssl\src\ScopedNSSTypes.h(217): warning C4061: enumerator 'SEC_OID_SECG_EC_SECT571K1' in switch of enum 'SECOidTag' is not explicitly handled by a case label
 4:09.48 d:\a\K-Meleon-R\K-Meleon-R\goanna\obj-x64\dist\include\nss\secoidt.h(34): note: see declaration of 'SECOidTag'
 4:09.48 d:\a\K-Meleon-R\K-Meleon-R\goanna\security\manager\ssl\src\ScopedNSSTypes.h(217): warning C4061: enumerator 'SEC_OID_SECG_EC_SECT571R1' in switch of enum 'SECOidTag' is not explicitly handled by a case label
 4:09.48 d:\a\K-Meleon-R\K-Meleon-R\goanna\obj-x64\dist\include\nss\secoidt.h(34): note: see declaration of 'SECOidTag'
 4:09.48 d:\a\K-Meleon-R\K-Meleon-R\goanna\security\manager\ssl\src\ScopedNSSTypes.h(217): warning C4061: enumerator 'SEC_OID_NETSCAPE_AOLSCREENNAME' in switch of enum 'SECOidTag' is not explicitly handled by a case label
 4:09.48 d:\a\K-Meleon-R\K-Meleon-R\goanna\obj-x64\dist\include\nss\secoidt.h(34): note: see declaration of 'SECOidTag'
 4:09.48 d:\a\K-Meleon-R\K-Meleon-R\goanna\security\manager\ssl\src\ScopedNSSTypes.h(217): warning C4061: enumerator 'SEC_OID_AVA_SURNAME' in switch of enum 'SECOidTag' is not explicitly handled by a case label
 4:09.48 d:\a\K-Meleon-R\K-Meleon-R\goanna\obj-x64\dist\include\nss\secoidt.h(34): note: see declaration of 'SECOidTag'
 4:09.48 d:\a\K-Meleon-R\K-Meleon-R\goanna\security\manager\ssl\src\ScopedNSSTypes.h(217): warning C4061: enumerator 'SEC_OID_AVA_SERIAL_NUMBER' in switch of enum 'SECOidTag' is not explicitly handled by a case label
 4:09.48 d:\a\K-Meleon-R\K-Meleon-R\goanna\obj-x64\dist\include\nss\secoidt.h(34): note: see declaration of 'SECOidTag'
 4:09.48 d:\a\K-Meleon-R\K-Meleon-R\goanna\security\manager\ssl\src\ScopedNSSTypes.h(217): warning C4061: enumerator 'SEC_OID_AVA_STREET_ADDRESS' in switch of enum 'SECOidTag' is not explicitly handled by a case label
 4:09.48 d:\a\K-Meleon-R\K-Meleon-R\goanna\obj-x64\dist\include\nss\secoidt.h(34): note: see declaration of 'SECOidTag'
 4:09.48 d:\a\K-Meleon-R\K-Meleon-R\goanna\security\manager\ssl\src\ScopedNSSTypes.h(217): warning C4061: enumerator 'SEC_OID_AVA_TITLE' in switch of enum 'SECOidTag' is not explicitly handled by a case label
 4:09.48 d:\a\K-Meleon-R\K-Meleon-R\goanna\obj-x64\dist\include\nss\secoidt.h(34): note: see declaration of 'SECOidTag'
 4:09.48 d:\a\K-Meleon-R\K-Meleon-R\goanna\security\manager\ssl\src\ScopedNSSTypes.h(217): warning C4061: enumerator 'SEC_OID_AVA_POSTAL_ADDRESS' in switch of enum 'SECOidTag' is not explicitly handled by a case label
 4:09.48 d:\a\K-Meleon-R\K-Meleon-R\goanna\obj-x64\dist\include\nss\secoidt.h(34): note: see declaration of 'SECOidTag'
 4:09.48 d:\a\K-Meleon-R\K-Meleon-R\goanna\security\manager\ssl\src\ScopedNSSTypes.h(217): warning C4061: enumerator 'SEC_OID_AVA_POSTAL_CODE' in switch of enum 'SECOidTag' is not explicitly handled by a case label
 4:09.48 d:\a\K-Meleon-R\K-Meleon-R\goanna\obj-x64\dist\include\nss\secoidt.h(34): note: see declaration of 'SECOidTag'
 4:09.48 d:\a\K-Meleon-R\K-Meleon-R\goanna\security\manager\ssl\src\ScopedNSSTypes.h(217): warning C4061: enumerator 'SEC_OID_AVA_POST_OFFICE_BOX' in switch of enum 'SECOidTag' is not explicitly handled by a case label
 4:09.48 d:\a\K-Meleon-R\K-Meleon-R\goanna\obj-x64\dist\include\nss\secoidt.h(34): note: see declaration of 'SECOidTag'
 4:09.48 d:\a\K-Meleon-R\K-Meleon-R\goanna\security\manager\ssl\src\ScopedNSSTypes.h(217): warning C4061: enumerator 'SEC_OID_AVA_GIVEN_NAME' in switch of enum 'SECOidTag' is not explicitly handled by a case label
 4:09.48 d:\a\K-Meleon-R\K-Meleon-R\goanna\obj-x64\dist\include\nss\secoidt.h(34): note: see declaration of 'SECOidTag'
 4:09.48 d:\a\K-Meleon-R\K-Meleon-R\goanna\security\manager\ssl\src\ScopedNSSTypes.h(217): warning C4061: enumerator 'SEC_OID_AVA_INITIALS' in switch of enum 'SECOidTag' is not explicitly handled by a case label
 4:09.48 d:\a\K-Meleon-R\K-Meleon-R\goanna\obj-x64\dist\include\nss\secoidt.h(34): note: see declaration of 'SECOidTag'
 4:09.48 d:\a\K-Meleon-R\K-Meleon-R\goanna\security\manager\ssl\src\ScopedNSSTypes.h(217): warning C4061: enumerator 'SEC_OID_AVA_GENERATION_QUALIFIER' in switch of enum 'SECOidTag' is not explicitly handled by a case label
 4:09.48 d:\a\K-Meleon-R\K-Meleon-R\goanna\obj-x64\dist\include\nss\secoidt.h(34): note: see declaration of 'SECOidTag'
 4:09.48 d:\a\K-Meleon-R\K-Meleon-R\goanna\security\manager\ssl\src\ScopedNSSTypes.h(217): warning C4061: enumerator 'SEC_OID_AVA_HOUSE_IDENTIFIER' in switch of enum 'SECOidTag' is not explicitly handled by a case label
 4:09.48 d:\a\K-Meleon-R\K-Meleon-R\goanna\obj-x64\dist\include\nss\secoidt.h(34): note: see declaration of 'SECOidTag'
 4:09.48 d:\a\K-Meleon-R\K-Meleon-R\goanna\security\manager\ssl\src\ScopedNSSTypes.h(217): warning C4061: enumerator 'SEC_OID_AVA_PSEUDONYM' in switch of enum 'SECOidTag' is not explicitly handled by a case label
 4:09.48 d:\a\K-Meleon-R\K-Meleon-R\goanna\obj-x64\dist\include\nss\secoidt.h(34): note: see declaration of 'SECOidTag'
 4:09.48 d:\a\K-Meleon-R\K-Meleon-R\goanna\security\manager\ssl\src\ScopedNSSTypes.h(217): warning C4061: enumerator 'SEC_OID_PKIX_CA_ISSUERS' in switch of enum 'SECOidTag' is not explicitly handled by a case label
 4:09.48 d:\a\K-Meleon-R\K-Meleon-R\goanna\obj-x64\dist\include\nss\secoidt.h(34): note: see declaration of 'SECOidTag'
 4:09.48 d:\a\K-Meleon-R\K-Meleon-R\goanna\security\manager\ssl\src\ScopedNSSTypes.h(217): warning C4061: enumerator 'SEC_OID_PKCS9_EXTENSION_REQUEST' in switch of enum 'SECOidTag' is not explicitly handled by a case label
 4:09.48 d:\a\K-Meleon-R\K-Meleon-R\goanna\obj-x64\dist\include\nss\secoidt.h(34): note: see declaration of 'SECOidTag'
 4:09.48 d:\a\K-Meleon-R\K-Meleon-R\goanna\security\manager\ssl\src\ScopedNSSTypes.h(217): warning C4061: enumerator 'SEC_OID_ANSIX962_ECDSA_SIGNATURE_RECOMMENDED_DIGEST' in switch of enum 'SECOidTag' is not explicitly handled by a case label
 4:09.48 d:\a\K-Meleon-R\K-Meleon-R\goanna\obj-x64\dist\include\nss\secoidt.h(34): note: see declaration of 'SECOidTag'
 4:09.48 d:\a\K-Meleon-R\K-Meleon-R\goanna\security\manager\ssl\src\ScopedNSSTypes.h(217): warning C4061: enumerator 'SEC_OID_ANSIX962_ECDSA_SIGNATURE_SPECIFIED_DIGEST' in switch of enum 'SECOidTag' is not explicitly handled by a case label
 4:09.48 d:\a\K-Meleon-R\K-Meleon-R\goanna\obj-x64\dist\include\nss\secoidt.h(34): note: see declaration of 'SECOidTag'
 4:09.48 d:\a\K-Meleon-R\K-Meleon-R\goanna\security\manager\ssl\src\ScopedNSSTypes.h(217): warning C4061: enumerator 'SEC_OID_ANSIX962_ECDSA_SHA224_SIGNATURE' in switch of enum 'SECOidTag' is not explicitly handled by a case label
 4:09.48 d:\a\K-Meleon-R\K-Meleon-R\goanna\obj-x64\dist\include\nss\secoidt.h(34): note: see declaration of 'SECOidTag'
 4:09.48 d:\a\K-Meleon-R\K-Meleon-R\goanna\security\manager\ssl\src\ScopedNSSTypes.h(217): warning C4061: enumerator 'SEC_OID_ANSIX962_ECDSA_SHA256_SIGNATURE' in switch of enum 'SECOidTag' is not explicitly handled by a case label
 4:09.48 d:\a\K-Meleon-R\K-Meleon-R\goanna\obj-x64\dist\include\nss\secoidt.h(34): note: see declaration of 'SECOidTag'
 4:09.48 d:\a\K-Meleon-R\K-Meleon-R\goanna\security\manager\ssl\src\ScopedNSSTypes.h(217): warning C4061: enumerator 'SEC_OID_ANSIX962_ECDSA_SHA384_SIGNATURE' in switch of enum 'SECOidTag' is not explicitly handled by a case label
 4:09.48 d:\a\K-Meleon-R\K-Meleon-R\goanna\obj-x64\dist\include\nss\secoidt.h(34): note: see declaration of 'SECOidTag'
 4:09.48 d:\a\K-Meleon-R\K-Meleon-R\goanna\security\manager\ssl\src\ScopedNSSTypes.h(217): warning C4061: enumerator 'SEC_OID_ANSIX962_ECDSA_SHA512_SIGNATURE' in switch of enum 'SECOidTag' is not explicitly handled by a case label
 4:09.48 d:\a\K-Meleon-R\K-Meleon-R\goanna\obj-x64\dist\include\nss\secoidt.h(34): note: see declaration of 'SECOidTag'
 4:09.48 d:\a\K-Meleon-R\K-Meleon-R\goanna\security\manager\ssl\src\ScopedNSSTypes.h(217): warning C4061: enumerator 'SEC_OID_X509_HOLD_INSTRUCTION_CODE' in switch of enum 'SECOidTag' is not explicitly handled by a case label
 4:09.48 d:\a\K-Meleon-R\K-Meleon-R\goanna\obj-x64\dist\include\nss\secoidt.h(34): note: see declaration of 'SECOidTag'
 4:09.48 d:\a\K-Meleon-R\K-Meleon-R\goanna\security\manager\ssl\src\ScopedNSSTypes.h(217): warning C4061: enumerator 'SEC_OID_X509_DELTA_CRL_INDICATOR' in switch of enum 'SECOidTag' is not explicitly handled by a case label
 4:09.48 d:\a\K-Meleon-R\K-Meleon-R\goanna\obj-x64\dist\include\nss\secoidt.h(34): note: see declaration of 'SECOidTag'
 4:09.48 d:\a\K-Meleon-R\K-Meleon-R\goanna\security\manager\ssl\src\ScopedNSSTypes.h(217): warning C4061: enumerator 'SEC_OID_X509_ISSUING_DISTRIBUTION_POINT' in switch of enum 'SECOidTag' is not explicitly handled by a case label
 4:09.48 d:\a\K-Meleon-R\K-Meleon-R\goanna\obj-x64\dist\include\nss\secoidt.h(34): note: see declaration of 'SECOidTag'
 4:09.48 d:\a\K-Meleon-R\K-Meleon-R\goanna\security\manager\ssl\src\ScopedNSSTypes.h(217): warning C4061: enumerator 'SEC_OID_X509_CERT_ISSUER' in switch of enum 'SECOidTag' is not explicitly handled by a case label
 4:09.48 d:\a\K-Meleon-R\K-Meleon-R\goanna\obj-x64\dist\include\nss\secoidt.h(34): note: see declaration of 'SECOidTag'
 4:09.48 d:\a\K-Meleon-R\K-Meleon-R\goanna\security\manager\ssl\src\ScopedNSSTypes.h(217): warning C4061: enumerator 'SEC_OID_X509_FRESHEST_CRL' in switch of enum 'SECOidTag' is not explicitly handled by a case label
 4:09.48 d:\a\K-Meleon-R\K-Meleon-R\goanna\obj-x64\dist\include\nss\secoidt.h(34): note: see declaration of 'SECOidTag'
 4:09.48 d:\a\K-Meleon-R\K-Meleon-R\goanna\security\manager\ssl\src\ScopedNSSTypes.h(217): warning C4061: enumerator 'SEC_OID_X509_INHIBIT_ANY_POLICY' in switch of enum 'SECOidTag' is not explicitly handled by a case label
 4:09.48 d:\a\K-Meleon-R\K-Meleon-R\goanna\obj-x64\dist\include\nss\secoidt.h(34): note: see declaration of 'SECOidTag'
 4:09.48 d:\a\K-Meleon-R\K-Meleon-R\goanna\security\manager\ssl\src\ScopedNSSTypes.h(217): warning C4061: enumerator 'SEC_OID_X509_SUBJECT_INFO_ACCESS' in switch of enum 'SECOidTag' is not explicitly handled by a case label
 4:09.48 d:\a\K-Meleon-R\K-Meleon-R\goanna\obj-x64\dist\include\nss\secoidt.h(34): note: see declaration of 'SECOidTag'
 4:09.48 d:\a\K-Meleon-R\K-Meleon-R\goanna\security\manager\ssl\src\ScopedNSSTypes.h(217): warning C4061: enumerator 'SEC_OID_CAMELLIA_128_CBC' in switch of enum 'SECOidTag' is not explicitly handled by a case label
 4:09.48 d:\a\K-Meleon-R\K-Meleon-R\goanna\obj-x64\dist\include\nss\secoidt.h(34): note: see declaration of 'SECOidTag'
 4:09.48 d:\a\K-Meleon-R\K-Meleon-R\goanna\security\manager\ssl\src\ScopedNSSTypes.h(217): warning C4061: enumerator 'SEC_OID_CAMELLIA_192_CBC' in switch of enum 'SECOidTag' is not explicitly handled by a case label
 4:09.48 d:\a\K-Meleon-R\K-Meleon-R\goanna\obj-x64\dist\include\nss\secoidt.h(34): note: see declaration of 'SECOidTag'
 4:09.48 d:\a\K-Meleon-R\K-Meleon-R\goanna\security\manager\ssl\src\ScopedNSSTypes.h(217): warning C4061: enumerator 'SEC_OID_CAMELLIA_256_CBC' in switch of enum 'SECOidTag' is not explicitly handled by a case label
 4:09.48 d:\a\K-Meleon-R\K-Meleon-R\goanna\obj-x64\dist\include\nss\secoidt.h(34): note: see declaration of 'SECOidTag'
 4:09.48 d:\a\K-Meleon-R\K-Meleon-R\goanna\security\manager\ssl\src\ScopedNSSTypes.h(217): warning C4061: enumerator 'SEC_OID_PKCS5_PBKDF2' in switch of enum 'SECOidTag' is not explicitly handled by a case label
 4:09.48 d:\a\K-Meleon-R\K-Meleon-R\goanna\obj-x64\dist\include\nss\secoidt.h(34): note: see declaration of 'SECOidTag'
 4:09.48 d:\a\K-Meleon-R\K-Meleon-R\goanna\security\manager\ssl\src\ScopedNSSTypes.h(217): warning C4061: enumerator 'SEC_OID_PKCS5_PBES2' in switch of enum 'SECOidTag' is not explicitly handled by a case label
 4:09.48 d:\a\K-Meleon-R\K-Meleon-R\goanna\obj-x64\dist\include\nss\secoidt.h(34): note: see declaration of 'SECOidTag'
 4:09.48 d:\a\K-Meleon-R\K-Meleon-R\goanna\security\manager\ssl\src\ScopedNSSTypes.h(217): warning C4061: enumerator 'SEC_OID_PKCS5_PBMAC1' in switch of enum 'SECOidTag' is not explicitly handled by a case label
 4:09.48 d:\a\K-Meleon-R\K-Meleon-R\goanna\obj-x64\dist\include\nss\secoidt.h(34): note: see declaration of 'SECOidTag'
 4:09.48 d:\a\K-Meleon-R\K-Meleon-R\goanna\security\manager\ssl\src\ScopedNSSTypes.h(217): warning C4061: enumerator 'SEC_OID_HMAC_SHA1' in switch of enum 'SECOidTag' is not explicitly handled by a case label
 4:09.48 d:\a\K-Meleon-R\K-Meleon-R\goanna\obj-x64\dist\include\nss\secoidt.h(34): note: see declaration of 'SECOidTag'
 4:09.48 d:\a\K-Meleon-R\K-Meleon-R\goanna\security\manager\ssl\src\ScopedNSSTypes.h(217): warning C4061: enumerator 'SEC_OID_HMAC_SHA224' in switch of enum 'SECOidTag' is not explicitly handled by a case label
 4:09.48 d:\a\K-Meleon-R\K-Meleon-R\goanna\obj-x64\dist\include\nss\secoidt.h(34): note: see declaration of 'SECOidTag'
 4:09.48 d:\a\K-Meleon-R\K-Meleon-R\goanna\security\manager\ssl\src\ScopedNSSTypes.h(217): warning C4061: enumerator 'SEC_OID_HMAC_SHA256' in switch of enum 'SECOidTag' is not explicitly handled by a case label
 4:09.48 d:\a\K-Meleon-R\K-Meleon-R\goanna\obj-x64\dist\include\nss\secoidt.h(34): note: see declaration of 'SECOidTag'
 4:09.48 d:\a\K-Meleon-R\K-Meleon-R\goanna\security\manager\ssl\src\ScopedNSSTypes.h(217): warning C4061: enumerator 'SEC_OID_HMAC_SHA384' in switch of enum 'SECOidTag' is not explicitly handled by a case label
 4:09.48 d:\a\K-Meleon-R\K-Meleon-R\goanna\obj-x64\dist\include\nss\secoidt.h(34): note: see declaration of 'SECOidTag'
 4:09.48 d:\a\K-Meleon-R\K-Meleon-R\goanna\security\manager\ssl\src\ScopedNSSTypes.h(217): warning C4061: enumerator 'SEC_OID_HMAC_SHA512' in switch of enum 'SECOidTag' is not explicitly handled by a case label
 4:09.48 d:\a\K-Meleon-R\K-Meleon-R\goanna\obj-x64\dist\include\nss\secoidt.h(34): note: see declaration of 'SECOidTag'
 4:09.48 d:\a\K-Meleon-R\K-Meleon-R\goanna\security\manager\ssl\src\ScopedNSSTypes.h(217): warning C4061: enumerator 'SEC_OID_PKIX_TIMESTAMPING' in switch of enum 'SECOidTag' is not explicitly handled by a case label
 4:09.48 d:\a\K-Meleon-R\K-Meleon-R\goanna\obj-x64\dist\include\nss\secoidt.h(34): note: see declaration of 'SECOidTag'
 4:09.48 d:\a\K-Meleon-R\K-Meleon-R\goanna\security\manager\ssl\src\ScopedNSSTypes.h(217): warning C4061: enumerator 'SEC_OID_PKIX_CA_REPOSITORY' in switch of enum 'SECOidTag' is not explicitly handled by a case label
 4:09.48 d:\a\K-Meleon-R\K-Meleon-R\goanna\obj-x64\dist\include\nss\secoidt.h(34): note: see declaration of 'SECOidTag'
 4:09.48 d:\a\K-Meleon-R\K-Meleon-R\goanna\security\manager\ssl\src\ScopedNSSTypes.h(217): warning C4061: enumerator 'SEC_OID_ISO_SHA1_WITH_RSA_SIGNATURE' in switch of enum 'SECOidTag' is not explicitly handled by a case label
 4:09.48 d:\a\K-Meleon-R\K-Meleon-R\goanna\obj-x64\dist\include\nss\secoidt.h(34): note: see declaration of 'SECOidTag'
 4:09.48 d:\a\K-Meleon-R\K-Meleon-R\goanna\security\manager\ssl\src\ScopedNSSTypes.h(217): warning C4061: enumerator 'SEC_OID_SEED_CBC' in switch of enum 'SECOidTag' is not explicitly handled by a case label
 4:09.48 d:\a\K-Meleon-R\K-Meleon-R\goanna\obj-x64\dist\include\nss\secoidt.h(34): note: see declaration of 'SECOidTag'
 4:09.48 d:\a\K-Meleon-R\K-Meleon-R\goanna\security\manager\ssl\src\ScopedNSSTypes.h(217): warning C4061: enumerator 'SEC_OID_X509_ANY_POLICY' in switch of enum 'SECOidTag' is not explicitly handled by a case label
 4:09.48 d:\a\K-Meleon-R\K-Meleon-R\goanna\obj-x64\dist\include\nss\secoidt.h(34): note: see declaration of 'SECOidTag'
 4:09.48 d:\a\K-Meleon-R\K-Meleon-R\goanna\security\manager\ssl\src\ScopedNSSTypes.h(217): warning C4061: enumerator 'SEC_OID_PKCS1_RSA_OAEP_ENCRYPTION' in switch of enum 'SECOidTag' is not explicitly handled by a case label
 4:09.48 d:\a\K-Meleon-R\K-Meleon-R\goanna\obj-x64\dist\include\nss\secoidt.h(34): note: see declaration of 'SECOidTag'
 4:09.48 d:\a\K-Meleon-R\K-Meleon-R\goanna\security\manager\ssl\src\ScopedNSSTypes.h(217): warning C4061: enumerator 'SEC_OID_PKCS1_MGF1' in switch of enum 'SECOidTag' is not explicitly handled by a case label
 4:09.48 d:\a\K-Meleon-R\K-Meleon-R\goanna\obj-x64\dist\include\nss\secoidt.h(34): note: see declaration of 'SECOidTag'
 4:09.48 d:\a\K-Meleon-R\K-Meleon-R\goanna\security\manager\ssl\src\ScopedNSSTypes.h(217): warning C4061: enumerator 'SEC_OID_PKCS1_PSPECIFIED' in switch of enum 'SECOidTag' is not explicitly handled by a case label
 4:09.48 d:\a\K-Meleon-R\K-Meleon-R\goanna\obj-x64\dist\include\nss\secoidt.h(34): note: see declaration of 'SECOidTag'
 4:09.48 d:\a\K-Meleon-R\K-Meleon-R\goanna\security\manager\ssl\src\ScopedNSSTypes.h(217): warning C4061: enumerator 'SEC_OID_PKCS1_RSA_PSS_SIGNATURE' in switch of enum 'SECOidTag' is not explicitly handled by a case label
 4:09.48 d:\a\K-Meleon-R\K-Meleon-R\goanna\obj-x64\dist\include\nss\secoidt.h(34): note: see declaration of 'SECOidTag'
 4:09.48 d:\a\K-Meleon-R\K-Meleon-R\goanna\security\manager\ssl\src\ScopedNSSTypes.h(217): warning C4061: enumerator 'SEC_OID_PKCS1_SHA224_WITH_RSA_ENCRYPTION' in switch of enum 'SECOidTag' is not explicitly handled by a case label
 4:09.48 d:\a\K-Meleon-R\K-Meleon-R\goanna\obj-x64\dist\include\nss\secoidt.h(34): note: see declaration of 'SECOidTag'
 4:09.48 d:\a\K-Meleon-R\K-Meleon-R\goanna\security\manager\ssl\src\ScopedNSSTypes.h(217): warning C4061: enumerator 'SEC_OID_SHA224' in switch of enum 'SECOidTag' is not explicitly handled by a case label
 4:09.48 d:\a\K-Meleon-R\K-Meleon-R\goanna\obj-x64\dist\include\nss\secoidt.h(34): note: see declaration of 'SECOidTag'
 4:09.48 d:\a\K-Meleon-R\K-Meleon-R\goanna\security\manager\ssl\src\ScopedNSSTypes.h(217): warning C4061: enumerator 'SEC_OID_EV_INCORPORATION_LOCALITY' in switch of enum 'SECOidTag' is not explicitly handled by a case label
 4:09.48 d:\a\K-Meleon-R\K-Meleon-R\goanna\obj-x64\dist\include\nss\secoidt.h(34): note: see declaration of 'SECOidTag'
 4:09.48 d:\a\K-Meleon-R\K-Meleon-R\goanna\security\manager\ssl\src\ScopedNSSTypes.h(217): warning C4061: enumerator 'SEC_OID_EV_INCORPORATION_STATE' in switch of enum 'SECOidTag' is not explicitly handled by a case label
 4:09.48 d:\a\K-Meleon-R\K-Meleon-R\goanna\obj-x64\dist\include\nss\secoidt.h(34): note: see declaration of 'SECOidTag'
 4:09.48 d:\a\K-Meleon-R\K-Meleon-R\goanna\security\manager\ssl\src\ScopedNSSTypes.h(217): warning C4061: enumerator 'SEC_OID_EV_INCORPORATION_COUNTRY' in switch of enum 'SECOidTag' is not explicitly handled by a case label
 4:09.48 d:\a\K-Meleon-R\K-Meleon-R\goanna\obj-x64\dist\include\nss\secoidt.h(34): note: see declaration of 'SECOidTag'
 4:09.48 d:\a\K-Meleon-R\K-Meleon-R\goanna\security\manager\ssl\src\ScopedNSSTypes.h(217): warning C4061: enumerator 'SEC_OID_BUSINESS_CATEGORY' in switch of enum 'SECOidTag' is not explicitly handled by a case label
 4:09.48 d:\a\K-Meleon-R\K-Meleon-R\goanna\obj-x64\dist\include\nss\secoidt.h(34): note: see declaration of 'SECOidTag'
 4:09.48 d:\a\K-Meleon-R\K-Meleon-R\goanna\security\manager\ssl\src\ScopedNSSTypes.h(217): warning C4061: enumerator 'SEC_OID_NIST_DSA_SIGNATURE_WITH_SHA224_DIGEST' in switch of enum 'SECOidTag' is not explicitly handled by a case label
 4:09.48 d:\a\K-Meleon-R\K-Meleon-R\goanna\obj-x64\dist\include\nss\secoidt.h(34): note: see declaration of 'SECOidTag'
 4:09.48 d:\a\K-Meleon-R\K-Meleon-R\goanna\security\manager\ssl\src\ScopedNSSTypes.h(217): warning C4061: enumerator 'SEC_OID_NIST_DSA_SIGNATURE_WITH_SHA256_DIGEST' in switch of enum 'SECOidTag' is not explicitly handled by a case label
 4:09.48 d:\a\K-Meleon-R\K-Meleon-R\goanna\obj-x64\dist\include\nss\secoidt.h(34): note: see declaration of 'SECOidTag'
 4:09.48 d:\a\K-Meleon-R\K-Meleon-R\goanna\security\manager\ssl\src\ScopedNSSTypes.h(217): warning C4061: enumerator 'SEC_OID_MS_EXT_KEY_USAGE_CTL_SIGNING' in switch of enum 'SECOidTag' is not explicitly handled by a case label
 4:09.48 d:\a\K-Meleon-R\K-Meleon-R\goanna\obj-x64\dist\include\nss\secoidt.h(34): note: see declaration of 'SECOidTag'
 4:09.48 d:\a\K-Meleon-R\K-Meleon-R\goanna\security\manager\ssl\src\ScopedNSSTypes.h(217): warning C4061: enumerator 'SEC_OID_AVA_NAME' in switch of enum 'SECOidTag' is not explicitly handled by a case label
 4:09.48 d:\a\K-Meleon-R\K-Meleon-R\goanna\obj-x64\dist\include\nss\secoidt.h(34): note: see declaration of 'SECOidTag'
 4:09.48 d:\a\K-Meleon-R\K-Meleon-R\goanna\security\manager\ssl\src\ScopedNSSTypes.h(217): warning C4061: enumerator 'SEC_OID_AES_128_GCM' in switch of enum 'SECOidTag' is not explicitly handled by a case label
 4:09.48 d:\a\K-Meleon-R\K-Meleon-R\goanna\obj-x64\dist\include\nss\secoidt.h(34): note: see declaration of 'SECOidTag'
 4:09.48 d:\a\K-Meleon-R\K-Meleon-R\goanna\security\manager\ssl\src\ScopedNSSTypes.h(217): warning C4061: enumerator 'SEC_OID_AES_192_GCM' in switch of enum 'SECOidTag' is not explicitly handled by a case label
 4:09.48 d:\a\K-Meleon-R\K-Meleon-R\goanna\obj-x64\dist\include\nss\secoidt.h(34): note: see declaration of 'SECOidTag'
 4:09.48 d:\a\K-Meleon-R\K-Meleon-R\goanna\security\manager\ssl\src\ScopedNSSTypes.h(217): warning C4061: enumerator 'SEC_OID_AES_256_GCM' in switch of enum 'SECOidTag' is not explicitly handled by a case label
 4:09.48 d:\a\K-Meleon-R\K-Meleon-R\goanna\obj-x64\dist\include\nss\secoidt.h(34): note: see declaration of 'SECOidTag'
 4:09.48 d:\a\K-Meleon-R\K-Meleon-R\goanna\security\manager\ssl\src\ScopedNSSTypes.h(217): warning C4061: enumerator 'SEC_OID_IDEA_CBC' in switch of enum 'SECOidTag' is not explicitly handled by a case label
 4:09.48 d:\a\K-Meleon-R\K-Meleon-R\goanna\obj-x64\dist\include\nss\secoidt.h(34): note: see declaration of 'SECOidTag'
 4:09.48 d:\a\K-Meleon-R\K-Meleon-R\goanna\security\manager\ssl\src\ScopedNSSTypes.h(217): warning C4061: enumerator 'SEC_OID_RC2_40_CBC' in switch of enum 'SECOidTag' is not explicitly handled by a case label
 4:09.48 d:\a\K-Meleon-R\K-Meleon-R\goanna\obj-x64\dist\include\nss\secoidt.h(34): note: see declaration of 'SECOidTag'
 4:09.48 d:\a\K-Meleon-R\K-Meleon-R\goanna\security\manager\ssl\src\ScopedNSSTypes.h(217): warning C4061: enumerator 'SEC_OID_DES_40_CBC' in switch of enum 'SECOidTag' is not explicitly handled by a case label
 4:09.48 d:\a\K-Meleon-R\K-Meleon-R\goanna\obj-x64\dist\include\nss\secoidt.h(34): note: see declaration of 'SECOidTag'
 4:09.48 d:\a\K-Meleon-R\K-Meleon-R\goanna\security\manager\ssl\src\ScopedNSSTypes.h(217): warning C4061: enumerator 'SEC_OID_RC4_40' in switch of enum 'SECOidTag' is not explicitly handled by a case label
 4:09.48 d:\a\K-Meleon-R\K-Meleon-R\goanna\obj-x64\dist\include\nss\secoidt.h(34): note: see declaration of 'SECOidTag'
 4:09.48 d:\a\K-Meleon-R\K-Meleon-R\goanna\security\manager\ssl\src\ScopedNSSTypes.h(217): warning C4061: enumerator 'SEC_OID_RC4_56' in switch of enum 'SECOidTag' is not explicitly handled by a case label
 4:09.48 d:\a\K-Meleon-R\K-Meleon-R\goanna\obj-x64\dist\include\nss\secoidt.h(34): note: see declaration of 'SECOidTag'
 4:09.48 d:\a\K-Meleon-R\K-Meleon-R\goanna\security\manager\ssl\src\ScopedNSSTypes.h(217): warning C4061: enumerator 'SEC_OID_NULL_CIPHER' in switch of enum 'SECOidTag' is not explicitly handled by a case label
 4:09.48 d:\a\K-Meleon-R\K-Meleon-R\goanna\obj-x64\dist\include\nss\secoidt.h(34): note: see declaration of 'SECOidTag'
 4:09.48 d:\a\K-Meleon-R\K-Meleon-R\goanna\security\manager\ssl\src\ScopedNSSTypes.h(217): warning C4061: enumerator 'SEC_OID_HMAC_MD5' in switch of enum 'SECOidTag' is not explicitly handled by a case label
 4:09.48 d:\a\K-Meleon-R\K-Meleon-R\goanna\obj-x64\dist\include\nss\secoidt.h(34): note: see declaration of 'SECOidTag'
 4:09.48 d:\a\K-Meleon-R\K-Meleon-R\goanna\security\manager\ssl\src\ScopedNSSTypes.h(217): warning C4061: enumerator 'SEC_OID_TLS_RSA' in switch of enum 'SECOidTag' is not explicitly handled by a case label
 4:09.48 d:\a\K-Meleon-R\K-Meleon-R\goanna\obj-x64\dist\include\nss\secoidt.h(34): note: see declaration of 'SECOidTag'
 4:09.48 d:\a\K-Meleon-R\K-Meleon-R\goanna\security\manager\ssl\src\ScopedNSSTypes.h(217): warning C4061: enumerator 'SEC_OID_TLS_DHE_RSA' in switch of enum 'SECOidTag' is not explicitly handled by a case label
 4:09.48 d:\a\K-Meleon-R\K-Meleon-R\goanna\obj-x64\dist\include\nss\secoidt.h(34): note: see declaration of 'SECOidTag'
 4:09.48 d:\a\K-Meleon-R\K-Meleon-R\goanna\security\manager\ssl\src\ScopedNSSTypes.h(217): warning C4061: enumerator 'SEC_OID_TLS_DHE_DSS' in switch of enum 'SECOidTag' is not explicitly handled by a case label
 4:09.48 d:\a\K-Meleon-R\K-Meleon-R\goanna\obj-x64\dist\include\nss\secoidt.h(34): note: see declaration of 'SECOidTag'
 4:09.48 d:\a\K-Meleon-R\K-Meleon-R\goanna\security\manager\ssl\src\ScopedNSSTypes.h(217): warning C4061: enumerator 'SEC_OID_TLS_DH_RSA' in switch of enum 'SECOidTag' is not explicitly handled by a case label
 4:09.48 d:\a\K-Meleon-R\K-Meleon-R\goanna\obj-x64\dist\include\nss\secoidt.h(34): note: see declaration of 'SECOidTag'
 4:09.48 d:\a\K-Meleon-R\K-Meleon-R\goanna\security\manager\ssl\src\ScopedNSSTypes.h(217): warning C4061: enumerator 'SEC_OID_TLS_DH_DSS' in switch of enum 'SECOidTag' is not explicitly handled by a case label
 4:09.48 d:\a\K-Meleon-R\K-Meleon-R\goanna\obj-x64\dist\include\nss\secoidt.h(34): note: see declaration of 'SECOidTag'
 4:09.48 d:\a\K-Meleon-R\K-Meleon-R\goanna\security\manager\ssl\src\ScopedNSSTypes.h(217): warning C4061: enumerator 'SEC_OID_TLS_DH_ANON' in switch of enum 'SECOidTag' is not explicitly handled by a case label
 4:09.48 d:\a\K-Meleon-R\K-Meleon-R\goanna\obj-x64\dist\include\nss\secoidt.h(34): note: see declaration of 'SECOidTag'
 4:09.48 d:\a\K-Meleon-R\K-Meleon-R\goanna\security\manager\ssl\src\ScopedNSSTypes.h(217): warning C4061: enumerator 'SEC_OID_TLS_ECDHE_ECDSA' in switch of enum 'SECOidTag' is not explicitly handled by a case label
 4:09.48 d:\a\K-Meleon-R\K-Meleon-R\goanna\obj-x64\dist\include\nss\secoidt.h(34): note: see declaration of 'SECOidTag'
 4:09.48 d:\a\K-Meleon-R\K-Meleon-R\goanna\security\manager\ssl\src\ScopedNSSTypes.h(217): warning C4061: enumerator 'SEC_OID_TLS_ECDHE_RSA' in switch of enum 'SECOidTag' is not explicitly handled by a case label
 4:09.48 d:\a\K-Meleon-R\K-Meleon-R\goanna\obj-x64\dist\include\nss\secoidt.h(34): note: see declaration of 'SECOidTag'
 4:09.48 d:\a\K-Meleon-R\K-Meleon-R\goanna\security\manager\ssl\src\ScopedNSSTypes.h(217): warning C4061: enumerator 'SEC_OID_TLS_ECDH_ECDSA' in switch of enum 'SECOidTag' is not explicitly handled by a case label
 4:09.48 d:\a\K-Meleon-R\K-Meleon-R\goanna\obj-x64\dist\include\nss\secoidt.h(34): note: see declaration of 'SECOidTag'
 4:09.48 d:\a\K-Meleon-R\K-Meleon-R\goanna\security\manager\ssl\src\ScopedNSSTypes.h(217): warning C4061: enumerator 'SEC_OID_TLS_ECDH_RSA' in switch of enum 'SECOidTag' is not explicitly handled by a case label
 4:09.48 d:\a\K-Meleon-R\K-Meleon-R\goanna\obj-x64\dist\include\nss\secoidt.h(34): note: see declaration of 'SECOidTag'
 4:09.48 d:\a\K-Meleon-R\K-Meleon-R\goanna\security\manager\ssl\src\ScopedNSSTypes.h(217): warning C4061: enumerator 'SEC_OID_TLS_ECDH_ANON' in switch of enum 'SECOidTag' is not explicitly handled by a case label
 4:09.48 d:\a\K-Meleon-R\K-Meleon-R\goanna\obj-x64\dist\include\nss\secoidt.h(34): note: see declaration of 'SECOidTag'
 4:09.48 d:\a\K-Meleon-R\K-Meleon-R\goanna\security\manager\ssl\src\ScopedNSSTypes.h(217): warning C4061: enumerator 'SEC_OID_TLS_RSA_EXPORT' in switch of enum 'SECOidTag' is not explicitly handled by a case label
 4:09.48 d:\a\K-Meleon-R\K-Meleon-R\goanna\obj-x64\dist\include\nss\secoidt.h(34): note: see declaration of 'SECOidTag'
 4:09.48 d:\a\K-Meleon-R\K-Meleon-R\goanna\security\manager\ssl\src\ScopedNSSTypes.h(217): warning C4061: enumerator 'SEC_OID_TLS_DHE_RSA_EXPORT' in switch of enum 'SECOidTag' is not explicitly handled by a case label
 4:09.48 d:\a\K-Meleon-R\K-Meleon-R\goanna\obj-x64\dist\include\nss\secoidt.h(34): note: see declaration of 'SECOidTag'
 4:09.48 d:\a\K-Meleon-R\K-Meleon-R\goanna\security\manager\ssl\src\ScopedNSSTypes.h(217): warning C4061: enumerator 'SEC_OID_TLS_DHE_DSS_EXPORT' in switch of enum 'SECOidTag' is not explicitly handled by a case label
 4:09.48 d:\a\K-Meleon-R\K-Meleon-R\goanna\obj-x64\dist\include\nss\secoidt.h(34): note: see declaration of 'SECOidTag'
 4:09.48 d:\a\K-Meleon-R\K-Meleon-R\goanna\security\manager\ssl\src\ScopedNSSTypes.h(217): warning C4061: enumerator 'SEC_OID_TLS_DH_RSA_EXPORT' in switch of enum 'SECOidTag' is not explicitly handled by a case label
 4:09.48 d:\a\K-Meleon-R\K-Meleon-R\goanna\obj-x64\dist\include\nss\secoidt.h(34): note: see declaration of 'SECOidTag'
 4:09.48 d:\a\K-Meleon-R\K-Meleon-R\goanna\security\manager\ssl\src\ScopedNSSTypes.h(217): warning C4061: enumerator 'SEC_OID_TLS_DH_DSS_EXPORT' in switch of enum 'SECOidTag' is not explicitly handled by a case label
 4:09.48 d:\a\K-Meleon-R\K-Meleon-R\goanna\obj-x64\dist\include\nss\secoidt.h(34): note: see declaration of 'SECOidTag'
 4:09.48 d:\a\K-Meleon-R\K-Meleon-R\goanna\security\manager\ssl\src\ScopedNSSTypes.h(217): warning C4061: enumerator 'SEC_OID_TLS_DH_ANON_EXPORT' in switch of enum 'SECOidTag' is not explicitly handled by a case label
 4:09.48 d:\a\K-Meleon-R\K-Meleon-R\goanna\obj-x64\dist\include\nss\secoidt.h(34): note: see declaration of 'SECOidTag'
 4:09.48 d:\a\K-Meleon-R\K-Meleon-R\goanna\security\manager\ssl\src\ScopedNSSTypes.h(217): warning C4061: enumerator 'SEC_OID_APPLY_SSL_POLICY' in switch of enum 'SECOidTag' is not explicitly handled by a case label
 4:09.48 d:\a\K-Meleon-R\K-Meleon-R\goanna\obj-x64\dist\include\nss\secoidt.h(34): note: see declaration of 'SECOidTag'
 4:09.48 d:\a\K-Meleon-R\K-Meleon-R\goanna\security\manager\ssl\src\ScopedNSSTypes.h(217): warning C4061: enumerator 'SEC_OID_CHACHA20_POLY1305' in switch of enum 'SECOidTag' is not explicitly handled by a case label
 4:09.48 d:\a\K-Meleon-R\K-Meleon-R\goanna\obj-x64\dist\include\nss\secoidt.h(34): note: see declaration of 'SECOidTag'
 4:09.48 d:\a\K-Meleon-R\K-Meleon-R\goanna\security\manager\ssl\src\ScopedNSSTypes.h(217): warning C4061: enumerator 'SEC_OID_TLS_ECDHE_PSK' in switch of enum 'SECOidTag' is not explicitly handled by a case label
 4:09.48 d:\a\K-Meleon-R\K-Meleon-R\goanna\obj-x64\dist\include\nss\secoidt.h(34): note: see declaration of 'SECOidTag'
 4:09.48 d:\a\K-Meleon-R\K-Meleon-R\goanna\security\manager\ssl\src\ScopedNSSTypes.h(217): warning C4061: enumerator 'SEC_OID_TLS_DHE_PSK' in switch of enum 'SECOidTag' is not explicitly handled by a case label
 4:09.48 d:\a\K-Meleon-R\K-Meleon-R\goanna\obj-x64\dist\include\nss\secoidt.h(34): note: see declaration of 'SECOidTag'
 4:09.48 d:\a\K-Meleon-R\K-Meleon-R\goanna\security\manager\ssl\src\ScopedNSSTypes.h(217): warning C4061: enumerator 'SEC_OID_TLS_FFDHE_2048' in switch of enum 'SECOidTag' is not explicitly handled by a case label
 4:09.48 d:\a\K-Meleon-R\K-Meleon-R\goanna\obj-x64\dist\include\nss\secoidt.h(34): note: see declaration of 'SECOidTag'
 4:09.48 d:\a\K-Meleon-R\K-Meleon-R\goanna\security\manager\ssl\src\ScopedNSSTypes.h(217): warning C4061: enumerator 'SEC_OID_TLS_FFDHE_3072' in switch of enum 'SECOidTag' is not explicitly handled by a case label
 4:09.48 d:\a\K-Meleon-R\K-Meleon-R\goanna\obj-x64\dist\include\nss\secoidt.h(34): note: see declaration of 'SECOidTag'
 4:09.48 d:\a\K-Meleon-R\K-Meleon-R\goanna\security\manager\ssl\src\ScopedNSSTypes.h(217): warning C4061: enumerator 'SEC_OID_TLS_FFDHE_4096' in switch of enum 'SECOidTag' is not explicitly handled by a case label
 4:09.48 d:\a\K-Meleon-R\K-Meleon-R\goanna\obj-x64\dist\include\nss\secoidt.h(34): note: see declaration of 'SECOidTag'
 4:09.48 d:\a\K-Meleon-R\K-Meleon-R\goanna\security\manager\ssl\src\ScopedNSSTypes.h(217): warning C4061: enumerator 'SEC_OID_TLS_FFDHE_6144' in switch of enum 'SECOidTag' is not explicitly handled by a case label
 4:09.48 d:\a\K-Meleon-R\K-Meleon-R\goanna\obj-x64\dist\include\nss\secoidt.h(34): note: see declaration of 'SECOidTag'
 4:09.48 d:\a\K-Meleon-R\K-Meleon-R\goanna\security\manager\ssl\src\ScopedNSSTypes.h(217): warning C4061: enumerator 'SEC_OID_TLS_FFDHE_8192' in switch of enum 'SECOidTag' is not explicitly handled by a case label
 5:21.53 d:\a\K-Meleon-R\K-Meleon-R\goanna\obj-x64\dist\include\nss\secoidt.h(34): note: see declaration of 'SECOidTag'
 5:21.53 d:\a\K-Meleon-R\K-Meleon-R\goanna\security\manager\ssl\src\ScopedNSSTypes.h(217): warning C4061: enumerator 'SEC_OID_TLS_DHE_CUSTOM' in switch of enum 'SECOidTag' is not explicitly handled by a case label
 5:21.53 d:\a\K-Meleon-R\K-Meleon-R\goanna\obj-x64\dist\include\nss\secoidt.h(34): note: see declaration of 'SECOidTag'
 5:21.53 d:\a\K-Meleon-R\K-Meleon-R\goanna\security\manager\ssl\src\ScopedNSSTypes.h(217): warning C4061: enumerator 'SEC_OID_CURVE25519' in switch of enum 'SECOidTag' is not explicitly handled by a case label
 5:21.53 d:\a\K-Meleon-R\K-Meleon-R\goanna\obj-x64\dist\include\nss\secoidt.h(34): note: see declaration of 'SECOidTag'
 5:21.53 d:\a\K-Meleon-R\K-Meleon-R\goanna\security\manager\ssl\src\ScopedNSSTypes.h(217): warning C4061: enumerator 'SEC_OID_TLS13_KEA_ANY' in switch of enum 'SECOidTag' is not explicitly handled by a case label
 5:21.53 d:\a\K-Meleon-R\K-Meleon-R\goanna\obj-x64\dist\include\nss\secoidt.h(34): note: see declaration of 'SECOidTag'
 5:21.53 d:\a\K-Meleon-R\K-Meleon-R\goanna\security\manager\ssl\src\ScopedNSSTypes.h(217): warning C4061: enumerator 'SEC_OID_X509_ANY_EXT_KEY_USAGE' in switch of enum 'SECOidTag' is not explicitly handled by a case label
 5:21.53 d:\a\K-Meleon-R\K-Meleon-R\goanna\obj-x64\dist\include\nss\secoidt.h(34): note: see declaration of 'SECOidTag'
 5:21.53 d:\a\K-Meleon-R\K-Meleon-R\goanna\security\manager\ssl\src\ScopedNSSTypes.h(217): warning C4061: enumerator 'SEC_OID_EXT_KEY_USAGE_IPSEC_IKE' in switch of enum 'SECOidTag' is not explicitly handled by a case label
 5:21.53 d:\a\K-Meleon-R\K-Meleon-R\goanna\obj-x64\dist\include\nss\secoidt.h(34): note: see declaration of 'SECOidTag'
 5:21.53 d:\a\K-Meleon-R\K-Meleon-R\goanna\security\manager\ssl\src\ScopedNSSTypes.h(217): warning C4061: enumerator 'SEC_OID_IPSEC_IKE_END' in switch of enum 'SECOidTag' is not explicitly handled by a case label
 5:21.53 d:\a\K-Meleon-R\K-Meleon-R\goanna\obj-x64\dist\include\nss\secoidt.h(34): note: see declaration of 'SECOidTag'
 5:21.53 d:\a\K-Meleon-R\K-Meleon-R\goanna\security\manager\ssl\src\ScopedNSSTypes.h(217): warning C4061: enumerator 'SEC_OID_IPSEC_IKE_INTERMEDIATE' in switch of enum 'SECOidTag' is not explicitly handled by a case label
 5:21.53 d:\a\K-Meleon-R\K-Meleon-R\goanna\obj-x64\dist\include\nss\secoidt.h(34): note: see declaration of 'SECOidTag'
 5:21.53 d:\a\K-Meleon-R\K-Meleon-R\goanna\security\manager\ssl\src\ScopedNSSTypes.h(217): warning C4061: enumerator 'SEC_OID_EXT_KEY_USAGE_IPSEC_END' in switch of enum 'SECOidTag' is not explicitly handled by a case label
 5:21.53 d:\a\K-Meleon-R\K-Meleon-R\goanna\obj-x64\dist\include\nss\secoidt.h(34): note: see declaration of 'SECOidTag'
 5:21.53 d:\a\K-Meleon-R\K-Meleon-R\goanna\security\manager\ssl\src\ScopedNSSTypes.h(217): warning C4061: enumerator 'SEC_OID_EXT_KEY_USAGE_IPSEC_TUNNEL' in switch of enum 'SECOidTag' is not explicitly handled by a case label
 5:21.53 d:\a\K-Meleon-R\K-Meleon-R\goanna\obj-x64\dist\include\nss\secoidt.h(34): note: see declaration of 'SECOidTag'
 5:21.53 d:\a\K-Meleon-R\K-Meleon-R\goanna\security\manager\ssl\src\ScopedNSSTypes.h(217): warning C4061: enumerator 'SEC_OID_EXT_KEY_USAGE_IPSEC_USER' in switch of enum 'SECOidTag' is not explicitly handled by a case label
 5:21.53 d:\a\K-Meleon-R\K-Meleon-R\goanna\obj-x64\dist\include\nss\secoidt.h(34): note: see declaration of 'SECOidTag'
 5:21.53 d:\a\K-Meleon-R\K-Meleon-R\goanna\security\manager\ssl\src\ScopedNSSTypes.h(217): warning C4061: enumerator 'SEC_OID_TOTAL' in switch of enum 'SECOidTag' is not explicitly handled by a case label
 5:21.53 d:\a\K-Meleon-R\K-Meleon-R\goanna\obj-x64\dist\include\nss\secoidt.h(34): note: see declaration of 'SECOidTag'
 5:21.53 d:\a\K-Meleon-R\K-Meleon-R\goanna\security\certverifier\ExtendedValidation.cpp(37): warning C4623: 'nsMyTrustedEVInfo': default constructor was implicitly defined as deleted
 5:21.53 security_certverifier.lib.desc
 5:21.53 Unified_cpp_dom_time0.obj
 5:21.53 Unified_cpp_dom_xslt_xslt0.cpp
 5:21.53 Unified_cpp_dom_animation0.obj
 5:21.53 Unified_cpp_dom_xslt_xslt1.cpp
 5:21.53 dom_xslt_xslt.lib.desc
 5:21.53 Voicemail.obj
 5:21.53 VoicemailIPCService.obj
 5:21.53 Unified_cpp_dom_media_webm0.cpp
 5:21.53 dom_media_webm.lib.desc
 5:21.53 Unified_cpp_dom_time0.cpp
 5:21.53 dom_time.lib.desc
 5:21.53 VoicemailParent.obj
 5:21.53 Unified_cpp_dom_voicemail0.obj
 5:21.53 Unified_cpp_dom_animation0.cpp
 5:21.53 dom_animation.lib.desc
 5:21.53 VoicemailParent.cpp
 5:21.53 Unified_cpp_dom_xslt_xml0.obj
 5:21.53 Voicemail.cpp
 5:21.53 nsStreamConverterService.obj
 5:21.53 Unified_cpp_dom_voicemail0.cpp
 5:21.53 Unified_cpp_dom_broadcastchannel0.obj
 5:21.53 VoicemailIPCService.cpp
 5:21.53 dom_voicemail.lib.desc
 5:21.53 nsStreamConverterService.cpp
 5:21.53 netwerk_streamconv.lib.desc
 5:21.53 Unified_cpp_dom_mobilemessage0.obj
 5:21.53 AsmJSCache.obj
 5:21.53 Unified_cpp_dom_xslt_xml0.cpp
 5:21.53 dom_xslt_xml.lib.desc
 5:21.53 Unified_cpp_layout_svg0.obj
 5:21.53 Unified_cpp_layout_svg1.obj
 5:21.53 Unified_cpp_dom_broadcastchannel0.cpp
 5:21.53 dom_broadcastchannel.lib.desc
 5:21.53 AsmJSCache.cpp
 5:21.53 dom_asmjscache.lib.desc
 5:21.53 Unified_cpp_agnostic_gmp0.obj
 5:21.53 Unified_cpp_dom_mobilemessage0.cpp
 5:21.53 dom_mobilemessage.lib.desc
 5:21.53 Unified_cpp_dom_datastore0.obj
 5:21.53 Unified_cpp_agnostic_gmp0.cpp
 5:21.53 dom_media_platforms_agnostic_gmp.lib.desc
 5:21.53 nsJSInspector.obj
 5:21.53 Unified_cpp_layout_svg0.cpp
 5:21.53 nsView.obj
 5:21.53 nsViewManager.obj
 5:21.53 nsJSInspector.cpp
 5:21.53 toolkit_devtools_server.lib.desc
 5:21.53 Unified_cpp_layout_svg1.cpp
 5:21.53 layout_svg.lib.desc
 5:21.53 Unified_cpp_rdf_base0.obj
 5:21.53 Unified_cpp_dom_datastore0.cpp
 5:21.53 dom_datastore.lib.desc
 5:21.53 nsModule.obj
 5:21.53 nsView.cpp
 5:21.53 Unified_cpp_dom_smil0.obj
 5:21.53 Unified_cpp_dom_smil1.obj
 5:21.53 nsModule.cpp
 5:21.53 xpfe_components_build.lib.desc
 5:21.53 nsViewManager.cpp
 5:21.53 view.lib.desc
 5:21.53 Unified_cpp_rdf_base0.cpp
 5:21.53 rdf_base.lib.desc
 5:21.53 Unified_cpp_protocol_viewsource0.obj
 5:21.53 Unified_cpp_protocol_data0.obj
 5:21.53 Unified_cpp_protocol_data0.cpp
 5:21.53 netwerk_protocol_data.lib.desc
 5:21.53 Unified_cpp_dom_svg0.obj
 5:21.53 Unified_cpp_dom_svg1.obj
 5:21.53 Unified_cpp_protocol_viewsource0.cpp
 5:21.53 netwerk_protocol_viewsource.lib.desc
 5:21.53 Unified_cpp_dom_svg2.obj
 5:21.53 Unified_cpp_dom_smil0.cpp
 5:21.53 Unified_cpp_layout_mathml0.obj
 5:21.53 Unified_cpp_layout_mathml1.obj
 5:21.53 Unified_cpp_dom_smil1.cpp
 5:21.53 dom_smil.lib.desc
 5:21.53 Unified_cpp_dom_svg3.obj
 5:21.53 Unified_cpp_dom_svg1.cpp
 5:21.53 Unified_cpp_dom_svg0.cpp
 5:21.53 nsGeolocation.obj
 5:21.53 Unified_cpp_dom_geolocation0.obj
 5:21.53 Unified_cpp_dom_svg2.cpp
 5:21.53 Unified_cpp_dom_svg4.obj
 5:21.53 Unified_cpp_layout_mathml0.cpp
 5:21.53 prefapi.obj
 5:21.53 Unified_cpp_modules_libpref0.obj
 5:21.53 Unified_cpp_layout_mathml1.cpp
 5:21.53 layout_mathml.lib.desc
 5:21.53 nsGeolocation.cpp
 5:21.53 Unified_cpp_dom_svg5.obj
 5:21.53 prefapi.cpp
 5:21.53 Unified_cpp_dom_svg3.cpp
 5:21.53 Unified_cpp_editor_composer0.obj
 5:21.53 Unified_cpp_dom_geolocation0.cpp
 5:21.53 dom_geolocation.lib.desc
 5:21.53 Unified_cpp_dom_svg6.obj
 5:21.53 Unified_cpp_modules_libpref0.cpp
 5:21.53 modules_libpref.lib.desc
 5:21.53 Unified_cpp_dom_svg7.obj
 5:21.53 Unified_cpp_dom_svg4.cpp
 5:21.53 Unified_cpp_dom_encoding0.obj
 5:21.53 Unified_cpp_editor_composer0.cpp
 5:21.53 editor_composer.lib.desc
 5:21.53 Unified_cpp_dom_svg8.obj
 5:21.53 Unified_cpp_dom_encoding0.cpp
 5:21.53 dom_encoding.lib.desc
 5:21.53 Unified_cpp_dom_svg9.obj
 5:21.53 Unified_cpp_dom_svg5.cpp
 5:21.53 Unified_cpp_extensions_cookie0.obj
 5:21.53 Unified_cpp_dom_svg6.cpp
 5:21.53 nsBMPEncoder.obj
 5:21.53 nsBMPEncoder.cpp
 5:21.53 image_encoders_bmp.lib.desc
 5:21.53 Unified_cpp_dom_svg7.cpp
 5:21.53 Unified_cpp_shistory_src0.obj
 5:21.53 Unified_cpp_dom_svg8.cpp
 5:21.53 Unified_cpp_extensions_cookie0.cpp
 5:21.53 extensions_cookie.lib.desc
 5:21.53 TimeStamp_windows.obj
 5:21.53 nsPersistentProperties.obj
 5:21.53 nsStaticNameTable.obj
 5:21.53 Unified_cpp_shistory_src0.cpp
 5:21.53 nsPersistentProperties.cpp
 5:21.53 docshell_shistory_src.lib.desc
 5:21.53 Unified_cpp_dom_media_webaudio0.obj
 5:21.53 Unified_cpp_dom_media_webaudio1.obj
 5:21.53 nsWindowsRegKey.obj
 5:21.53 TimeStamp_windows.cpp
 5:21.53 Unified_cpp_dom_media_webaudio2.obj
 5:21.53 Unified_cpp_dom_svg9.cpp
 5:21.53 dom_svg.lib.desc
 5:21.53 Unified_cpp_xpcom_ds0.obj
 5:21.53 nsStaticNameTable.cpp
 5:21.53 nsWindowsRegKey.cpp
 5:21.53 Unified_cpp_xpcom_ds0.cpp
 5:21.53 xpcom_ds.lib.desc
 5:21.53 Unified_cpp_printingui_win0.obj
 5:21.53 Unified_cpp_dom_media_webaudio2.cpp
 5:21.53 Unified_cpp_dom_xul_templates0.obj
 5:21.53 Unified_cpp_dom_xul_templates1.obj
 5:21.53 Unified_cpp_dom_media_webaudio1.cpp
 5:21.53 Unified_cpp_netwerk_protocol_ftp0.obj
 5:21.53 Unified_cpp_dom_media_webaudio0.cpp
 5:21.53 dom_media_webaudio.lib.desc
 5:21.53 Unified_cpp_printingui_win0.cpp
 5:21.53 embedding_components_printingui_win.lib.desc
 5:21.53 Unified_cpp_xpcom_threads0.obj
 5:21.53 Unified_cpp_dom_xul_templates0.cpp
 5:21.53 Unified_cpp_xpcom_threads0.cpp
 5:21.53 Unified_cpp_netwerk_protocol_ftp0.cpp
 5:21.53 xpcom_threads.lib.desc
 5:21.53 netwerk_protocol_ftp.lib.desc
 5:21.53 Unified_cpp_components_places0.obj
 5:21.53 nsCookieService.obj
 5:21.53 Unified_cpp_netwerk_cookie0.obj
 5:21.53 Unified_cpp_dom_promise0.obj
 5:21.53 Unified_cpp_dom_xul_templates1.cpp
 5:21.53 dom_xul_templates.lib.desc
 5:21.53 nsCookieService.cpp
 5:21.53 Unified_cpp_dom_promise0.cpp
 5:21.53 dom_promise.lib.desc
 5:21.53 Unified_cpp_layout_build0.obj
 5:21.53 nsWebBrowserModule.obj
 5:21.53 Unified_cpp_netwerk_cookie0.cpp
 5:21.53 netwerk_cookie.lib.desc
 5:21.53 nsWebBrowserModule.cpp
 5:21.53 Unified_cpp_permissions0.obj
 5:21.53 embedding_browser_build.lib.desc
 5:21.53 Unified_cpp_components_alerts0.obj
 5:21.53 Unified_cpp_components_places0.cpp
 5:21.53 toolkit_components_places.lib.desc
 5:21.53 Unified_cpp_dom_tv0.obj
 5:21.53 Unified_cpp_permissions0.cpp
 5:21.53 extensions_permissions.lib.desc
 5:21.53 lz4.obj
 5:21.53 lz4.cpp
 5:21.53 toolkit_components_lz4.lib.desc
 5:21.53 JumpListBuilder.obj
 5:21.53 WinMouseScrollHandler.obj
 5:21.53 Unified_cpp_components_alerts0.cpp
 5:21.53 toolkit_components_alerts.lib.desc
 5:21.53 nsBidiKeyboard.obj
 5:21.53 Unified_cpp_dom_tv0.cpp
 5:21.53 dom_tv.lib.desc
 5:21.53 nsFilePicker.obj
 5:21.53 nsBidiKeyboard.cpp
 5:21.53 Unified_cpp_layout_xul_grid0.obj
 5:21.53 WinMouseScrollHandler.cpp
 5:21.53 D3D11ShareHandleImage.obj
 5:21.53 ImageContainer.obj
 5:21.53 JumpListBuilder.cpp
 5:21.53 nsTextStore.obj
 5:21.53 Unified_cpp_layout_build0.cpp
 5:21.53 layout_build.lib.desc
 5:21.53 LayerTreeInvalidation.obj
 5:21.53 Unified_cpp_layout_xul_grid0.cpp
 5:21.53 layout_xul_grid.lib.desc
 5:21.53 nsWidgetFactory.obj
 5:21.53 D3D11ShareHandleImage.cpp
 5:21.53 Unified_cpp_widget_windows0.obj
 5:21.53 ImageContainer.cpp
 5:21.53 Layers.obj
 5:21.53 nsFilePicker.cpp
 5:21.53 nsPresArena.obj
 5:21.53 nsRefreshDriver.obj
 5:21.53 nsTextStore.cpp
 5:21.53 BasicImageLayer.obj
 5:21.53 nsPresArena.cpp
 5:21.53 Unified_cpp_layout_base0.obj
 5:21.53 LayerTreeInvalidation.cpp
 5:21.53 Unified_cpp_memory_volatile0.obj
 5:21.53 Unified_cpp_memory_volatile0.cpp
 5:21.53 memory_volatile.lib.desc
 5:21.53 Unified_cpp_widget_windows1.obj
 5:21.53 nsWidgetFactory.cpp
 5:21.53 Unified_cpp_layout_base1.obj
 5:21.53 Layers.cpp
 5:21.53 CompositorD3D11.obj
 5:21.53 nsRefreshDriver.cpp
 5:21.53 Blob.obj
 5:21.53 ContentChild.obj
 5:21.53 BasicImageLayer.cpp
 5:21.53 ReadbackManagerD3D11.obj
 5:21.53 Unified_cpp_layout_base0.cpp
 5:21.53 Unified_cpp_layout_base2.obj
 5:21.53 Blob.cpp
 5:21.53 CompositorD3D11.cpp
 5:21.53 ProcessHangMonitor.obj
 5:21.53 CompositorD3D9.obj
 5:21.53 Unified_cpp_widget_windows0.cpp
 5:21.53 Unified_cpp_widget_windows2.obj
 5:21.53 ReadbackManagerD3D11.cpp
 5:21.53 DeviceManagerD3D9.obj
 5:21.53 Unified_cpp_widget_windows1.cpp
 5:21.53 CompositorD3D9.cpp
 5:21.53 Nv3DVUtils.obj
 5:21.53 Unified_cpp_layout_base1.cpp
 5:21.53 ContentChild.cpp
 5:21.53 Unified_cpp_dom_ipc0.obj
 5:21.53 DeviceManagerD3D9.cpp
 5:21.53 Unified_cpp_gfx_layers0.obj
 5:21.53 Nv3DVUtils.cpp
 5:21.53 Unified_cpp_gfx_layers1.obj
 5:21.53 Unified_cpp_widget_windows2.cpp
 5:21.53 widget_windows.lib.desc
 5:21.53 ProcessHangMonitor.cpp
 5:21.53 Unified_cpp_dom_ipc1.obj
 5:21.53 Unified_cpp_gfx_layers2.obj
 5:21.53 Unified_cpp_gfx_layers0.cpp
 5:21.53 SharedDIB.obj
 5:21.53 SharedDIBSurface.obj
 7:06.13 Unified_cpp_layout_base2.cpp
 7:06.13 layout_base.lib.desc
 7:06.13 SharedDIB.cpp
 7:06.13 SharedDIBWin.obj
 7:06.13 SharedDIBSurface.cpp
 7:06.13 Unified_cpp_gfx_layers1.cpp
 7:06.13 Unified_cpp_gfx_layers3.obj
 7:06.13 SharedDIBWin.cpp
 7:06.13 gfx_ipc.lib.desc
 7:06.13 Unified_cpp_gfx_layers4.obj
 7:06.13 Unified_cpp_dom_ipc0.cpp
 7:06.13 Unified_cpp_dom_network0.obj
 7:06.13 Unified_cpp_dom_ipc1.cpp
 7:06.13 dom_ipc.lib.desc
 7:06.13 Unified_cpp_gfx_layers5.obj
 7:06.13 Unified_cpp_gfx_layers2.cpp
 7:06.13 Unified_cpp_webaudio_blink0.obj
 7:06.13 Unified_cpp_webaudio_blink1.obj
 7:06.13 Unified_cpp_gfx_layers3.cpp
 7:06.13 nsTypeAheadFind.obj
 7:06.13 Unified_cpp_webaudio_blink0.cpp
 7:06.13 Unified_cpp_dom_network0.cpp
 7:06.13 dom_network.lib.desc
 7:06.13 Unified_cpp_gfx_layers6.obj
 7:06.13 Unified_cpp_webaudio_blink1.cpp
 7:06.13 dom_media_webaudio_blink.lib.desc
 7:06.13 nsTypeAheadFind.cpp
 7:06.13 toolkit_components_typeaheadfind.lib.desc
 7:06.13 Unified_cpp_dom_media_wave0.obj
 7:06.13 Unified_cpp_gfx_layers6.cpp
 7:06.13 Unified_cpp_spellcheck_src0.obj
 7:06.13 Unified_cpp_gfx_layers4.cpp
 7:06.13 StartupCache.obj
 7:06.13 StartupCacheModule.obj
 7:06.13 StartupCache.cpp
 7:06.13 StartupCacheUtils.obj
 7:06.13 Unified_cpp_gfx_layers5.cpp
 7:06.13 gfx_layers.lib.desc
 7:06.13 StartupCacheModule.cpp
 7:06.13 Unified_cpp_editor_txmgr0.obj
 7:06.13 StartupCacheUtils.cpp
 7:06.13 startupcache.lib.desc
 7:06.13 Unified_cpp_dom_media_wave0.cpp
 7:06.13 dom_media_wave.lib.desc
 7:06.13 condition_variable_win.obj
 7:06.13 cpu.obj
 7:06.13 file_util_win.obj
 7:06.13 Unified_cpp_editor_txmgr0.cpp
 7:06.13 editor_txmgr.lib.desc
 7:06.13 idle_timer.obj
 7:06.13 cpu.cc
 7:06.13 nsCommandLine.obj
 7:06.13 condition_variable_win.cc
 7:06.13 Unified_cpp_netwerk_ipc0.obj
 7:06.13 Unified_cpp_spellcheck_src0.cpp
 7:06.13 extensions_spellcheck_src.lib.desc
 7:06.13 lock_impl_win.obj
 7:06.13 file_util_win.cc
 7:06.13 nsSyncJPAKE.obj
 7:06.13 nsSyncJPAKE.cpp
 7:06.13 nsCommandLine.cpp
 7:06.13 services_crypto_component.lib.desc
 7:06.13 toolkit_components_commandlines.lib.desc
 7:06.13 message_pump_win.obj
 7:06.13 object_watcher.obj
 7:06.13 idle_timer.cc
 7:06.13 Unified_cpp_protocol_file0.obj
 7:06.13 lock_impl_win.cc
 7:06.13 dom_media_systemservices.lib.desc
 7:06.13 platform_file_win.obj
 7:06.13 object_watcher.cc
 7:06.13 nsAuthSASL.obj
 7:06.13 nsAuthSSPI.obj
 7:06.13 message_pump_win.cc
 7:06.13 Unified_cpp_protocol_file0.cpp
 7:06.13 netwerk_protocol_file.lib.desc
 7:06.13 platform_thread_win.obj
 7:06.13 nsHttpNegotiateAuth.obj
 7:06.13 Unified_cpp_netwerk_ipc0.cpp
 7:06.13 netwerk_ipc.lib.desc
 7:06.13 process_util_win.obj
 7:06.13 platform_file_win.cc
 7:06.13 Unified_cpp_extensions_auth0.obj
 7:06.13 nsAuthSASL.cpp
 7:06.13 Unified_cpp_media_mediasource0.obj
 7:06.13 platform_thread_win.cc
 7:06.13 process_win.obj
 7:06.13 nsHttpNegotiateAuth.cpp
 7:06.13 Unified_cpp_ffmpeg_ffmpeg580.obj
 7:06.13 process_util_win.cc
 7:06.13 nsAuthSSPI.cpp
 7:06.13 rand_util_win.obj
 7:06.13 process_win.cc
 7:06.13 registry.obj
 7:06.13 Unified_cpp_extensions_auth0.cpp
 7:06.13 extensions_auth.lib.desc
 7:06.13 shared_memory_win.obj
 7:06.13 Unified_cpp_ffmpeg_ffmpeg580.cpp
 7:06.13 d:\a\K-Meleon-R\K-Meleon-R\goanna\dom\media\platforms\ffmpeg\FFmpegLibs.h(11): warning C4068: unknown pragma 'GCC'
 7:06.13 d:\a\K-Meleon-R\K-Meleon-R\goanna\dom\media\platforms\ffmpeg\FFmpegLibs.h(15): warning C4068: unknown pragma 'GCC'
 7:06.13 d:\a\K-Meleon-R\K-Meleon-R\goanna\dom\media\platforms\ffmpeg\ffmpeg58\../FFmpegH264Decoder.cpp(275): warning C4996: 'AVFrame::pkt_pts': was declared deprecated
 7:06.13 d:\a\K-Meleon-R\K-Meleon-R\goanna\dom\media\platforms\ffmpeg\ffmpeg58\../FFmpegH264Decoder.cpp(289): warning C4996: 'AVFrame::pkt_pts': was declared deprecated
 7:06.13 dom_media_platforms_ffmpeg_ffmpeg58.lib.desc
 7:06.13 sys_info_win.obj
 7:06.13 rand_util_win.cc
 7:06.13 Unified_cpp_layout_forms0.obj
 7:06.13 Unified_cpp_layout_forms1.obj
 7:06.13 registry.cc
 7:06.13 JSDebugger.obj
 7:06.13 shared_memory_win.cc
 7:06.13 sys_string_conversions_win.obj
 7:06.13 Unified_cpp_media_mediasource0.cpp
 7:06.13 dom_media_mediasource.lib.desc
 7:06.13 JSDebugger.cpp
 7:06.13 js_ductwork_debugger.lib.desc
 7:06.13 thread_local_storage_win.obj
 7:06.13 sys_info_win.cc
 7:06.13 d:/a/K-Meleon-R/K-Meleon-R/goanna/ipc/chromium/src/base/sys_info_win.cc(74): warning C4996: 'GetVersionExW': was declared deprecated
 7:06.13 d:/a/K-Meleon-R/K-Meleon-R/goanna/ipc/chromium/src/base/sys_info_win.cc(117): warning C4996: 'GetVersionExW': was declared deprecated
 7:06.13 Unified_cpp_media_platforms_wmf0.obj
 7:06.13 sys_string_conversions_win.cc
 7:06.13 thread_local_win.obj
 7:06.13 thread_local_storage_win.cc
 7:06.13 time_win.obj
 7:06.13 Unified_cpp_layout_forms0.cpp
 7:06.13 thread_local_win.cc
 7:06.13 nsJPEGEncoder.obj
 7:06.13 waitable_event_watcher_win.obj
 7:06.13 nsJPEGEncoder.cpp
 7:06.13 image_encoders_jpeg.lib.desc
 7:06.13 waitable_event_win.obj
 7:06.13 time_win.cc
 7:06.13 convert.obj
 7:06.13 convert_from.obj
 7:06.13 Unified_cpp_layout_forms1.cpp
 7:06.13 layout_forms.lib.desc
 7:06.13 win_util.obj
 7:06.13 Unified_cpp_media_platforms_wmf0.cpp
 7:06.13 dom_media_platforms_wmf.lib.desc
 7:06.13 convert.cc
 7:06.13 row_common.obj
 7:06.13 ipc_channel_win.obj
 7:06.13 waitable_event_watcher_win.cc
 7:06.13 scale.obj
 7:06.13 convert_from.cc
 7:06.13 waitable_event_win.cc
 7:06.13 scale_common.obj
 7:06.13 InterAppComm.obj
 7:06.13 row_common.cc
 7:06.13 BrowserElementParent.obj
 7:06.13 win_util.cc
 7:06.13 d:/a/K-Meleon-R/K-Meleon-R/goanna/ipc/chromium/src/base/win_util.cc(24): warning C4996: 'GetVersionExW': was declared deprecated
 7:06.13 process_watcher_win.obj
 7:06.13 scale.cc
 7:06.13 Unified_cpp_media_libyuv0.obj
 7:06.13 scale_common.cc
 7:06.13 Unified_cpp_media_libyuv1.obj
 7:06.13 InterAppComm.cpp
 7:06.13 dom_apps.lib.desc
 7:06.13 transport_dib_win.obj
 7:06.13 Unified_cpp_media_libyuv0.cpp
 7:06.13 ipc_channel_win.cc
 7:06.13 ContextStateTracker.obj
 7:06.13 gfxASurface.obj
 7:06.13 Unified_cpp_media_libyuv1.cpp
 7:06.13 yuv.lib.desc
 7:06.13 process_watcher_win.cc
 7:06.13 Unified_cpp_ipc_chromium0.obj
 7:06.13 gfxAlphaRecoverySSE2.obj
 7:06.13 transport_dib_win.cc
 7:06.13 Unified_cpp_ipc_chromium1.obj
 7:06.13 ContextStateTracker.cpp
 7:06.13 nsResProtocolHandler.obj
 7:06.13 BrowserElementParent.cpp
 7:06.13 dom_browser-element.lib.desc
 7:06.13 Unified_cpp_ipc_chromium2.obj
 7:06.13 gfxASurface.cpp
 7:06.13 gfxD2DSurface.obj
 7:06.13 gfxAlphaRecoverySSE2.cpp
 7:06.13 Unified_cpp_ipc_chromium0.cpp
 7:06.13 gfxDWriteCommon.obj
 7:06.13 nsAppStartupNotifier.obj
 7:06.13 Unified_cpp_ipc_chromium1.cpp
 7:06.13 nsAppStartupNotifier.cpp
 7:06.13 embedding_components_appstartup.lib.desc
 7:06.13 gfxDWriteFonts.obj
 7:06.13 Unified_cpp_ipc_chromium2.cpp
 7:06.13 ipc_chromium.lib.desc
 7:06.13 gfxDrawable.obj
 7:06.13 nsResProtocolHandler.cpp
 7:06.13 netwerk_protocol_res.lib.desc
 7:06.13 gfxD2DSurface.cpp
 7:06.13 gfxGDIFont.obj
 7:06.13 Unified_cpp_src_xpcom0.obj
 7:06.13 Unified_cpp_src_xpcom0.cpp
 7:06.13 extensions_universalchardet_src_xpcom.lib.desc
 7:06.13 gfxGDIFontList.obj
 7:06.13 gfxDrawable.cpp
 7:06.13 Unified_cpp_js_ipc0.obj
 7:06.13 gfxDWriteCommon.cpp
 7:06.13 Unified_cpp_dom_xml0.obj
 7:06.13 gfxDWriteFonts.cpp
 7:06.13 Unified_cpp_dom_fetch0.obj
 7:06.13 gfxGDIFont.cpp
 7:06.13 gfxPDFSurface.obj
 7:06.13 Unified_cpp_dom_fetch0.cpp
 7:06.13 dom_fetch.lib.desc
 7:06.13 gfxPlatform.obj
 7:06.13 Unified_cpp_dom_xml0.cpp
 7:06.13 dom_xml.lib.desc
 7:06.13 gfxPrefs.obj
 7:06.13 Unified_cpp_js_ipc0.cpp
 7:06.13 js_ipc.lib.desc
 7:06.13 gfxGDIFontList.cpp
 7:06.13 gfxWindowsNativeDrawing.obj
 7:06.13 Unified_cpp_components_find0.obj
 7:06.13 gfxPDFSurface.cpp
 7:06.13 Unified_cpp_rdf_datasource0.obj
 7:06.13 gfxPrefs.cpp
 7:06.13 PrototypeList.obj
 7:06.13 RegisterBindings.obj
 7:06.13 PrototypeList.cpp
 7:06.13 RegisterWorkerBindings.obj
 7:06.13 Unified_cpp_rdf_datasource0.cpp
 7:06.13 rdf_datasource.lib.desc
 7:06.13 gfxWindowsPlatform.obj
 7:06.13 Unified_cpp_components_find0.cpp
 7:06.13 embedding_components_find.lib.desc
 7:06.13 ResolveSystemBinding.obj
 7:06.13 gfxPlatform.cpp
 7:06.13 UnionTypes.obj
 7:06.13 gfxWindowsNativeDrawing.cpp
 7:06.13 gfxWindowsSurface.obj
 7:06.13 RegisterWorkerBindings.cpp
 7:06.13 nsNotifyAddrListener.obj
 7:06.13 ResolveSystemBinding.cpp
 7:06.13 Unified_cpp_gfx_thebes0.obj
 7:06.13 gfxWindowsSurface.cpp
 7:06.13 AppCacheStorage.obj
 7:06.13 Unified_cpp_netwerk_cache20.obj
 7:06.13 RegisterBindings.cpp
 7:06.13 UnifiedBindings0.obj
 7:06.13 AppCacheStorage.cpp
 7:06.13 Unified_cpp_netwerk_cache21.obj
 7:06.13 nsNotifyAddrListener.cpp
 7:06.13 netwerk_system_win32.lib.desc
 7:06.13 gfxWindowsPlatform.cpp
 7:06.13 Unified_cpp_gfx_thebes1.obj
 7:06.13 UnifiedBindings1.obj
 7:06.13 UnionTypes.cpp
 7:06.13 Unified_cpp_netwerk_cache20.cpp
 7:06.13 Unified_cpp_gfx_thebes2.obj
 7:06.13 Unified_cpp_netwerk_cache21.cpp
 7:06.13 netwerk_cache2.lib.desc
 7:06.13 UnifiedBindings10.obj
 7:06.13 Unified_cpp_gfx_thebes0.cpp
 7:06.13 d:\a\K-Meleon-R\K-Meleon-R\goanna\gfx\thebes\gfx3DMatrix.cpp(129): warning C4305: 'initializing': truncation from 'double' to 'float'
 7:06.13 d:\a\K-Meleon-R\K-Meleon-R\goanna\gfx\thebes\gfx3DMatrix.cpp(793): warning C4305: 'initializing': truncation from 'double' to 'float'
 7:06.13 Unified_cpp_components_protobuf0.obj
 7:06.13 Unified_cpp_components_protobuf0.cpp
 7:06.13 toolkit_components_protobuf.lib.desc
 7:06.13 UnifiedBindings11.obj
 7:06.13 Unified_cpp_gfx_thebes1.cpp
 7:06.13 UnifiedBindings0.cpp
 7:06.13 mozJSComponentLoader.obj
 7:06.13 mozJSLoaderUtils.obj
 7:06.13 mozJSComponentLoader.cpp
 7:06.13 mozJSSubScriptLoader.obj
 7:06.13 Unified_cpp_gfx_thebes2.cpp
 7:06.13 gfx_thebes.lib.desc
 7:06.13 mozJSLoaderUtils.cpp
 7:06.13 UnifiedBindings12.obj
 7:06.13 UnifiedBindings10.cpp
 7:06.13 Unified_c_image_decoders0.obj
 7:06.13 nsJXRDecoder.obj
 7:06.13 Unified_c_image_decoders0.c
 7:06.13 Unified_cpp_image_decoders0.obj
 7:06.13 UnifiedBindings1.cpp
 7:06.13 FileLocation.obj
 7:06.13 Omnijar.obj
 7:06.13 FileLocation.cpp
 7:06.13 PoisonIOInterposerBase.obj
 7:06.13 mozJSSubScriptLoader.cpp
 7:06.13 js_xpconnect_loader.lib.desc
 7:06.13 Omnijar.cpp
 7:06.13 PoisonIOInterposerWin.obj
 7:06.13 nsJXRDecoder.cpp
 7:06.13 UnifiedBindings13.obj
 7:06.13 PoisonIOInterposerBase.cpp
 7:06.13 perfprobe.obj
 7:06.13 PoisonIOInterposerWin.cpp
 7:06.13 Unified_cpp_xpcom_build0.obj
 7:06.13 Unified_cpp_image_decoders0.cpp
 7:06.13 image_decoders.lib.desc
 7:06.13 UnifiedBindings14.obj
 7:06.13 UnifiedBindings11.cpp
 7:06.13 Unified_cpp_xpcom_build1.obj
 7:06.13 perfprobe.cpp
 7:06.13 AudioSinkFilter.obj
 7:06.13 BaseFilter.obj
 7:06.13 UnifiedBindings12.cpp
 7:06.13 Unified_cpp_xpcom_build2.obj
 7:06.13 AudioSinkFilter.cpp
 7:06.13 BaseInputPin.obj
 7:06.13 Unified_cpp_xpcom_build0.cpp
 7:06.13 nsWindowsSystemProxySettings.obj
 7:06.13 Unified_cpp_xpcom_build1.cpp
 7:06.13 BaseFilter.cpp
 7:06.13 BasePin.obj
 7:06.13 Unified_cpp_xpcom_build2.cpp
 7:06.13 UnifiedBindings13.cpp
 7:06.13 xpcom_build.lib.desc
 7:06.13 UnifiedBindings15.obj
 7:06.13 MediaType.obj
 7:06.13 nsWindowsSystemProxySettings.cpp
 7:06.13 toolkit_system_windowsproxy.lib.desc
 7:06.13 UnifiedBindings16.obj
 7:06.13 BaseInputPin.cpp
 7:06.13 Unified_cpp_embedding_browser0.obj
 7:06.13 BasePin.cpp
 7:06.13 Unified_cpp_dom_media_directshow0.obj
 7:06.13 MediaType.cpp
 7:06.13 UnifiedBindings15.cpp
 7:06.13 Unified_cpp_embedding_browser0.cpp
 7:06.13 embedding_browser.lib.desc
 7:06.13 Unified_cpp_reflect_xptinfo0.obj
 7:06.13 UnifiedBindings17.obj
 7:06.13 UnifiedBindings14.cpp
 7:06.13 nsDirectoryViewer.obj
 7:06.13 nsDirectoryViewer.cpp
 7:06.13 xpfe_components_directory.lib.desc
 7:06.13 UnifiedBindings18.obj
 7:06.13 Unified_cpp_dom_media_directshow0.cpp
 7:06.13 dom_media_directshow.lib.desc
 7:06.13 UnifiedBindings19.obj
 7:06.13 Unified_cpp_reflect_xptinfo0.cpp
 7:06.13 xpcom_reflect_xptinfo.lib.desc
 7:06.13 UnifiedBindings2.obj
 7:06.13 UnifiedBindings16.cpp
 7:06.13 Unified_cpp_dom_quota0.obj
 7:06.13 Unified_cpp_dom_quota0.cpp
 7:06.13 dom_quota.lib.desc
 7:06.13 UnifiedBindings18.cpp
 7:06.13 UnifiedBindings20.obj
 7:06.13 Unified_cpp_xpfe_appshell0.obj
 7:06.13 UnifiedBindings17.cpp
 7:06.13 nsSAXAttributes.obj
 7:06.13 nsSAXLocator.obj
 7:06.13 nsSAXAttributes.cpp
 7:06.13 nsSAXXMLReader.obj
 7:06.13 nsSAXLocator.cpp
 7:06.13 Unified_cpp_xpfe_appshell0.cpp
 7:06.13 xpfe_appshell.lib.desc
 7:06.13 UnifiedBindings21.obj
 7:06.13 UnifiedBindings19.cpp
 7:06.13 NativeOSFileInternals.obj
 7:06.13 nsSAXXMLReader.cpp
 7:06.13 parser_xml.lib.desc
 7:06.13 UnifiedBindings3.obj
 7:06.13 NativeOSFileInternals.cpp
 7:06.13 toolkit_components_osfile.lib.desc
 7:06.13 UnifiedBindings4.obj
 7:06.13 UnifiedBindings2.cpp
 7:06.13 AvailableMemoryTracker.obj
 7:06.13 ClearOnShutdown.obj
 7:06.13 UnifiedBindings21.cpp
 7:06.13 icu.lib.desc
 7:06.13 gmake.EXE[6]: warning: -jN forced in submake: disabling jobserver mode.
 7:06.13 rebuilding config/icucross.mk
 7:06.13 rebuilding config/icucross.inc
 7:06.13 AvailableMemoryTracker.cpp
 7:06.13 CycleCollectedJSRuntime.obj
 7:06.13 ClearOnShutdown.cpp
 7:06.13 Debug.obj
 7:06.13 config/icu-uc.pc updated.
 7:06.13 config/icu-i18n.pc updated.
 7:06.13 Note: rebuild with "c:/Strawberry/c/bin/gmake.EXE VERBOSE=1 " to show all compiler parameters.
 7:06.13 mkdir lib
 7:06.13 mkdir bin
 7:06.13 c:/Strawberry/c/bin/gmake.EXE[6]: Making `all' in `stubdata'
 7:06.13 CycleCollectedJSRuntime.cpp
 7:10.97 generating dependency information for d:/a/K-Meleon-R/K-Meleon-R/goanna/intl/icu/source/stubdata/stubdata.c
 7:10.97 ErrorNames.obj
 7:10.97 UnifiedBindings3.cpp
 7:10.97 cl : Command line warning D9025 : overriding '/W3' with '/W4'
 7:10.97 stubdata.c
 7:10.97    Creating library icudt.lib and object icudt.exp
 7:10.97 LINK : warning LNK4281: undesirable base address 0x4AD00000 for x64 image; set base address above 4GB for best ASLR optimization
 7:10.97 Making all in include
 7:10.97 c:/Strawberry/c/bin/gmake.EXE[6]: Making `all' in `common'
 7:10.97 Making all in testsuite
 7:10.97 Making all in man
 7:10.97 generating dependency information for d:/a/K-Meleon-R/K-Meleon-R/goanna/intl/icu/source/common/pluralmap.cpp
 7:10.97 generating dependency information for d:/a/K-Meleon-R/K-Meleon-R/goanna/intl/icu/source/common/ubiditransform.c
 7:10.97 generating dependency information for d:/a/K-Meleon-R/K-Meleon-R/goanna/intl/icu/source/common/uloc_keytype.cpp
 7:10.97 generating dependency information for d:/a/K-Meleon-R/K-Meleon-R/goanna/intl/icu/source/common/unifiedcache.cpp
 7:10.97 generating dependency information for d:/a/K-Meleon-R/K-Meleon-R/goanna/intl/icu/source/common/simpleformatter.cpp
 7:10.97 generating dependency information for d:/a/K-Meleon-R/K-Meleon-R/goanna/intl/icu/source/common/sharedobject.cpp
 7:10.97 generating dependency information for d:/a/K-Meleon-R/K-Meleon-R/goanna/intl/icu/source/common/ulistformatter.cpp
 7:10.97 generating dependency information for d:/a/K-Meleon-R/K-Meleon-R/goanna/intl/icu/source/common/listformatter.cpp
 7:10.97 generating dependency information for d:/a/K-Meleon-R/K-Meleon-R/goanna/intl/icu/source/common/icuplug.cpp
 7:10.97 generating dependency information for d:/a/K-Meleon-R/K-Meleon-R/goanna/intl/icu/source/common/icudataver.c
 7:10.97 generating dependency information for d:/a/K-Meleon-R/K-Meleon-R/goanna/intl/icu/source/common/uloc_tag.c
 7:10.97 generating dependency information for d:/a/K-Meleon-R/K-Meleon-R/goanna/intl/icu/source/common/ulist.c
 7:10.97 Debug.cpp
 7:10.97 generating dependency information for d:/a/K-Meleon-R/K-Meleon-R/goanna/intl/icu/source/common/propsvec.c
 7:10.97 HoldDropJSObjects.obj
 7:10.97 generating dependency information for d:/a/K-Meleon-R/K-Meleon-R/goanna/intl/icu/source/common/ucnvsel.cpp
 7:10.97 generating dependency information for d:/a/K-Meleon-R/K-Meleon-R/goanna/intl/icu/source/common/dtintrv.cpp
 7:10.97 UnifiedBindings20.cpp
 7:10.97 UnifiedBindings5.obj
 7:10.97 generating dependency information for d:/a/K-Meleon-R/K-Meleon-R/goanna/intl/icu/source/common/wintz.c
 7:10.97 generating dependency information for d:/a/K-Meleon-R/K-Meleon-R/goanna/intl/icu/source/common/cwchar.c
 7:10.97 generating dependency information for d:/a/K-Meleon-R/K-Meleon-R/goanna/intl/icu/source/common/locbased.cpp
 7:10.97 generating dependency information for d:/a/K-Meleon-R/K-Meleon-R/goanna/intl/icu/source/common/parsepos.cpp
 7:10.97 generating dependency information for d:/a/K-Meleon-R/K-Meleon-R/goanna/intl/icu/source/common/util_props.cpp
 7:10.97 generating dependency information for d:/a/K-Meleon-R/K-Meleon-R/goanna/intl/icu/source/common/util.cpp
 7:10.97 generating dependency information for d:/a/K-Meleon-R/K-Meleon-R/goanna/intl/icu/source/common/punycode.cpp
 7:10.97 ErrorNames.cpp
 7:10.97 VisualEventTracer.obj
 7:10.97 generating dependency information for d:/a/K-Meleon-R/K-Meleon-R/goanna/intl/icu/source/common/uts46.cpp
 7:10.97 generating dependency information for d:/a/K-Meleon-R/K-Meleon-R/goanna/intl/icu/source/common/usprep.cpp
 7:10.97 generating dependency information for d:/a/K-Meleon-R/K-Meleon-R/goanna/intl/icu/source/common/uidna.cpp
 7:10.97 libtool: compile:  d:/a/K-Meleon-R/K-Meleon-R/goanna/js/src/ctypes/libffi/msvcc.sh -m64 -DHAVE_CONFIG_H -I. -Id:/a/K-Meleon-R/K-Meleon-R/goanna/js/src/ctypes/libffi -I. -Id:/a/K-Meleon-R/K-Meleon-R/goanna/js/src/ctypes/libffi/include -Iinclude -Id:/a/K-Meleon-R/K-Meleon-R/goanna/js/src/ctypes/libffi/src -Wall -c -showIncludes d:/a/K-Meleon-R/K-Meleon-R/goanna/js/src/ctypes/libffi/src/prep_cif.c -o src/prep_cif.obj
 7:10.97 cl -MD -nologo -W3 -DHAVE_CONFIG_H -I. -Id:/a/K-Meleon-R/K-Meleon-R/goanna/js/src/ctypes/libffi -I. -Id:/a/K-Meleon-R/K-Meleon-R/goanna/js/src/ctypes/libffi/include -Iinclude -Id:/a/K-Meleon-R/K-Meleon-R/goanna/js/src/ctypes/libffi/src -c -showIncludes d:/a/K-Meleon-R/K-Meleon-R/goanna/js/src/ctypes/libffi/src/prep_cif.c -Fosrc/prep_cif.obj -Fdsrc/prep_cif -Fpsrc/prep_cif -Fasrc/prep_cif
 7:10.97 prep_cif.c
 7:10.97 generating dependency information for d:/a/K-Meleon-R/K-Meleon-R/goanna/intl/icu/source/common/servslkf.cpp
 7:10.97 generating dependency information for d:/a/K-Meleon-R/K-Meleon-R/goanna/intl/icu/source/common/servrbf.cpp
 7:10.97 generating dependency information for d:/a/K-Meleon-R/K-Meleon-R/goanna/intl/icu/source/common/servlkf.cpp
 7:10.97 generating dependency information for d:/a/K-Meleon-R/K-Meleon-R/goanna/intl/icu/source/common/servlk.cpp
 7:10.97 generating dependency information for d:/a/K-Meleon-R/K-Meleon-R/goanna/intl/icu/source/common/servls.cpp
 7:10.97 generating dependency information for d:/a/K-Meleon-R/K-Meleon-R/goanna/intl/icu/source/common/servnotf.cpp
 7:10.97 generating dependency information for d:/a/K-Meleon-R/K-Meleon-R/goanna/intl/icu/source/common/serv.cpp
 7:10.97 generating dependency information for d:/a/K-Meleon-R/K-Meleon-R/goanna/intl/icu/source/common/rbbitblb.cpp
 7:10.97 generating dependency information for d:/a/K-Meleon-R/K-Meleon-R/goanna/intl/icu/source/common/rbbistbl.cpp
 7:10.97 generating dependency information for d:/a/K-Meleon-R/K-Meleon-R/goanna/intl/icu/source/common/rbbisetb.cpp
 7:10.97 generating dependency information for d:/a/K-Meleon-R/K-Meleon-R/goanna/intl/icu/source/common/rbbiscan.cpp
 7:10.97 HoldDropJSObjects.cpp
 7:10.97 nsConsoleMessage.obj
 7:10.97 generating dependency information for d:/a/K-Meleon-R/K-Meleon-R/goanna/intl/icu/source/common/rbbirb.cpp
 7:10.97 generating dependency information for d:/a/K-Meleon-R/K-Meleon-R/goanna/intl/icu/source/common/rbbinode.cpp
 7:10.97 generating dependency information for d:/a/K-Meleon-R/K-Meleon-R/goanna/intl/icu/source/common/rbbidata.cpp
 7:10.97 generating dependency information for d:/a/K-Meleon-R/K-Meleon-R/goanna/intl/icu/source/common/rbbi.cpp
 7:10.97 generating dependency information for d:/a/K-Meleon-R/K-Meleon-R/goanna/intl/icu/source/common/filteredbrk.cpp
 7:10.97 generating dependency information for d:/a/K-Meleon-R/K-Meleon-R/goanna/intl/icu/source/common/dictbe.cpp
 7:10.97 generating dependency information for d:/a/K-Meleon-R/K-Meleon-R/goanna/intl/icu/source/common/brkeng.cpp
 7:10.97 generating dependency information for d:/a/K-Meleon-R/K-Meleon-R/goanna/intl/icu/source/common/ubrk.cpp
 7:10.97 generating dependency information for d:/a/K-Meleon-R/K-Meleon-R/goanna/intl/icu/source/common/brkiter.cpp
 7:10.97 generating dependency information for d:/a/K-Meleon-R/K-Meleon-R/goanna/intl/icu/source/common/uarrsort.c
 7:10.97 generating dependency information for d:/a/K-Meleon-R/K-Meleon-R/goanna/intl/icu/source/common/unifunct.cpp
 7:10.97 generating dependency information for d:/a/K-Meleon-R/K-Meleon-R/goanna/intl/icu/source/common/unifilt.cpp
 7:10.97 libtool: compile:  d:/a/K-Meleon-R/K-Meleon-R/goanna/js/src/ctypes/libffi/msvcc.sh -m64 -DHAVE_CONFIG_H -I. -Id:/a/K-Meleon-R/K-Meleon-R/goanna/js/src/ctypes/libffi -I. -Id:/a/K-Meleon-R/K-Meleon-R/goanna/js/src/ctypes/libffi/include -Iinclude -Id:/a/K-Meleon-R/K-Meleon-R/goanna/js/src/ctypes/libffi/src -Wall -c -showIncludes d:/a/K-Meleon-R/K-Meleon-R/goanna/js/src/ctypes/libffi/src/types.c -o src/types.obj
 7:10.97 cl -MD -nologo -W3 -DHAVE_CONFIG_H -I. -Id:/a/K-Meleon-R/K-Meleon-R/goanna/js/src/ctypes/libffi -I. -Id:/a/K-Meleon-R/K-Meleon-R/goanna/js/src/ctypes/libffi/include -Iinclude -Id:/a/K-Meleon-R/K-Meleon-R/goanna/js/src/ctypes/libffi/src -c -showIncludes d:/a/K-Meleon-R/K-Meleon-R/goanna/js/src/ctypes/libffi/src/types.c -Fosrc/types.obj -Fdsrc/types -Fpsrc/types -Fasrc/types
 7:10.97 types.c
 7:10.97 generating dependency information for d:/a/K-Meleon-R/K-Meleon-R/goanna/intl/icu/source/common/caniter.cpp
 7:10.97 generating dependency information for d:/a/K-Meleon-R/K-Meleon-R/goanna/intl/icu/source/common/ruleiter.cpp
 7:10.97 generating dependency information for d:/a/K-Meleon-R/K-Meleon-R/goanna/intl/icu/source/common/usetiter.cpp
 7:10.97 VisualEventTracer.cpp
 7:10.97 generating dependency information for d:/a/K-Meleon-R/K-Meleon-R/goanna/intl/icu/source/common/uniset.cpp
 7:10.97 nsConsoleService.obj
 7:10.97 generating dependency information for d:/a/K-Meleon-R/K-Meleon-R/goanna/intl/icu/source/common/uset.cpp
 7:10.97 generating dependency information for d:/a/K-Meleon-R/K-Meleon-R/goanna/intl/icu/source/common/uniset_closure.cpp
 7:10.97 generating dependency information for d:/a/K-Meleon-R/K-Meleon-R/goanna/intl/icu/source/common/uniset_props.cpp
 7:10.97 generating dependency information for d:/a/K-Meleon-R/K-Meleon-R/goanna/intl/icu/source/common/uset_props.cpp
 7:10.97 generating dependency information for d:/a/K-Meleon-R/K-Meleon-R/goanna/intl/icu/source/common/unisetspan.cpp
 7:10.97 generating dependency information for d:/a/K-Meleon-R/K-Meleon-R/goanna/intl/icu/source/common/bmpset.cpp
 7:10.97 generating dependency information for d:/a/K-Meleon-R/K-Meleon-R/goanna/intl/icu/source/common/utrie2_builder.cpp
 7:10.97 generating dependency information for d:/a/K-Meleon-R/K-Meleon-R/goanna/intl/icu/source/common/utrie2.cpp
 7:10.97 generating dependency information for d:/a/K-Meleon-R/K-Meleon-R/goanna/intl/icu/source/common/utrie.cpp
 7:10.97 generating dependency information for d:/a/K-Meleon-R/K-Meleon-R/goanna/intl/icu/source/common/unames.cpp
 7:10.97 generating dependency information for d:/a/K-Meleon-R/K-Meleon-R/goanna/intl/icu/source/common/usc_impl.c
 7:10.97 generating dependency information for d:/a/K-Meleon-R/K-Meleon-R/goanna/intl/icu/source/common/uscript_props.cpp
 7:10.97 generating dependency information for d:/a/K-Meleon-R/K-Meleon-R/goanna/intl/icu/source/common/uscript.c
 7:10.97 generating dependency information for d:/a/K-Meleon-R/K-Meleon-R/goanna/intl/icu/source/common/ushape.cpp
 7:10.97 generating dependency information for d:/a/K-Meleon-R/K-Meleon-R/goanna/intl/icu/source/common/ubidiln.c
 7:10.97 libtool: compile:  d:/a/K-Meleon-R/K-Meleon-R/goanna/js/src/ctypes/libffi/msvcc.sh -m64 -DHAVE_CONFIG_H -I. -Id:/a/K-Meleon-R/K-Meleon-R/goanna/js/src/ctypes/libffi -I. -Id:/a/K-Meleon-R/K-Meleon-R/goanna/js/src/ctypes/libffi/include -Iinclude -Id:/a/K-Meleon-R/K-Meleon-R/goanna/js/src/ctypes/libffi/src -Wall -c -showIncludes d:/a/K-Meleon-R/K-Meleon-R/goanna/js/src/ctypes/libffi/src/raw_api.c -o src/raw_api.obj
 7:14.80 cl -MD -nologo -W3 -DHAVE_CONFIG_H -I. -Id:/a/K-Meleon-R/K-Meleon-R/goanna/js/src/ctypes/libffi -I. -Id:/a/K-Meleon-R/K-Meleon-R/goanna/js/src/ctypes/libffi/include -Iinclude -Id:/a/K-Meleon-R/K-Meleon-R/goanna/js/src/ctypes/libffi/src -c -showIncludes d:/a/K-Meleon-R/K-Meleon-R/goanna/js/src/ctypes/libffi/src/raw_api.c -Fosrc/raw_api.obj -Fdsrc/raw_api -Fpsrc/raw_api -Fasrc/raw_api
 7:14.80 raw_api.c
 7:14.80 generating dependency information for d:/a/K-Meleon-R/K-Meleon-R/goanna/intl/icu/source/common/ubidiwrt.c
 7:14.80 nsConsoleMessage.cpp
 7:14.80 generating dependency information for d:/a/K-Meleon-R/K-Meleon-R/goanna/intl/icu/source/common/ubidi.c
 7:14.80 nsCrashOnException.obj
 7:14.80 generating dependency information for d:/a/K-Meleon-R/K-Meleon-R/goanna/intl/icu/source/common/ubidi_props.c
 7:14.80 generating dependency information for d:/a/K-Meleon-R/K-Meleon-R/goanna/intl/icu/source/common/propname.cpp
 7:14.80 generating dependency information for d:/a/K-Meleon-R/K-Meleon-R/goanna/intl/icu/source/common/ucase.cpp
 7:14.80 generating dependency information for d:/a/K-Meleon-R/K-Meleon-R/goanna/intl/icu/source/common/uprops.cpp
 7:14.80 generating dependency information for d:/a/K-Meleon-R/K-Meleon-R/goanna/intl/icu/source/common/uchar.c
 7:14.80 generating dependency information for d:/a/K-Meleon-R/K-Meleon-R/goanna/intl/icu/source/common/patternprops.cpp
 7:14.80 generating dependency information for d:/a/K-Meleon-R/K-Meleon-R/goanna/intl/icu/source/common/uiter.cpp
 7:14.80 generating dependency information for d:/a/K-Meleon-R/K-Meleon-R/goanna/intl/icu/source/common/uchriter.cpp
 7:14.80 generating dependency information for d:/a/K-Meleon-R/K-Meleon-R/goanna/intl/icu/source/common/schriter.cpp
 7:14.80 generating dependency information for d:/a/K-Meleon-R/K-Meleon-R/goanna/intl/icu/source/common/chariter.cpp
 7:14.80 generating dependency information for d:/a/K-Meleon-R/K-Meleon-R/goanna/intl/icu/source/common/loadednormalizer2impl.cpp
 7:14.80 generating dependency information for d:/a/K-Meleon-R/K-Meleon-R/goanna/intl/icu/source/common/unormcmp.cpp
 7:14.80 generating dependency information for d:/a/K-Meleon-R/K-Meleon-R/goanna/intl/icu/source/common/unorm.cpp
 7:14.80 generating dependency information for d:/a/K-Meleon-R/K-Meleon-R/goanna/intl/icu/source/common/normlzr.cpp
 7:14.80 generating dependency information for d:/a/K-Meleon-R/K-Meleon-R/goanna/intl/icu/source/common/filterednormalizer2.cpp
 7:14.80 generating dependency information for d:/a/K-Meleon-R/K-Meleon-R/goanna/intl/icu/source/common/normalizer2.cpp
 7:14.80 generating dependency information for d:/a/K-Meleon-R/K-Meleon-R/goanna/intl/icu/source/common/normalizer2impl.cpp
 7:14.80 generating dependency information for d:/a/K-Meleon-R/K-Meleon-R/goanna/intl/icu/source/common/ustr_titlecase_brkiter.cpp
 7:14.80 generating dependency information for d:/a/K-Meleon-R/K-Meleon-R/goanna/intl/icu/source/common/unistr_titlecase_brkiter.cpp
 7:14.80 generating dependency information for d:/a/K-Meleon-R/K-Meleon-R/goanna/intl/icu/source/common/ustrcase_locale.cpp
 7:14.80 nsConsoleService.cpp
 7:14.80 libtool: compile:  d:/a/K-Meleon-R/K-Meleon-R/goanna/js/src/ctypes/libffi/msvcc.sh -m64 -DHAVE_CONFIG_H -I. -Id:/a/K-Meleon-R/K-Meleon-R/goanna/js/src/ctypes/libffi -I. -Id:/a/K-Meleon-R/K-Meleon-R/goanna/js/src/ctypes/libffi/include -Iinclude -Id:/a/K-Meleon-R/K-Meleon-R/goanna/js/src/ctypes/libffi/src -Wall -c -showIncludes d:/a/K-Meleon-R/K-Meleon-R/goanna/js/src/ctypes/libffi/src/java_raw_api.c -o src/java_raw_api.obj
 7:14.80 cl -MD -nologo -W3 -DHAVE_CONFIG_H -I. -Id:/a/K-Meleon-R/K-Meleon-R/goanna/js/src/ctypes/libffi -I. -Id:/a/K-Meleon-R/K-Meleon-R/goanna/js/src/ctypes/libffi/include -Iinclude -Id:/a/K-Meleon-R/K-Meleon-R/goanna/js/src/ctypes/libffi/src -c -showIncludes d:/a/K-Meleon-R/K-Meleon-R/goanna/js/src/ctypes/libffi/src/java_raw_api.c -Fosrc/java_raw_api.obj -Fdsrc/java_raw_api -Fpsrc/java_raw_api -Fasrc/java_raw_api
 7:14.80 java_raw_api.c
 7:14.80 nsCycleCollector.obj
 7:14.80 generating dependency information for d:/a/K-Meleon-R/K-Meleon-R/goanna/intl/icu/source/common/unistr_case_locale.cpp
 7:14.80 generating dependency information for d:/a/K-Meleon-R/K-Meleon-R/goanna/intl/icu/source/common/utext.cpp
 7:14.80 generating dependency information for d:/a/K-Meleon-R/K-Meleon-R/goanna/intl/icu/source/common/ustr_wcs.cpp
 7:14.80 generating dependency information for d:/a/K-Meleon-R/K-Meleon-R/goanna/intl/icu/source/common/ustrtrns.cpp
 7:14.80 generating dependency information for d:/a/K-Meleon-R/K-Meleon-R/goanna/intl/icu/source/common/ustrfmt.c
 7:14.80 generating dependency information for d:/a/K-Meleon-R/K-Meleon-R/goanna/intl/icu/source/common/cstring.c
 7:14.80 generating dependency information for d:/a/K-Meleon-R/K-Meleon-R/goanna/intl/icu/source/common/ucasemap_titlecase_brkiter.cpp
 7:14.80 generating dependency information for d:/a/K-Meleon-R/K-Meleon-R/goanna/intl/icu/source/common/ucasemap.cpp
 7:14.80 generating dependency information for d:/a/K-Meleon-R/K-Meleon-R/goanna/intl/icu/source/common/ustrcase.cpp
 7:14.80 generating dependency information for d:/a/K-Meleon-R/K-Meleon-R/goanna/intl/icu/source/common/ustring.cpp
 7:14.80 generating dependency information for d:/a/K-Meleon-R/K-Meleon-R/goanna/intl/icu/source/common/utf_impl.c
 7:14.80 generating dependency information for d:/a/K-Meleon-R/K-Meleon-R/goanna/intl/icu/source/common/unistr_props.cpp
 7:14.80 generating dependency information for d:/a/K-Meleon-R/K-Meleon-R/goanna/intl/icu/source/common/unistr_case.cpp
 7:14.80 nsCrashOnException.cpp
 7:14.80 generating dependency information for d:/a/K-Meleon-R/K-Meleon-R/goanna/intl/icu/source/common/unistr.cpp
 7:14.80 nsDebugImpl.obj
 7:14.80 generating dependency information for d:/a/K-Meleon-R/K-Meleon-R/goanna/intl/icu/source/common/unistr_cnv.cpp
 7:14.80 generating dependency information for d:/a/K-Meleon-R/K-Meleon-R/goanna/intl/icu/source/common/ustr_cnv.cpp
 7:14.80 generating dependency information for d:/a/K-Meleon-R/K-Meleon-R/goanna/intl/icu/source/common/appendable.cpp
 7:14.80 generating dependency information for d:/a/K-Meleon-R/K-Meleon-R/goanna/intl/icu/source/common/dictionarydata.cpp
 7:14.80 generating dependency information for d:/a/K-Meleon-R/K-Meleon-R/goanna/intl/icu/source/common/ucharstrieiterator.cpp
 7:14.80 generating dependency information for d:/a/K-Meleon-R/K-Meleon-R/goanna/intl/icu/source/common/ucharstriebuilder.cpp
 7:14.80 generating dependency information for d:/a/K-Meleon-R/K-Meleon-R/goanna/intl/icu/source/common/ucharstrie.cpp
 7:14.80 generating dependency information for d:/a/K-Meleon-R/K-Meleon-R/goanna/intl/icu/source/common/bytestrieiterator.cpp
 7:14.80 generating dependency information for d:/a/K-Meleon-R/K-Meleon-R/goanna/intl/icu/source/common/bytestrie.cpp
 7:14.80 generating dependency information for d:/a/K-Meleon-R/K-Meleon-R/goanna/intl/icu/source/common/bytestriebuilder.cpp
 7:14.80 generating dependency information for d:/a/K-Meleon-R/K-Meleon-R/goanna/intl/icu/source/common/stringtriebuilder.cpp
 7:14.80 generating dependency information for d:/a/K-Meleon-R/K-Meleon-R/goanna/intl/icu/source/common/stringpiece.cpp
 7:14.80 generating dependency information for d:/a/K-Meleon-R/K-Meleon-R/goanna/intl/icu/source/common/bytestream.cpp
 7:14.80 libtool: compile:  d:/a/K-Meleon-R/K-Meleon-R/goanna/js/src/ctypes/libffi/msvcc.sh -m64 -DHAVE_CONFIG_H -I. -Id:/a/K-Meleon-R/K-Meleon-R/goanna/js/src/ctypes/libffi -I. -Id:/a/K-Meleon-R/K-Meleon-R/goanna/js/src/ctypes/libffi/include -Iinclude -Id:/a/K-Meleon-R/K-Meleon-R/goanna/js/src/ctypes/libffi/src -Wall -c -showIncludes d:/a/K-Meleon-R/K-Meleon-R/goanna/js/src/ctypes/libffi/src/closures.c -o src/closures.obj
 7:14.80 cl -MD -nologo -W3 -DHAVE_CONFIG_H -I. -Id:/a/K-Meleon-R/K-Meleon-R/goanna/js/src/ctypes/libffi -I. -Id:/a/K-Meleon-R/K-Meleon-R/goanna/js/src/ctypes/libffi/include -Iinclude -Id:/a/K-Meleon-R/K-Meleon-R/goanna/js/src/ctypes/libffi/src -c -showIncludes d:/a/K-Meleon-R/K-Meleon-R/goanna/js/src/ctypes/libffi/src/closures.c -Fosrc/closures.obj -Fdsrc/closures -Fpsrc/closures -Fasrc/closures
 7:14.80 closures.c
 7:14.80 generating dependency information for d:/a/K-Meleon-R/K-Meleon-R/goanna/intl/icu/source/common/locresdata.cpp
 7:14.80 generating dependency information for d:/a/K-Meleon-R/K-Meleon-R/goanna/intl/icu/source/common/loclikely.cpp
 7:14.80 generating dependency information for d:/a/K-Meleon-R/K-Meleon-R/goanna/intl/icu/source/common/locdspnm.cpp
 7:14.80 generating dependency information for d:/a/K-Meleon-R/K-Meleon-R/goanna/intl/icu/source/common/locdispnames.cpp
 7:14.80 generating dependency information for d:/a/K-Meleon-R/K-Meleon-R/goanna/intl/icu/source/common/locavailable.cpp
 7:14.80 generating dependency information for d:/a/K-Meleon-R/K-Meleon-R/goanna/intl/icu/source/common/locutil.cpp
 7:14.80 generating dependency information for d:/a/K-Meleon-R/K-Meleon-R/goanna/intl/icu/source/common/locid.cpp
 7:14.80 generating dependency information for d:/a/K-Meleon-R/K-Meleon-R/goanna/intl/icu/source/common/uloc.cpp
 7:14.80 generating dependency information for d:/a/K-Meleon-R/K-Meleon-R/goanna/intl/icu/source/common/locmap.c
 7:14.80 generating dependency information for d:/a/K-Meleon-R/K-Meleon-R/goanna/intl/icu/source/common/ucat.c
 7:14.80 generating dependency information for d:/a/K-Meleon-R/K-Meleon-R/goanna/intl/icu/source/common/messagepattern.cpp
 7:14.80 generating dependency information for d:/a/K-Meleon-R/K-Meleon-R/goanna/intl/icu/source/common/ucurr.cpp
 7:14.80 generating dependency information for d:/a/K-Meleon-R/K-Meleon-R/goanna/intl/icu/source/common/resbund_cnv.cpp
 7:14.80 generating dependency information for d:/a/K-Meleon-R/K-Meleon-R/goanna/intl/icu/source/common/resbund.cpp
 7:14.80 nsCycleCollector.cpp
 7:14.80 nsDumpUtils.obj
 7:14.80 generating dependency information for d:/a/K-Meleon-R/K-Meleon-R/goanna/intl/icu/source/common/uresdata.cpp
 7:14.80 generating dependency information for d:/a/K-Meleon-R/K-Meleon-R/goanna/intl/icu/source/common/ures_cnv.c
 7:14.80 generating dependency information for d:/a/K-Meleon-R/K-Meleon-R/goanna/intl/icu/source/common/uresbund.cpp
 7:14.80 generating dependency information for d:/a/K-Meleon-R/K-Meleon-R/goanna/intl/icu/source/common/resource.cpp
 7:14.80 generating dependency information for d:/a/K-Meleon-R/K-Meleon-R/goanna/intl/icu/source/common/ucnv_ct.c
 7:14.80 generating dependency information for d:/a/K-Meleon-R/K-Meleon-R/goanna/intl/icu/source/common/ucnv_set.c
 7:14.80 generating dependency information for d:/a/K-Meleon-R/K-Meleon-R/goanna/intl/icu/source/common/ucnvdisp.c
 7:14.80 generating dependency information for d:/a/K-Meleon-R/K-Meleon-R/goanna/intl/icu/source/common/ucnvisci.c
 7:14.80 generating dependency information for d:/a/K-Meleon-R/K-Meleon-R/goanna/intl/icu/source/common/ucnv_lmb.c
 7:14.80 generating dependency information for d:/a/K-Meleon-R/K-Meleon-R/goanna/intl/icu/source/common/ucnvhz.c
 7:14.80 generating dependency information for d:/a/K-Meleon-R/K-Meleon-R/goanna/intl/icu/source/common/ucnv2022.cpp
 7:14.80 generating dependency information for d:/a/K-Meleon-R/K-Meleon-R/goanna/intl/icu/source/common/ucnvmbcs.cpp
 7:14.80 generating dependency information for d:/a/K-Meleon-R/K-Meleon-R/goanna/intl/icu/source/common/ucnv_ext.cpp
 7:27.14 libtool: compile:  d:/a/K-Meleon-R/K-Meleon-R/goanna/js/src/ctypes/libffi/msvcc.sh -m64 -DHAVE_CONFIG_H -I. -Id:/a/K-Meleon-R/K-Meleon-R/goanna/js/src/ctypes/libffi -I. -Id:/a/K-Meleon-R/K-Meleon-R/goanna/js/src/ctypes/libffi/include -Iinclude -Id:/a/K-Meleon-R/K-Meleon-R/goanna/js/src/ctypes/libffi/src -Wall -c -showIncludes d:/a/K-Meleon-R/K-Meleon-R/goanna/js/src/ctypes/libffi/src/x86/ffi.c -o src/x86/ffi.obj
 7:27.14 cl -MD -nologo -W3 -DHAVE_CONFIG_H -I. -Id:/a/K-Meleon-R/K-Meleon-R/goanna/js/src/ctypes/libffi -I. -Id:/a/K-Meleon-R/K-Meleon-R/goanna/js/src/ctypes/libffi/include -Iinclude -Id:/a/K-Meleon-R/K-Meleon-R/goanna/js/src/ctypes/libffi/src -c -showIncludes d:/a/K-Meleon-R/K-Meleon-R/goanna/js/src/ctypes/libffi/src/x86/ffi.c -Fosrc/x86/ffi.obj -Fdsrc/x86/ffi -Fpsrc/x86/ffi -Fasrc/x86/ffi
 7:27.14 ffi.c
 7:27.14 generating dependency information for d:/a/K-Meleon-R/K-Meleon-R/goanna/intl/icu/source/common/ucnvbocu.cpp
 7:27.14 generating dependency information for d:/a/K-Meleon-R/K-Meleon-R/goanna/intl/icu/source/common/ucnvscsu.c
 7:27.14 generating dependency information for d:/a/K-Meleon-R/K-Meleon-R/goanna/intl/icu/source/common/ucnv_u32.c
 7:27.14 generating dependency information for d:/a/K-Meleon-R/K-Meleon-R/goanna/intl/icu/source/common/ucnv_u16.c
 7:27.14 generating dependency information for d:/a/K-Meleon-R/K-Meleon-R/goanna/intl/icu/source/common/ucnv_u8.c
 7:27.14 generating dependency information for d:/a/K-Meleon-R/K-Meleon-R/goanna/intl/icu/source/common/ucnv_u7.c
 7:27.14 UnifiedBindings4.cpp
 7:27.14 UnifiedBindings6.obj
 7:27.14 generating dependency information for d:/a/K-Meleon-R/K-Meleon-R/goanna/intl/icu/source/common/ucnvlat1.c
 7:27.14 generating dependency information for d:/a/K-Meleon-R/K-Meleon-R/goanna/intl/icu/source/common/ucnv_err.c
 7:27.14 nsDebugImpl.cpp
 7:27.14 nsErrorService.obj
 7:27.14 generating dependency information for d:/a/K-Meleon-R/K-Meleon-R/goanna/intl/icu/source/common/ucnv_cb.c
 7:27.14 generating dependency information for d:/a/K-Meleon-R/K-Meleon-R/goanna/intl/icu/source/common/ucnv_io.cpp
 7:27.14 generating dependency information for d:/a/K-Meleon-R/K-Meleon-R/goanna/intl/icu/source/common/ucnv_cnv.c
 7:27.14 generating dependency information for d:/a/K-Meleon-R/K-Meleon-R/goanna/intl/icu/source/common/ucnv_bld.cpp
 7:27.14 generating dependency information for d:/a/K-Meleon-R/K-Meleon-R/goanna/intl/icu/source/common/ucnv.c
 7:27.14 generating dependency information for d:/a/K-Meleon-R/K-Meleon-R/goanna/intl/icu/source/common/uvectr64.cpp
 7:27.14 generating dependency information for d:/a/K-Meleon-R/K-Meleon-R/goanna/intl/icu/source/common/uvectr32.cpp
 7:27.14 generating dependency information for d:/a/K-Meleon-R/K-Meleon-R/goanna/intl/icu/source/common/ustack.cpp
 7:27.14 generating dependency information for d:/a/K-Meleon-R/K-Meleon-R/goanna/intl/icu/source/common/uvector.cpp
 7:27.14 generating dependency information for d:/a/K-Meleon-R/K-Meleon-R/goanna/intl/icu/source/common/ustrenum.cpp
 7:27.14 generating dependency information for d:/a/K-Meleon-R/K-Meleon-R/goanna/intl/icu/source/common/uenum.c
 7:27.14 win64.S
 7:27.14 generating dependency information for d:/a/K-Meleon-R/K-Meleon-R/goanna/intl/icu/source/common/uhash_us.cpp
 7:27.14 generating dependency information for d:/a/K-Meleon-R/K-Meleon-R/goanna/intl/icu/source/common/uhash.c
 7:27.14 generating dependency information for d:/a/K-Meleon-R/K-Meleon-R/goanna/intl/icu/source/common/utrace.c
 7:27.14 generating dependency information for d:/a/K-Meleon-R/K-Meleon-R/goanna/intl/icu/source/common/ucol_swp.cpp
 7:27.14 libtool: compile:  /d/a/K-Meleon-R/K-Meleon-R/goanna/js/src/ctypes/libffi/msvcc.sh -m64 -DHAVE_CONFIG_H -I. -Id:/a/K-Meleon-R/K-Meleon-R/goanna/js/src/ctypes/libffi -I. -Id:/a/K-Meleon-R/K-Meleon-R/goanna/js/src/ctypes/libffi/include -Iinclude -Id:/a/K-Meleon-R/K-Meleon-R/goanna/js/src/ctypes/libffi/src -I. -Id:/a/K-Meleon-R/K-Meleon-R/goanna/js/src/ctypes/libffi/include -Iinclude -Id:/a/K-Meleon-R/K-Meleon-R/goanna/js/src/ctypes/libffi/src -c -showIncludes d:/a/K-Meleon-R/K-Meleon-R/goanna/js/src/ctypes/libffi/src/x86/win64.S -o src/x86/win64.obj
 7:27.14 cl -nologo -EP  -I. -Id:/a/K-Meleon-R/K-Meleon-R/goanna/js/src/ctypes/libffi -I. -Id:/a/K-Meleon-R/K-Meleon-R/goanna/js/src/ctypes/libffi/include -Iinclude -Id:/a/K-Meleon-R/K-Meleon-R/goanna/js/src/ctypes/libffi/src -I. -Id:/a/K-Meleon-R/K-Meleon-R/goanna/js/src/ctypes/libffi/include -Iinclude -Id:/a/K-Meleon-R/K-Meleon-R/goanna/js/src/ctypes/libffi/src  -DHAVE_CONFIG_H d:/a/K-Meleon-R/K-Meleon-R/goanna/js/src/ctypes/libffi/src/x86/win64.S > src/x86/win64.asm
 7:27.14 ml64 -nologo  -c -Fosrc/x86/win64.obj src/x86/win64.asm
 7:27.14  Assembling: src/x86/win64.asm
 7:27.14 generating dependency information for d:/a/K-Meleon-R/K-Meleon-R/goanna/intl/icu/source/common/udataswp.c
 7:27.14 generating dependency information for d:/a/K-Meleon-R/K-Meleon-R/goanna/intl/icu/source/common/umapfile.c
 7:27.14 generating dependency information for d:/a/K-Meleon-R/K-Meleon-R/goanna/intl/icu/source/common/udatamem.c
 7:27.14 generating dependency information for d:/a/K-Meleon-R/K-Meleon-R/goanna/intl/icu/source/common/ucmndata.c
 7:27.14 generating dependency information for d:/a/K-Meleon-R/K-Meleon-R/goanna/intl/icu/source/common/udata.cpp
 7:27.14 nsDumpUtils.cpp
 7:27.14 nsGZFileWriter.obj
 7:27.14 generating dependency information for d:/a/K-Meleon-R/K-Meleon-R/goanna/intl/icu/source/common/cstr.cpp
 7:27.14 generating dependency information for d:/a/K-Meleon-R/K-Meleon-R/goanna/intl/icu/source/common/charstr.cpp
 7:27.14 generating dependency information for d:/a/K-Meleon-R/K-Meleon-R/goanna/intl/icu/source/common/cmemory.c
 7:27.14 generating dependency information for d:/a/K-Meleon-R/K-Meleon-R/goanna/intl/icu/source/common/uobject.cpp
 7:27.14 generating dependency information for d:/a/K-Meleon-R/K-Meleon-R/goanna/intl/icu/source/common/uinit.cpp
 7:27.14 generating dependency information for d:/a/K-Meleon-R/K-Meleon-R/goanna/intl/icu/source/common/ucln_cmn.cpp
 7:27.14 generating dependency information for d:/a/K-Meleon-R/K-Meleon-R/goanna/intl/icu/source/common/umutex.cpp
 7:27.14 generating dependency information for d:/a/K-Meleon-R/K-Meleon-R/goanna/intl/icu/source/common/uinvchar.c
 7:27.14 generating dependency information for d:/a/K-Meleon-R/K-Meleon-R/goanna/intl/icu/source/common/utypes.c
 7:27.14 generating dependency information for d:/a/K-Meleon-R/K-Meleon-R/goanna/intl/icu/source/common/umath.c
 7:27.14 generating dependency information for d:/a/K-Meleon-R/K-Meleon-R/goanna/intl/icu/source/common/putil.cpp
 7:27.14 generating dependency information for d:/a/K-Meleon-R/K-Meleon-R/goanna/intl/icu/source/common/errorcode.cpp
 7:27.14 generating ../common/svchook.mk
 7:27.14 nsErrorService.cpp
 7:27.14 nsInterfaceRequestorAgg.obj
 7:27.14 libtool: link: lib -OUT:.libs/libffi_convenience.lib  src/prep_cif.obj src/types.obj src/raw_api.obj src/java_raw_api.obj src/closures.obj src/x86/ffi.obj src/x86/win64.obj
 7:27.14 Microsoft (R) Library Manager Version 14.29.30159.0
 7:27.14 Copyright (C) Microsoft Corporation.  All rights reserved.
 7:27.14 
 7:27.14 libtool: link: ( cd ".libs" && rm -f "libffi_convenience.la" && cp -pR "../libffi_convenience.la" "libffi_convenience.la" )
 7:27.14 nsGZFileWriter.cpp
 7:27.14 nsMemoryImpl.obj
 7:27.14 config.status: creating common/Makefile
 7:27.14 nsInterfaceRequestorAgg.cpp
 7:27.14 nsMemoryInfoDumper.obj
 7:27.14 errorcode.cpp
 7:27.14 putil.cpp
 7:27.14 libtool: link: lib -OUT:.libs/libffi.lib  src/prep_cif.obj src/types.obj src/raw_api.obj src/java_raw_api.obj src/closures.obj src/x86/ffi.obj src/x86/win64.obj
 7:27.14 Microsoft (R) Library Manager Version 14.29.30159.0
 7:27.14 Copyright (C) Microsoft Corporation.  All rights reserved.
 7:27.14 
 7:27.14 cl : Command line warning D9025 : overriding '/W3' with '/W4'
 7:27.14 umath.c
 7:27.14 libtool: link: ( cd ".libs" && rm -f "libffi.la" && cp -pR "../libffi.la" "libffi.la" )
 7:27.14 nsMemoryImpl.cpp
 7:27.14 nsMemoryReporterManager.obj
 7:27.14 cl : Command line warning D9025 : overriding '/W3' with '/W4'
 7:27.14 utypes.c
 7:27.14 ffi.lib.desc
 7:27.14 cl : Command line warning D9025 : overriding '/W3' with '/W4'
 7:27.14 uinvchar.c
 7:27.14 UnifiedBindings7.obj
 7:27.14 d:/a/K-Meleon-R/K-Meleon-R/goanna/intl/icu/source/common/uinvchar.c(451): warning C4100: 'ds': unreferenced formal parameter
 7:27.14 d:/a/K-Meleon-R/K-Meleon-R/goanna/intl/icu/source/common/uinvchar.c(496): warning C4100: 'ds': unreferenced formal parameter
 7:27.14 umutex.cpp
 7:27.14 ucln_cmn.cpp
 7:27.14 uinit.cpp
 7:27.14 uobject.cpp
 7:27.14 cl : Command line warning D9025 : overriding '/W3' with '/W4'
 7:27.14 cmemory.c
 7:27.14 charstr.cpp
 7:27.14 cstr.cpp
 7:27.14 udata.cpp
 7:27.14 cl : Command line warning D9025 : overriding '/W3' with '/W4'
 7:27.14 ucmndata.c
 7:27.14 d:/a/K-Meleon-R/K-Meleon-R/goanna/intl/icu/source/common/ucmndata.c(223): warning C4100: 'pErrorCode': unreferenced formal parameter
 7:27.14 d:/a/K-Meleon-R/K-Meleon-R/goanna/intl/icu/source/common/ucmndata.c(274): warning C4100: 'pErrorCode': unreferenced formal parameter
 7:27.14 nsMemoryInfoDumper.cpp
 7:27.14 cl : Command line warning D9025 : overriding '/W3' with '/W4'
 7:27.14 udatamem.c
 7:27.14 nsMessageLoop.obj
 7:27.14 cl : Command line warning D9025 : overriding '/W3' with '/W4'
 7:27.14 umapfile.c
 7:27.14 cl : Command line warning D9025 : overriding '/W3' with '/W4'
 7:27.14 udataswp.c
 7:27.14 ucol_swp.cpp
 7:27.14 UnifiedBindings5.cpp
 7:27.14 cl : Command line warning D9025 : overriding '/W3' with '/W4'
 7:27.14 utrace.c
 7:27.14 zlib.lib.desc
 7:27.14 cl : Command line warning D9025 : overriding '/W3' with '/W4'
 7:27.14 uhash.c
 7:27.14 nsSecurityConsoleMessage.obj
 7:27.14 uhash_us.cpp
 7:27.14 cl : Command line warning D9025 : overriding '/W3' with '/W4'
 7:27.14 uenum.c
 7:27.14 nsMemoryReporterManager.cpp
 7:27.14 UnifiedBindings8.obj
 7:27.14 ustrenum.cpp
 7:27.14 uvector.cpp
 7:27.14 ustack.cpp
 7:27.14 nsMessageLoop.cpp
 7:27.14 nsStatusReporterManager.obj
 7:27.14 uvectr32.cpp
 7:27.14 uvectr64.cpp
 7:27.14 cl : Command line warning D9025 : overriding '/W3' with '/W4'
 7:27.14 ucnv.c
 7:27.14 ucnv_bld.cpp
 7:27.14 nsSecurityConsoleMessage.cpp
 7:27.14 nsSystemInfo.obj
 7:27.14 cl : Command line warning D9025 : overriding '/W3' with '/W4'
 7:27.14 ucnv_cnv.c
 7:27.14 d:/a/K-Meleon-R/K-Meleon-R/goanna/intl/icu/source/common/ucnv_cnv.c(35): warning C4100: 'pErrorCode': unreferenced formal parameter
 7:27.14 d:/a/K-Meleon-R/K-Meleon-R/goanna/intl/icu/source/common/ucnv_cnv.c(34): warning C4100: 'which': unreferenced formal parameter
 7:27.14 d:/a/K-Meleon-R/K-Meleon-R/goanna/intl/icu/source/common/ucnv_cnv.c(32): warning C4100: 'cnv': unreferenced formal parameter
 7:27.14 d:/a/K-Meleon-R/K-Meleon-R/goanna/intl/icu/source/common/ucnv_cnv.c(43): warning C4100: 'pErrorCode': unreferenced formal parameter
 7:27.14 d:/a/K-Meleon-R/K-Meleon-R/goanna/intl/icu/source/common/ucnv_cnv.c(42): warning C4100: 'which': unreferenced formal parameter
 7:27.14 d:/a/K-Meleon-R/K-Meleon-R/goanna/intl/icu/source/common/ucnv_cnv.c(40): warning C4100: 'cnv': unreferenced formal parameter
 7:27.14 ucnv_io.cpp
 7:27.14 nsStatusReporterManager.cpp
 7:27.14 cl : Command line warning D9025 : nsTraceRefcnt.obj
 7:27.14 overriding '/W3' with '/W4'
 7:27.14 ucnv_cb.c
 7:27.14 cl : Command line warning D9025 : overriding '/W3' with '/W4'
 7:27.14 ucnv_err.c
 7:55.37 d:/a/K-Meleon-R/K-Meleon-R/goanna/intl/icu/source/common/ucnv_err.c(105): warning C4100: 'length': unreferenced formal parameter
 7:55.37 d:/a/K-Meleon-R/K-Meleon-R/goanna/intl/icu/source/common/ucnv_err.c(104): warning C4100: 'codeUnits': unreferenced formal parameter
 7:55.37 d:/a/K-Meleon-R/K-Meleon-R/goanna/intl/icu/source/common/ucnv_err.c(103): warning C4100: 'fromUArgs': unreferenced formal parameter
 7:55.37 d:/a/K-Meleon-R/K-Meleon-R/goanna/intl/icu/source/common/ucnv_err.c(102): warning C4100: 'context': unreferenced formal parameter
 7:55.37 d:/a/K-Meleon-R/K-Meleon-R/goanna/intl/icu/source/common/ucnv_err.c(130): warning C4100: 'err': unreferenced formal parameter
 7:55.37 d:/a/K-Meleon-R/K-Meleon-R/goanna/intl/icu/source/common/ucnv_err.c(129): warning C4100: 'reason': unreferenced formal parameter
 7:55.37 d:/a/K-Meleon-R/K-Meleon-R/goanna/intl/icu/source/common/ucnv_err.c(128): warning C4100: 'length': unreferenced formal parameter
 7:55.37 d:/a/K-Meleon-R/K-Meleon-R/goanna/intl/icu/source/common/ucnv_err.c(127): warning C4100: 'codePoints': unreferenced formal parameter
 7:55.37 d:/a/K-Meleon-R/K-Meleon-R/goanna/intl/icu/source/common/ucnv_err.c(126): warning C4100: 'toUArgs': unreferenced formal parameter
 7:55.37 d:/a/K-Meleon-R/K-Meleon-R/goanna/intl/icu/source/common/ucnv_err.c(125): warning C4100: 'context': unreferenced formal parameter
 7:55.37 d:/a/K-Meleon-R/K-Meleon-R/goanna/intl/icu/source/common/ucnv_err.c(141): warning C4100: 'length': unreferenced formal parameter
 7:55.37 d:/a/K-Meleon-R/K-Meleon-R/goanna/intl/icu/source/common/ucnv_err.c(140): warning C4100: 'codeUnits': unreferenced formal parameter
 7:55.37 d:/a/K-Meleon-R/K-Meleon-R/goanna/intl/icu/source/common/ucnv_err.c(139): warning C4100: 'fromUArgs': unreferenced formal parameter
 7:55.37 d:/a/K-Meleon-R/K-Meleon-R/goanna/intl/icu/source/common/ucnv_err.c(169): warning C4100: 'length': unreferenced formal parameter
 7:55.37 d:/a/K-Meleon-R/K-Meleon-R/goanna/intl/icu/source/common/ucnv_err.c(168): warning C4100: 'codeUnits': unreferenced formal parameter
 7:55.37 d:/a/K-Meleon-R/K-Meleon-R/goanna/intl/icu/source/common/ucnv_err.c(367): warning C4100: 'length': unreferenced formal parameter
 7:55.37 d:/a/K-Meleon-R/K-Meleon-R/goanna/intl/icu/source/common/ucnv_err.c(366): warning C4100: 'codeUnits': unreferenced formal parameter
 7:55.37 d:/a/K-Meleon-R/K-Meleon-R/goanna/intl/icu/source/common/ucnv_err.c(365): warning C4100: 'toArgs': unreferenced formal parameter
 7:55.37 d:/a/K-Meleon-R/K-Meleon-R/goanna/intl/icu/source/common/ucnv_err.c(387): warning C4100: 'length': unreferenced formal parameter
 7:55.37 d:/a/K-Meleon-R/K-Meleon-R/goanna/intl/icu/source/common/ucnv_err.c(386): warning C4100: 'codeUnits': unreferenced formal parameter
 7:55.37 cl : Command line warning D9025 : overriding '/W3' with '/W4'
 7:55.37 ucnvlat1.c
 7:55.37 d:/a/K-Meleon-R/K-Meleon-R/goanna/intl/icu/source/common/ucnvlat1.c(423): warning C4100: 'pErrorCode': unreferenced formal parameter
 7:55.37 d:/a/K-Meleon-R/K-Meleon-R/goanna/intl/icu/source/common/ucnvlat1.c(422): warning C4100: 'which': unreferenced formal parameter
 7:55.37 d:/a/K-Meleon-R/K-Meleon-R/goanna/intl/icu/source/common/ucnvlat1.c(420): warning C4100: 'cnv': unreferenced formal parameter
 7:55.37 d:/a/K-Meleon-R/K-Meleon-R/goanna/intl/icu/source/common/ucnvlat1.c(697): warning C4100: 'pErrorCode': unreferenced formal parameter
 7:55.37 d:/a/K-Meleon-R/K-Meleon-R/goanna/intl/icu/source/common/ucnvlat1.c(696): warning C4100: 'which': unreferenced formal parameter
 7:55.37 d:/a/K-Meleon-R/K-Meleon-R/goanna/intl/icu/source/common/ucnvlat1.c(694): warning C4100: 'cnv': unreferenced formal parameter
 7:55.37 cl : Command line warning D9025 : overriding '/W3' with '/W4'
 7:55.37 ucnv_u7.c
 7:55.37 d:/a/K-Meleon-R/K-Meleon-R/goanna/intl/icu/source/common/ucnv_u7.c(197): warning C4100: 'pArgs': unreferenced formal parameter
 7:55.37 cl : Command line warning D9025 : overriding '/W3' with '/W4'
 7:55.37 ucnv_u8.c
 7:55.37 UnifiedBindings6.cpp
 7:55.37 host_jskwgen.obj
 7:55.37 cl : Command line warning D9025 : overriding '/W3' with '/W4'
 7:55.37 ucnv_u16.c
 7:55.37 d:/a/K-Meleon-R/K-Meleon-R/goanna/intl/icu/source/common/ucnv_u16.c(72): warning C4310: cast truncates constant value
 7:55.37 d:/a/K-Meleon-R/K-Meleon-R/goanna/intl/icu/source/common/ucnv_u16.c(72): warning C4310: cast truncates constant value
 7:55.37 d:/a/K-Meleon-R/K-Meleon-R/goanna/intl/icu/source/common/ucnv_u16.c(588): warning C4100: 'pArgs': unreferenced formal parameter
 7:55.37 d:/a/K-Meleon-R/K-Meleon-R/goanna/intl/icu/source/common/ucnv_u16.c(671): warning C4310: cast truncates constant value
 7:55.37 d:/a/K-Meleon-R/K-Meleon-R/goanna/intl/icu/source/common/ucnv_u16.c(671): warning C4310: cast truncates constant value
 7:55.37 d:/a/K-Meleon-R/K-Meleon-R/goanna/intl/icu/source/common/ucnv_u16.c(1187): warning C4100: 'pArgs': unreferenced formal parameter
 7:55.37 d:/a/K-Meleon-R/K-Meleon-R/goanna/intl/icu/source/common/ucnv_u16.c(1284): warning C4132: '_UTF16v2Data': const object should be initialized
 7:55.37 d:/a/K-Meleon-R/K-Meleon-R/goanna/intl/icu/source/common/ucnv_u16.c(1318): warning C4132: '_UTF16Data_58': const object should be initialized
 7:55.37 cl : Command line warning D9025 : overriding '/W3' with '/W4'
 7:55.37 ucnv_u32.c
 7:55.37 d:/a/K-Meleon-R/K-Meleon-R/goanna/intl/icu/source/common/ucnv_u32.c(231): warning C4310: cast truncates constant value
 7:55.37 d:/a/K-Meleon-R/K-Meleon-R/goanna/intl/icu/source/common/ucnv_u32.c(231): warning C4310: cast truncates constant value
 7:55.37 d:/a/K-Meleon-R/K-Meleon-R/goanna/intl/icu/source/common/ucnv_u32.c(334): warning C4310: cast truncates constant value
 7:55.37 d:/a/K-Meleon-R/K-Meleon-R/goanna/intl/icu/source/common/ucnv_u32.c(334): warning C4310: cast truncates constant value
 7:55.37 d:/a/K-Meleon-R/K-Meleon-R/goanna/intl/icu/source/common/ucnv_u32.c(709): warning C4310: cast truncates constant value
 7:55.37 d:/a/K-Meleon-R/K-Meleon-R/goanna/intl/icu/source/common/ucnv_u32.c(709): warning C4310: cast truncates constant value
 7:55.37 d:/a/K-Meleon-R/K-Meleon-R/goanna/intl/icu/source/common/ucnv_u32.c(820): warning C4310: cast truncates constant value
 7:55.37 d:/a/K-Meleon-R/K-Meleon-R/goanna/intl/icu/source/common/ucnv_u32.c(820): warning C4310: cast truncates constant value
 7:55.37 d:/a/K-Meleon-R/K-Meleon-R/goanna/intl/icu/source/common/ucnv_u32.c(1040): warning C4100: 'pErrorCode': unreferenced formal parameter
 7:55.37 d:/a/K-Meleon-R/K-Meleon-R/goanna/intl/icu/source/common/ucnv_u32.c(1039): warning C4100: 'pArgs': unreferenced formal parameter
 7:55.37 d:/a/K-Meleon-R/K-Meleon-R/goanna/intl/icu/source/common/ucnv_u32.c(1044): warning C4310: cast truncates constant value
 7:55.37 d:/a/K-Meleon-R/K-Meleon-R/goanna/intl/icu/source/common/ucnv_u32.c(1044): warning C4310: cast truncates constant value
 7:55.37 d:/a/K-Meleon-R/K-Meleon-R/goanna/intl/icu/source/common/ucnv_u32.c(1044): warning C4310: cast truncates constant value
 7:55.37 d:/a/K-Meleon-R/K-Meleon-R/goanna/intl/icu/source/common/ucnv_u32.c(1044): warning C4310: cast truncates constant value
 7:55.37 d:/a/K-Meleon-R/K-Meleon-R/goanna/intl/icu/source/common/ucnv_u32.c(1072): warning C4310: cast truncates constant value
 7:55.37 cl : Command line warning D9025 : overriding '/W3' with '/W4'
 7:55.37 ucnvscsu.c
 7:55.37 ucnvbocu.cpp
 7:55.37 jskwgen.cpp
 7:55.37 host_jskwgen.exe
 7:55.37 nsSystemInfo.cpp
 7:55.37 nsUUIDGenerator.obj
 7:55.37 ucnv_ext.cpp
 7:55.37 ucnvmbcs.cpp
 7:55.37 ucnv2022.cpp
 7:55.37 cl : Command line warning D9025 : overriding '/W3' with '/W4'
 7:55.37 ucnvhz.c
 7:55.37 cl : Command line warning D9025 : overriding '/W3' with '/W4'
 7:55.37 ucnv_lmb.c
 7:55.37 cl : Command line warning D9025 : overriding '/W3' with '/W4'
 7:55.37 ucnvisci.c
 7:55.37 UnifiedBindings9.obj
 7:55.37 cl : Command line warning D9025 : overriding '/W3' with '/W4'
 7:55.37 ucnvdisp.c
 7:55.37 cl : Command line warning D9025 : overriding '/W3' with '/W4'
 7:55.37 ucnv_set.c
 7:55.37 nsTraceRefcnt.cpp
 7:55.37 nsVersionComparatorImpl.obj
 7:55.37 cl : Command line warning D9025 : overriding '/W3' with '/W4'
 7:55.37 ucnv_ct.c
 7:55.37 resource.cpp
 7:55.37 uresbund.cpp
 7:55.37 nsUUIDGenerator.cpp
 7:55.37 cl : Command line warning D9025 : overriding '/W3' with '/W4'
 7:55.37 ures_cnv.c
 7:55.37 uresdata.cpp
 7:55.37 UnifiedBindings7.cpp
 7:55.37 nsVersionComparatorImpl.cpp
 7:55.37 xpcom_base.lib.desc
 7:55.37 nsDeviceContext.obj
 7:55.37 Unified_cpp_gfx_src0.obj
 7:55.37 StructuredClone.obj
 7:55.37 resbund.cpp
 7:55.37 resbund_cnv.cpp
 7:55.37 ucurr.cpp
 7:55.37 messagepattern.cpp
 7:55.37 nsDeviceContext.cpp
 7:55.37 cl : Command line warning D9025 : overriding '/W3' with '/W4'
 7:55.37 ucat.c
 7:55.37 cl : Command line warning D9025 : overriding '/W3' with '/W4'
 7:55.37 locmap.c
 7:55.37 uloc.cpp
 7:55.37 locid.cpp
 7:55.37 locutil.cpp
 7:55.37 Unified_cpp_gfx_src0.cpp
 7:55.37 gfx_src.lib.desc
 7:55.37 Unified_cpp_dom_bindings0.obj
 7:55.37 locavailable.cpp
 7:55.37 locdispnames.cpp
 7:55.37 UnifiedBindings8.cpp
 7:55.37 nsDocShellModule.obj
 7:55.37 locdspnm.cpp
 7:55.37 loclikely.cpp
 7:55.37 StructuredClone.cpp
 7:55.37 locresdata.cpp
 7:55.37 nsUniscribeBreaker.obj
 7:55.37 Unified_cpp_intl_lwbrk0.obj
 7:55.37 bytestream.cpp
 7:55.37 stringpiece.cpp
 7:55.37 UnifiedBindings9.cpp
 7:55.37 nsUniscribeBreaker.cpp
 7:55.37 stringtriebuilder.cpp
 7:55.37 bytestriebuilder.cpp
 7:55.37 nsDocShellModule.cpp
 7:55.37 docshell_build.lib.desc
 7:55.37 UnifiedProtocols0.obj
 7:55.37 UnifiedProtocols1.obj
 7:55.37 bytestrie.cpp
 7:55.37 Unified_cpp_intl_lwbrk0.cpp
 7:55.37 intl_lwbrk.lib.desc
 7:55.37 UnifiedProtocols10.obj
 7:55.37 bytestrieiterator.cpp
 7:55.37 ucharstrie.cpp
 7:55.37 ucharstriebuilder.cpp
 7:55.37 ucharstrieiterator.cpp
 7:55.37 dictionarydata.cpp
 7:55.37 appendable.cpp
 7:55.37 ustr_cnv.cpp
 7:55.37 UnifiedProtocols1.cpp
 7:55.37 Unified_cpp_dom_bindings0.cpp
 7:55.37 unistr_cnv.cpp
 7:55.37 dom_bindings.lib.desc
 7:55.37 IdentityCryptoService.obj
 7:55.37 unistr.cpp
 7:55.37 UnifiedProtocols11.obj
 7:55.37 UnifiedProtocols0.cpp
 7:55.37 XrayWrapper.obj
 7:55.37 Unified_cpp_xpconnect_wrappers0.obj
 7:55.37 unistr_case.cpp
 7:55.37 IdentityCryptoService.cpp
 7:55.37 toolkit_identity.lib.desc
 7:55.37 UnifiedProtocols12.obj
 7:55.37 unistr_props.cpp
 7:55.37 cl : Command line warning D9025 : overriding '/W3' with '/W4'
 7:55.37 utf_impl.c
 7:55.37 d:\a\K-Meleon-R\K-Meleon-R\goanna\intl\icu\source\common\unicode/utf8.h(62): warning C4132: 'utf8_countTrailBytes_58': const object should be initialized
 7:55.37 ustring.cpp
 7:55.37 ustrcase.cpp
 7:55.37 ucasemap.cpp
 7:55.37 d:/a/K-Meleon-R/K-Meleon-R/goanna/intl/icu/source/common/ucasemap.cpp(204): warning C4333: '>>': right shift by too large amount, data loss
 7:55.37 ucasemap_titlecase_brkiter.cpp
 7:55.37 cl : Command line warning D9025 : overriding '/W3' with '/W4'
 7:55.37 cstring.c
 7:55.37 cl : Command line warning D9025 : overriding '/W3' with '/W4'
 7:55.37 ustrfmt.c
 7:55.37 ustrtrns.cpp
 7:55.37 ustr_wcs.cpp
 7:55.37 XrayWrapper.cpp
 7:55.37 utext.cpp
 7:55.37 unistr_case_locale.cpp
 7:55.37 ustrcase_locale.cpp
 7:55.37 UnifiedProtocols10.cpp
 7:55.37 unistr_titlecase_brkiter.cpp
 7:55.37 Unified_cpp_autocomplete0.obj
 7:55.37 ustr_titlecase_brkiter.cpp
 7:55.37 normalizer2impl.cpp
 7:55.37 UnifiedProtocols11.cpp
 7:55.37 UnifiedProtocols13.obj
 7:55.37 normalizer2.cpp
 7:55.37 Unified_cpp_autocomplete0.cpp
 7:55.37 toolkit_components_autocomplete.lib.desc
 7:55.37 UnifiedProtocols14.obj
 7:55.37 filterednormalizer2.cpp
 7:55.37 normlzr.cpp
 7:55.37 Unified_cpp_xpconnect_wrappers0.cpp
 7:55.37 js_xpconnect_wrappers.lib.desc
 7:55.37 UnifiedProtocols15.obj
 7:55.37 unorm.cpp
 7:55.37 unormcmp.cpp
 7:55.37 loadednormalizer2impl.cpp
 7:55.37 chariter.cpp
 7:55.37 UnifiedProtocols13.cpp
 7:55.37 schriter.cpp
 7:55.37 Unified_cpp_libjar_zipwriter0.obj
 7:55.37 uchriter.cpp
 7:55.37 UnifiedProtocols12.cpp
 7:55.37 Unified_cpp_layout_xul_tree0.obj
 7:55.37 uiter.cpp
 7:55.37 patternprops.cpp
 7:55.37 Unified_cpp_libjar_zipwriter0.cpp
 7:55.37 modules_libjar_zipwriter.lib.desc
 8:23.66 cl : Command line warning D9025 : overriding '/W3' with '/W4'
 8:23.66 uchar.c
 8:23.66 UnifiedProtocols16.obj
 8:23.66 d:/a/K-Meleon-R/K-Meleon-R/goanna/intl/icu/source/common/uchar.c(70): warning C4100: 'context': unreferenced formal parameter
 8:23.66 d:/a/K-Meleon-R/K-Meleon-R/goanna/intl/icu/source/common/uchar.c(653): warning C4100: 'value': unreferenced formal parameter
 8:23.66 d:/a/K-Meleon-R/K-Meleon-R/goanna/intl/icu/source/common/uchar.c(653): warning C4100: 'end': unreferenced formal parameter
 8:23.66 UnifiedProtocols14.cpp
 8:23.66 uprops.cpp
 8:23.66 Unified_cpp_util_internal0.obj
 8:23.66 ucase.cpp
 8:23.66 propname.cpp
 8:23.66 Unified_cpp_util_internal0.cpp
 8:23.66 cl : Command line warning D9025 : overriding '/W3' with '/W4'
 8:23.66 ubidi_props.c
 8:23.66 intl_unicharutil_util_internal.lib
 8:23.66 d:/a/K-Meleon-R/K-Meleon-R/goanna/intl/icu/source/common/ubidi_props.c(57): warning C4100: 'value': unreferenced formal parameter
 8:23.66 d:/a/K-Meleon-R/K-Meleon-R/goanna/intl/icu/source/common/ubidi_props.c(57): warning C4100: 'end': unreferenced formal parameter
 8:23.66 cl : Command line warning D9025 : overriding '/W3' with '/W4'
 8:23.66 ubidi.c
 8:23.66 intl_unicharutil_util_internal.lib.desc
 8:23.66 UnifiedProtocols17.obj
 8:23.66 cl : Command line warning D9025 : overriding '/W3' with '/W4'
 8:23.66 ubidiwrt.c
 8:23.66 cl : Command line warning D9025 : overriding '/W3' with '/W4'
 8:23.66 ubidiln.c
 8:23.66 ushape.cpp
 8:23.66 cl : Command line warning D9025 : overriding '/W3' with '/W4'
 8:23.66 uscript.c
 8:23.66 uscript_props.cpp
 8:23.66 Unified_cpp_layout_xul_tree0.cpp
 8:23.66 layout_xul_tree.lib.desc
 8:23.66 UnifiedProtocols18.obj
 8:23.66 cl : Command line warning D9025 : overriding '/W3' with '/W4'
 8:23.66 usc_impl.c
 8:23.66 unames.cpp
 8:23.66 utrie.cpp
 8:23.66 utrie2.cpp
 8:23.66 UnifiedProtocols15.cpp
 8:23.66 utrie2_builder.cpp
 8:23.66 nsToolkitCompsModule.obj
 8:23.66 bmpset.cpp
 8:23.66 unisetspan.cpp
 8:23.66 uset_props.cpp
 8:23.66 uniset_props.cpp
 8:23.66 nsToolkitCompsModule.cpp
 8:23.66 toolkit_components_build.lib.desc
 8:23.66 UnifiedProtocols19.obj
 8:23.66 UnifiedProtocols16.cpp
 8:23.66 uniset_closure.cpp
 8:23.66 Unified_cpp_aboutcompartments0.obj
 8:23.66 UnifiedProtocols17.cpp
 8:23.66 reflect.obj
 8:23.66 uset.cpp
 8:23.66 uniset.cpp
 8:23.66 Unified_cpp_aboutcompartments0.cpp
 8:23.66 toolkit_components_aboutcompartments.lib.desc
 8:23.66 reflect.cpp
 8:23.66 UnifiedProtocols2.obj
 8:23.66 toolkit_components_reflect.lib.desc
 8:23.66 usetiter.cpp
 8:23.66 UnifiedProtocols20.obj
 8:23.66 ruleiter.cpp
 8:23.66 caniter.cpp
 8:23.66 unifilt.cpp
 8:23.66 unifunct.cpp
 8:23.66 cl : Command line warning D9025 : overriding '/W3' with '/W4'
 8:23.66 uarrsort.c
 8:23.66 d:/a/K-Meleon-R/K-Meleon-R/goanna/intl/icu/source/common/uarrsort.c(40): warning C4100: 'context': unreferenced formal parameter
 8:23.66 d:/a/K-Meleon-R/K-Meleon-R/goanna/intl/icu/source/common/uarrsort.c(45): warning C4100: 'context': unreferenced formal parameter
 8:23.66 d:/a/K-Meleon-R/K-Meleon-R/goanna/intl/icu/source/common/uarrsort.c(50): warning C4100: 'context': unreferenced formal parameter
 8:23.66 brkiter.cpp
 8:23.66 ubrk.cpp
 8:23.66 brkeng.cpp
 8:23.66 dictbe.cpp
 8:23.66 filteredbrk.cpp
 8:23.66 rbbi.cpp
 8:23.66 rbbidata.cpp
 8:23.66 UnifiedProtocols18.cpp
 8:23.66 rbbinode.cpp
 8:23.66 Unified_c_xpcom_io0.obj
 8:23.66 FileUtilsWin.obj
 8:23.66 rbbirb.cpp
 8:23.66 rbbiscan.cpp
 8:23.66 rbbisetb.cpp
 8:23.66 Unified_c_xpcom_io0.c
 8:23.66 nsLocalFileWin.obj
 8:23.66 rbbistbl.cpp
 8:23.66 rbbitblb.cpp
 8:23.66 serv.cpp
 8:23.66 servnotf.cpp
 8:23.66 UnifiedProtocols19.cpp
 8:23.66 Unified_cpp_gfx_gl0.obj
 8:23.66 Unified_cpp_gfx_gl1.obj
 8:23.66 FileUtilsWin.cpp
 8:23.66 UnifiedProtocols2.cpp
 8:23.66 UnifiedProtocols3.obj
 8:23.66 Unified_cpp_xpcom_io0.obj
 8:23.66 servls.cpp
 8:23.66 servlk.cpp
 8:23.66 nsLocalFileWin.cpp
 8:23.66 Unified_cpp_xpcom_io1.obj
 8:23.66 servlkf.cpp
 8:23.66 UnifiedProtocols20.cpp
 8:23.66 UnifiedProtocols4.obj
 8:23.66 servrbf.cpp
 8:23.66 servslkf.cpp
 8:23.66 uidna.cpp
 8:23.66 usprep.cpp
 8:23.66 uts46.cpp
 8:23.66 Unified_cpp_gfx_gl0.cpp
 8:23.66 punycode.cpp
 8:23.66 util.cpp
 8:23.66 util_props.cpp
 8:23.66 parsepos.cpp
 8:23.66 locbased.cpp
 8:23.66 cl : Command line warning D9025 : overriding '/W3' with '/W4'
 8:23.66 cwchar.c
 8:23.66 Unified_cpp_xpcom_io0.cpp
 8:23.66 cl : Command line warning D9025 : overriding '/W3' with '/W4'
 8:23.66 wintz.c
 8:23.66 d:/a/K-Meleon-R/K-Meleon-R/goanna/intl/icu/source/common/wintz.c(332): warning C4996: 'GetVersionExA': was declared deprecated
 8:23.66 dtintrv.cpp
 8:23.66 ucnvsel.cpp
 8:23.66 cl : Command line warning D9025 : overriding '/W3' with '/W4'
 8:23.66 propsvec.c
 8:23.66 d:/a/K-Meleon-R/K-Meleon-R/goanna/intl/icu/source/common/propsvec.c(500): warning C4100: 'columns': unreferenced formal parameter
 8:23.66 d:/a/K-Meleon-R/K-Meleon-R/goanna/intl/icu/source/common/propsvec.c(500): warning C4100: 'row': unreferenced formal parameter
 8:23.66 cl : Command line warning D9025 : overriding '/W3' with '/W4'
 8:23.66 ulist.c
 8:23.66 cl : Command line warning D9025 : overriding '/W3' with '/W4'
 8:23.66 uloc_tag.c
 8:23.66 d:/a/K-Meleon-R/K-Meleon-R/goanna/intl/icu/source/common/uloc_tag.c(1644): warning C4100: 'hadPosix': unreferenced formal parameter
 8:23.66 cl : Command line warning D9025 : overriding '/W3' with '/W4'
 8:23.66 icudataver.c
 8:23.66 Unified_cpp_xpcom_io1.cpp
 8:23.66 xpcom_io.lib.desc
 8:23.66 icuplug.cpp
 8:23.66 UnifiedProtocols5.obj
 8:23.66 Unified_cpp_gfx_gl1.cpp
 8:23.66 listformatter.cpp
 8:23.66 gfx_gl.lib.desc
 8:23.66 UnifiedProtocols6.obj
 8:23.66 UnifiedProtocols3.cpp
 8:23.66 ulistformatter.cpp
 8:23.66 Unified_cpp_parser_html0.obj
 8:23.66 Unified_cpp_parser_html1.obj
 8:23.66 sharedobject.cpp
 8:23.66 simpleformatter.cpp
 8:23.66 unifiedcache.cpp
 8:23.66 uloc_keytype.cpp
 8:23.66 cl : Command line warning D9025 : overriding '/W3' with '/W4'
 8:23.66 ubiditransform.c
 8:23.66 d:/a/K-Meleon-R/K-Meleon-R/goanna/intl/icu/source/common/ubiditransform.c(166): warning C4100: 'pErrorCode': unreferenced formal parameter
 8:23.66 d:/a/K-Meleon-R/K-Meleon-R/goanna/intl/icu/source/common/ubiditransform.c(184): warning C4100: 'pErrorCode': unreferenced formal parameter
 8:23.66 pluralmap.cpp
 8:23.66 UnifiedProtocols4.cpp
 8:23.66 Microsoft (R) Windows (R) Resource Compiler Version 10.0.10011.16384
 8:23.66 
 8:23.66 Copyright (C) Microsoft Corporation.  All rights reserved.
 8:23.66 
 8:23.66 
 8:23.66 Unified_cpp_dom_cache0.obj
 8:23.66 Unified_cpp_dom_cache1.obj
 8:23.66    Creating library ../lib/icuuc.lib and object ../lib/icuuc.exp
 8:23.66 Generating code
 8:23.66 UnifiedProtocols5.cpp
 8:23.66 Unified_cpp_parser_html0.cpp
 8:23.66 UnifiedProtocols7.obj
 8:23.66 Unified_cpp_parser_html2.obj
 8:23.66 Warning: C4701 in d:\a\K-Meleon-R\K-Meleon-R\goanna\intl\icu\source\common\uloc_tag.c: potentially uninitialized local variable 'bcpKey' used
 8:23.66 d:\a\K-Meleon-R\K-Meleon-R\goanna\intl\icu\source\common\uloc_tag.c(1083) : warning C4701: potentially uninitialized local variable 'bcpKey' used
 8:23.66 Warning: C4703 in d:\a\K-Meleon-R\K-Meleon-R\goanna\intl\icu\source\common\uloc_tag.c: potentially uninitialized local pointer variable 'bcpKey' used
 8:23.66 d:\a\K-Meleon-R\K-Meleon-R\goanna\intl\icu\source\common\uloc_tag.c(1083) : warning C4703: potentially uninitialized local pointer variable 'bcpKey' used
 8:23.66 Warning: C4701 in d:\a\K-Meleon-R\K-Meleon-R\goanna\intl\icu\source\common\uloc_tag.c: potentially uninitialized local variable 'bcpValue' used
 8:23.66 d:\a\K-Meleon-R\K-Meleon-R\goanna\intl\icu\source\common\uloc_tag.c(1084) : warning C4701: potentially uninitialized local variable 'bcpValue' used
 8:23.66 Warning: C4703 in d:\a\K-Meleon-R\K-Meleon-R\goanna\intl\icu\source\common\uloc_tag.c: potentially uninitialized local pointer variable 'bcpValue' used
 8:23.66 d:\a\K-Meleon-R\K-Meleon-R\goanna\intl\icu\source\common\uloc_tag.c(1084) : warning C4703: potentially uninitialized local pointer variable 'bcpValue' used
 8:23.66 Finished generating code
 8:23.66 LINK : warning LNK4281: undesirable base address 0x4A800000 for x64 image; set base address above 4GB for best ASLR optimization
 8:23.66 c:/Strawberry/c/bin/gmake.EXE[6]: Making `all' in `i18n'
 8:23.66 generating dependency information for d:/a/K-Meleon-R/K-Meleon-R/goanna/intl/icu/source/i18n/dayperiodrules.cpp
 8:23.66 generating dependency information for d:/a/K-Meleon-R/K-Meleon-R/goanna/intl/icu/source/i18n/visibledigits.cpp
 8:23.66 generating dependency information for d:/a/K-Meleon-R/K-Meleon-R/goanna/intl/icu/source/i18n/decimfmtimpl.cpp
 8:23.66 generating dependency information for d:/a/K-Meleon-R/K-Meleon-R/goanna/intl/icu/source/i18n/smallintformatter.cpp
 8:23.66 generating dependency information for d:/a/K-Meleon-R/K-Meleon-R/goanna/intl/icu/source/i18n/affixpatternparser.cpp
 8:23.66 generating dependency information for d:/a/K-Meleon-R/K-Meleon-R/goanna/intl/icu/source/i18n/precision.cpp
 8:23.66 generating dependency information for d:/a/K-Meleon-R/K-Meleon-R/goanna/intl/icu/source/i18n/pluralaffix.cpp
 8:23.66 generating dependency information for d:/a/K-Meleon-R/K-Meleon-R/goanna/intl/icu/source/i18n/digitaffixesandpadding.cpp
 8:23.66 generating dependency information for d:/a/K-Meleon-R/K-Meleon-R/goanna/intl/icu/source/i18n/valueformatter.cpp
 8:23.66 generating dependency information for d:/a/K-Meleon-R/K-Meleon-R/goanna/intl/icu/source/i18n/digitaffix.cpp
 8:23.66 generating dependency information for d:/a/K-Meleon-R/K-Meleon-R/goanna/intl/icu/source/i18n/digitformatter.cpp
 8:23.66 generating dependency information for d:/a/K-Meleon-R/K-Meleon-R/goanna/intl/icu/source/i18n/digitinterval.cpp
 8:23.66 generating dependency information for d:/a/K-Meleon-R/K-Meleon-R/goanna/intl/icu/source/i18n/digitgrouping.cpp
 8:23.66 generating dependency information for d:/a/K-Meleon-R/K-Meleon-R/goanna/intl/icu/source/i18n/scientificnumberformatter.cpp
 8:23.66 generating dependency information for d:/a/K-Meleon-R/K-Meleon-R/goanna/intl/icu/source/i18n/sharedbreakiterator.cpp
 8:23.66 generating dependency information for d:/a/K-Meleon-R/K-Meleon-R/goanna/intl/icu/source/i18n/measunit.cpp
 8:23.66 generating dependency information for d:/a/K-Meleon-R/K-Meleon-R/goanna/intl/icu/source/i18n/quantityformatter.cpp
 8:23.66 generating dependency information for d:/a/K-Meleon-R/K-Meleon-R/goanna/intl/icu/source/i18n/reldatefmt.cpp
 8:23.66 generating dependency information for d:/a/K-Meleon-R/K-Meleon-R/goanna/intl/icu/source/i18n/uregion.cpp
 8:23.66 generating dependency information for d:/a/K-Meleon-R/K-Meleon-R/goanna/intl/icu/source/i18n/scriptset.cpp
 8:23.66 generating dependency information for d:/a/K-Meleon-R/K-Meleon-R/goanna/intl/icu/source/i18n/region.cpp
 8:23.66 generating dependency information for d:/a/K-Meleon-R/K-Meleon-R/goanna/intl/icu/source/i18n/gender.cpp
 8:23.66 generating dependency information for d:/a/K-Meleon-R/K-Meleon-R/goanna/intl/icu/source/i18n/compactdecimalformat.cpp
 8:23.66 generating dependency information for d:/a/K-Meleon-R/K-Meleon-R/goanna/intl/icu/source/i18n/tzfmt.cpp
 8:23.66 generating dependency information for d:/a/K-Meleon-R/K-Meleon-R/goanna/intl/icu/source/i18n/tzgnames.cpp
 8:23.66 generating dependency information for d:/a/K-Meleon-R/K-Meleon-R/goanna/intl/icu/source/i18n/tznames_impl.cpp
 8:23.66 generating dependency information for d:/a/K-Meleon-R/K-Meleon-R/goanna/intl/icu/source/i18n/tznames.cpp
 8:23.66 generating dependency information for d:/a/K-Meleon-R/K-Meleon-R/goanna/intl/icu/source/i18n/alphaindex.cpp
 8:23.66 generating dependency information for d:/a/K-Meleon-R/K-Meleon-R/goanna/intl/icu/source/i18n/decContext.c
 8:23.66 generating dependency information for d:/a/K-Meleon-R/K-Meleon-R/goanna/intl/icu/source/i18n/decNumber.c
 8:23.66 generating dependency information for d:/a/K-Meleon-R/K-Meleon-R/goanna/intl/icu/source/i18n/ufieldpositer.cpp
 8:23.66 generating dependency information for d:/a/K-Meleon-R/K-Meleon-R/goanna/intl/icu/source/i18n/fpositer.cpp
 8:23.66 generating dependency information for d:/a/K-Meleon-R/K-Meleon-R/goanna/intl/icu/source/i18n/fphdlimp.cpp
 8:23.66 generating dependency information for d:/a/K-Meleon-R/K-Meleon-R/goanna/intl/icu/source/i18n/vzone.cpp
 8:23.66 generating dependency information for d:/a/K-Meleon-R/K-Meleon-R/goanna/intl/icu/source/i18n/zrule.cpp
 8:23.66 generating dependency information for d:/a/K-Meleon-R/K-Meleon-R/goanna/intl/icu/source/i18n/ztrans.cpp
 8:23.66 generating dependency information for d:/a/K-Meleon-R/K-Meleon-R/goanna/intl/icu/source/i18n/smpdtfst.cpp
 8:31.17 generating dependency information for d:/a/K-Meleon-R/K-Meleon-R/goanna/intl/icu/source/i18n/decfmtst.cpp
 8:31.17 generating dependency information for d:/a/K-Meleon-R/K-Meleon-R/goanna/intl/icu/source/i18n/uspoof_conf.cpp
 8:31.17 generating dependency information for d:/a/K-Meleon-R/K-Meleon-R/goanna/intl/icu/source/i18n/uspoof_build.cpp
 8:31.17 generating dependency information for d:/a/K-Meleon-R/K-Meleon-R/goanna/intl/icu/source/i18n/uspoof_impl.cpp
 8:31.17 generating dependency information for d:/a/K-Meleon-R/K-Meleon-R/goanna/intl/icu/source/i18n/uspoof.cpp
 8:31.17 generating dependency information for d:/a/K-Meleon-R/K-Meleon-R/goanna/intl/icu/source/i18n/currpinf.cpp
 8:31.17 generating dependency information for d:/a/K-Meleon-R/K-Meleon-R/goanna/intl/icu/source/i18n/tmutfmt.cpp
 8:31.17 generating dependency information for d:/a/K-Meleon-R/K-Meleon-R/goanna/intl/icu/source/i18n/tmutamt.cpp
 8:31.17 Unified_cpp_dom_cache0.cpp
 8:31.17 generating dependency information for d:/a/K-Meleon-R/K-Meleon-R/goanna/intl/icu/source/i18n/tmunit.cpp
 8:31.17 generating dependency information for d:/a/K-Meleon-R/K-Meleon-R/goanna/intl/icu/source/i18n/udateintervalformat.cpp
 8:31.17 generating dependency information for d:/a/K-Meleon-R/K-Meleon-R/goanna/intl/icu/source/i18n/dtitvinf.cpp
 8:31.17 generating dependency information for d:/a/K-Meleon-R/K-Meleon-R/goanna/intl/icu/source/i18n/dtitvfmt.cpp
 8:31.17 generating dependency information for d:/a/K-Meleon-R/K-Meleon-R/goanna/intl/icu/source/i18n/selfmt.cpp
 8:31.17 generating dependency information for d:/a/K-Meleon-R/K-Meleon-R/goanna/intl/icu/source/i18n/plurfmt.cpp
 8:31.17 generating dependency information for d:/a/K-Meleon-R/K-Meleon-R/goanna/intl/icu/source/i18n/plurrule.cpp
 8:31.17 generating dependency information for d:/a/K-Meleon-R/K-Meleon-R/goanna/intl/icu/source/i18n/upluralrules.cpp
 8:31.17 generating dependency information for d:/a/K-Meleon-R/K-Meleon-R/goanna/intl/icu/source/i18n/standardplural.cpp
 8:31.17 generating dependency information for d:/a/K-Meleon-R/K-Meleon-R/goanna/intl/icu/source/i18n/zonemeta.cpp
 8:31.17 generating dependency information for d:/a/K-Meleon-R/K-Meleon-R/goanna/intl/icu/source/i18n/vtzone.cpp
 8:31.17 generating dependency information for d:/a/K-Meleon-R/K-Meleon-R/goanna/intl/icu/source/i18n/tztrans.cpp
 8:31.17 generating dependency information for d:/a/K-Meleon-R/K-Meleon-R/goanna/intl/icu/source/i18n/tzrule.cpp
 8:31.17 generating dependency information for d:/a/K-Meleon-R/K-Meleon-R/goanna/intl/icu/source/i18n/rbtz.cpp
 8:31.17 generating dependency information for d:/a/K-Meleon-R/K-Meleon-R/goanna/intl/icu/source/i18n/dtrule.cpp
 8:31.17 generating dependency information for d:/a/K-Meleon-R/K-Meleon-R/goanna/intl/icu/source/i18n/basictz.cpp
 8:31.17 Unified_cpp_parser_html1.cpp
 8:31.17 generating dependency information for d:/a/K-Meleon-R/K-Meleon-R/goanna/intl/icu/source/i18n/winnmfmt.cpp
 8:31.17 generating dependency information for d:/a/K-Meleon-R/K-Meleon-R/goanna/intl/icu/source/i18n/windtfmt.cpp
 8:31.17 generating dependency information for d:/a/K-Meleon-R/K-Meleon-R/goanna/intl/icu/source/i18n/wintzimpl.cpp
 8:31.17 generating dependency information for d:/a/K-Meleon-R/K-Meleon-R/goanna/intl/icu/source/i18n/inputext.cpp
 8:31.17 generating dependency information for d:/a/K-Meleon-R/K-Meleon-R/goanna/intl/icu/source/i18n/csrutf8.cpp
 8:31.17 generating dependency information for d:/a/K-Meleon-R/K-Meleon-R/goanna/intl/icu/source/i18n/csrucode.cpp
 8:31.17 generating dependency information for d:/a/K-Meleon-R/K-Meleon-R/goanna/intl/icu/source/i18n/csrsbcs.cpp
 8:31.17 generating dependency information for d:/a/K-Meleon-R/K-Meleon-R/goanna/intl/icu/source/i18n/csrmbcs.cpp
 8:31.17 generating dependency information for d:/a/K-Meleon-R/K-Meleon-R/goanna/intl/icu/source/i18n/csrecog.cpp
 8:31.17 generating dependency information for d:/a/K-Meleon-R/K-Meleon-R/goanna/intl/icu/source/i18n/csr2022.cpp
 8:31.17 generating dependency information for d:/a/K-Meleon-R/K-Meleon-R/goanna/intl/icu/source/i18n/csmatch.cpp
 8:31.17 generating dependency information for d:/a/K-Meleon-R/K-Meleon-R/goanna/intl/icu/source/i18n/csdetect.cpp
 8:31.17 generating dependency information for d:/a/K-Meleon-R/K-Meleon-R/goanna/intl/icu/source/i18n/utmscale.c
 8:31.17 generating dependency information for d:/a/K-Meleon-R/K-Meleon-R/goanna/intl/icu/source/i18n/measure.cpp
 8:31.17 generating dependency information for d:/a/K-Meleon-R/K-Meleon-R/goanna/intl/icu/source/i18n/currunit.cpp
 8:31.17 generating dependency information for d:/a/K-Meleon-R/K-Meleon-R/goanna/intl/icu/source/i18n/curramt.cpp
 8:31.17 generating dependency information for d:/a/K-Meleon-R/K-Meleon-R/goanna/intl/icu/source/i18n/currfmt.cpp
 8:31.17 generating dependency information for d:/a/K-Meleon-R/K-Meleon-R/goanna/intl/icu/source/i18n/measfmt.cpp
 8:31.17 generating dependency information for d:/a/K-Meleon-R/K-Meleon-R/goanna/intl/icu/source/i18n/ulocdata.c
 8:31.17 generating dependency information for d:/a/K-Meleon-R/K-Meleon-R/goanna/intl/icu/source/i18n/uregexc.cpp
 8:31.17 generating dependency information for d:/a/K-Meleon-R/K-Meleon-R/goanna/intl/icu/source/i18n/uregex.cpp
 8:31.17 generating dependency information for d:/a/K-Meleon-R/K-Meleon-R/goanna/intl/icu/source/i18n/regeximp.cpp
 8:31.17 generating dependency information for d:/a/K-Meleon-R/K-Meleon-R/goanna/intl/icu/source/i18n/regextxt.cpp
 8:31.17 generating dependency information for d:/a/K-Meleon-R/K-Meleon-R/goanna/intl/icu/source/i18n/regexst.cpp
 8:31.17 generating dependency information for d:/a/K-Meleon-R/K-Meleon-R/goanna/intl/icu/source/i18n/repattrn.cpp
 8:31.17 generating dependency information for d:/a/K-Meleon-R/K-Meleon-R/goanna/intl/icu/source/i18n/rematch.cpp
 8:31.17 generating dependency information for d:/a/K-Meleon-R/K-Meleon-R/goanna/intl/icu/source/i18n/regexcmp.cpp
 8:31.17 generating dependency information for d:/a/K-Meleon-R/K-Meleon-R/goanna/intl/icu/source/i18n/brktrans.cpp
 8:31.17 generating dependency information for d:/a/K-Meleon-R/K-Meleon-R/goanna/intl/icu/source/i18n/transreg.cpp
 8:31.17 generating dependency information for d:/a/K-Meleon-R/K-Meleon-R/goanna/intl/icu/source/i18n/quant.cpp
 8:31.17 generating dependency information for d:/a/K-Meleon-R/K-Meleon-R/goanna/intl/icu/source/i18n/nortrans.cpp
 8:31.17 generating dependency information for d:/a/K-Meleon-R/K-Meleon-R/goanna/intl/icu/source/i18n/uni2name.cpp
 8:31.17 generating dependency information for d:/a/K-Meleon-R/K-Meleon-R/goanna/intl/icu/source/i18n/name2uni.cpp
 8:31.17 generating dependency information for d:/a/K-Meleon-R/K-Meleon-R/goanna/intl/icu/source/i18n/anytrans.cpp
 8:31.17 generating dependency information for d:/a/K-Meleon-R/K-Meleon-R/goanna/intl/icu/source/i18n/toupptrn.cpp
 8:31.17 generating dependency information for d:/a/K-Meleon-R/K-Meleon-R/goanna/intl/icu/source/i18n/tolowtrn.cpp
 8:31.17 generating dependency information for d:/a/K-Meleon-R/K-Meleon-R/goanna/intl/icu/source/i18n/titletrn.cpp
 8:31.17 generating dependency information for d:/a/K-Meleon-R/K-Meleon-R/goanna/intl/icu/source/i18n/casetrn.cpp
 8:31.17 generating dependency information for d:/a/K-Meleon-R/K-Meleon-R/goanna/intl/icu/source/i18n/remtrans.cpp
 8:31.17 generating dependency information for d:/a/K-Meleon-R/K-Meleon-R/goanna/intl/icu/source/i18n/nultrans.cpp
 8:31.17 generating dependency information for d:/a/K-Meleon-R/K-Meleon-R/goanna/intl/icu/source/i18n/rbt_set.cpp
 8:31.17 generating dependency information for d:/a/K-Meleon-R/K-Meleon-R/goanna/intl/icu/source/i18n/rbt_rule.cpp
 8:31.17 generating dependency information for d:/a/K-Meleon-R/K-Meleon-R/goanna/intl/icu/source/i18n/rbt_pars.cpp
 8:31.17 generating dependency information for d:/a/K-Meleon-R/K-Meleon-R/goanna/intl/icu/source/i18n/rbt_data.cpp
 8:31.17 generating dependency information for d:/a/K-Meleon-R/K-Meleon-R/goanna/intl/icu/source/i18n/rbt.cpp
 8:31.17 generating dependency information for d:/a/K-Meleon-R/K-Meleon-R/goanna/intl/icu/source/i18n/cpdtrans.cpp
 8:31.17 generating dependency information for d:/a/K-Meleon-R/K-Meleon-R/goanna/intl/icu/source/i18n/tridpars.cpp
 8:31.17 Unified_cpp_dom_cache1.cpp
 8:31.17 generating dependency information for d:/a/K-Meleon-R/K-Meleon-R/goanna/intl/icu/source/i18n/strrepl.cpp
 8:31.17 dom_cache.lib.desc
 8:31.17 Unified_cpp_parser_html2.cpp
 8:31.17 parser_html.lib.desc
 8:31.17 UnifiedProtocols8.obj
 8:31.17 generating dependency information for d:/a/K-Meleon-R/K-Meleon-R/goanna/intl/icu/source/i18n/funcrepl.cpp
 8:31.17 UnifiedProtocols9.obj
 8:31.17 generating dependency information for d:/a/K-Meleon-R/K-Meleon-R/goanna/intl/icu/source/i18n/unesctrn.cpp
 8:31.17 generating dependency information for d:/a/K-Meleon-R/K-Meleon-R/goanna/intl/icu/source/i18n/esctrn.cpp
 8:31.17 generating dependency information for d:/a/K-Meleon-R/K-Meleon-R/goanna/intl/icu/source/i18n/utrans.cpp
 8:31.17 generating dependency information for d:/a/K-Meleon-R/K-Meleon-R/goanna/intl/icu/source/i18n/translit.cpp
 8:31.17 generating dependency information for d:/a/K-Meleon-R/K-Meleon-R/goanna/intl/icu/source/i18n/stsearch.cpp
 8:31.17 generating dependency information for d:/a/K-Meleon-R/K-Meleon-R/goanna/intl/icu/source/i18n/search.cpp
 8:31.17 generating dependency information for d:/a/K-Meleon-R/K-Meleon-R/goanna/intl/icu/source/i18n/usearch.cpp
 8:31.17 generating dependency information for d:/a/K-Meleon-R/K-Meleon-R/goanna/intl/icu/source/i18n/strmatch.cpp
 8:31.17 generating dependency information for d:/a/K-Meleon-R/K-Meleon-R/goanna/intl/icu/source/i18n/collationfastlatinbuilder.cpp
 8:31.17 generating dependency information for d:/a/K-Meleon-R/K-Meleon-R/goanna/intl/icu/source/i18n/collationbuilder.cpp
 8:31.17 generating dependency information for d:/a/K-Meleon-R/K-Meleon-R/goanna/intl/icu/source/i18n/collationruleparser.cpp
 8:31.17 generating dependency information for d:/a/K-Meleon-R/K-Meleon-R/goanna/intl/icu/source/i18n/collationweights.cpp
 8:31.17 generating dependency information for d:/a/K-Meleon-R/K-Meleon-R/goanna/intl/icu/source/i18n/collationdatabuilder.cpp
 8:31.17 generating dependency information for d:/a/K-Meleon-R/K-Meleon-R/goanna/intl/icu/source/i18n/collationrootelements.cpp
 8:31.17 generating dependency information for d:/a/K-Meleon-R/K-Meleon-R/goanna/intl/icu/source/i18n/collationroot.cpp
 8:31.17 generating dependency information for d:/a/K-Meleon-R/K-Meleon-R/goanna/intl/icu/source/i18n/rulebasedcollator.cpp
 8:31.17 UnifiedProtocols6.cpp
 8:31.17 generating dependency information for d:/a/K-Meleon-R/K-Meleon-R/goanna/intl/icu/source/i18n/collationkeys.cpp
 8:31.17 Unified_cpp_src_base0.obj
 8:31.17 generating dependency information for d:/a/K-Meleon-R/K-Meleon-R/goanna/intl/icu/source/i18n/collationfastlatin.cpp
 8:31.17 generating dependency information for d:/a/K-Meleon-R/K-Meleon-R/goanna/intl/icu/source/i18n/collationcompare.cpp
 8:31.17 generating dependency information for d:/a/K-Meleon-R/K-Meleon-R/goanna/intl/icu/source/i18n/collationsets.cpp
 9:02.33 generating dependency information for d:/a/K-Meleon-R/K-Meleon-R/goanna/intl/icu/source/i18n/uitercollationiterator.cpp
 9:02.33 generating dependency information for d:/a/K-Meleon-R/K-Meleon-R/goanna/intl/icu/source/i18n/utf8collationiterator.cpp
 9:02.33 generating dependency information for d:/a/K-Meleon-R/K-Meleon-R/goanna/intl/icu/source/i18n/utf16collationiterator.cpp
 9:02.33 generating dependency information for d:/a/K-Meleon-R/K-Meleon-R/goanna/intl/icu/source/i18n/collationiterator.cpp
 9:02.33 generating dependency information for d:/a/K-Meleon-R/K-Meleon-R/goanna/intl/icu/source/i18n/collationfcd.cpp
 9:02.33 generating dependency information for d:/a/K-Meleon-R/K-Meleon-R/goanna/intl/icu/source/i18n/collationdatawriter.cpp
 9:02.33 generating dependency information for d:/a/K-Meleon-R/K-Meleon-R/goanna/intl/icu/source/i18n/collationdatareader.cpp
 9:02.33 generating dependency information for d:/a/K-Meleon-R/K-Meleon-R/goanna/intl/icu/source/i18n/collationtailoring.cpp
 9:02.33 generating dependency information for d:/a/K-Meleon-R/K-Meleon-R/goanna/intl/icu/source/i18n/collationdata.cpp
 9:02.33 generating dependency information for d:/a/K-Meleon-R/K-Meleon-R/goanna/intl/icu/source/i18n/collationsettings.cpp
 9:02.33 Unified_cpp_src_base0.cpp
 9:02.33 extensions_universalchardet_src_base.lib.desc
 9:02.33 generating dependency information for d:/a/K-Meleon-R/K-Meleon-R/goanna/intl/icu/source/i18n/collation.cpp
 9:02.33 generating dependency information for d:/a/K-Meleon-R/K-Meleon-R/goanna/intl/icu/source/i18n/ucol_sit.cpp
 9:02.33 generating dependency information for d:/a/K-Meleon-R/K-Meleon-R/goanna/intl/icu/source/i18n/ucol_res.cpp
 9:02.33 generating dependency information for d:/a/K-Meleon-R/K-Meleon-R/goanna/intl/icu/source/i18n/ucol.cpp
 9:02.33 generating dependency information for d:/a/K-Meleon-R/K-Meleon-R/goanna/intl/icu/source/i18n/ucoleitr.cpp
 9:02.33 generating dependency information for d:/a/K-Meleon-R/K-Meleon-R/goanna/intl/icu/source/i18n/bocsu.cpp
 9:02.33 generating dependency information for d:/a/K-Meleon-R/K-Meleon-R/goanna/intl/icu/source/i18n/sortkey.cpp
 9:02.33 generating dependency information for d:/a/K-Meleon-R/K-Meleon-R/goanna/intl/icu/source/i18n/coll.cpp
 9:02.33 generating dependency information for d:/a/K-Meleon-R/K-Meleon-R/goanna/intl/icu/source/i18n/coleitr.cpp
 9:02.33 generating dependency information for d:/a/K-Meleon-R/K-Meleon-R/goanna/intl/icu/source/i18n/ethpccal.cpp
 9:02.33 generating dependency information for d:/a/K-Meleon-R/K-Meleon-R/goanna/intl/icu/source/i18n/dangical.cpp
 9:02.33 generating dependency information for d:/a/K-Meleon-R/K-Meleon-R/goanna/intl/icu/source/i18n/coptccal.cpp
 9:02.33 generating dependency information for d:/a/K-Meleon-R/K-Meleon-R/goanna/intl/icu/source/i18n/cecal.cpp
 9:02.33 generating dependency information for d:/a/K-Meleon-R/K-Meleon-R/goanna/intl/icu/source/i18n/chnsecal.cpp
 9:02.33 generating dependency information for d:/a/K-Meleon-R/K-Meleon-R/goanna/intl/icu/source/i18n/indiancal.cpp
 9:02.33 generating dependency information for d:/a/K-Meleon-R/K-Meleon-R/goanna/intl/icu/source/i18n/hebrwcal.cpp
 9:02.33 generating dependency information for d:/a/K-Meleon-R/K-Meleon-R/goanna/intl/icu/source/i18n/gregoimp.cpp
 9:02.33 generating dependency information for d:/a/K-Meleon-R/K-Meleon-R/goanna/intl/icu/source/i18n/japancal.cpp
 9:02.33 generating dependency information for d:/a/K-Meleon-R/K-Meleon-R/goanna/intl/icu/source/i18n/islamcal.cpp
 9:02.33 generating dependency information for d:/a/K-Meleon-R/K-Meleon-R/goanna/intl/icu/source/i18n/persncal.cpp
 9:02.33 generating dependency information for d:/a/K-Meleon-R/K-Meleon-R/goanna/intl/icu/source/i18n/buddhcal.cpp
 9:02.33 generating dependency information for d:/a/K-Meleon-R/K-Meleon-R/goanna/intl/icu/source/i18n/taiwncal.cpp
 9:02.33 generating dependency information for d:/a/K-Meleon-R/K-Meleon-R/goanna/intl/icu/source/i18n/astro.cpp
 9:02.33 generating dependency information for d:/a/K-Meleon-R/K-Meleon-R/goanna/intl/icu/source/i18n/olsontz.cpp
 9:02.33 generating dependency information for d:/a/K-Meleon-R/K-Meleon-R/goanna/intl/icu/source/i18n/simpletz.cpp
 9:02.33 generating dependency information for d:/a/K-Meleon-R/K-Meleon-R/goanna/intl/icu/source/i18n/timezone.cpp
 9:02.33 generating dependency information for d:/a/K-Meleon-R/K-Meleon-R/goanna/intl/icu/source/i18n/gregocal.cpp
 9:02.33 generating dependency information for d:/a/K-Meleon-R/K-Meleon-R/goanna/intl/icu/source/i18n/calendar.cpp
 9:02.33 generating dependency information for d:/a/K-Meleon-R/K-Meleon-R/goanna/intl/icu/source/i18n/ucal.cpp
 9:02.33 generating dependency information for d:/a/K-Meleon-R/K-Meleon-R/goanna/intl/icu/source/i18n/ucsdet.cpp
 9:02.33 generating dependency information for d:/a/K-Meleon-R/K-Meleon-R/goanna/intl/icu/source/i18n/unumsys.cpp
 9:02.33 generating dependency information for d:/a/K-Meleon-R/K-Meleon-R/goanna/intl/icu/source/i18n/numsys.cpp
 9:02.33 generating dependency information for d:/a/K-Meleon-R/K-Meleon-R/goanna/intl/icu/source/i18n/rbnf.cpp
 9:02.33 generating dependency information for d:/a/K-Meleon-R/K-Meleon-R/goanna/intl/icu/source/i18n/nfsubs.cpp
 9:02.33 generating dependency information for d:/a/K-Meleon-R/K-Meleon-R/goanna/intl/icu/source/i18n/nfrule.cpp
 9:02.33 generating dependency information for d:/a/K-Meleon-R/K-Meleon-R/goanna/intl/icu/source/i18n/nfrs.cpp
 9:02.33 UnifiedProtocols8.cpp
 9:02.33 generating dependency information for d:/a/K-Meleon-R/K-Meleon-R/goanna/intl/icu/source/i18n/udatpg.cpp
 9:02.33 DownloadPlatform.obj
 9:02.33 generating dependency information for d:/a/K-Meleon-R/K-Meleon-R/goanna/intl/icu/source/i18n/dtptngen.cpp
 9:02.33 generating dependency information for d:/a/K-Meleon-R/K-Meleon-R/goanna/intl/icu/source/i18n/udat.cpp
 9:02.33 generating dependency information for d:/a/K-Meleon-R/K-Meleon-R/goanna/intl/icu/source/i18n/dtfmtsym.cpp
 9:02.33 generating dependency information for d:/a/K-Meleon-R/K-Meleon-R/goanna/intl/icu/source/i18n/reldtfmt.cpp
 9:02.33 generating dependency information for d:/a/K-Meleon-R/K-Meleon-R/goanna/intl/icu/source/i18n/smpdtfmt.cpp
 9:02.33 generating dependency information for d:/a/K-Meleon-R/K-Meleon-R/goanna/intl/icu/source/i18n/datefmt.cpp
 9:02.33 generating dependency information for d:/a/K-Meleon-R/K-Meleon-R/goanna/intl/icu/source/i18n/choicfmt.cpp
 9:02.33 generating dependency information for d:/a/K-Meleon-R/K-Meleon-R/goanna/intl/icu/source/i18n/fmtable_cnv.cpp
 9:02.33 generating dependency information for d:/a/K-Meleon-R/K-Meleon-R/goanna/intl/icu/source/i18n/digitlst.cpp
 9:02.33 generating dependency information for d:/a/K-Meleon-R/K-Meleon-R/goanna/intl/icu/source/i18n/dcfmtsym.cpp
 9:02.33 generating dependency information for d:/a/K-Meleon-R/K-Meleon-R/goanna/intl/icu/source/i18n/decimalformatpattern.cpp
 9:02.33 generating dependency information for d:/a/K-Meleon-R/K-Meleon-R/goanna/intl/icu/source/i18n/decimfmt.cpp
 9:02.33 UnifiedProtocols7.cpp
 9:02.33 generating dependency information for d:/a/K-Meleon-R/K-Meleon-R/goanna/intl/icu/source/i18n/unum.cpp
 9:02.33 generating dependency information for d:/a/K-Meleon-R/K-Meleon-R/goanna/intl/icu/source/i18n/numfmt.cpp
 9:02.33 fake_log_device.obj
 9:02.33 Unified_c_media_libstagefright0.obj
 9:02.33 generating dependency information for d:/a/K-Meleon-R/K-Meleon-R/goanna/intl/icu/source/i18n/umsg.cpp
 9:02.33 generating dependency information for d:/a/K-Meleon-R/K-Meleon-R/goanna/intl/icu/source/i18n/msgfmt.cpp
 9:02.33 generating dependency information for d:/a/K-Meleon-R/K-Meleon-R/goanna/intl/icu/source/i18n/format.cpp
 9:02.33 generating dependency information for d:/a/K-Meleon-R/K-Meleon-R/goanna/intl/icu/source/i18n/fmtable.cpp
 9:02.33 generating dependency information for d:/a/K-Meleon-R/K-Meleon-R/goanna/intl/icu/source/i18n/ucln_in.cpp
 9:02.33 ucln_in.cpp
 9:02.33 fake_log_device.c
 9:02.33 fmtable.cpp
 9:02.33 DownloadPlatform.cpp
 9:02.33 MetaData.obj
 9:02.33 toolkit_components_jsdownloads_src.lib.desc
 9:02.33 format.cpp
 9:02.33 hexdump.obj
 9:02.33 UnifiedProtocols9.cpp
 9:02.33 ipc_ipdl.lib.desc
 9:02.33 RefBase.obj
 9:02.33 Unified_c_media_libstagefright0.c
 9:02.33 msgfmt.cpp
 9:02.33 Unified_cpp_dom_xbl0.obj
 9:02.33 Unified_cpp_dom_xbl1.obj
 9:02.33 MetaData.cpp
 9:02.33 umsg.cpp
 9:02.33 MobileConnection.obj
 9:02.33 Unified_cpp_dom_mobileconnection0.obj
 9:02.33 hexdump.cpp
 9:02.33 String16.obj
 9:02.33 numfmt.cpp
 9:02.33 RefBase.cpp
 9:02.33 String8.obj
 9:02.33 unum.cpp
 9:02.33 String16.cpp
 9:02.33 decimfmt.cpp
 9:02.33 VectorImpl.obj
 9:02.33 decimalformatpattern.cpp
 9:02.33 String8.cpp
 9:02.33 Unified_cpp_media_libstagefright0.obj
 9:02.33 dcfmtsym.cpp
 9:02.33 MobileConnection.cpp
 9:02.33 digitlst.cpp
 9:02.33 VectorImpl.cpp
 9:02.33 Unified_cpp_media_libstagefright1.obj
 9:02.33 fmtable_cnv.cpp
 9:02.33 choicfmt.cpp
 9:02.33 datefmt.cpp
 9:02.33 smpdtfmt.cpp
 9:02.33 Unified_cpp_dom_xbl0.cpp
 9:02.33 reldtfmt.cpp
 9:02.33 Unified_cpp_media_libstagefright0.cpp
 9:02.33 dtfmtsym.cpp
 9:02.33 udat.cpp
 9:02.33 Unified_cpp_media_libstagefright1.cpp
 9:02.33 media_libstagefright.lib.desc
 9:02.33 Unified_cpp_dom_mobileconnection0.cpp
 9:02.33 dtptngen.cpp
 9:02.33 dom_mobileconnection.lib.desc
 9:02.33 nsI18nModule.obj
 9:02.33 nsMIMEHeaderParamImpl.obj
 9:02.33 udatpg.cpp
 9:02.33 nfrs.cpp
 9:02.33 nsMIMEHeaderParamImpl.cpp
 9:02.33 netwerk_mime.lib.desc
 9:02.33 nsI18nModule.cpp
 9:02.33 intl_build.lib.desc
 9:02.33 StaticXULComponentsEnd.obj
 9:02.33 Unified_cpp_dom_vr0.obj
 9:02.33 nfrule.cpp
 9:02.33 Unified_cpp_dom_xbl1.cpp
 9:02.33 dom_xbl.lib.desc
 9:02.33 nsNetModule.obj
 9:02.33 nfsubs.cpp
 9:02.33 StaticXULComponentsEnd.cpp
 9:02.33 StaticXULComponentsEnd.lib.desc
 9:02.33 nsFindService.obj
 9:02.33 rbnf.cpp
 9:02.33 numsys.cpp
 9:02.33 nsFindService.cpp
 9:02.33 toolkit_components_find.lib.desc
 9:02.33 Unified_cpp_intl_strres0.obj
 9:02.33 unumsys.cpp
 9:02.33 ucsdet.cpp
 9:02.33 ucal.cpp
 9:02.33 Unified_cpp_dom_vr0.cpp
 9:02.33 dom_vr.lib.desc
 9:02.33 DecoderTraits.obj
 9:02.33 ThreadPoolCOMListener.obj
 9:02.33 calendar.cpp
 9:02.33 nsNetModule.cpp
 9:02.33 netwerk_build.lib.desc
 9:02.33 Unified_cpp_dom_media0.obj
 9:02.33 gregocal.cpp
 9:02.33 Unified_cpp_intl_strres0.cpp
 9:02.33 intl_strres.lib.desc
 9:02.33 Unified_cpp_dom_media1.obj
 9:02.33 timezone.cpp
 9:02.33 ThreadPoolCOMListener.cpp
 9:02.33 Unified_cpp_dom_archivereader0.obj
 9:02.33 simpletz.cpp
 9:02.33 olsontz.cpp
 9:02.33 astro.cpp
 9:02.33 taiwncal.cpp
 9:02.33 buddhcal.cpp
 9:02.33 DecoderTraits.cpp
 9:02.33 Unified_cpp_dom_archivereader0.cpp
 9:02.33 dom_archivereader.lib.desc
 9:02.33 Unified_cpp_dom_camera0.obj
 9:02.33 Unified_cpp_dom_media2.obj
 9:02.33 persncal.cpp
 9:02.33 Unified_cpp_dom_media0.cpp
 9:02.33 nsImageModule.obj
 9:02.33 islamcal.cpp
 9:02.33 japancal.cpp
 9:02.33 gregoimp.cpp
 9:02.33 hebrwcal.cpp
 9:02.33 nsImageModule.cpp
 9:02.33 indiancal.cpp
 9:02.33 image_build.lib.desc
 9:02.33 Unified_cpp_dom_media3.obj
 9:02.33 chnsecal.cpp
 9:02.33 cecal.cpp
 9:02.33 coptccal.cpp
 9:02.33 Unified_cpp_dom_camera0.cpp
 9:02.33 dom_camera.lib.desc
 9:02.33 dangical.cpp
 9:02.33 ethpccal.cpp
 9:02.33 coleitr.cpp
 9:02.33 coll.cpp
 9:02.33 sortkey.cpp
 9:02.33 Unified_cpp_dom_media2.cpp
 9:02.33 bocsu.cpp
 9:02.33 ucoleitr.cpp
 9:02.33 Unified_cpp_netwerk_cache0.obj
 9:02.33 Unified_cpp_netwerk_cache1.obj
 9:02.33 ucol.cpp
 9:02.33 Unified_cpp_dom_media1.cpp
 9:02.33 Unified_cpp_printingui_ipc0.obj
 9:02.33 ucol_res.cpp
 9:02.33 ucol_sit.cpp
 9:02.33 collation.cpp
 9:02.33 collationsettings.cpp
 9:02.33 Unified_cpp_dom_media3.cpp
 9:02.33 dom_media.lib.desc
 9:02.33 collationdata.cpp
 9:02.33 Unified_cpp_netwerk_cache0.cpp
 9:02.33 Unified_cpp_dom_canvas0.obj
 9:02.33 Unified_cpp_dom_canvas1.obj
 9:02.33 collationtailoring.cpp
 9:02.33 Unified_cpp_netwerk_cache1.cpp
 9:02.33 netwerk_cache.lib.desc
 9:02.33 Unified_cpp_dom_canvas2.obj
 9:02.33 collationdatareader.cpp
 9:02.33 collationdatawriter.cpp
 9:02.33 collationfcd.cpp
 9:02.33 collationiterator.cpp
 9:02.33 Unified_cpp_printingui_ipc0.cpp
 9:02.33 embedding_components_printingui_ipc.lib.desc
 9:02.33 Unified_cpp_dom_canvas3.obj
 9:02.33 utf16collationiterator.cpp
 9:02.33 utf8collationiterator.cpp
 9:02.33 uitercollationiterator.cpp
 9:49.44 collationsets.cpp
 9:49.44 collationcompare.cpp
 9:49.44 collationfastlatin.cpp
 9:49.44 collationkeys.cpp
 9:49.44 Unified_cpp_dom_canvas2.cpp
 9:49.44 Unified_cpp_dom_canvas1.cpp
 9:49.44 nsPNGEncoder.obj
 9:49.44 nsAppRunner.obj
 9:49.44 nsEmbedFunctions.obj
 9:49.44 rulebasedcollator.cpp
 9:49.44 Unified_cpp_dom_canvas0.cpp
 9:49.44 Unified_cpp_dom_canvas4.obj
 9:49.44 collationroot.cpp
 9:49.44 nsPNGEncoder.cpp
 9:49.44 image_encoders_png.lib.desc
 9:49.44 Unified_cpp_toolkit_xre0.obj
 9:49.44 collationrootelements.cpp
 9:49.44 collationdatabuilder.cpp
 9:49.44 collationweights.cpp
 9:49.44 collationruleparser.cpp
 9:49.44 collationbuilder.cpp
 9:49.44 collationfastlatinbuilder.cpp
 9:49.44 Unified_cpp_dom_canvas3.cpp
 9:49.44 Unified_cpp_dom_canvas5.obj
 9:49.44 strmatch.cpp
 9:49.44 usearch.cpp
 9:49.44 search.cpp
 9:49.44 stsearch.cpp
 9:49.44 translit.cpp
 9:49.44 utrans.cpp
 9:49.44 esctrn.cpp
 9:49.44 nsEmbedFunctions.cpp
 9:49.44 unesctrn.cpp
 9:49.44 FontFaceSet.obj
 9:49.44 nsCSSRuleProcessor.obj
 9:49.44 funcrepl.cpp
 9:49.44 strrepl.cpp
 9:49.44 tridpars.cpp
 9:49.44 cpdtrans.cpp
 9:49.44 rbt.cpp
 9:49.44 nsAppRunner.cpp
 9:49.44 rbt_data.cpp
 9:49.44 rbt_pars.cpp
 9:49.44 rbt_rule.cpp
 9:49.44 rbt_set.cpp
 9:49.44 nultrans.cpp
 9:49.44 remtrans.cpp
 9:49.44 casetrn.cpp
 9:49.44 titletrn.cpp
 9:49.44 tolowtrn.cpp
 9:49.44 toupptrn.cpp
 9:49.44 anytrans.cpp
 9:49.44 name2uni.cpp
 9:49.44 uni2name.cpp
 9:49.44 nortrans.cpp
 9:49.44 quant.cpp
 9:49.44 transreg.cpp
 9:49.44 brktrans.cpp
 9:49.44 regexcmp.cpp
 9:49.44 rematch.cpp
 9:49.44 repattrn.cpp
 9:49.44 regexst.cpp
 9:49.44 regextxt.cpp
 9:49.44 regeximp.cpp
 9:49.44 uregex.cpp
 9:49.44 uregexc.cpp
 9:49.44 cl : Command line warning D9025 : overriding '/W3' with '/W4'
 9:49.44 ulocdata.c
 9:49.44 Unified_cpp_toolkit_xre0.cpp
 9:49.44 toolkit_xre.lib.desc
 9:49.44 measfmt.cpp
 9:49.44 currfmt.cpp
 9:49.44 FontFaceSet.cpp
 9:49.44 Unified_cpp_layout_style0.obj
 9:49.44 curramt.cpp
 9:49.44 currunit.cpp
 9:49.44 Unified_cpp_dom_canvas4.cpp
 9:49.44 Unified_cpp_protocol_device0.obj
 9:49.44 measure.cpp
 9:49.44 cl : Command line warning D9025 : overriding '/W3' with '/W4'
 9:49.44 utmscale.c
 9:49.44 csdetect.cpp
 9:49.44 csmatch.cpp
 9:49.44 Unified_cpp_protocol_device0.cpp
 9:49.44 netwerk_protocol_device.lib.desc
 9:49.44 Unified_cpp_layout_style1.obj
 9:49.44 csr2022.cpp
 9:49.44 csrecog.cpp
 9:49.44 csrmbcs.cpp
 9:49.44 csrsbcs.cpp
 9:49.44 csrucode.cpp
 9:49.44 csrutf8.cpp
 9:49.44 inputext.cpp
 9:49.44 wintzimpl.cpp
 9:49.44 windtfmt.cpp
 9:49.44 Unified_cpp_dom_canvas5.cpp
 9:49.44 dom_canvas.lib.desc
 9:49.44 Unified_cpp_layout_style2.obj
 9:49.44 nsCSSRuleProcessor.cpp
 9:49.44 toolkit_components_parentalcontrols.lib.desc
 9:49.44 Unified_cpp_layout_style3.obj
 9:49.44 winnmfmt.cpp
 9:49.44 basictz.cpp
 9:49.44 dtrule.cpp
 9:49.44 rbtz.cpp
 9:49.44 tzrule.cpp
 9:49.44 tztrans.cpp
 9:49.44 vtzone.cpp
 9:49.44 zonemeta.cpp
 9:49.44 standardplural.cpp
 9:49.44 Unified_cpp_layout_style0.cpp
 9:49.44 upluralrules.cpp
 9:49.44 plurrule.cpp
 9:49.44 Unified_cpp_layout_style2.cpp
 9:49.44 Unified_cpp_ffmpeg_ffmpeg570.obj
 9:49.44 plurfmt.cpp
 9:49.44 nsFormFillController.obj
 9:49.44 selfmt.cpp
 9:49.44 Unified_cpp_layout_style1.cpp
 9:49.44 dtitvfmt.cpp
 9:49.44 dtitvinf.cpp
 9:49.44 udateintervalformat.cpp
 9:49.44 Unified_cpp_ffmpeg_ffmpeg570.cpp
 9:49.44 d:\a\K-Meleon-R\K-Meleon-R\goanna\dom\media\platforms\ffmpeg\FFmpegLibs.h(11): warning C4068: unknown pragma 'GCC'
 9:49.44 d:\a\K-Meleon-R\K-Meleon-R\goanna\dom\media\platforms\ffmpeg\FFmpegLibs.h(15): warning C4068: unknown pragma 'GCC'
 9:49.44 dom_media_platforms_ffmpeg_ffmpeg57.lib.desc
 9:49.44 tmunit.cpp
 9:49.44 Unified_cpp_media_imagecapture0.obj
 9:49.44 tmutamt.cpp
 9:49.44 nsFormFillController.cpp
 9:49.44 toolkit_components_satchel.lib.desc
 9:49.44 Unified_cpp_dom_power0.obj
 9:49.44 tmutfmt.cpp
 9:49.44 currpinf.cpp
 9:49.44 uspoof.cpp
 9:49.44 Unified_cpp_layout_style3.cpp
 9:49.44 layout_style.lib.desc
 9:49.44 Unified_cpp_manager_pki_src0.obj
 9:49.44 uspoof_impl.cpp
 9:49.44 uspoof_build.cpp
 9:49.44 Unified_cpp_manager_pki_src0.cpp
 9:49.44 security_manager_pki_src.lib.desc
 9:49.44 nsCategoryManager.obj
 9:49.44 nsComponentManager.obj
 9:49.44 Unified_cpp_media_imagecapture0.cpp
 9:49.44 dom_media_imagecapture.lib.desc
 9:49.44 Unified_cpp_xpcom_components0.obj
 9:49.44 uspoof_conf.cpp
 9:49.44 decfmtst.cpp
 9:49.44 Unified_cpp_dom_power0.cpp
 9:49.44 dom_power.lib.desc
 9:49.44 smpdtfst.cpp
 9:49.44 nsCategoryManager.cpp
 9:49.44 Unified_cpp_toolkit_profile0.obj
 9:49.44 ztrans.cpp
 9:49.44 zrule.cpp
 9:49.44 vzone.cpp
 9:49.44 nsComponentManager.cpp
 9:49.44 fphdlimp.cpp
 9:49.44 Unified_cpp_xpcom_components0.cpp
 9:49.44 xpcom_components.lib.desc
 9:49.44 fpositer.cpp
 9:49.44 Unified_cpp_dom_audiochannel0.obj
 9:49.44 ufieldpositer.cpp
 9:49.44 Unified_cpp_docshell_base0.obj
 9:49.44 cl : Command line warning D9025 : overriding '/W3' with '/W4'
 9:49.44 decNumber.c
 9:49.44 cl : Command line warning D9025 : overriding '/W3' with '/W4'
 9:49.44 Unified_cpp_toolkit_profile0.cpp
 9:49.44 decContext.c
 9:49.44 toolkit_profile.lib.desc
 9:49.44 alphaindex.cpp
 9:49.44 BackgroundChildImpl.obj
 9:49.44 BackgroundParentImpl.obj
 9:49.44 tznames.cpp
 9:49.44 tznames_impl.cpp
 9:49.44 tzgnames.cpp
 9:49.44 tzfmt.cpp
 9:49.44 Unified_cpp_dom_audiochannel0.cpp
 9:49.44 dom_audiochannel.lib.desc
 9:49.44 compactdecimalformat.cpp
 9:49.44 BackgroundChildImpl.cpp
 9:49.44 CrossProcessMutex_windows.obj
 9:49.44 nsJAR.obj
 9:49.44 nsJARChannel.obj
 9:49.44 gender.cpp
 9:49.44 nsJAR.cpp
 9:49.44 nsJARFactory.obj
 9:49.44 region.cpp
 9:49.44 scriptset.cpp
 9:49.44 uregion.cpp
 9:49.44 reldatefmt.cpp
 9:49.44 quantityformatter.cpp
 9:49.44 BackgroundParentImpl.cpp
 9:49.44 FileDescriptorSetChild.obj
 9:49.44 measunit.cpp
 9:49.44 Unified_cpp_docshell_base0.cpp
 9:49.44 docshell_base.lib.desc
 9:49.44 nsJARInputStream.obj
 9:49.44 sharedbreakiterator.cpp
 9:49.44 scientificnumberformatter.cpp
 9:49.44 digitgrouping.cpp
 9:49.44 digitinterval.cpp
 9:49.44 CrossProcessMutex_windows.cpp
 9:49.44 nsJARFactory.cpp
 9:49.44 FileDescriptorSetParent.obj
 9:49.44 digitformatter.cpp
 9:49.44 MP4Demuxer.obj
 9:49.44 MP4Reader.obj
 9:49.44 nsJARChannel.cpp
 9:49.44 digitaffix.cpp
 9:49.44 nsZipArchive.obj
 9:49.44 valueformatter.cpp
 9:49.44 digitaffixesandpadding.cpp
 9:49.44 FileDescriptorSetChild.cpp
 9:49.44 GeckoChildProcessHost.obj
 9:49.44 pluralaffix.cpp
 9:49.44 MP4Demuxer.cpp
 9:49.44 Unified_cpp_dom_media_fmp40.obj
 9:49.44 precision.cpp
 9:49.44 nsJARInputStream.cpp
 9:49.44 Unified_cpp_modules_libjar0.obj
 9:49.44 affixpatternparser.cpp
 9:49.44 smallintformatter.cpp
 9:49.44 FileDescriptorSetParent.cpp
 9:49.44 nsZipArchive.cpp
 9:49.44 SharedMemory_windows.obj
 9:49.44 decimfmtimpl.cpp
 9:49.44 visibledigits.cpp
 9:49.44 dayperiodrules.cpp
 9:49.44 Microsoft (R) Windows (R) Resource Compiler Version 10.0.10011.16384
 9:49.44 
 9:49.44 Copyright (C) Microsoft Corporation.  All rights reserved.
 9:49.44 
 9:49.44 
 9:49.44 GeckoChildProcessHost.cpp
 9:49.44 Transport_win.obj
 9:49.44 Unified_cpp_modules_libjar0.cpp
 9:49.44 modules_libjar.lib.desc
 9:49.44    Creating library ../lib/icuin.lib and object ../lib/icuin.exp
 9:49.44 Generating code
 9:49.44 MP4Reader.cpp
 9:49.44 URIUtils.obj
 9:49.44 SharedMemory_windows.cpp
 9:49.44 nsWindowDataSource.obj
 9:49.44 Finished generating code
 9:49.44 nsWindowDataSource.cpp
 9:49.44 xpfe_components_windowds.lib.desc
 9:49.44 LINK : warning LNK4281: undesirable base address 0x4A900000 for x64 image; set base address above 4GB for best ASLR optimization
 9:49.44 WindowsMessageLoop.obj
 9:49.44 c:/Strawberry/c/bin/gmake.EXE[6]: Making `all' in `tools'
 9:49.44 Transport_win.cpp
 9:49.44 nsCollationWin.obj
 9:49.44 c:/Strawberry/c/bin/gmake.EXE[7]: Making `all' in `toolutil'
 9:49.44 nsDateTimeFormatWin.obj
 9:49.44 generating dependency information for d:/a/K-Meleon-R/K-Meleon-R/goanna/intl/icu/source/tools/toolutil/ucln_tu.cpp
 9:49.44 generating dependency information for d:/a/K-Meleon-R/K-Meleon-R/goanna/intl/icu/source/tools/toolutil/dbgutil.cpp
 9:49.44 generating dependency information for d:/a/K-Meleon-R/K-Meleon-R/goanna/intl/icu/source/tools/toolutil/udbgutil.cpp
 9:49.44 generating dependency information for d:/a/K-Meleon-R/K-Meleon-R/goanna/intl/icu/source/tools/toolutil/filetools.cpp
 9:49.44 generating dependency information for d:/a/K-Meleon-R/K-Meleon-R/goanna/intl/icu/source/tools/toolutil/flagparser.c
 9:49.44 generating dependency information for d:/a/K-Meleon-R/K-Meleon-R/goanna/intl/icu/source/tools/toolutil/ppucd.cpp
 9:49.44 generating dependency information for d:/a/K-Meleon-R/K-Meleon-R/goanna/intl/icu/source/tools/toolutil/pkg_gencmn.c
 9:49.44 generating dependency information for d:/a/K-Meleon-R/K-Meleon-R/goanna/intl/icu/source/tools/toolutil/pkg_genc.c
 9:49.44 generating dependency information for d:/a/K-Meleon-R/K-Meleon-R/goanna/intl/icu/source/tools/toolutil/pkg_icu.cpp
 9:49.44 generating dependency information for d:/a/K-Meleon-R/K-Meleon-R/goanna/intl/icu/source/tools/toolutil/writesrc.c
 9:49.44 generating dependency information for d:/a/K-Meleon-R/K-Meleon-R/goanna/intl/icu/source/tools/toolutil/xmlparser.cpp
 9:49.44 generating dependency information for d:/a/K-Meleon-R/K-Meleon-R/goanna/intl/icu/source/tools/toolutil/ucbuf.cpp
 9:49.44 generating dependency information for d:/a/K-Meleon-R/K-Meleon-R/goanna/intl/icu/source/tools/toolutil/uparse.c
 9:49.44 generating dependency information for d:/a/K-Meleon-R/K-Meleon-R/goanna/intl/icu/source/tools/toolutil/uoptions.c
 9:49.44 generating dependency information for d:/a/K-Meleon-R/K-Meleon-R/goanna/intl/icu/source/tools/toolutil/ucmstate.c
 9:49.44 generating dependency information for d:/a/K-Meleon-R/K-Meleon-R/goanna/intl/icu/source/tools/toolutil/ucm.c
 9:49.44 generating dependency information for d:/a/K-Meleon-R/K-Meleon-R/goanna/intl/icu/source/tools/toolutil/denseranges.cpp
 9:49.44 nsCollationWin.cpp
 9:49.44 nsWin32Locale.obj
 9:49.44 generating dependency information for d:/a/K-Meleon-R/K-Meleon-R/goanna/intl/icu/source/tools/toolutil/collationinfo.cpp
 9:49.44 generating dependency information for d:/a/K-Meleon-R/K-Meleon-R/goanna/intl/icu/source/tools/toolutil/unewdata.c
 9:49.44 generating dependency information for d:/a/K-Meleon-R/K-Meleon-R/goanna/intl/icu/source/tools/toolutil/toolutil.cpp
 9:49.44 generating dependency information for d:/a/K-Meleon-R/K-Meleon-R/goanna/intl/icu/source/tools/toolutil/swapimpl.cpp
 9:49.44 generating dependency information for d:/a/K-Meleon-R/K-Meleon-R/goanna/intl/icu/source/tools/toolutil/pkgitems.cpp
 9:49.44 URIUtils.cpp
 9:49.44 Unified_cpp_ipc_glue0.obj
 9:49.44 generating dependency information for d:/a/K-Meleon-R/K-Meleon-R/goanna/intl/icu/source/tools/toolutil/package.cpp
 9:49.44 generating dependency information for d:/a/K-Meleon-R/K-Meleon-R/goanna/intl/icu/source/tools/toolutil/filestrm.c
 9:49.44 Unified_cpp_dom_media_fmp40.cpp
 9:49.44 dom_media_fmp4.lib.desc
 9:49.44 cl : Command line warning D9025 : overriding '/W3' with '/W4'
 9:49.44 filestrm.c
 9:49.44 nsWinCharset.obj
 9:49.44 package.cpp
 9:49.44 pkgitems.cpp
 9:49.44 nsDateTimeFormatWin.cpp
 9:49.44 swapimpl.cpp
 9:49.44 nsWin32Locale.cpp
 9:49.44 toolutil.cpp
 9:49.44 WindowsMessageLoop.cpp
 9:49.44 Hal.obj
 9:49.44 WindowsBattery.obj
 9:49.44 cl : Command line warning D9025 : overriding '/W3' with '/W4'
 9:49.44 unewdata.c
 9:49.44 nsWinCharset.cpp
 9:49.44 intl_locale_windows.lib.desc
 9:49.44 Unified_cpp_hal0.obj
 9:49.44 collationinfo.cpp
 9:49.44 denseranges.cpp
 9:49.44 cl : Command line warning D9025 : overriding '/W3' with '/W4'
 9:49.44 ucm.c
 9:49.44 d:/a/K-Meleon-R/K-Meleon-R/goanna/intl/icu/source/tools/toolutil/ucm.c(311): warning C4100: 'baseStates': unreferenced formal parameter
 9:49.44 d:/a/K-Meleon-R/K-Meleon-R/goanna/intl/icu/source/tools/toolutil/ucm.c(1044): warning C4100: 'codePoints': unreferenced formal parameter
 9:49.44 cl : Command line warning D9025 : overriding '/W3' with '/W4'
 9:49.44 ucmstate.c
 9:49.44 d:/a/K-Meleon-R/K-Meleon-R/goanna/intl/icu/source/tools/toolutil/ucmstate.c(656): warning C4389: '==': signed/unsigned mismatch
 9:49.44 d:/a/K-Meleon-R/K-Meleon-R/goanna/intl/icu/source/tools/toolutil/ucmstate.c(920): warning C4100: 'context': unreferenced formal parameter
 9:49.44 cl : Command line warning D9025 : overriding '/W3' with '/W4'
 9:49.44 uoptions.c
 9:49.44 cl : Command line warning D9025 : overriding '/W3' with '/W4'
 9:49.44 uparse.c
 9:49.44 ucbuf.cpp
 9:49.44 WindowsBattery.cpp
 9:49.44 Unified_cpp_editor_txtsvc0.obj
 9:49.44 xmlparser.cpp
 9:49.44 cl : Command line warning D9025 : overriding '/W3' with '/W4'
 9:49.44 writesrc.c
 9:49.44 Unified_cpp_ipc_glue0.cpp
 9:49.44 pkg_icu.cpp
 9:49.44 ipc_glue.lib.desc
 9:49.44 Unified_cpp_hal1.obj
 9:49.44 cl : Command line warning D9025 : overriding '/W3' with '/W4'
 9:49.44 pkg_genc.c
 9:49.44 cl : Command line warning D9025 : overriding '/W3' with '/W4'
 9:49.44 pkg_gencmn.c
10:19.66 Warning: C4706 in d:\a\K-Meleon-R\K-Meleon-R\goanna\intl\icu\source\tools\toolutil\pkg_gencmn.c: assignment within conditional expression
10:19.66 d:\a\K-Meleon-R\K-Meleon-R\goanna\intl\icu\source\tools\toolutil\pkg_gencmn.c(564) : warning C4706: assignment within conditional expression
10:19.66 Warning: C4706 in d:\a\K-Meleon-R\K-Meleon-R\goanna\intl\icu\source\tools\toolutil\pkg_gencmn.c: assignment within conditional expression
10:19.66 d:\a\K-Meleon-R\K-Meleon-R\goanna\intl\icu\source\tools\toolutil\pkg_gencmn.c(200) : warning C4706: assignment within conditional expression
10:19.66 ppucd.cpp
10:19.66 cl : Command line warning D9025 : overriding '/W3' with '/W4'
10:19.66 flagparser.c
10:19.66 Hal.cpp
10:19.66 ActorsParent.obj
10:19.66 Unified_cpp_dom_indexedDB0.obj
10:19.66 filetools.cpp
10:19.66 udbgutil.cpp
10:19.66 Unified_cpp_editor_txtsvc0.cpp
10:19.66 editor_txtsvc.lib.desc
10:19.66 dbgutil.cpp
10:19.66 ucln_tu.cpp
10:19.66    Creating library ../../lib/icutu.lib and object ../../lib/icutu.exp
10:19.66 LINK : warning LNK4281: undesirable base address 0x4AC00000 for x64 image; set base address above 4GB for best ASLR optimization
10:19.66 c:/Strawberry/c/bin/gmake.EXE[7]: Making `all' in `ctestfw'
10:19.66 generating dependency information for d:/a/K-Meleon-R/K-Meleon-R/goanna/intl/icu/source/tools/ctestfw/ucln_ct.c
10:19.66 generating dependency information for d:/a/K-Meleon-R/K-Meleon-R/goanna/intl/icu/source/tools/ctestfw/uperf.cpp
10:19.66 generating dependency information for d:/a/K-Meleon-R/K-Meleon-R/goanna/intl/icu/source/tools/ctestfw/datamap.cpp
10:19.66 generating dependency information for d:/a/K-Meleon-R/K-Meleon-R/goanna/intl/icu/source/tools/ctestfw/testdata.cpp
10:19.66 generating dependency information for d:/a/K-Meleon-R/K-Meleon-R/goanna/intl/icu/source/tools/ctestfw/tstdtmod.cpp
10:19.66 Unified_cpp_hal0.cpp
10:19.66 Unified_cpp_dom_indexedDB1.obj
10:19.66 generating dependency information for d:/a/K-Meleon-R/K-Meleon-R/goanna/intl/icu/source/tools/ctestfw/ctest.c
10:19.66 cl : Command line warning D9025 : overriding '/W3' with '/W4'
10:19.66 ctest.c
10:19.66 d:/a/K-Meleon-R/K-Meleon-R/goanna/intl/icu/source/tools/ctestfw/ctest.c(893): warning C4100: 'context': unreferenced formal parameter
10:19.66 d:/a/K-Meleon-R/K-Meleon-R/goanna/intl/icu/source/tools/ctestfw/ctest.c(900): warning C4100: 'context': unreferenced formal parameter
10:19.66 d:/a/K-Meleon-R/K-Meleon-R/goanna/intl/icu/source/tools/ctestfw/ctest.c(914): warning C4100: 'level': unreferenced formal parameter
10:19.66 d:/a/K-Meleon-R/K-Meleon-R/goanna/intl/icu/source/tools/ctestfw/ctest.c(913): warning C4100: 'fnNumber': unreferenced formal parameter
10:19.66 d:/a/K-Meleon-R/K-Meleon-R/goanna/intl/icu/source/tools/ctestfw/ctest.c(913): warning C4100: 'context': unreferenced formal parameter
10:19.66 d:/a/K-Meleon-R/K-Meleon-R/goanna/intl/icu/source/tools/ctestfw/ctest.c(922): warning C4100: 'context': unreferenced formal parameter
10:19.66 d:/a/K-Meleon-R/K-Meleon-R/goanna/intl/icu/source/tools/ctestfw/ctest.c(931): warning C4100: 'context': unreferenced formal parameter
10:19.66 d:/a/K-Meleon-R/K-Meleon-R/goanna/intl/icu/source/tools/ctestfw/ctest.c(941): warning C4100: 'context': unreferenced formal parameter
10:19.66 tstdtmod.cpp
10:19.66 testdata.cpp
10:19.66 datamap.cpp
10:19.66 uperf.cpp
10:19.66 cl : Command line warning D9025 : overriding '/W3' with '/W4'
10:19.66 ucln_ct.c
10:19.66    Creating library icutest.lib and object icutest.exp
10:19.66 c:/Strawberry/c/bin/gmake.EXE[7]: Making `all' in `makeconv'
10:19.66 generating dependency information for d:/a/K-Meleon-R/K-Meleon-R/goanna/intl/icu/source/tools/makeconv/gencnvex.c
10:19.66 generating dependency information for d:/a/K-Meleon-R/K-Meleon-R/goanna/intl/icu/source/tools/makeconv/genmbcs.cpp
10:19.66 generating dependency information for d:/a/K-Meleon-R/K-Meleon-R/goanna/intl/icu/source/tools/makeconv/ucnvstat.c
10:19.66 generating dependency information for d:/a/K-Meleon-R/K-Meleon-R/goanna/intl/icu/source/tools/makeconv/makeconv.cpp
10:19.66 makeconv.cpp
10:19.66 Unified_cpp_hal1.cpp
10:19.66 hal.lib.desc
10:19.66 ActorsParent.cpp
10:19.66 SQLFunctions.obj
10:19.66 nsDownloadScanner.obj
10:19.66 cl : Command line warning D9025 : overriding '/W3' with '/W4'
10:19.66 ucnvstat.c
10:19.66 genmbcs.cpp
10:19.66 cl : Command line warning D9025 : overriding '/W3' with '/W4'
10:19.66 gencnvex.c
10:19.66 d:/a/K-Meleon-R/K-Meleon-R/goanna/intl/icu/source/tools/makeconv/gencnvex.c(109): warning C4100: 'length': unreferenced formal parameter
10:19.66 d:/a/K-Meleon-R/K-Meleon-R/goanna/intl/icu/source/tools/makeconv/gencnvex.c(109): warning C4100: 'bytes': unreferenced formal parameter
10:19.66 d:/a/K-Meleon-R/K-Meleon-R/goanna/intl/icu/source/tools/makeconv/gencnvex.c(108): warning C4100: 'cnvData': unreferenced formal parameter
10:19.66 d:/a/K-Meleon-R/K-Meleon-R/goanna/intl/icu/source/tools/makeconv/gencnvex.c(114): warning C4100: 'staticData': unreferenced formal parameter
10:19.66    Creating library ..\..\bin\makeconv.lib and object ..\..\bin\makeconv.exp
10:19.66 SQLFunctions.cpp
10:19.66 Unified_cpp_downloads0.obj
10:19.66 config.status: creating tools/makeconv/makeconv.1
10:19.66 c:/Strawberry/c/bin/gmake.EXE[7]: Making `all' in `genrb'
10:19.66 generating dependency information for d:/a/K-Meleon-R/K-Meleon-R/goanna/intl/icu/source/tools/genrb/prscmnts.cpp
10:19.66 generating dependency information for d:/a/K-Meleon-R/K-Meleon-R/goanna/intl/icu/source/tools/genrb/wrtxml.cpp
10:19.66 generating dependency information for d:/a/K-Meleon-R/K-Meleon-R/goanna/intl/icu/source/tools/genrb/rle.c
10:19.66 Unified_cpp_dom_indexedDB0.cpp
10:19.66 generating dependency information for d:/a/K-Meleon-R/K-Meleon-R/goanna/intl/icu/source/tools/genrb/wrtjava.cpp
10:19.66 generating dependency information for d:/a/K-Meleon-R/K-Meleon-R/goanna/intl/icu/source/tools/genrb/rbutil.c
10:19.66 ctypes.obj
10:19.66 generating dependency information for d:/a/K-Meleon-R/K-Meleon-R/goanna/intl/icu/source/tools/genrb/ustr.c
10:19.66 generating dependency information for d:/a/K-Meleon-R/K-Meleon-R/goanna/intl/icu/source/tools/genrb/reslist.cpp
10:19.66 generating dependency information for d:/a/K-Meleon-R/K-Meleon-R/goanna/intl/icu/source/tools/genrb/read.c
10:19.66 nsDownloadScanner.cpp
10:19.66 generating dependency information for d:/a/K-Meleon-R/K-Meleon-R/goanna/intl/icu/source/tools/genrb/parse.cpp
10:19.66 generating dependency information for d:/a/K-Meleon-R/K-Meleon-R/goanna/intl/icu/source/tools/genrb/genrb.cpp
10:19.66 generating dependency information for d:/a/K-Meleon-R/K-Meleon-R/goanna/intl/icu/source/tools/genrb/errmsg.c
10:19.66 cl : Command line warning D9025 : overriding '/W3' with '/W4'
10:19.66 errmsg.c
10:19.66 genrb.cpp
10:19.66 ctypes.cpp
10:19.66 Unified_cpp_dom_indexedDB1.cpp
10:19.66 toolkit_components_ctypes.lib.desc
10:19.66 dom_indexedDB.lib.desc
10:19.66 parse.cpp
10:19.66 Unified_cpp_dom_media_platforms0.obj
10:19.66 nsRDFResource.obj
10:19.66 cl : Command line warning D9025 : overriding '/W3' with '/W4'
10:19.66 read.c
10:19.66 reslist.cpp
10:19.66 nsRDFResource.cpp
10:19.66 rdf_util_internal.lib.desc
10:19.66 xptcall.obj
10:19.66 cl : Command line warning D9025 : overriding '/W3' with '/W4'
10:19.66 ustr.c
10:19.66 cl : Command line warning D9025 : overriding '/W3' with '/W4'
10:19.66 rbutil.c
10:19.66 wrtjava.cpp
10:19.66 cl : Command line warning D9025 : overriding '/W3' with '/W4'
10:19.66 rle.c
10:19.66 wrtxml.cpp
10:19.66 xptcall.cpp
10:19.66 Unified_cpp_dom_media_platforms0.cpp
10:19.66 xpcom_reflect_xptcall.lib.desc
10:19.66 dom_media_platforms.lib.desc
10:19.66 Unified_cpp_downloads0.cpp
10:19.66 toolkit_components_downloads.lib.desc
10:19.66 AlarmHalService.objUnified_cpp_dom_telephony0.obj
10:19.66 
10:19.66 Unified_cpp_dom_devicestorage0.obj
10:19.66 prscmnts.cpp
10:19.66    Creating library ..\..\bin\genrb.lib and object ..\..\bin\genrb.exp
10:19.66 AlarmHalService.cpp
10:19.66 dom_alarm.lib.desc
10:19.66 nsIconChannel.obj
10:19.66 config.status: creating tools/genrb/derb.1
10:19.66 nsIconChannel.cpp
10:19.66 image_decoders_icon_win.lib.desc
10:19.66 Unified_cpp_dom_telephony0.cpp
10:19.66 dom_telephony.lib.desc
10:19.66 CustomEvent.obj
10:19.66 EventStateManager.obj
10:19.66 Unified_cpp_dom_events0.obj
10:19.66 config.status: creating tools/genrb/genrb.1
10:19.66 c:/Strawberry/c/bin/gmake.EXE[7]: Making `all' in `genbrk'
10:19.66 Unified_cpp_dom_devicestorage0.cpp
10:19.66 dom_devicestorage.lib.desc
10:19.66 generating dependency information for d:/a/K-Meleon-R/K-Meleon-R/goanna/intl/icu/source/tools/genbrk/genbrk.cpp
10:19.66 Unified_cpp_dom_events1.obj
10:19.66 genbrk.cpp
10:19.66 CustomEvent.cpp
10:19.66 Unified_cpp_dom_notification0.obj
10:19.66 config.status: creating tools/genbrk/genbrk.1
10:19.66 c:/Strawberry/c/bin/gmake.EXE[7]: Making `all' in `gencnval'
10:19.66 generating dependency information for d:/a/K-Meleon-R/K-Meleon-R/goanna/intl/icu/source/tools/gencnval/gencnval.c
10:19.66 cl : Command line warning D9025 : overriding '/W3' with '/W4'
10:19.66 gencnval.c
10:19.66 d:/a/K-Meleon-R/K-Meleon-R/goanna/intl/icu/source/tools/gencnval/gencnval.c(585): warning C4100: 'lineLen': unreferenced formal parameter
10:19.66 EventStateManager.cpp
10:19.66 BaseWebSocketChannel.obj
10:19.66 WebSocketChannel.obj
10:19.66 Unified_cpp_dom_notification0.cpp
10:19.66 dom_notification.lib.desc
10:19.66 Unified_cpp_dom_events2.obj
10:19.66 config.status: creating tools/gencnval/gencnval.1
10:19.66 c:/Strawberry/c/bin/gmake.EXE[7]: Making `all' in `gensprep'
10:19.66 generating dependency information for d:/a/K-Meleon-R/K-Meleon-R/goanna/intl/icu/source/tools/gensprep/store.c
10:19.66 generating dependency information for d:/a/K-Meleon-R/K-Meleon-R/goanna/intl/icu/source/tools/gensprep/gensprep.c
10:19.66 BaseWebSocketChannel.cpp
10:19.66 WebSocketChannelChild.obj
10:19.66 cl : Command line warning D9025 : overriding '/W3' with '/W4'
10:19.66 gensprep.c
10:19.66 d:/a/K-Meleon-R/K-Meleon-R/goanna/intl/icu/source/tools/gensprep/gensprep.c(144): warning C4189: 'basename': local variable is initialized but not referenced
10:19.66 d:/a/K-Meleon-R/K-Meleon-R/goanna/intl/icu/source/tools/gensprep/gensprep.c(145): warning C4189: 'sprepOptions': local variable is initialized but not referenced
10:19.66 cl : Command line warning D9025 : overriding '/W3' with '/W4'
10:19.66 store.c
10:19.66 Unified_cpp_dom_events0.cpp
10:19.66 nsWebBrowserPersist.obj
10:19.66 config.status: creating tools/gensprep/gensprep.8
10:19.66 WebSocketChannel.cpp
10:19.66 WebSocketChannelParent.obj
10:19.66 c:/Strawberry/c/bin/gmake.EXE[7]: Making `all' in `icuinfo'
10:19.66 generating dependency information for d:/a/K-Meleon-R/K-Meleon-R/goanna/intl/icu/source/tools/icuinfo/icuinfo.cpp
10:19.66 icuinfo.cpp
10:19.66 c:/Strawberry/c/bin/gmake.EXE[7]: Making `all' in `genccode'
10:19.66 generating dependency information for d:/a/K-Meleon-R/K-Meleon-R/goanna/intl/icu/source/tools/genccode/genccode.c
10:19.66 cl : Command line warning D9025 : overriding '/W3' with '/W4'
10:19.66 genccode.c
10:19.66 Unified_cpp_dom_events1.cpp
10:19.66 nsWebBrowserPersist.cpp
10:19.66 embedding_components_webbrowserpersist.lib.desc
10:19.66 config.status: creating tools/genccode/genccode.8
10:19.66 c:/Strawberry/c/bin/gmake.EXE[7]: Making `all' in `gencmn'
10:19.66 generating dependency information for d:/a/K-Meleon-R/K-Meleon-R/goanna/intl/icu/source/tools/gencmn/gencmn.c
10:19.66 cl : Command line warning D9025 : overriding '/W3' with '/W4'
10:19.66 gencmn.c
10:19.66 WebSocketChannelParent.cpp
10:19.66 affentry.obj
10:19.66 affixmgr.obj
10:19.66 WebSocketChannelChild.cpp
10:19.66 netwerk_protocol_websocket.lib.desc
10:19.66 csutil.obj
10:19.66 affentry.cxx
10:19.66 Unified_cpp_dom_events2.cpp
10:19.66 dom_events.lib.desc
10:19.66 filemgr.obj
10:19.66 VsyncChild.obj
10:19.66 VsyncParent.obj
10:19.66 config.status: creating tools/gencmn/gencmn.8
10:19.66 affixmgr.cxx
10:19.66 WindowsLocationProvider.obj
10:19.66 nsHapticFeedback.obj
10:19.66 c:/Strawberry/c/bin/gmake.EXE[7]: Making `all' in `icupkg'
10:19.66 generating dependency information for d:/a/K-Meleon-R/K-Meleon-R/goanna/intl/icu/source/tools/icupkg/icupkg.cpp
10:19.66 icupkg.cpp
10:19.66 csutil.cxx
10:19.66 VsyncChild.cpp
10:19.66 hashmgr.obj
10:19.66 Unified_cpp_layout_ipc0.obj
10:19.66 WindowsLocationProvider.cpp
10:19.66 nsHapticFeedback.cpp
10:19.66 dom_system_windows.lib.desc
10:46.13 config.status: creating tools/icupkg/icupkg.8
10:46.13 hunspell.obj
10:46.13 filemgr.cxx
10:46.13 c:/Strawberry/c/bin/gmake.EXE[7]: Making `all' in `pkgdata'
10:46.13 generating dependency information for d:/a/K-Meleon-R/K-Meleon-R/goanna/intl/icu/source/tools/pkgdata/pkgtypes.c
10:46.13 generating dependency information for d:/a/K-Meleon-R/K-Meleon-R/goanna/intl/icu/source/tools/pkgdata/pkgdata.cpp
10:46.13 pkgdata.cpp
10:46.13 cl : Command line warning D9025 : overriding '/W3' with '/W4'
10:46.13 pkgtypes.c
10:46.13 Warning: C4706 in d:\a\K-Meleon-R\K-Meleon-R\goanna\intl\icu\source\tools\pkgdata\pkgtypes.c: assignment within conditional expression
10:46.13 d:\a\K-Meleon-R\K-Meleon-R\goanna\intl\icu\source\tools\pkgdata\pkgtypes.c(204) : warning C4706: assignment within conditional expression
10:46.13 hashmgr.cxx
10:46.13 hunzip.obj
10:46.13 VsyncParent.cpp
10:46.13 Unified_cpp_hunspell_glue0.obj
10:46.13 config.status: creating tools/pkgdata/pkgdata.1
10:46.13 c:/Strawberry/c/bin/gmake.EXE[7]: Making `all' in `gentest'
10:46.13 generating dependency information for d:/a/K-Meleon-R/K-Meleon-R/goanna/intl/icu/source/tools/gentest/genres32.c
10:46.13 generating dependency information for d:/a/K-Meleon-R/K-Meleon-R/goanna/intl/icu/source/tools/gentest/gentest.c
10:46.13 cl : Command line warning D9025 : overriding '/W3' with '/W4'
10:46.13 gentest.c
10:46.13 cl : Command line warning D9025 : overriding '/W3' with '/W4'
10:46.13 genres32.c
10:46.13 c:/Strawberry/c/bin/gmake.EXE[7]: Making `all' in `gennorm2'
10:46.13 generating dependency information for d:/a/K-Meleon-R/K-Meleon-R/goanna/intl/icu/source/tools/gennorm2/n2builder.cpp
10:46.13 generating dependency information for d:/a/K-Meleon-R/K-Meleon-R/goanna/intl/icu/source/tools/gennorm2/gennorm2.cpp
10:46.13 gennorm2.cpp
10:46.13 hunspell.cxx
10:46.13 phonet.obj
10:46.13 n2builder.cpp
10:46.13 Unified_cpp_layout_ipc0.cpp
10:46.13 c:/Strawberry/c/bin/gmake.EXE[7]: Making `all' in `gencfu'
10:46.13 layout_ipc.lib.desc
10:46.13 hunzip.cxx
10:46.13 replist.obj
10:46.13 generating dependency information for d:/a/K-Meleon-R/K-Meleon-R/goanna/intl/icu/source/tools/gencfu/gencfu.cpp
10:46.13 suggestmgr.obj
10:46.13 gencfu.cpp
10:46.13 Unified_cpp_hunspell_glue0.cpp
10:46.13 extensions_spellcheck_hunspell_glue.lib.desc
10:46.13 replist.cxx
10:46.13 phonet.cxx
10:46.13 BlurSSE2.obj
10:46.13 Unified_cpp_commandhandler0.obj
10:46.13 DrawTargetD2D.obj
10:46.13 BlurSSE2.cpp
10:46.13 DrawTargetD2D1.obj
10:46.13 config.status: creating tools/gencfu/gencfu.1
10:46.13 suggestmgr.cxx
10:46.13 extensions_spellcheck_hunspell_src.lib.desc
10:46.13 ExtendInputEffectD2D1.obj
10:46.13 c:/Strawberry/c/bin/gmake.EXE[7]: Making `all' in `gendict'
10:46.13 Unified_cpp_commandhandler0.cpp
10:46.13 embedding_components_commandhandler.lib.desc
10:46.13 generating dependency information for d:/a/K-Meleon-R/K-Meleon-R/goanna/intl/icu/source/tools/gendict/gendict.cpp
10:46.13 FilterNodeD2D1.obj
10:46.13 gendict.cpp
10:46.13 ExtendInputEffectD2D1.cpp
10:46.13 DrawTargetD2D.cpp
10:46.13 chain.obj
10:46.13 iccread.obj
10:46.13 hb-blob.obj
10:46.13 hb-common.obj
10:46.13 DrawTargetD2D1.cpp
10:46.13 FilterProcessingSSE2.obj
10:46.13 config.status: creating tools/gendict/gendict.1
10:46.13 chain.c
10:46.13 matrix.obj
10:46.13 hb-blob.cc
10:46.13 hb-ot-math.obj
10:46.13 iccread.c
10:46.13 d:/a/K-Meleon-R/K-Meleon-R/goanna/gfx/qcms/iccread.c(315): warning C4305: '=': truncation from 'double' to 'float'
10:46.13 d:/a/K-Meleon-R/K-Meleon-R/goanna/gfx/qcms/iccread.c(317): warning C4305: '=': truncation from 'double' to 'float'
10:46.13 d:/a/K-Meleon-R/K-Meleon-R/goanna/gfx/qcms/iccread.c(323): warning C4305: '=': truncation from 'double' to 'float'
10:46.13 d:/a/K-Meleon-R/K-Meleon-R/goanna/gfx/qcms/iccread.c(324): warning C4305: '=': truncation from 'double' to 'float'
10:46.13 d:/a/K-Meleon-R/K-Meleon-R/goanna/gfx/qcms/iccread.c(325): warning C4305: '=': truncation from 'double' to 'float'
10:46.13 d:/a/K-Meleon-R/K-Meleon-R/goanna/gfx/qcms/iccread.c(747): warning C4018: '<': signed/unsigned mismatch
10:46.13 d:/a/K-Meleon-R/K-Meleon-R/goanna/gfx/qcms/iccread.c(769): warning C4018: '<': signed/unsigned mismatch
10:46.13 transform-sse2.obj
10:46.13 c:/Strawberry/c/bin/gmake.EXE[6]: Making `all' in `data'
10:46.13 matrix.c
10:46.13 transform.obj
10:46.13 C:/mozilla-build/msys/bin/sh.exe d:/a/K-Meleon-R/K-Meleon-R/goanna/intl/icu/source/mkinstalldirs ./out ./out/build ./out/build/icudt58l ./out/build/icudt58l/curr ./out/build/icudt58l/lang ./out/build/icudt58l/region ./out/build/icudt58l/zone ./out/build/icudt58l/unit ./out/build/icudt58l/brkitr ./out/build/icudt58l/coll ./out/build/icudt58l/rbnf ./out/build/icudt58l/translit ./out/tmp ./out/tmp/curr ./out/tmp/lang ./out/tmp/region ./out/tmp/zone ./out/tmp/unit ./out/tmp/coll ./out/tmp/rbnf ./out/tmp/translit ./out/tmp/brkitr
10:46.13 hb-common.cc
10:46.13 hb-ot-shape-complex-hangul.obj
10:46.13 mkdir ./out
10:46.13 mkdir ./out/build
10:46.13 transform-sse2.c
10:46.13 transform_util.obj
10:46.13 mkdir ./out/build/icudt58l
10:46.13 mkdir ./out/build/icudt58l/curr
10:46.13 mkdir ./out/build/icudt58l/lang
10:46.13 mkdir ./out/build/icudt58l/region
10:46.13 transform.c
10:46.13 d:/a/K-Meleon-R/K-Meleon-R/goanna/gfx/qcms/transform.c(262): warning C4305: 'initializing': truncation from 'double' to 'float'
10:46.13 d:/a/K-Meleon-R/K-Meleon-R/goanna/gfx/qcms/transform.c(263): warning C4305: 'initializing': truncation from 'double' to 'float'
10:46.13 d:/a/K-Meleon-R/K-Meleon-R/goanna/gfx/qcms/transform.c(264): warning C4305: 'initializing': truncation from 'double' to 'float'
10:46.13 mkdir ./out/build/icudt58l/zone
10:46.13 FilterNodeD2D1.cpp
10:46.13 hb-ot-math.cc
10:46.13 hb-ot-shape-complex-indic.obj
10:46.13 ImageScalingSSE2.obj
10:46.13 mkdir ./out/build/icudt58l/unit
10:46.13 mkdir ./out/build/icudt58l/brkitr
10:46.13 transform_util.c
10:46.13 gfx_qcms.lib.desc
10:46.13 hb-ot-shape-complex-use.obj
10:46.13 mkdir ./out/build/icudt58l/coll
10:46.13 mkdir ./out/build/icudt58l/rbnf
10:46.13 hb-ot-shape-complex-hangul.cc
10:46.13 PathD2D.obj
10:46.13 mkdir ./out/build/icudt58l/translit
10:46.13 mkdir ./out/tmp
10:46.13 FilterProcessingSSE2.cpp
10:46.13 mkdir ./out/tmp/curr
10:46.13 hb-ot-shape-complex-indic.cc
10:46.13 hb-ot-shape.obj
10:46.13 mkdir ./out/tmp/lang
10:46.13 Unified_c_media_libpng0.obj
10:46.13 mkdir ./out/tmp/region
10:46.13 mkdir ./out/tmp/zone
10:46.13 ImageScalingSSE2.cpp
10:46.13 PathHelpers.obj
10:46.13 mkdir ./out/tmp/unit
10:46.13 mkdir ./out/tmp/coll
10:46.13 mkdir ./out/tmp/rbnf
10:46.13 mkdir ./out/tmp/translit
10:46.13 Unified_c_media_libpng0.c
10:46.13 mozpng.lib.desc
10:46.13 mkdir ./out/tmp/brkitr
10:46.13 hb-ot-shape-complex-use.cc
10:46.13 hb-shape-plan.obj
10:46.13 RadialGradientEffectD2D1.obj
10:46.13 Microsoft (R) Windows (R) Resource Compiler Version 10.0.10011.16384
10:46.13 
10:46.13 Copyright (C) Microsoft Corporation.  All rights reserved.
10:46.13 
10:46.13 
10:46.13 hb-ot-shape.cc
10:46.13 Unified_cpp_gfx_harfbuzz_src0.obj
10:46.13 PathHelpers.cpp
10:46.13 Unified_c_media_libogg0.obj
10:46.13 PathD2D.cpp
10:46.13 ScaledFontDWrite.obj
10:46.13 Unified_c_media_libogg0.c
10:46.13 hb-shape-plan.cc
10:46.13 media_libogg.lib.desc
10:46.13 Unified_cpp_gfx_harfbuzz_src1.obj
10:46.13 ScaledFontWin.obj
10:46.13 RadialGradientEffectD2D1.cpp
10:46.13 Unified_cpp_gfx_harfbuzz_src0.cpp
10:46.13 decode.obj
10:46.13 postprocess.obj
10:46.13 ScaledFontDWrite.cpp
10:46.13 SourceSurfaceD2D.obj
10:46.13 decode.c
10:46.13 Unified_cpp_gfx_harfbuzz_src1.cpp
10:46.13 gfx_harfbuzz_src.lib.desc
10:46.13 segdec.obj
10:46.13 SourceSurfaceD2D1.obj
10:46.13 postprocess.c
10:46.13 strInvTransform.obj
10:46.13 segdec.c
10:46.13 strPredQuantDec.obj
10:46.13 ScaledFontWin.cpp
10:46.13 NameTable.obj
10:46.13 Unified_cpp_gfx_graphite2_src0.obj
10:46.13 strInvTransform.c
10:46.13 strdec.obj
10:46.13 NameTable.cpp
10:46.13 SourceSurfaceD2D.cpp
10:46.13 SourceSurfaceD2DTarget.obj
10:46.13 Unified_cpp_gfx_graphite2_src1.obj
10:46.13 strPredQuantDec.c
10:46.13 adapthuff.obj
10:46.13 Unified_cpp_gfx_graphite2_src0.cpp
10:46.13 Unified_cpp_gfx_graphite2_src2.obj
10:46.13 strdec.c
10:46.13 image.obj
10:46.13 SourceSurfaceD2D1.cpp
10:46.13 convolverSSE2.obj
10:46.13 adapthuff.c
10:46.13 strPredQuant.obj
10:46.13 Unified_cpp_gfx_graphite2_src1.cpp
10:46.13 Unified_cpp_gfx_graphite2_src2.cpp
10:46.13 gfx_graphite2_src.lib.desc
10:46.13 image.c
10:46.13 strTransform.obj
10:46.13 image_operations.obj
10:46.13 strPredQuant.c
10:46.13 strcodec.obj
10:46.13 strTransform.c
10:46.13 JXRGlue.obj
10:46.13 convolverSSE2.cpp
10:46.13 SourceSurfaceD2DTarget.cpp
10:46.13 Unified_cpp_gfx_2d0.obj
10:46.13 Unified_c_media_libtheora0.obj
10:46.13 strcodec.c
10:46.13 JXRGlueDec.obj
10:46.13 Unified_c_media_libtheora0.c
10:46.13 media_libtheora.lib.desc
10:46.13 Unified_cpp_gfx_2d1.obj
10:46.13 JXRGlue.c
10:46.13 JXRGluePFC.obj
10:46.13 image_operations.cpp
10:46.13 vorbis_codebook.obj
10:46.13 vorbis_floor1.obj
10:46.13 JXRGlueDec.c
10:46.13 JXRMeta.obj
10:46.13 vorbis_codebook.c
10:46.13 vorbis_info.obj
10:46.13 JXRGluePFC.c
10:46.13 vorbis_floor1.c
10:46.13 vorbis_res0.obj
10:46.13 JXRMeta.c
10:46.13 media_jxrlib.lib.desc
10:46.13 vorbis_info.c
10:46.13 vorbis_window.obj
10:46.13 vorbis_res0.c
10:46.13 Unified_c_media_libvorbis0.obj
10:46.13 vorbis_window.c
10:46.13 Unified_c_media_libvorbis0.c
10:46.13 C:\Program Files (x86)\Windows Kits\10\include\10.0.26100.0\ucrt\stdlib.h(1282): warning C4005: 'max': macro redefinition
10:46.13 d:\a\K-Meleon-R\K-Meleon-R\goanna\media\libvorbis\lib\os.h(78): note: see previous definition of 'max'
10:46.13 C:\Program Files (x86)\Windows Kits\10\include\10.0.26100.0\ucrt\stdlib.h(1283): warning C4005: 'min': macro redefinition
10:46.13 d:\a\K-Meleon-R\K-Meleon-R\goanna\media\libvorbis\lib\os.h(74): note: see previous definition of 'min'
10:46.13 d:\a\K-Meleon-R\K-Meleon-R\goanna\media\libvorbis\lib/vorbis_psy.c(289): warning C4305: '=': truncation from 'double' to 'float'
10:46.13 d:\a\K-Meleon-R\K-Meleon-R\goanna\media\libvorbis\lib/vorbis_psy.c(290): warning C4305: '=': truncation from 'double' to 'float'
10:46.13 d:\a\K-Meleon-R\K-Meleon-R\goanna\media\libvorbis\lib/vorbis_psy.c(800): warning C4305: '=': truncation from 'double' to 'float'
10:46.13 d:\a\K-Meleon-R\K-Meleon-R\goanna\media\libvorbis\lib/vorbis_psy.c(813): warning C4305: '=': truncation from 'double' to 'float'
10:46.13 d:\a\K-Meleon-R\K-Meleon-R\goanna\media\libvorbis\lib/vorbisenc.c(912): warning C4305: '+=': truncation from 'double' to 'float'
10:46.13 d:\a\K-Meleon-R\K-Meleon-R\goanna\media\libvorbis\lib/vorbisenc.c(913): warning C4305: '=': truncation from 'double' to 'float'
10:46.13 Unified_cpp_gfx_2d1.cpp
10:46.13 media_libvorbis.lib.desc
10:46.13 cairo-base85-stream.obj
10:46.13 cairo-bentley-ottmann-rectangular.obj
10:46.13 cubeb.obj
10:46.13 cubeb_winmm.obj
10:46.13 Unified_cpp_gfx_2d0.cpp
10:46.13 gfx_2d.lib.desc
10:46.13 cairo-bentley-ottmann-rectilinear.obj
10:46.13 cubeb.c
10:46.13 cubeb_panner.obj
10:46.13 cairo-base85-stream.c
10:46.13 d:\a\K-Meleon-R\K-Meleon-R\goanna\gfx\cairo\cairo\src\cairo-mutex-impl-private.h(180): warning C4005: 'WIN32_LEAN_AND_MEAN': macro redefinition
10:46.13 d:\a\K-Meleon-R\K-Meleon-R\goanna\obj-x64\gfx\cairo\cairo\src\../../../../dist/include/mozilla-config.h(116): note: see previous definition of 'WIN32_LEAN_AND_MEAN'
10:46.13 d:\a\K-Meleon-R\K-Meleon-R\goanna\gfx\cairo\cairo\src\cairo-wideint-private.h(177): warning C4146: unary minus operator applied to unsigned type, result still unsigned
10:46.13 d:\a\K-Meleon-R\K-Meleon-R\goanna\gfx\cairo\cairo\src\cairo-wideint-private.h(181): warning C4146: unary minus operator applied to unsigned type, result still unsigned
10:46.13 alloccommon.obj
10:46.13 blockd.obj
10:46.13 cairo-bentley-ottmann-rectangular.c
10:46.13 d:\a\K-Meleon-R\K-Meleon-R\goanna\gfx\cairo\cairo\src\cairo-mutex-impl-private.h(180): warning C4005: 'WIN32_LEAN_AND_MEAN': macro redefinition
10:46.13 d:\a\K-Meleon-R\K-Meleon-R\goanna\obj-x64\gfx\cairo\cairo\src\../../../../dist/include/mozilla-config.h(116): note: see previous definition of 'WIN32_LEAN_AND_MEAN'
10:46.13 d:\a\K-Meleon-R\K-Meleon-R\goanna\gfx\cairo\cairo\src\cairo-wideint-private.h(177): warning C4146: unary minus operator applied to unsigned type, result still unsigned
10:46.13 d:\a\K-Meleon-R\K-Meleon-R\goanna\gfx\cairo\cairo\src\cairo-wideint-private.h(181): warning C4146: unary minus operator applied to unsigned type, result still unsigned
10:46.13 cairo-bentley-ottmann.obj
10:46.13 cubeb_winmm.c
10:46.13 alloccommon.c
10:49.94 d:\a\K-Meleon-R\K-Meleon-R\goanna\media\libvpx\vpx_config_x86_64-win64-vs12.h(34): warning C4005: 'HAVE_STDINT_H': macro redefinition
10:49.94 d:\a\K-Meleon-R\K-Meleon-R\goanna\obj-x64\media\libvpx\../../dist/include/mozilla-config.h(36): note: see previous definition of 'HAVE_STDINT_H'
10:49.94 copy_c.obj
10:49.94 cubeb_resampler.obj
10:49.94 blockd.c
10:49.94 d:\a\K-Meleon-R\K-Meleon-R\goanna\media\libvpx\vpx_config_x86_64-win64-vs12.h(34): warning C4005: 'HAVE_STDINT_H': macro redefinition
10:49.94 d:\a\K-Meleon-R\K-Meleon-R\goanna\obj-x64\media\libvpx\../../dist/include/mozilla-config.h(36): note: see previous definition of 'HAVE_STDINT_H'
10:49.94 debugmodes.obj
10:49.94 cairo-bentley-ottmann-rectilinear.c
10:49.94 d:\a\K-Meleon-R\K-Meleon-R\goanna\gfx\cairo\cairo\src\cairo-mutex-impl-private.h(180): warning C4005: 'WIN32_LEAN_AND_MEAN': macro redefinition
10:49.94 d:\a\K-Meleon-R\K-Meleon-R\goanna\obj-x64\gfx\cairo\cairo\src\../../../../dist/include/mozilla-config.h(116): note: see previous definition of 'WIN32_LEAN_AND_MEAN'
10:49.94 d:\a\K-Meleon-R\K-Meleon-R\goanna\gfx\cairo\cairo\src\cairo-wideint-private.h(177): warning C4146: unary minus operator applied to unsigned type, result still unsigned
10:49.94 d:\a\K-Meleon-R\K-Meleon-R\goanna\gfx\cairo\cairo\src\cairo-wideint-private.h(181): warning C4146: unary minus operator applied to unsigned type, result still unsigned
10:49.94 cairo-cff-subset.obj
10:49.94 cubeb_panner.cpp
10:49.94 cubeb_wasapi.obj
10:49.94 copy_c.c
10:49.94 dequantize.obj
10:49.94 debugmodes.c
10:49.94 d:\a\K-Meleon-R\K-Meleon-R\goanna\media\libvpx\vpx_config_x86_64-win64-vs12.h(34): warning C4005: 'HAVE_STDINT_H': macro redefinition
10:49.94 d:\a\K-Meleon-R\K-Meleon-R\goanna\obj-x64\media\libvpx\../../dist/include/mozilla-config.h(36): note: see previous definition of 'HAVE_STDINT_H'
10:49.94 entropy.obj
10:49.94 cubeb_resampler.cpp
10:49.94 cairo-bentley-ottmann.c
10:49.94 d:\a\K-Meleon-R\K-Meleon-R\goanna\gfx\cairo\cairo\src\cairo-mutex-impl-private.h(180): warning C4005: 'WIN32_LEAN_AND_MEAN': macro redefinition
10:49.94 d:\a\K-Meleon-R\K-Meleon-R\goanna\obj-x64\gfx\cairo\cairo\src\../../../../dist/include/mozilla-config.h(116): note: see previous definition of 'WIN32_LEAN_AND_MEAN'
10:49.94 d:\a\K-Meleon-R\K-Meleon-R\goanna\gfx\cairo\cairo\src\cairo-wideint-private.h(177): warning C4146: unary minus operator applied to unsigned type, result still unsigned
10:49.94 d:\a\K-Meleon-R\K-Meleon-R\goanna\gfx\cairo\cairo\src\cairo-wideint-private.h(181): warning C4146: unary minus operator applied to unsigned type, result still unsigned
10:49.94 cairo-deflate-stream.obj
10:49.94 dequantize.c
10:49.94 d:\a\K-Meleon-R\K-Meleon-R\goanna\media\libvpx\vpx_config_x86_64-win64-vs12.h(34): warning C4005: 'HAVE_STDINT_H': macro redefinition
10:49.94 d:\a\K-Meleon-R\K-Meleon-R\goanna\obj-x64\media\libvpx\../../dist/include/mozilla-config.h(36): note: see previous definition of 'HAVE_STDINT_H'
10:49.94 entropymode.obj
10:49.94 entropy.c
10:49.94 d:\a\K-Meleon-R\K-Meleon-R\goanna\media\libvpx\vpx_config_x86_64-win64-vs12.h(34): warning C4005: 'HAVE_STDINT_H': macro redefinition
10:49.94 d:\a\K-Meleon-R\K-Meleon-R\goanna\obj-x64\media\libvpx\../../dist/include/mozilla-config.h(36): note: see previous definition of 'HAVE_STDINT_H'
10:49.94 entropymv.obj
10:49.94 cairo-cff-subset.c
10:49.94 d:\a\K-Meleon-R\K-Meleon-R\goanna\gfx\cairo\cairo\src\cairo-mutex-impl-private.h(180): warning C4005: 'WIN32_LEAN_AND_MEAN': macro redefinition
10:49.94 d:\a\K-Meleon-R\K-Meleon-R\goanna\obj-x64\gfx\cairo\cairo\src\../../../../dist/include/mozilla-config.h(116): note: see previous definition of 'WIN32_LEAN_AND_MEAN'
10:49.94 d:\a\K-Meleon-R\K-Meleon-R\goanna\gfx\cairo\cairo\src\cairo-wideint-private.h(177): warning C4146: unary minus operator applied to unsigned type, result still unsigned
10:49.94 d:\a\K-Meleon-R\K-Meleon-R\goanna\gfx\cairo\cairo\src\cairo-wideint-private.h(181): warning C4146: unary minus operator applied to unsigned type, result still unsigned
10:49.94 cairo-pdf-operators.obj
10:49.94 entropymode.c
10:49.94 d:\a\K-Meleon-R\K-Meleon-R\goanna\media\libvpx\vpx_config_x86_64-win64-vs12.h(34): warning C4005: 'HAVE_STDINT_H': macro redefinition
10:49.94 d:\a\K-Meleon-R\K-Meleon-R\goanna\obj-x64\media\libvpx\../../dist/include/mozilla-config.h(36): note: see previous definition of 'HAVE_STDINT_H'
10:49.94 extend.obj
10:49.94 entropymv.c
10:49.94 cubeb_wasapi.cpp
10:49.94 cubeb.lib.desc
10:49.94 filter.obj
10:49.94 cairo-pdf-surface.obj
10:49.94 cairo-deflate-stream.c
10:49.94 d:\a\K-Meleon-R\K-Meleon-R\goanna\gfx\cairo\cairo\src\cairo-mutex-impl-private.h(180): warning C4005: 'WIN32_LEAN_AND_MEAN': macro redefinition
10:49.94 d:\a\K-Meleon-R\K-Meleon-R\goanna\obj-x64\gfx\cairo\cairo\src\../../../../dist/include/mozilla-config.h(116): note: see previous definition of 'WIN32_LEAN_AND_MEAN'
10:49.94 d:\a\K-Meleon-R\K-Meleon-R\goanna\gfx\cairo\cairo\src\cairo-wideint-private.h(177): warning C4146: unary minus operator applied to unsigned type, result still unsigned
10:49.94 d:\a\K-Meleon-R\K-Meleon-R\goanna\gfx\cairo\cairo\src\cairo-wideint-private.h(181): warning C4146: unary minus operator applied to unsigned type, result still unsigned
10:49.94 findnearmv.obj
10:49.94 extend.c
10:49.94 d:\a\K-Meleon-R\K-Meleon-R\goanna\media\libvpx\vpx_config_x86_64-win64-vs12.h(34): warning C4005: 'HAVE_STDINT_H': macro redefinition
10:49.94 d:\a\K-Meleon-R\K-Meleon-R\goanna\obj-x64\media\libvpx\../../dist/include/mozilla-config.h(36): note: see previous definition of 'HAVE_STDINT_H'
10:49.94 bands.obj
10:49.94 celt.obj
10:49.94 cairo-pdf-operators.c
10:49.94 d:\a\K-Meleon-R\K-Meleon-R\goanna\gfx\cairo\cairo\src\cairo-mutex-impl-private.h(180): warning C4005: 'WIN32_LEAN_AND_MEAN': macro redefinition
10:49.94 d:\a\K-Meleon-R\K-Meleon-R\goanna\obj-x64\gfx\cairo\cairo\src\../../../../dist/include/mozilla-config.h(116): note: see previous definition of 'WIN32_LEAN_AND_MEAN'
10:49.94 d:\a\K-Meleon-R\K-Meleon-R\goanna\gfx\cairo\cairo\src\cairo-wideint-private.h(177): warning C4146: unary minus operator applied to unsigned type, result still unsigned
10:49.94 d:\a\K-Meleon-R\K-Meleon-R\goanna\gfx\cairo\cairo\src\cairo-wideint-private.h(181): warning C4146: unary minus operator applied to unsigned type, result still unsigned
10:49.94 cairo-surface-wrapper.obj
10:49.94 filter.c
10:49.94 d:\a\K-Meleon-R\K-Meleon-R\goanna\media\libvpx\vpx_config_x86_64-win64-vs12.h(34): warning C4005: 'HAVE_STDINT_H': macro redefinition
10:49.94 d:\a\K-Meleon-R\K-Meleon-R\goanna\obj-x64\media\libvpx\../../dist/include/mozilla-config.h(36): note: see previous definition of 'HAVE_STDINT_H'
10:49.94 systemdependent.obj
10:49.94 findnearmv.c
10:49.94 d:\a\K-Meleon-R\K-Meleon-R\goanna\media\libvpx\vpx_config_x86_64-win64-vs12.h(34): warning C4005: 'HAVE_STDINT_H': macro redefinition
10:49.94 d:\a\K-Meleon-R\K-Meleon-R\goanna\obj-x64\media\libvpx\../../dist/include/mozilla-config.h(36): note: see previous definition of 'HAVE_STDINT_H'
10:49.94 idct_blk.obj
10:49.94 bands.c
10:49.94 celt_decoder.obj
10:49.94 cairo-pdf-surface.c
10:49.94 d:\a\K-Meleon-R\K-Meleon-R\goanna\gfx\cairo\cairo\src\cairo-mutex-impl-private.h(180): warning C4005: 'WIN32_LEAN_AND_MEAN': macro redefinition
10:49.94 d:\a\K-Meleon-R\K-Meleon-R\goanna\obj-x64\gfx\cairo\cairo\src\../../../../dist/include/mozilla-config.h(116): note: see previous definition of 'WIN32_LEAN_AND_MEAN'
10:49.94 d:\a\K-Meleon-R\K-Meleon-R\goanna\gfx\cairo\cairo\src\cairo-wideint-private.h(177): warning C4146: unary minus operator applied to unsigned type, result still unsigned
10:49.94 d:\a\K-Meleon-R\K-Meleon-R\goanna\gfx\cairo\cairo\src\cairo-wideint-private.h(181): warning C4146: unary minus operator applied to unsigned type, result still unsigned
10:49.94 cairo-truetype-subset.obj
10:49.94 systemdependent.c
10:49.94 d:\a\K-Meleon-R\K-Meleon-R\goanna\media\libvpx\vpx_config_x86_64-win64-vs12.h(34): warning C4005: 'HAVE_STDINT_H': macro redefinition
10:49.94 d:\a\K-Meleon-R\K-Meleon-R\goanna\obj-x64\media\libvpx\../../dist/include/mozilla-config.h(36): note: see previous definition of 'HAVE_STDINT_H'
10:49.94 idctllm.obj
10:49.94 celt.c
10:49.94 celt_encoder.obj
10:49.94 idct_blk.c
10:49.94 d:\a\K-Meleon-R\K-Meleon-R\goanna\media\libvpx\vpx_config_x86_64-win64-vs12.h(34): warning C4005: 'HAVE_STDINT_H': macro redefinition
10:49.94 d:\a\K-Meleon-R\K-Meleon-R\goanna\obj-x64\media\libvpx\../../dist/include/mozilla-config.h(36): note: see previous definition of 'HAVE_STDINT_H'
10:49.94 loopfilter.obj
10:49.94 cairo-surface-wrapper.c
10:49.94 d:\a\K-Meleon-R\K-Meleon-R\goanna\gfx\cairo\cairo\src\cairo-mutex-impl-private.h(180): warning C4005: 'WIN32_LEAN_AND_MEAN': macro redefinition
10:49.94 d:\a\K-Meleon-R\K-Meleon-R\goanna\obj-x64\gfx\cairo\cairo\src\../../../../dist/include/mozilla-config.h(116): note: see previous definition of 'WIN32_LEAN_AND_MEAN'
10:49.94 d:\a\K-Meleon-R\K-Meleon-R\goanna\gfx\cairo\cairo\src\cairo-wideint-private.h(177): warning C4146: unary minus operator applied to unsigned type, result still unsigned
10:49.94 d:\a\K-Meleon-R\K-Meleon-R\goanna\gfx\cairo\cairo\src\cairo-wideint-private.h(181): warning C4146: unary minus operator applied to unsigned type, result still unsigned
10:49.94 cairo-type1-fallback.obj
10:49.94 idctllm.c
10:49.94 loopfilter_filters.obj
10:49.94 celt_decoder.c
10:49.94 celt_lpc.obj
10:49.94 cairo-truetype-subset.c
10:49.94 d:\a\K-Meleon-R\K-Meleon-R\goanna\gfx\cairo\cairo\src\cairo-mutex-impl-private.h(180): warning C4005: 'WIN32_LEAN_AND_MEAN': macro redefinition
10:49.94 d:\a\K-Meleon-R\K-Meleon-R\goanna\obj-x64\gfx\cairo\cairo\src\../../../../dist/include/mozilla-config.h(116): note: see previous definition of 'WIN32_LEAN_AND_MEAN'
10:49.94 d:\a\K-Meleon-R\K-Meleon-R\goanna\gfx\cairo\cairo\src\cairo-wideint-private.h(177): warning C4146: unary minus operator applied to unsigned type, result still unsigned
10:49.94 d:\a\K-Meleon-R\K-Meleon-R\goanna\gfx\cairo\cairo\src\cairo-wideint-private.h(181): warning C4146: unary minus operator applied to unsigned type, result still unsigned
10:49.94 cairo-type3-glyph-surface.obj
10:49.94 loopfilter.c
10:49.94 d:\a\K-Meleon-R\K-Meleon-R\goanna\media\libvpx\vpx_config_x86_64-win64-vs12.h(34): warning C4005: 'HAVE_STDINT_H': macro redefinition
10:49.94 d:\a\K-Meleon-R\K-Meleon-R\goanna\obj-x64\media\libvpx\../../dist/include/mozilla-config.h(36): note: see previous definition of 'HAVE_STDINT_H'
10:49.94 mbpitch.obj
10:49.94 loopfilter_filters.c
10:49.94 d:\a\K-Meleon-R\K-Meleon-R\goanna\media\libvpx\vpx_config_x86_64-win64-vs12.h(34): warning C4005: 'HAVE_STDINT_H': macro redefinition
10:49.94 d:\a\K-Meleon-R\K-Meleon-R\goanna\obj-x64\media\libvpx\../../dist/include/mozilla-config.h(36): note: see previous definition of 'HAVE_STDINT_H'
10:49.94 celt_encoder.c
10:49.94 cwrs.objmfqe.obj
10:49.94 
10:49.94 cairo-type1-fallback.c
10:49.94 d:\a\K-Meleon-R\K-Meleon-R\goanna\gfx\cairo\cairo\src\cairo-mutex-impl-private.h(180): warning C4005: 'WIN32_LEAN_AND_MEAN': macro redefinition
10:49.94 d:\a\K-Meleon-R\K-Meleon-R\goanna\obj-x64\gfx\cairo\cairo\src\../../../../dist/include/mozilla-config.h(116): note: see previous definition of 'WIN32_LEAN_AND_MEAN'
10:49.94 d:\a\K-Meleon-R\K-Meleon-R\goanna\gfx\cairo\cairo\src\cairo-wideint-private.h(177): warning C4146: unary minus operator applied to unsigned type, result still unsigned
10:52.10 d:\a\K-Meleon-R\K-Meleon-R\goanna\gfx\cairo\cairo\src\cairo-wideint-private.h(181): warning C4146: unary minus operator applied to unsigned type, result still unsigned
10:52.10 cairo-win32-font.obj
10:52.10 mbpitch.c
10:52.10 d:\a\K-Meleon-R\K-Meleon-R\goanna\media\libvpx\vpx_config_x86_64-win64-vs12.h(34): warning C4005: 'HAVE_STDINT_H': macro redefinition
10:52.10 d:\a\K-Meleon-R\K-Meleon-R\goanna\obj-x64\media\libvpx\../../dist/include/mozilla-config.h(36): note: see previous definition of 'HAVE_STDINT_H'
10:52.10 modecont.obj
10:52.10 celt_lpc.c
10:52.10 entcode.obj
10:52.10 mfqe.c
10:52.10 d:\a\K-Meleon-R\K-Meleon-R\goanna\media\libvpx\vpx_config_x86_64-win64-vs12.h(34): warning C4005: 'HAVE_STDINT_H': macro redefinition
10:52.10 d:\a\K-Meleon-R\K-Meleon-R\goanna\obj-x64\media\libvpx\../../dist/include/mozilla-config.h(36): note: see previous definition of 'HAVE_STDINT_H'
10:52.10 postproc.obj
10:52.10 cwrs.c
10:52.10 entdec.obj
10:52.10 cairo-type3-glyph-surface.c
10:52.10 d:\a\K-Meleon-R\K-Meleon-R\goanna\gfx\cairo\cairo\src\cairo-mutex-impl-private.h(180): warning C4005: 'WIN32_LEAN_AND_MEAN': macro redefinition
10:52.10 d:\a\K-Meleon-R\K-Meleon-R\goanna\obj-x64\gfx\cairo\cairo\src\../../../../dist/include/mozilla-config.h(116): note: see previous definition of 'WIN32_LEAN_AND_MEAN'
10:52.10 d:\a\K-Meleon-R\K-Meleon-R\goanna\gfx\cairo\cairo\src\cairo-wideint-private.h(177): warning C4146: unary minus operator applied to unsigned type, result still unsigned
10:52.10 d:\a\K-Meleon-R\K-Meleon-R\goanna\gfx\cairo\cairo\src\cairo-wideint-private.h(181): warning C4146: unary minus operator applied to unsigned type, result still unsigned
10:52.10 cairo-win32-printing-surface.obj
10:52.10 modecont.c
10:52.10 d:\a\K-Meleon-R\K-Meleon-R\goanna\media\libvpx\vpx_config_x86_64-win64-vs12.h(34): warning C4005: 'HAVE_STDINT_H': macro redefinition
10:52.10 d:\a\K-Meleon-R\K-Meleon-R\goanna\obj-x64\media\libvpx\../../dist/include/mozilla-config.h(36): note: see previous definition of 'HAVE_STDINT_H'
10:52.10 quant_common.obj
10:52.10 entcode.c
10:52.10 entenc.obj
10:52.10 postproc.c
10:52.10 d:\a\K-Meleon-R\K-Meleon-R\goanna\media\libvpx\vpx_config_x86_64-win64-vs12.h(34): warning C4005: 'HAVE_STDINT_H': macro redefinition
10:52.10 d:\a\K-Meleon-R\K-Meleon-R\goanna\obj-x64\media\libvpx\../../dist/include/mozilla-config.h(36): note: see previous definition of 'HAVE_STDINT_H'
10:52.10 reconinter.obj
10:52.10 cairo-win32-font.c
10:52.10 d:/a/K-Meleon-R/K-Meleon-R/goanna/gfx/cairo/cairo/src/cairo-win32-font.c(36): warning C4005: 'WIN32_LEAN_AND_MEAN': macro redefinition
10:52.10 d:\a\K-Meleon-R\K-Meleon-R\goanna\obj-x64\gfx\cairo\cairo\src\../../../../dist/include/mozilla-config.h(116): note: see previous definition of 'WIN32_LEAN_AND_MEAN'
10:52.10 d:\a\K-Meleon-R\K-Meleon-R\goanna\gfx\cairo\cairo\src\cairo-wideint-private.h(177): warning C4146: unary minus operator applied to unsigned type, result still unsigned
10:52.10 d:\a\K-Meleon-R\K-Meleon-R\goanna\gfx\cairo\cairo\src\cairo-wideint-private.h(181): warning C4146: unary minus operator applied to unsigned type, result still unsigned
10:52.10 d:/a/K-Meleon-R/K-Meleon-R/goanna/gfx/cairo/cairo/src/cairo-win32-font.c(252): warning C4996: 'GetVersionExA': was declared deprecated
10:52.10 cairo-win32-surface.obj
10:52.10 entdec.c
10:52.10 kiss_fft.obj
10:52.10 quant_common.c
10:52.10 d:\a\K-Meleon-R\K-Meleon-R\goanna\media\libvpx\vpx_config_x86_64-win64-vs12.h(34): warning C4005: 'HAVE_STDINT_H': macro redefinition
10:52.10 d:\a\K-Meleon-R\K-Meleon-R\goanna\obj-x64\media\libvpx\../../dist/include/mozilla-config.h(36): note: see previous definition of 'HAVE_STDINT_H'
10:52.10 reconintra.obj
10:52.10 entenc.c
10:52.10 laplace.obj
10:52.10 cairo-win32-printing-surface.c
10:52.10 d:/a/K-Meleon-R/K-Meleon-R/goanna/gfx/cairo/cairo/src/cairo-win32-printing-surface.c(38): warning C4005: 'WIN32_LEAN_AND_MEAN': macro redefinition
10:52.10 d:\a\K-Meleon-R\K-Meleon-R\goanna\obj-x64\gfx\cairo\cairo\src\../../../../dist/include/mozilla-config.h(116): note: see previous definition of 'WIN32_LEAN_AND_MEAN'
10:52.10 d:\a\K-Meleon-R\K-Meleon-R\goanna\gfx\cairo\cairo\src\cairo-wideint-private.h(177): warning C4146: unary minus operator applied to unsigned type, result still unsigned
10:52.10 d:\a\K-Meleon-R\K-Meleon-R\goanna\gfx\cairo\cairo\src\cairo-wideint-private.h(181): warning C4146: unary minus operator applied to unsigned type, result still unsigned
10:52.10 Unified_c_gfx_cairo_cairo_src0.obj
10:52.10 reconinter.c
10:52.10 d:\a\K-Meleon-R\K-Meleon-R\goanna\media\libvpx\vpx_config_x86_64-win64-vs12.h(34): warning C4005: 'HAVE_STDINT_H': macro redefinition
10:52.10 d:\a\K-Meleon-R\K-Meleon-R\goanna\obj-x64\media\libvpx\../../dist/include/mozilla-config.h(36): note: see previous definition of 'HAVE_STDINT_H'
10:52.10 reconintra4x4.obj
10:52.10 reconintra.c
10:52.10 d:\a\K-Meleon-R\K-Meleon-R\goanna\media\libvpx\vpx_config_x86_64-win64-vs12.h(34): warning C4005: 'HAVE_STDINT_H': macro redefinition
10:52.10 d:\a\K-Meleon-R\K-Meleon-R\goanna\obj-x64\media\libvpx\../../dist/include/mozilla-config.h(36): note: see previous definition of 'HAVE_STDINT_H'
10:52.10 kiss_fft.c
10:52.10 rtcd.obj
10:52.10 mathops.obj
10:52.10 cairo-win32-surface.c
10:52.10 d:/a/K-Meleon-R/K-Meleon-R/goanna/gfx/cairo/cairo/src/cairo-win32-surface.c(39): warning C4005: 'WIN32_LEAN_AND_MEAN': macro redefinition
10:52.10 d:\a\K-Meleon-R\K-Meleon-R\goanna\obj-x64\gfx\cairo\cairo\src\../../../../dist/include/mozilla-config.h(116): note: see previous definition of 'WIN32_LEAN_AND_MEAN'
10:52.10 d:\a\K-Meleon-R\K-Meleon-R\goanna\gfx\cairo\cairo\src\cairo-wideint-private.h(177): warning C4146: unary minus operator applied to unsigned type, result still unsigned
10:52.10 d:\a\K-Meleon-R\K-Meleon-R\goanna\gfx\cairo\cairo\src\cairo-wideint-private.h(181): warning C4146: unary minus operator applied to unsigned type, result still unsigned
10:52.10 d:/a/K-Meleon-R/K-Meleon-R/goanna/gfx/cairo/cairo/src/cairo-win32-surface.c(539): warning C4133: '=': incompatible types - from 'cairo_surface_t *' to 'cairo_image_surface_t *'
10:52.10 d:/a/K-Meleon-R/K-Meleon-R/goanna/gfx/cairo/cairo/src/cairo-win32-surface.c(956): warning C4996: 'GetVersionExA': was declared deprecated
10:52.10 d:/a/K-Meleon-R/K-Meleon-R/goanna/gfx/cairo/cairo/src/cairo-win32-surface.c(1066): warning C4133: 'function': incompatible types - from 'cairo_surface_t *' to 'cairo_image_surface_t *'
10:52.10 d:/a/K-Meleon-R/K-Meleon-R/goanna/gfx/cairo/cairo/src/cairo-win32-surface.c(1483): warning C4018: '<': signed/unsigned mismatch
10:52.10 d:/a/K-Meleon-R/K-Meleon-R/goanna/gfx/cairo/cairo/src/cairo-win32-surface.c(1489): warning C4018: '>': signed/unsigned mismatch
10:52.10 d:/a/K-Meleon-R/K-Meleon-R/goanna/gfx/cairo/cairo/src/cairo-win32-surface.c(1493): warning C4018: '<': signed/unsigned mismatch
10:52.10 d:/a/K-Meleon-R/K-Meleon-R/goanna/gfx/cairo/cairo/src/cairo-win32-surface.c(1499): warning C4018: '>': signed/unsigned mismatch
10:52.10 d:/a/K-Meleon-R/K-Meleon-R/goanna/gfx/cairo/cairo/src/cairo-win32-surface.c(3423): warning C4133: '=': incompatible types - from 'cairo_surface_t *' to 'cairo_image_surface_t *'
10:52.10 d:/a/K-Meleon-R/K-Meleon-R/goanna/gfx/cairo/cairo/src/cairo-win32-surface.c(3432): warning C4133: 'function': incompatible types - from 'cairo_image_surface_t *' to 'cairo_surface_t *'
10:52.10 d:/a/K-Meleon-R/K-Meleon-R/goanna/gfx/cairo/cairo/src/cairo-win32-surface.c(3433): warning C4133: 'function': incompatible types - from 'cairo_image_surface_t *' to 'cairo_surface_t *'
10:52.10 d:/a/K-Meleon-R/K-Meleon-R/goanna/gfx/cairo/cairo/src/cairo-win32-surface.c(3470): warning C4133: 'function': incompatible types - from 'cairo_image_surface_t *' to 'cairo_surface_t *'
10:52.10 d:/a/K-Meleon-R/K-Meleon-R/goanna/gfx/cairo/cairo/src/cairo-win32-surface.c(3853): warning C4133: 'initializing': incompatible types - from 'cairo_status_t (__cdecl *)(cairo_surface_t *,cairo_operator_t,const cairo_pattern_t *,cairo_clip_t *)' to 'cairo_int_status_t (__cdecl *)(void *,cairo_operator_t,const cairo_pattern_t *,cairo_clip_t *)'
10:52.10 d:/a/K-Meleon-R/K-Meleon-R/goanna/gfx/cairo/cairo/src/cairo-win32-surface.c(3853): warning C4133: 'initializing': incompatible types - from 'cairo_status_t (__cdecl *)(cairo_surface_t *,cairo_operator_t,const cairo_pattern_t *,const cairo_pattern_t *,cairo_clip_t *)' to 'cairo_int_status_t (__cdecl *)(void *,cairo_operator_t,const cairo_pattern_t *,const cairo_pattern_t *,cairo_clip_t *)'
10:52.10 d:/a/K-Meleon-R/K-Meleon-R/goanna/gfx/cairo/cairo/src/cairo-win32-surface.c(3853): warning C4133: 'initializing': incompatible types - from 'cairo_status_t (__cdecl *)(cairo_surface_t *,cairo_operator_t,const cairo_pattern_t *,cairo_path_fixed_t *,const cairo_stroke_style_t *,const cairo_matrix_t *,const cairo_matrix_t *,double,cairo_antialias_t,cairo_clip_t *)' to 'cairo_int_status_t (__cdecl *)(void *,cairo_operator_t,const cairo_pattern_t *,cairo_path_fixed_t *,const cairo_stroke_style_t *,const cairo_matrix_t *,const cairo_matrix_t *,double,cairo_antialias_t,cairo_clip_t *)'
10:52.10 d:/a/K-Meleon-R/K-Meleon-R/goanna/gfx/cairo/cairo/src/cairo-win32-surface.c(3853): warning C4133: 'initializing': incompatible types - from 'cairo_status_t (__cdecl *)(cairo_surface_t *,cairo_operator_t,const cairo_pattern_t *,cairo_path_fixed_t *,cairo_fill_rule_t,double,cairo_antialias_t,cairo_clip_t *)' to 'cairo_int_status_t (__cdecl *)(void *,cairo_operator_t,const cairo_pattern_t *,cairo_path_fixed_t *,cairo_fill_rule_t,double,cairo_antialias_t,cairo_clip_t *)'
10:52.10 Unified_c_gfx_cairo_cairo_src1.obj
10:52.10 reconintra4x4.c
10:52.10 d:\a\K-Meleon-R\K-Meleon-R\goanna\media\libvpx\vpx_config_x86_64-win64-vs12.h(34): warning C4005: 'HAVE_STDINT_H': macro redefinition
10:52.10 d:\a\K-Meleon-R\K-Meleon-R\goanna\obj-x64\media\libvpx\../../dist/include/mozilla-config.h(36): note: see previous definition of 'HAVE_STDINT_H'
10:52.10 laplace.c
10:52.10 setupintrarecon.obj
10:52.10 mdct.obj
10:52.10 mathops.c
10:52.10 modes.obj
10:52.10 Unified_c_gfx_cairo_cairo_src0.c
10:52.10 d:\a\K-Meleon-R\K-Meleon-R\goanna\gfx\cairo\cairo\src\cairo-mutex-impl-private.h(180): warning C4005: 'WIN32_LEAN_AND_MEAN': macro redefinition
10:52.10 d:\a\K-Meleon-R\K-Meleon-R\goanna\obj-x64\gfx\cairo\cairo\src\../../../../dist/include/mozilla-config.h(116): note: see previous definition of 'WIN32_LEAN_AND_MEAN'
10:52.10 d:\a\K-Meleon-R\K-Meleon-R\goanna\gfx\cairo\cairo\src\cairo-wideint-private.h(177): warning C4146: unary minus operator applied to unsigned type, result still unsigned
10:52.10 d:\a\K-Meleon-R\K-Meleon-R\goanna\gfx\cairo\cairo\src\cairo-wideint-private.h(181): warning C4146: unary minus operator applied to unsigned type, result still unsigned
10:52.10 Unified_c_gfx_cairo_cairo_src2.obj
10:52.10 rtcd.c
10:52.10 d:\a\K-Meleon-R\K-Meleon-R\goanna\media\libvpx\vpx_config_x86_64-win64-vs12.h(34): warning C4005: 'HAVE_STDINT_H': macro redefinition
10:56.22 d:\a\K-Meleon-R\K-Meleon-R\goanna\obj-x64\media\libvpx\../../dist/include/mozilla-config.h(36): note: see previous definition of 'HAVE_STDINT_H'
10:56.22 swapyv12buffer.obj
10:56.22 mdct.c
10:56.22 pitch.obj
10:56.22 setupintrarecon.c
10:56.22 d:\a\K-Meleon-R\K-Meleon-R\goanna\media\libvpx\vpx_config_x86_64-win64-vs12.h(34): warning C4005: 'HAVE_STDINT_H': macro redefinition
10:56.22 d:\a\K-Meleon-R\K-Meleon-R\goanna\obj-x64\media\libvpx\../../dist/include/mozilla-config.h(36): note: see previous definition of 'HAVE_STDINT_H'
10:56.22 treecoder.obj
10:56.22 modes.c
10:56.22 quant_bands.obj
10:56.22 swapyv12buffer.c
10:56.22 d:\a\K-Meleon-R\K-Meleon-R\goanna\media\libvpx\vpx_config_x86_64-win64-vs12.h(34): warning C4005: 'HAVE_STDINT_H': macro redefinition
10:56.22 d:\a\K-Meleon-R\K-Meleon-R\goanna\obj-x64\media\libvpx\../../dist/include/mozilla-config.h(36): note: see previous definition of 'HAVE_STDINT_H'
10:56.22 variance_c.obj
10:56.22 Unified_c_gfx_cairo_cairo_src1.c
10:56.22 d:\a\K-Meleon-R\K-Meleon-R\goanna\gfx\cairo\cairo\src\cairo-mutex-impl-private.h(180): warning C4005: 'WIN32_LEAN_AND_MEAN': macro redefinition
10:56.22 d:\a\K-Meleon-R\K-Meleon-R\goanna\obj-x64\gfx\cairo\cairo\src\../../../../dist/include/mozilla-config.h(116): note: see previous definition of 'WIN32_LEAN_AND_MEAN'
10:56.22 d:\a\K-Meleon-R\K-Meleon-R\goanna\gfx\cairo\cairo\src\cairo-wideint-private.h(177): warning C4146: unary minus operator applied to unsigned type, result still unsigned
10:56.22 d:\a\K-Meleon-R\K-Meleon-R\goanna\gfx\cairo\cairo\src\cairo-wideint-private.h(181): warning C4146: unary minus operator applied to unsigned type, result still unsigned
10:56.22 d:\a\K-Meleon-R\K-Meleon-R\goanna\gfx\cairo\cairo\src\cairo-image-surface.c(435): warning C4146: unary minus operator applied to unsigned type, result still unsigned
10:56.22 d:\a\K-Meleon-R\K-Meleon-R\goanna\gfx\cairo\cairo\src\cairo-image-surface.c(2869): warning C4146: unary minus operator applied to unsigned type, result still unsigned
10:56.22 d:\a\K-Meleon-R\K-Meleon-R\goanna\gfx\cairo\cairo\src\cairo-image-surface.c(2875): warning C4146: unary minus operator applied to unsigned type, result still unsigned
10:56.22 d:\a\K-Meleon-R\K-Meleon-R\goanna\gfx\cairo\cairo\src\cairo-image-surface.c(3506): warning C4146: unary minus operator applied to unsigned type, result still unsigned
10:56.22 Unified_c_gfx_cairo_cairo_src3.obj
10:56.22 treecoder.c
10:56.22 filter_x86.obj
10:56.22 pitch.c
10:56.22 rate.obj
10:56.22 variance_c.c
10:56.22 d:\a\K-Meleon-R\K-Meleon-R\goanna\media\libvpx\vpx_config_x86_64-win64-vs12.h(34): warning C4005: 'HAVE_STDINT_H': macro redefinition
10:56.22 d:\a\K-Meleon-R\K-Meleon-R\goanna\obj-x64\media\libvpx\../../dist/include/mozilla-config.h(36): note: see previous definition of 'HAVE_STDINT_H'
10:56.22 idct_blk_mmx.obj
10:56.22 Unified_c_gfx_cairo_cairo_src2.c
10:56.22 d:\a\K-Meleon-R\K-Meleon-R\goanna\gfx\cairo\cairo\src\cairo-mutex-impl-private.h(180): warning C4005: 'WIN32_LEAN_AND_MEAN': macro redefinition
10:56.22 d:\a\K-Meleon-R\K-Meleon-R\goanna\obj-x64\gfx\cairo\cairo\src\../../../../dist/include/mozilla-config.h(116): note: see previous definition of 'WIN32_LEAN_AND_MEAN'
10:56.22 d:\a\K-Meleon-R\K-Meleon-R\goanna\gfx\cairo\cairo\src\cairo-wideint-private.h(177): warning C4146: unary minus operator applied to unsigned type, result still unsigned
10:56.22 d:\a\K-Meleon-R\K-Meleon-R\goanna\gfx\cairo\cairo\src\cairo-wideint-private.h(181): warning C4146: unary minus operator applied to unsigned type, result still unsigned
10:56.22 Unified_c_gfx_cairo_cairo_src4.obj
10:56.22 filter_x86.c
10:56.22 d:\a\K-Meleon-R\K-Meleon-R\goanna\media\libvpx\vpx_config_x86_64-win64-vs12.h(34): warning C4005: 'HAVE_STDINT_H': macro redefinition
10:56.22 d:\a\K-Meleon-R\K-Meleon-R\goanna\obj-x64\media\libvpx\../../dist/include/mozilla-config.h(36): note: see previous definition of 'HAVE_STDINT_H'
10:56.22 quant_bands.c
10:56.22 idct_blk_sse2.obj
10:56.22 vq.obj
10:56.22 idct_blk_mmx.c
10:56.22 d:\a\K-Meleon-R\K-Meleon-R\goanna\media\libvpx\vpx_config_x86_64-win64-vs12.h(34): warning C4005: 'HAVE_STDINT_H': macro redefinition
10:56.22 d:\a\K-Meleon-R\K-Meleon-R\goanna\obj-x64\media\libvpx\../../dist/include/mozilla-config.h(36): note: see previous definition of 'HAVE_STDINT_H'
10:56.22 loopfilter_x86.obj
10:56.22 rate.c
10:56.22 Unified_c_gfx_cairo_cairo_src3.c
10:56.22 d:\a\K-Meleon-R\K-Meleon-R\goanna\gfx\cairo\cairo\src\cairo-mutex-impl-private.h(180): warning C4005: 'WIN32_LEAN_AND_MEAN': macro redefinition
10:56.22 d:\a\K-Meleon-R\K-Meleon-R\goanna\obj-x64\gfx\cairo\cairo\src\../../../../dist/include/mozilla-config.h(116): note: see previous definition of 'WIN32_LEAN_AND_MEAN'
10:56.22 d:\a\K-Meleon-R\K-Meleon-R\goanna\gfx\cairo\cairo\src\cairo-wideint-private.h(177): warning C4146: unary minus operator applied to unsigned type, result still unsigned
10:56.22 d:\a\K-Meleon-R\K-Meleon-R\goanna\gfx\cairo\cairo\src\cairo-wideint-private.h(181): warning C4146: unary minus operator applied to unsigned type, result still unsigned
10:56.22 d:\a\K-Meleon-R\K-Meleon-R\goanna\gfx\cairo\cairo\src\cairo-surface.c(1465): warning C4047: '=': 'volatile char' differs in levels of indirection from 'volatile char *'
10:56.22 d:\a\K-Meleon-R\K-Meleon-R\goanna\gfx\cairo\cairo\src\cairo-version.c(39): warning C4005: 'CAIRO_VERSION_H': macro redefinition
10:56.22 d:\a\K-Meleon-R\K-Meleon-R\goanna\gfx\cairo\cairo\src\cairo-version.h(8): note: see previous definition of 'CAIRO_VERSION_H'
10:56.22 A2NLSF.obj
10:56.22 cairo-d2d-surface.obj
10:56.22 idct_blk_sse2.c
10:56.22 d:\a\K-Meleon-R\K-Meleon-R\goanna\media\libvpx\vpx_config_x86_64-win64-vs12.h(34): warning C4005: 'HAVE_STDINT_H': macro redefinition
10:56.22 d:\a\K-Meleon-R\K-Meleon-R\goanna\obj-x64\media\libvpx\../../dist/include/mozilla-config.h(36): note: see previous definition of 'HAVE_STDINT_H'
10:56.22 recon_wrapper_sse2.obj
10:56.22 vq.c
10:56.22 CNG.obj
10:56.22 Unified_c_gfx_cairo_cairo_src4.c
10:56.22 d:\a\K-Meleon-R\K-Meleon-R\goanna\gfx\cairo\cairo\src\cairo-mutex-impl-private.h(180): warning C4005: 'WIN32_LEAN_AND_MEAN': macro redefinition
10:56.22 d:\a\K-Meleon-R\K-Meleon-R\goanna\obj-x64\gfx\cairo\cairo\src\../../../../dist/include/mozilla-config.h(116): note: see previous definition of 'WIN32_LEAN_AND_MEAN'
10:56.22 d:\a\K-Meleon-R\K-Meleon-R\goanna\gfx\cairo\cairo\src\cairo-wideint-private.h(177): warning C4146: unary minus operator applied to unsigned type, result still unsigned
10:56.22 d:\a\K-Meleon-R\K-Meleon-R\goanna\gfx\cairo\cairo\src\cairo-wideint-private.h(181): warning C4146: unary minus operator applied to unsigned type, result still unsigned
10:56.22 d:\a\K-Meleon-R\K-Meleon-R\goanna\gfx\cairo\cairo\src\cairo-wideint.c(689): warning C4146: unary minus operator applied to unsigned type, result still unsigned
10:56.22 d:\a\K-Meleon-R\K-Meleon-R\goanna\gfx\cairo\cairo\src\cairo-wideint.c(756): warning C4146: unary minus operator applied to unsigned type, result still unsigned
10:56.22 d:\a\K-Meleon-R\K-Meleon-R\goanna\gfx\cairo\cairo\src\cairo-wideint.c(805): warning C4146: unary minus operator applied to unsigned type, result still unsigned
10:56.22 d:\a\K-Meleon-R\K-Meleon-R\goanna\gfx\cairo\cairo\src\cairo-wideint.c(811): warning C4146: unary minus operator applied to unsigned type, result still unsigned
10:56.22 d:\a\K-Meleon-R\K-Meleon-R\goanna\gfx\cairo\cairo\src\cairo-wideint.c(815): warning C4146: unary minus operator applied to unsigned type, result still unsigned
10:56.22 cairo-dwrite-font.obj
10:56.22 loopfilter_x86.c
10:56.22 d:\a\K-Meleon-R\K-Meleon-R\goanna\media\libvpx\vpx_config_x86_64-win64-vs12.h(34): warning C4005: 'HAVE_STDINT_H': macro redefinition
10:56.22 d:\a\K-Meleon-R\K-Meleon-R\goanna\obj-x64\media\libvpx\../../dist/include/mozilla-config.h(36): note: see previous definition of 'HAVE_STDINT_H'
10:56.22 variance_ssse3.obj
10:56.22 A2NLSF.c
10:56.22 HP_variable_cutoff.obj
10:56.22 recon_wrapper_sse2.c
10:56.22 d:\a\K-Meleon-R\K-Meleon-R\goanna\media\libvpx\vpx_config_x86_64-win64-vs12.h(34): warning C4005: 'HAVE_STDINT_H': macro redefinition
10:56.22 d:\a\K-Meleon-R\K-Meleon-R\goanna\obj-x64\media\libvpx\../../dist/include/mozilla-config.h(36): note: see previous definition of 'HAVE_STDINT_H'
10:56.22 vp8_asm_stubs.obj
10:56.22 variance_ssse3.c
10:56.22 d:\a\K-Meleon-R\K-Meleon-R\goanna\media\libvpx\vpx_config_x86_64-win64-vs12.h(34): warning C4005: 'HAVE_STDINT_H': macro redefinition
10:56.22 d:\a\K-Meleon-R\K-Meleon-R\goanna\obj-x64\media\libvpx\../../dist/include/mozilla-config.h(36): note: see previous definition of 'HAVE_STDINT_H'
10:56.22 vp8_variance_mmx.obj
10:56.22 CNG.c
10:56.22 LPC_analysis_filter.obj
10:56.22 vp8_asm_stubs.c
10:56.22 d:\a\K-Meleon-R\K-Meleon-R\goanna\media\libvpx\vpx_config_x86_64-win64-vs12.h(34): warning C4005: 'HAVE_STDINT_H': macro redefinition
10:56.22 d:\a\K-Meleon-R\K-Meleon-R\goanna\obj-x64\media\libvpx\../../dist/include/mozilla-config.h(36): note: see previous definition of 'HAVE_STDINT_H'
10:56.22 vp8_variance_sse2.obj
10:56.22 HP_variable_cutoff.c
10:56.22 LPC_inv_pred_gain.obj
10:56.22 vp8_variance_mmx.c
10:56.22 d:\a\K-Meleon-R\K-Meleon-R\goanna\media\libvpx\vpx_config_x86_64-win64-vs12.h(34): warning C4005: 'HAVE_STDINT_H': macro redefinition
10:56.22 d:\a\K-Meleon-R\K-Meleon-R\goanna\obj-x64\media\libvpx\../../dist/include/mozilla-config.h(36): note: see previous definition of 'HAVE_STDINT_H'
10:56.22 dboolhuff.obj
10:56.22 LPC_analysis_filter.c
10:56.22 cairo-d2d-surface.cpp
10:56.22 d:\a\K-Meleon-R\K-Meleon-R\goanna\gfx\cairo\cairo\src\cairo-mutex-impl-private.h(180): warning C4005: 'WIN32_LEAN_AND_MEAN': macro redefinition
10:56.22 d:\a\K-Meleon-R\K-Meleon-R\goanna\obj-x64\gfx\cairo\cairo\src\../../../../dist/include/mozilla-config.h(116): note: see previous definition of 'WIN32_LEAN_AND_MEAN'
10:56.22 d:\a\K-Meleon-R\K-Meleon-R\goanna\gfx\cairo\cairo\src\cairo-wideint-private.h(177): warning C4146: unary minus operator applied to unsigned type, result still unsigned
10:56.22 d:\a\K-Meleon-R\K-Meleon-R\goanna\gfx\cairo\cairo\src\cairo-wideint-private.h(181): warning C4146: unary minus operator applied to unsigned type, result still unsigned
10:56.22 d:/a/K-Meleon-R/K-Meleon-R/goanna/gfx/cairo/cairo/src/cairo-d2d-surface.cpp(2568): warning C4018: '<': signed/unsigned mismatch
10:56.22 LP_variable_cutoff.obj
10:56.22 vp8_variance_sse2.c
10:56.22 d:\a\K-Meleon-R\K-Meleon-R\goanna\media\libvpx\vpx_config_x86_64-win64-vs12.h(34): warning C4005: 'HAVE_STDINT_H': macro redefinition
10:56.22 d:\a\K-Meleon-R\K-Meleon-R\goanna\obj-x64\media\libvpx\../../dist/include/mozilla-config.h(36): note: see previous definition of 'HAVE_STDINT_H'
10:56.22 decodeframe.obj
10:56.22 LPC_inv_pred_gain.c
10:56.22 NLSF2A.obj
10:56.22 dboolhuff.c
10:56.22 d:\a\K-Meleon-R\K-Meleon-R\goanna\media\libvpx\vpx_config_x86_64-win64-vs12.h(34): warning C4005: 'HAVE_STDINT_H': macro redefinition
10:56.22 d:\a\K-Meleon-R\K-Meleon-R\goanna\obj-x64\media\libvpx\../../dist/include/mozilla-config.h(36): note: see previous definition of 'HAVE_STDINT_H'
10:56.22 decodemv.obj
10:56.22 LP_variable_cutoff.c
10:56.22 NLSF_VQ.obj
10:56.22 decodeframe.c
10:56.22 d:\a\K-Meleon-R\K-Meleon-R\goanna\media\libvpx\vpx_config_x86_64-win64-vs12.h(34): warning C4005: 'HAVE_STDINT_H': macro redefinition
11:03.92 d:\a\K-Meleon-R\K-Meleon-R\goanna\obj-x64\media\libvpx\../../dist/include/mozilla-config.h(36): note: see previous definition of 'HAVE_STDINT_H'
11:03.92 detokenize.obj
11:03.92 NLSF2A.c
11:03.92 NLSF_VQ_weights_laroia.obj
11:03.92 cairo-dwrite-font.cpp
11:03.92 d:\a\K-Meleon-R\K-Meleon-R\goanna\gfx\cairo\cairo\src\cairo-mutex-impl-private.h(180): warning C4005: 'WIN32_LEAN_AND_MEAN': macro redefinition
11:03.92 d:\a\K-Meleon-R\K-Meleon-R\goanna\obj-x64\gfx\cairo\cairo\src\../../../../dist/include/mozilla-config.h(116): note: see previous definition of 'WIN32_LEAN_AND_MEAN'
11:03.92 d:\a\K-Meleon-R\K-Meleon-R\goanna\gfx\cairo\cairo\src\cairo-wideint-private.h(177): warning C4146: unary minus operator applied to unsigned type, result still unsigned
11:03.92 d:\a\K-Meleon-R\K-Meleon-R\goanna\gfx\cairo\cairo\src\cairo-wideint-private.h(181): warning C4146: unary minus operator applied to unsigned type, result still unsigned
11:03.92 gfx_cairo_cairo_src.lib.desc
11:03.92 onyxd_if.obj
11:03.92 NLSF_VQ.c
11:03.92 NLSF_decode.obj
11:03.92 detokenize.c
11:03.92 d:\a\K-Meleon-R\K-Meleon-R\goanna\media\libvpx\vpx_config_x86_64-win64-vs12.h(34): warning C4005: 'HAVE_STDINT_H': macro redefinition
11:03.92 d:\a\K-Meleon-R\K-Meleon-R\goanna\obj-x64\media\libvpx\../../dist/include/mozilla-config.h(36): note: see previous definition of 'HAVE_STDINT_H'
11:03.92 decodemv.c
11:03.92 d:\a\K-Meleon-R\K-Meleon-R\goanna\media\libvpx\vpx_config_x86_64-win64-vs12.h(34): warning C4005: 'HAVE_STDINT_H': macro redefinition
11:03.92 d:\a\K-Meleon-R\K-Meleon-R\goanna\obj-x64\media\libvpx\../../dist/include/mozilla-config.h(36): note: see previous definition of 'HAVE_STDINT_H'
11:03.92 threading.obj
11:03.92 resample.obj
11:03.92 resample_sse.obj
11:03.92 resample.c
11:03.92 d:/a/K-Meleon-R/K-Meleon-R/goanna/media/libspeex_resampler/src/resample.c(676): warning C4018: '<': signed/unsigned mismatch
11:03.92 d:/a/K-Meleon-R/K-Meleon-R/goanna/media/libspeex_resampler/src/resample.c(940): warning C4018: '<': signed/unsigned mismatch
11:03.92 d:/a/K-Meleon-R/K-Meleon-R/goanna/media/libspeex_resampler/src/resample.c(943): warning C4018: '<': signed/unsigned mismatch
11:03.92 d:/a/K-Meleon-R/K-Meleon-R/goanna/media/libspeex_resampler/src/resample.c(996): warning C4018: '<': signed/unsigned mismatch
11:03.92 d:/a/K-Meleon-R/K-Meleon-R/goanna/media/libspeex_resampler/src/resample.c(1003): warning C4018: '<': signed/unsigned mismatch
11:03.92 d:/a/K-Meleon-R/K-Meleon-R/goanna/media/libspeex_resampler/src/resample.c(1013): warning C4018: '<': signed/unsigned mismatch
11:03.92 simd_detect.obj
11:03.92 NLSF_VQ_weights_laroia.c
11:03.92 NLSF_del_dec_quant.obj
11:03.92 onyxd_if.c
11:03.92 d:\a\K-Meleon-R\K-Meleon-R\goanna\media\libvpx\vpx_config_x86_64-win64-vs12.h(34): warning C4005: 'HAVE_STDINT_H': macro redefinition
11:03.92 d:\a\K-Meleon-R\K-Meleon-R\goanna\obj-x64\media\libvpx\../../dist/include/mozilla-config.h(36): note: see previous definition of 'HAVE_STDINT_H'
11:03.92 bitstream.obj
11:03.92 resample_sse.c
11:03.92 d:/a/K-Meleon-R/K-Meleon-R/goanna/media/libspeex_resampler/src/resample_sse.c(47): warning C4018: '<': signed/unsigned mismatch
11:03.92 d:/a/K-Meleon-R/K-Meleon-R/goanna/media/libspeex_resampler/src/resample_sse.c(64): warning C4018: '<': signed/unsigned mismatch
11:03.92 d:/a/K-Meleon-R/K-Meleon-R/goanna/media/libspeex_resampler/src/resample_sse.c(86): warning C4018: '<': signed/unsigned mismatch
11:03.92 d:/a/K-Meleon-R/K-Meleon-R/goanna/media/libspeex_resampler/src/resample_sse.c(112): warning C4018: '<': signed/unsigned mismatch
11:03.92 NLSF_decode.c
11:03.92 NLSF_encode.obj
11:03.92 NLSF_del_dec_quant.c
11:03.92 NLSF_stabilize.obj
11:03.92 simd_detect.cpp
11:03.92 speex.lib.desc
11:03.92 threading.c
11:03.92 d:\a\K-Meleon-R\K-Meleon-R\goanna\media\libvpx\vpx_config_x86_64-win64-vs12.h(34): warning C4005: 'HAVE_STDINT_H': macro redefinition
11:03.92 d:\a\K-Meleon-R\K-Meleon-R\goanna\obj-x64\media\libvpx\../../dist/include/mozilla-config.h(36): note: see previous definition of 'HAVE_STDINT_H'
11:03.92 boolhuff.obj
11:03.92 NLSF_unpack.obj
11:03.92 NLSF_encode.c
11:03.92 sse_optimized.obj
11:03.92 Unified_cpp_libsoundtouch_src0.obj
11:03.92 NLSF_stabilize.c
11:03.92 NSQ.obj
11:03.92 bitstream.c
11:03.92 d:\a\K-Meleon-R\K-Meleon-R\goanna\media\libvpx\vpx_config_x86_64-win64-vs12.h(34): warning C4005: 'HAVE_STDINT_H': macro redefinition
11:03.92 d:\a\K-Meleon-R\K-Meleon-R\goanna\obj-x64\media\libvpx\../../dist/include/mozilla-config.h(36): note: see previous definition of 'HAVE_STDINT_H'
11:03.92 dct.obj
11:03.92 NLSF_unpack.c
11:03.92 NSQ_del_dec.obj
11:03.92 sse_optimized.cpp
11:03.92 boolhuff.c
11:03.92 d:\a\K-Meleon-R\K-Meleon-R\goanna\media\libvpx\vpx_config_x86_64-win64-vs12.h(34): warning C4005: 'HAVE_STDINT_H': macro redefinition
11:03.92 d:\a\K-Meleon-R\K-Meleon-R\goanna\obj-x64\media\libvpx\../../dist/include/mozilla-config.h(36): note: see previous definition of 'HAVE_STDINT_H'
11:03.92 denoising.obj
11:03.92 dct.c
11:03.92 encodeframe.obj
11:03.92 NSQ.c
11:03.92 PLC.obj
11:03.92 Unified_cpp_libsoundtouch_src0.cpp
11:03.92 d:\a\K-Meleon-R\K-Meleon-R\goanna\media\libsoundtouch\src\InterpolateShannon.cpp(75): warning C4005: 'PI': macro redefinition
11:03.92 d:\a\K-Meleon-R\K-Meleon-R\goanna\media\libsoundtouch\src\AAFilter.cpp(52): note: see previous definition of 'PI'
11:03.92 d:\a\K-Meleon-R\K-Meleon-R\goanna\media\libsoundtouch\src\SoundTouch.h(145): warning C4275: non dll-interface class 'soundtouch::FIFOProcessor' used as base for dll-interface class 'soundtouch::SoundTouch'
11:03.92 d:\a\K-Meleon-R\K-Meleon-R\goanna\media\libsoundtouch\src\FIFOSamplePipe.h(134): note: see declaration of 'soundtouch::FIFOProcessor'
11:03.92 d:\a\K-Meleon-R\K-Meleon-R\goanna\media\libsoundtouch\src\SoundTouch.h(144): note: see declaration of 'soundtouch::SoundTouch'
11:03.92 media_libsoundtouch_src.lib.desc
11:03.92 encodeintra.obj
11:03.92 denoising.c
11:03.92 d:\a\K-Meleon-R\K-Meleon-R\goanna\media\libvpx\vpx_config_x86_64-win64-vs12.h(34): warning C4005: 'HAVE_STDINT_H': macro redefinition
11:03.92 d:\a\K-Meleon-R\K-Meleon-R\goanna\obj-x64\media\libvpx\../../dist/include/mozilla-config.h(36): note: see previous definition of 'HAVE_STDINT_H'
11:03.92 VAD.obj
11:03.92 NSQ_del_dec.c
11:03.92 xmlparse.obj
11:03.92 xmlrole.obj
11:03.92 PLC.c
11:03.92 VQ_WMat_EC.obj
11:03.92 encodeframe.c
11:03.92 d:\a\K-Meleon-R\K-Meleon-R\goanna\media\libvpx\vpx_config_x86_64-win64-vs12.h(34): warning C4005: 'HAVE_STDINT_H': macro redefinition
11:03.92 d:\a\K-Meleon-R\K-Meleon-R\goanna\obj-x64\media\libvpx\../../dist/include/mozilla-config.h(36): note: see previous definition of 'HAVE_STDINT_H'
11:03.92 encodemb.obj
11:03.92 VAD.c
11:03.92 ana_filt_bank_1.obj
11:03.92 xmlparse.c
11:03.92 xmltok.obj
11:03.92 encodeintra.c
11:03.92 d:\a\K-Meleon-R\K-Meleon-R\goanna\media\libvpx\vpx_config_x86_64-win64-vs12.h(34): warning C4005: 'HAVE_STDINT_H': macro redefinition
11:03.92 d:\a\K-Meleon-R\K-Meleon-R\goanna\obj-x64\media\libvpx\../../dist/include/mozilla-config.h(36): note: see previous definition of 'HAVE_STDINT_H'
11:03.92 encodemv.obj
11:03.92 VQ_WMat_EC.c
11:03.92 biquad_alt.obj
11:03.92 xmlrole.c
11:03.92 ana_filt_bank_1.c
11:03.92 encodemb.c
11:03.92 d:\a\K-Meleon-R\K-Meleon-R\goanna\media\libvpx\vpx_config_x86_64-win64-vs12.h(34): warning C4005: 'HAVE_STDINT_H': macro redefinition
11:03.92 d:\a\K-Meleon-R\K-Meleon-R\goanna\obj-x64\media\libvpx\../../dist/include/mozilla-config.h(36): note: see previous definition of 'HAVE_STDINT_H'
11:03.92 bwexpander.obj
11:03.92 ethreading.obj
11:03.92 xmltok.c
11:03.92 parser_expat_lib.lib.desc
11:03.92 bwexpander_32.obj
11:03.92 biquad_alt.c
11:03.92 firstpass.obj
11:03.92 bwexpander.c
11:03.92 check_control_input.obj
11:03.92 encodemv.c
11:03.92 d:\a\K-Meleon-R\K-Meleon-R\goanna\media\libvpx\vpx_config_x86_64-win64-vs12.h(34): warning C4005: 'HAVE_STDINT_H': macro redefinition
11:03.92 d:\a\K-Meleon-R\K-Meleon-R\goanna\obj-x64\media\libvpx\../../dist/include/mozilla-config.h(36): note: see previous definition of 'HAVE_STDINT_H'
11:03.92 alpha_dec.obj
11:03.92 buffer_dec.obj
11:03.92 bwexpander_32.c
11:03.92 code_signs.obj
11:03.92 ethreading.c
11:03.92 d:\a\K-Meleon-R\K-Meleon-R\goanna\media\libvpx\vpx_config_x86_64-win64-vs12.h(34): warning C4005: 'HAVE_STDINT_H': macro redefinition
11:03.92 d:\a\K-Meleon-R\K-Meleon-R\goanna\obj-x64\media\libvpx\../../dist/include/mozilla-config.h(36): note: see previous definition of 'HAVE_STDINT_H'
11:03.92 lookahead.obj
11:03.92 alpha_dec.c
11:03.92 frame_dec.obj
11:03.92 check_control_input.c
11:03.92 control_SNR.obj
11:03.92 buffer_dec.c
11:03.92 idec_dec.obj
11:03.92 firstpass.c
11:03.92 d:\a\K-Meleon-R\K-Meleon-R\goanna\media\libvpx\vpx_config_x86_64-win64-vs12.h(34): warning C4005: 'HAVE_STDINT_H': macro redefinition
11:03.92 d:\a\K-Meleon-R\K-Meleon-R\goanna\obj-x64\media\libvpx\../../dist/include/mozilla-config.h(36): note: see previous definition of 'HAVE_STDINT_H'
11:03.92 mcomp.obj
11:03.92 code_signs.c
11:03.92 control_audio_bandwidth.obj
11:03.92 lookahead.c
11:03.92 d:\a\K-Meleon-R\K-Meleon-R\goanna\media\libvpx\vpx_config_x86_64-win64-vs12.h(34): warning C4005: 'HAVE_STDINT_H': macro redefinition
11:03.92 d:\a\K-Meleon-R\K-Meleon-R\goanna\obj-x64\media\libvpx\../../dist/include/mozilla-config.h(36): note: see previous definition of 'HAVE_STDINT_H'
11:03.92 modecosts.obj
11:03.92 control_SNR.c
11:03.92 control_codec.obj
11:03.92 frame_dec.c
11:03.92 io_dec.obj
11:03.92 control_audio_bandwidth.c
11:03.92 debug.obj
11:03.92 idec_dec.c
11:03.92 mcomp.c
11:03.92 d:\a\K-Meleon-R\K-Meleon-R\goanna\media\libvpx\vpx_config_x86_64-win64-vs12.h(34): warning C4005: 'HAVE_STDINT_H': macro redefinition
11:03.92 d:\a\K-Meleon-R\K-Meleon-R\goanna\obj-x64\media\libvpx\../../dist/include/mozilla-config.h(36): note: see previous definition of 'HAVE_STDINT_H'
11:03.92 mr_dissim.obj
11:03.92 quant_dec.obj
11:03.92 control_codec.c
11:03.92 dec_API.obj
11:03.92 io_dec.c
11:03.92 tree_dec.obj
11:03.92 modecosts.c
11:03.92 d:\a\K-Meleon-R\K-Meleon-R\goanna\media\libvpx\vpx_config_x86_64-win64-vs12.h(34): warning C4005: 'HAVE_STDINT_H': macro redefinition
11:03.92 d:\a\K-Meleon-R\K-Meleon-R\goanna\obj-x64\media\libvpx\../../dist/include/mozilla-config.h(36): note: see previous definition of 'HAVE_STDINT_H'
11:03.92 onyx_if.obj
11:03.92 quant_dec.c
11:03.92 vp8_dec.obj
11:03.92 debug.c
11:03.92 decode_core.obj
11:03.92 mr_dissim.c
11:03.92 d:\a\K-Meleon-R\K-Meleon-R\goanna\media\libvpx\vpx_config_x86_64-win64-vs12.h(34): warning C4005: 'HAVE_STDINT_H': macro redefinition
11:03.92 d:\a\K-Meleon-R\K-Meleon-R\goanna\obj-x64\media\libvpx\../../dist/include/mozilla-config.h(36): note: see previous definition of 'HAVE_STDINT_H'
11:03.92 pickinter.obj
11:03.92 tree_dec.c
11:03.92 vp8l_dec.obj
11:03.92 dec_API.c
11:03.92 decode_frame.obj
11:03.92 vp8_dec.c
11:03.92 webp_dec.obj
11:03.92 decode_core.c
11:03.92 decode_indices.obj
11:03.92 onyx_if.c
11:03.92 d:\a\K-Meleon-R\K-Meleon-R\goanna\media\libvpx\vpx_config_x86_64-win64-vs12.h(34): warning C4005: 'HAVE_STDINT_H': macro redefinition
11:03.92 d:\a\K-Meleon-R\K-Meleon-R\goanna\obj-x64\media\libvpx\../../dist/include/mozilla-config.h(36): note: see previous definition of 'HAVE_STDINT_H'
11:03.92 picklpf.obj
11:03.92 vp8l_dec.c
11:03.92 demux.obj
11:03.92 decode_frame.c
11:03.92 decode_parameters.obj
11:03.92 webp_dec.c
11:03.92 alpha_processing.obj
11:03.94 decode_indices.c
11:03.94 decode_pitch.obj
11:03.94 pickinter.c
11:03.94 d:\a\K-Meleon-R\K-Meleon-R\goanna\media\libvpx\vpx_config_x86_64-win64-vs12.h(34): warning C4005: 'HAVE_STDINT_H': macro redefinition
11:03.94 d:\a\K-Meleon-R\K-Meleon-R\goanna\obj-x64\media\libvpx\../../dist/include/mozilla-config.h(36): note: see previous definition of 'HAVE_STDINT_H'
11:03.94 quantize.obj
11:03.94 demux.c
11:03.94 alpha_processing_sse2.obj
11:03.94 decode_parameters.c
11:03.94 decode_pulses.obj
11:03.94 alpha_processing.c
11:03.94 alpha_processing_sse41.obj
11:03.94 picklpf.c
11:03.94 d:\a\K-Meleon-R\K-Meleon-R\goanna\media\libvpx\vpx_config_x86_64-win64-vs12.h(34): warning C4005: 'HAVE_STDINT_H': macro redefinition
11:13.08 d:\a\K-Meleon-R\K-Meleon-R\goanna\obj-x64\media\libvpx\../../dist/include/mozilla-config.h(36): note: see previous definition of 'HAVE_STDINT_H'
11:13.08 ratectrl.obj
11:13.08 decode_pitch.c
11:13.08 decoder_set_fs.obj
11:13.08 alpha_processing_sse2.c
11:13.08 dec.obj
11:13.08 decode_pulses.c
11:13.08 enc_API.obj
11:13.08 alpha_processing_sse41.c
11:13.08 quantize.c
11:13.08 d:\a\K-Meleon-R\K-Meleon-R\goanna\media\libvpx\vpx_config_x86_64-win64-vs12.h(34): warning C4005: 'HAVE_STDINT_H': macro redefinition
11:13.08 d:\a\K-Meleon-R\K-Meleon-R\goanna\obj-x64\media\libvpx\../../dist/include/mozilla-config.h(36): note: see previous definition of 'HAVE_STDINT_H'
11:13.08 rdopt.obj
11:13.08 dec_clip_tables.obj
11:13.08 decoder_set_fs.c
11:13.08 encode_indices.obj
11:13.08 dec.c
11:13.08 dec_sse2.obj
11:13.08 ratectrl.c
11:13.08 d:\a\K-Meleon-R\K-Meleon-R\goanna\media\libvpx\vpx_config_x86_64-win64-vs12.h(34): warning C4005: 'HAVE_STDINT_H': macro redefinition
11:13.08 d:\a\K-Meleon-R\K-Meleon-R\goanna\obj-x64\media\libvpx\../../dist/include/mozilla-config.h(36): note: see previous definition of 'HAVE_STDINT_H'
11:13.08 segmentation.obj
11:13.08 dec_clip_tables.c
11:13.08 dec_sse41.obj
11:13.08 enc_API.c
11:13.08 encode_pulses.obj
11:13.08 dec_sse2.c
11:13.08 filters.obj
11:13.08 encode_indices.c
11:13.08 rdopt.c
11:13.08 d:\a\K-Meleon-R\K-Meleon-R\goanna\media\libvpx\vpx_config_x86_64-win64-vs12.h(34): warning C4005: 'HAVE_STDINT_H': macro redefinition
11:13.08 d:\a\K-Meleon-R\K-Meleon-R\goanna\obj-x64\media\libvpx\../../dist/include/mozilla-config.h(36): note: see previous definition of 'HAVE_STDINT_H'
11:13.08 LPC_analysis_filter_FLP.obj
11:13.08 temporal_filter.obj
11:13.08 dec_sse41.c
11:13.08 filters_sse2.obj
11:13.08 encode_pulses.c
11:13.08 LPC_inv_pred_gain_FLP.obj
11:13.08 filters.c
11:13.08 lossless.obj
11:13.08 segmentation.c
11:13.08 d:\a\K-Meleon-R\K-Meleon-R\goanna\media\libvpx\vpx_config_x86_64-win64-vs12.h(34): warning C4005: 'HAVE_STDINT_H': macro redefinition
11:13.08 d:\a\K-Meleon-R\K-Meleon-R\goanna\obj-x64\media\libvpx\../../dist/include/mozilla-config.h(36): note: see previous definition of 'HAVE_STDINT_H'
11:13.08 tokenize.obj
11:13.08 LPC_analysis_filter_FLP.c
11:13.08 LTP_analysis_filter_FLP.obj
11:13.08 filters_sse2.c
11:13.08 lossless_sse2.obj
11:13.08 temporal_filter.c
11:13.08 d:\a\K-Meleon-R\K-Meleon-R\goanna\media\libvpx\vpx_config_x86_64-win64-vs12.h(34): warning C4005: 'HAVE_STDINT_H': macro redefinition
11:13.08 d:\a\K-Meleon-R\K-Meleon-R\goanna\obj-x64\media\libvpx\../../dist/include/mozilla-config.h(36): note: see previous definition of 'HAVE_STDINT_H'
11:13.08 treewriter.obj
11:13.08 LPC_inv_pred_gain_FLP.c
11:13.08 LTP_scale_ctrl_FLP.obj
11:13.08 lossless.c
11:13.08 rescaler.obj
11:13.08 LTP_analysis_filter_FLP.c
11:13.08 lossless_sse2.c
11:13.08 apply_sine_window_FLP.obj
11:13.08 rescaler_sse2.obj
11:13.08 tokenize.c
11:13.08 d:\a\K-Meleon-R\K-Meleon-R\goanna\media\libvpx\vpx_config_x86_64-win64-vs12.h(34): warning C4005: 'HAVE_STDINT_H': macro redefinition
11:13.08 d:\a\K-Meleon-R\K-Meleon-R\goanna\obj-x64\media\libvpx\../../dist/include/mozilla-config.h(36): note: see previous definition of 'HAVE_STDINT_H'
11:13.08 denoising_sse2.obj
11:13.08 rescaler.c
11:13.08 upsampling.obj
11:13.08 LTP_scale_ctrl_FLP.c
11:13.08 autocorrelation_FLP.obj
11:13.08 treewriter.c
11:13.08 d:\a\K-Meleon-R\K-Meleon-R\goanna\media\libvpx\vpx_config_x86_64-win64-vs12.h(34): warning C4005: 'HAVE_STDINT_H': macro redefinition
11:13.08 d:\a\K-Meleon-R\K-Meleon-R\goanna\obj-x64\media\libvpx\../../dist/include/mozilla-config.h(36): note: see previous definition of 'HAVE_STDINT_H'
11:13.08 quantize_sse2.obj
11:13.08 rescaler_sse2.c
11:13.08 upsampling_sse2.obj
11:13.08 apply_sine_window_FLP.c
11:13.08 burg_modified_FLP.obj
11:13.08 denoising_sse2.c
11:13.08 d:\a\K-Meleon-R\K-Meleon-R\goanna\media\libvpx\vpx_config_x86_64-win64-vs12.h(34): warning C4005: 'HAVE_STDINT_H': macro redefinition
11:13.08 d:\a\K-Meleon-R\K-Meleon-R\goanna\obj-x64\media\libvpx\../../dist/include/mozilla-config.h(36): note: see previous definition of 'HAVE_STDINT_H'
11:13.08 quantize_sse4.obj
11:13.08 upsampling.c
11:13.08 upsampling_sse41.obj
11:13.08 autocorrelation_FLP.c
11:13.08 bwexpander_FLP.obj
11:13.08 quantize_sse2.c
11:13.08 d:\a\K-Meleon-R\K-Meleon-R\goanna\media\libvpx\vpx_config_x86_64-win64-vs12.h(34): warning C4005: 'HAVE_STDINT_H': macro redefinition
11:13.08 d:\a\K-Meleon-R\K-Meleon-R\goanna\obj-x64\media\libvpx\../../dist/include/mozilla-config.h(36): note: see previous definition of 'HAVE_STDINT_H'
11:13.08 quantize_ssse3.obj
11:13.08 upsampling_sse2.c
11:13.08 yuv.obj
11:13.08 burg_modified_FLP.c
11:13.08 corrMatrix_FLP.obj
11:13.08 quantize_sse4.c
11:13.08 d:\a\K-Meleon-R\K-Meleon-R\goanna\media\libvpx\vpx_config_x86_64-win64-vs12.h(34): warning C4005: 'HAVE_STDINT_H': macro redefinition
11:13.08 d:\a\K-Meleon-R\K-Meleon-R\goanna\obj-x64\media\libvpx\../../dist/include/mozilla-config.h(36): note: see previous definition of 'HAVE_STDINT_H'
11:13.08 vp8_enc_stubs_mmx.obj
11:13.08 upsampling_sse41.c
11:13.08 yuv_sse2.obj
11:13.08 bwexpander_FLP.c
11:13.08 quantize_ssse3.c
11:13.08 d:\a\K-Meleon-R\K-Meleon-R\goanna\media\libvpx\vpx_config_x86_64-win64-vs12.h(34): warning C4005: 'HAVE_STDINT_H': macro redefinition
11:13.08 d:\a\K-Meleon-R\K-Meleon-R\goanna\obj-x64\media\libvpx\../../dist/include/mozilla-config.h(36): note: see previous definition of 'HAVE_STDINT_H'
11:13.08 encode_frame_FLP.obj
11:13.08 vp8_enc_stubs_sse2.obj
11:13.08 yuv.c
11:13.08 yuv_sse41.obj
11:13.08 vp8_enc_stubs_mmx.c
11:13.08 d:\a\K-Meleon-R\K-Meleon-R\goanna\media\libvpx\vpx_config_x86_64-win64-vs12.h(34): warning C4005: 'HAVE_STDINT_H': macro redefinition
11:13.08 d:\a\K-Meleon-R\K-Meleon-R\goanna\obj-x64\media\libvpx\../../dist/include/mozilla-config.h(36): note: see previous definition of 'HAVE_STDINT_H'
11:13.08 vp8_cx_iface.obj
11:13.08 corrMatrix_FLP.c
11:13.08 energy_FLP.obj
11:13.09 yuv_sse2.c
11:13.09 bit_reader_utils.obj
11:13.09 vp8_enc_stubs_sse2.c
11:13.09 d:\a\K-Meleon-R\K-Meleon-R\goanna\media\libvpx\vpx_config_x86_64-win64-vs12.h(34): warning C4005: 'HAVE_STDINT_H': macro redefinition
11:13.09 d:\a\K-Meleon-R\K-Meleon-R\goanna\obj-x64\media\libvpx\../../dist/include/mozilla-config.h(36): note: see previous definition of 'HAVE_STDINT_H'
11:13.09 vp8_dx_iface.obj
11:13.09 yuv_sse41.c
11:13.09 color_cache_utils.obj
11:13.09 encode_frame_FLP.c
11:13.09 find_LPC_FLP.obj
11:13.09 vp8_cx_iface.c
11:13.09 d:\a\K-Meleon-R\K-Meleon-R\goanna\media\libvpx\vpx_config_x86_64-win64-vs12.h(34): warning C4005: 'HAVE_STDINT_H': macro redefinition
11:13.09 d:\a\K-Meleon-R\K-Meleon-R\goanna\obj-x64\media\libvpx\../../dist/include/mozilla-config.h(36): note: see previous definition of 'HAVE_STDINT_H'
11:13.09 bit_reader_utils.c
11:13.09 vp9_alloccommon.obj
11:13.09 filters_utils.obj
11:13.09 energy_FLP.c
11:13.09 find_LTP_FLP.obj
11:13.09 color_cache_utils.c
11:13.09 huffman_utils.obj
11:13.09 vp8_dx_iface.c
11:13.09 d:\a\K-Meleon-R\K-Meleon-R\goanna\media\libvpx\vpx_config_x86_64-win64-vs12.h(34): warning C4005: 'HAVE_STDINT_H': macro redefinition
11:13.09 d:\a\K-Meleon-R\K-Meleon-R\goanna\obj-x64\media\libvpx\../../dist/include/mozilla-config.h(36): note: see previous definition of 'HAVE_STDINT_H'
11:13.09 find_LPC_FLP.c
11:13.09 vp9_blockd.obj
11:13.09 find_pitch_lags_FLP.obj
11:13.09 filters_utils.c
11:13.09 quant_levels_dec_utils.obj
11:13.09 find_LTP_FLP.c
11:13.09 find_pred_coefs_FLP.obj
11:13.09 huffman_utils.c
11:13.09 quant_levels_utils.obj
11:13.09 vp9_alloccommon.c
11:13.09 d:\a\K-Meleon-R\K-Meleon-R\goanna\media\libvpx\vpx_config_x86_64-win64-vs12.h(34): warning C4005: 'HAVE_STDINT_H': macro redefinition
11:13.09 d:\a\K-Meleon-R\K-Meleon-R\goanna\obj-x64\media\libvpx\../../dist/include/mozilla-config.h(36): note: see previous definition of 'HAVE_STDINT_H'
11:13.09 vp9_common_data.obj
11:13.09 find_pitch_lags_FLP.c
11:13.09 inner_product_FLP.obj
11:13.09 vp9_blockd.c
11:13.09 d:\a\K-Meleon-R\K-Meleon-R\goanna\media\libvpx\vpx_config_x86_64-win64-vs12.h(34): warning C4005: 'HAVE_STDINT_H': macro redefinition
11:13.09 d:\a\K-Meleon-R\K-Meleon-R\goanna\obj-x64\media\libvpx\../../dist/include/mozilla-config.h(36): note: see previous definition of 'HAVE_STDINT_H'
11:13.09 quant_levels_dec_utils.c
11:13.09 random_utils.objvp9_convolve.obj
11:13.09 
11:13.09 find_pred_coefs_FLP.c
11:13.09 k2a_FLP.obj
11:13.09 vp9_common_data.c
11:13.09 d:\a\K-Meleon-R\K-Meleon-R\goanna\media\libvpx\vpx_config_x86_64-win64-vs12.h(34): warning C4005: 'HAVE_STDINT_H': macro redefinition
11:13.09 d:\a\K-Meleon-R\K-Meleon-R\goanna\obj-x64\media\libvpx\../../dist/include/mozilla-config.h(36): note: see previous definition of 'HAVE_STDINT_H'
11:13.09 vp9_debugmodes.obj
11:13.09 quant_levels_utils.c
11:13.09 rescaler_utils.obj
11:13.09 inner_product_FLP.c
11:13.09 levinsondurbin_FLP.obj
11:13.09 random_utils.c
11:13.09 thread_utils.obj
11:13.09 vp9_convolve.c
11:13.09 d:\a\K-Meleon-R\K-Meleon-R\goanna\media\libvpx\vpx_config_x86_64-win64-vs12.h(34): warning C4005: 'HAVE_STDINT_H': macro redefinition
11:13.09 d:\a\K-Meleon-R\K-Meleon-R\goanna\obj-x64\media\libvpx\../../dist/include/mozilla-config.h(36): note: see previous definition of 'HAVE_STDINT_H'
11:13.09 vp9_entropy.obj
11:13.09 k2a_FLP.c
11:13.09 noise_shape_analysis_FLP.obj
11:13.09 rescaler_utils.c
11:13.09 utils.obj
11:13.09 vp9_debugmodes.c
11:13.09 d:\a\K-Meleon-R\K-Meleon-R\goanna\media\libvpx\vpx_config_x86_64-win64-vs12.h(34): warning C4005: 'HAVE_STDINT_H': macro redefinition
11:13.09 d:\a\K-Meleon-R\K-Meleon-R\goanna\obj-x64\media\libvpx\../../dist/include/mozilla-config.h(36): note: see previous definition of 'HAVE_STDINT_H'
11:13.09 vp9_entropymode.obj
11:13.09 levinsondurbin_FLP.c
11:13.09 pitch_analysis_core_FLP.obj
11:13.09 thread_utils.c
11:13.09 cpu.obj
11:13.09 noise_shape_analysis_FLP.c
11:13.09 vp9_entropy.c
11:13.09 d:\a\K-Meleon-R\K-Meleon-R\goanna\media\libvpx\vpx_config_x86_64-win64-vs12.h(34): warning C4005: 'HAVE_STDINT_H': macro redefinition
11:13.09 d:\a\K-Meleon-R\K-Meleon-R\goanna\obj-x64\media\libvpx\../../dist/include/mozilla-config.h(36): note: see previous definition of 'HAVE_STDINT_H'
11:13.09 prefilter_FLP.obj
11:13.09 vp9_entropymv.obj
11:13.09 utils.c
11:13.09 generating out/tmp/res_index.txt (list of installed locales)
11:13.09 pitch_analysis_core_FLP.c
11:13.09 process_gains_FLP.obj
11:13.09 vp9_entropymode.c
11:13.09 d:\a\K-Meleon-R\K-Meleon-R\goanna\media\libvpx\vpx_config_x86_64-win64-vs12.h(34): warning C4005: 'HAVE_STDINT_H': macro redefinition
11:13.09 d:\a\K-Meleon-R\K-Meleon-R\goanna\obj-x64\media\libvpx\../../dist/include/mozilla-config.h(36): note: see previous definition of 'HAVE_STDINT_H'
11:13.09 vp9_filter.obj
11:13.09 cpu.cpp
11:13.09 mozwebp.lib.desc
11:13.09 regularize_correlations_FLP.obj
11:13.09 prefilter_FLP.c
11:13.09 vp9_frame_buffers.obj
11:13.09 process_gains_FLP.c
11:13.09 vp9_entropymv.c
11:13.09 d:\a\K-Meleon-R\K-Meleon-R\goanna\media\libvpx\vpx_config_x86_64-win64-vs12.h(34): warning C4005: 'HAVE_STDINT_H': macro redefinition
11:13.09 d:\a\K-Meleon-R\K-Meleon-R\goanna\obj-x64\media\libvpx\../../dist/include/mozilla-config.h(36): note: see previous definition of 'HAVE_STDINT_H'
11:13.09 residual_energy_FLP.obj
11:13.09 Unified_c_media_libnestegg_src0.obj
11:13.09 vp9_filter.c
11:13.09 d:\a\K-Meleon-R\K-Meleon-R\goanna\media\libvpx\vpx_config_x86_64-win64-vs12.h(34): warning C4005: 'HAVE_STDINT_H': macro redefinition
11:13.09 d:\a\K-Meleon-R\K-Meleon-R\goanna\obj-x64\media\libvpx\../../dist/include/mozilla-config.h(36): note: see previous definition of 'HAVE_STDINT_H'
11:13.09 vp9_idct.obj
11:13.09 regularize_correlations_FLP.c
11:13.09 scale_copy_vector_FLP.obj
11:13.09 Unified_c_media_libnestegg_src0.c
11:13.09 media_libnestegg_src.lib.desc
11:13.09 vp9_frame_buffers.c
11:13.09 d:\a\K-Meleon-R\K-Meleon-R\goanna\media\libvpx\vpx_config_x86_64-win64-vs12.h(34): warning C4005: 'HAVE_STDINT_H': macro redefinition
11:13.09 d:\a\K-Meleon-R\K-Meleon-R\goanna\obj-x64\media\libvpx\../../dist/include/mozilla-config.h(36): note: see previous definition of 'HAVE_STDINT_H'
11:13.09 vp9_loopfilter.obj
11:13.09 scale_vector_FLP.obj
11:13.09 residual_energy_FLP.c
11:24.57 vp9_loopfilter_filters.obj
11:24.57 scale_copy_vector_FLP.c
11:24.57 schur_FLP.obj
11:24.57 vp9_idct.c
11:24.57 d:\a\K-Meleon-R\K-Meleon-R\goanna\media\libvpx\vpx_config_x86_64-win64-vs12.h(34): warning C4005: 'HAVE_STDINT_H': macro redefinition
11:24.57 d:\a\K-Meleon-R\K-Meleon-R\goanna\obj-x64\media\libvpx\../../dist/include/mozilla-config.h(36): note: see previous definition of 'HAVE_STDINT_H'
11:24.57 pixman-access-accessors.obj
11:24.57 pixman-access.obj
11:24.57 scale_vector_FLP.c
11:24.57 solve_LS_FLP.obj
11:24.57 vp9_loopfilter.c
11:24.57 d:\a\K-Meleon-R\K-Meleon-R\goanna\media\libvpx\vpx_config_x86_64-win64-vs12.h(34): warning C4005: 'HAVE_STDINT_H': macro redefinition
11:24.57 d:\a\K-Meleon-R\K-Meleon-R\goanna\obj-x64\media\libvpx\../../dist/include/mozilla-config.h(36): note: see previous definition of 'HAVE_STDINT_H'
11:24.57 vp9_mvref_common.obj
11:24.57 pixman-access-accessors.c
11:24.57 pixman-arm.obj
11:24.57 schur_FLP.c
11:24.57 sort_FLP.obj
11:24.57 vp9_loopfilter_filters.c
11:24.57 d:\a\K-Meleon-R\K-Meleon-R\goanna\media\libvpx\vpx_config_x86_64-win64-vs12.h(34): warning C4005: 'HAVE_STDINT_H': macro redefinition
11:24.57 d:\a\K-Meleon-R\K-Meleon-R\goanna\obj-x64\media\libvpx\../../dist/include/mozilla-config.h(36): note: see previous definition of 'HAVE_STDINT_H'
11:24.57 vp9_pred_common.obj
11:24.57 pixman-access.c
11:24.57 pixman-bits-image.obj
11:24.57 solve_LS_FLP.c
11:24.57 warped_autocorrelation_FLP.obj
11:24.57 pixman-arm.c
11:24.57 vp9_mvref_common.c
11:24.57 d:\a\K-Meleon-R\K-Meleon-R\goanna\media\libvpx\vpx_config_x86_64-win64-vs12.h(34): warning C4005: 'HAVE_STDINT_H': macro redefinition
11:24.57 d:\a\K-Meleon-R\K-Meleon-R\goanna\obj-x64\media\libvpx\../../dist/include/mozilla-config.h(36): note: see previous definition of 'HAVE_STDINT_H'
11:24.57 vp9_prob.obj
11:24.57 pixman-combine-float.obj
11:24.57 sort_FLP.c
11:24.57 wrappers_FLP.obj
11:24.57 warped_autocorrelation_FLP.c
11:24.57 gain_quant.obj
11:24.57 pixman-bits-image.c
11:24.57 pixman-combine16.obj
11:24.57 vp9_pred_common.c
11:24.57 d:\a\K-Meleon-R\K-Meleon-R\goanna\media\libvpx\vpx_config_x86_64-win64-vs12.h(34): warning C4005: 'HAVE_STDINT_H': macro redefinition
11:24.57 d:\a\K-Meleon-R\K-Meleon-R\goanna\obj-x64\media\libvpx\../../dist/include/mozilla-config.h(36): note: see previous definition of 'HAVE_STDINT_H'
11:24.57 vp9_quant_common.obj
11:24.57 wrappers_FLP.c
11:24.57 init_decoder.obj
11:24.57 vp9_prob.c
11:24.57 d:\a\K-Meleon-R\K-Meleon-R\goanna\media\libvpx\vpx_config_x86_64-win64-vs12.h(34): warning C4005: 'HAVE_STDINT_H': macro redefinition
11:24.57 d:\a\K-Meleon-R\K-Meleon-R\goanna\obj-x64\media\libvpx\../../dist/include/mozilla-config.h(36): note: see previous definition of 'HAVE_STDINT_H'
11:24.57 vp9_reconinter.obj
11:24.57 pixman-combine-float.c
11:24.57 pixman-combine32.obj
11:24.57 gain_quant.c
11:24.57 init_encoder.obj
11:24.57 vp9_quant_common.c
11:24.57 d:\a\K-Meleon-R\K-Meleon-R\goanna\media\libvpx\vpx_config_x86_64-win64-vs12.h(34): warning C4005: 'HAVE_STDINT_H': macro redefinition
11:24.57 d:\a\K-Meleon-R\K-Meleon-R\goanna\obj-x64\media\libvpx\../../dist/include/mozilla-config.h(36): note: see previous definition of 'HAVE_STDINT_H'
11:24.57 vp9_reconintra.obj
11:24.57 pixman-combine16.c
11:24.57 pixman-conical-gradient.obj
11:24.57 init_decoder.c
11:24.57 inner_prod_aligned.obj
11:24.57 vp9_reconinter.c
11:24.57 d:\a\K-Meleon-R\K-Meleon-R\goanna\media\libvpx\vpx_config_x86_64-win64-vs12.h(34): warning C4005: 'HAVE_STDINT_H': macro redefinition
11:24.57 d:\a\K-Meleon-R\K-Meleon-R\goanna\obj-x64\media\libvpx\../../dist/include/mozilla-config.h(36): note: see previous definition of 'HAVE_STDINT_H'
11:24.57 vp9_rtcd.obj
11:24.57 init_encoder.c
11:24.57 interpolate.obj
11:24.57 pixman-combine32.c
11:24.57 pixman-edge-accessors.obj
11:24.57 inner_prod_aligned.c
11:24.57 lin2log.obj
11:24.57 pixman-conical-gradient.c
11:24.57 vp9_reconintra.c
11:24.57 d:\a\K-Meleon-R\K-Meleon-R\goanna\media\libvpx\vpx_config_x86_64-win64-vs12.h(34): warning C4005: 'HAVE_STDINT_H': macro redefinition
11:24.57 d:\a\K-Meleon-R\K-Meleon-R\goanna\obj-x64\media\libvpx\../../dist/include/mozilla-config.h(36): note: see previous definition of 'HAVE_STDINT_H'
11:24.57 pixman-edge.obj
11:24.57 vp9_scale.obj
11:24.57 interpolate.c
11:24.57 log2lin.obj
11:24.57 vp9_rtcd.c
11:24.57 d:\a\K-Meleon-R\K-Meleon-R\goanna\media\libvpx\vpx_config_x86_64-win64-vs12.h(34): warning C4005: 'HAVE_STDINT_H': macro redefinition
11:24.57 d:\a\K-Meleon-R\K-Meleon-R\goanna\obj-x64\media\libvpx\../../dist/include/mozilla-config.h(36): note: see previous definition of 'HAVE_STDINT_H'
11:24.57 vp9_scan.obj
11:24.57 pixman-edge-accessors.c
11:24.57 pixman-fast-path.obj
11:24.57 lin2log.c
11:24.57 pitch_est_tables.obj
11:24.57 vp9_scale.c
11:24.57 d:\a\K-Meleon-R\K-Meleon-R\goanna\media\libvpx\vpx_config_x86_64-win64-vs12.h(34): warning C4005: 'HAVE_STDINT_H': macro redefinition
11:24.57 d:\a\K-Meleon-R\K-Meleon-R\goanna\obj-x64\media\libvpx\../../dist/include/mozilla-config.h(36): note: see previous definition of 'HAVE_STDINT_H'
11:24.57 vp9_seg_common.obj
11:24.57 log2lin.c
11:24.57 process_NLSFs.obj
11:24.57 pixman-edge.c
11:24.57 pixman-filter.obj
11:24.57 vp9_scan.c
11:24.57 d:\a\K-Meleon-R\K-Meleon-R\goanna\media\libvpx\vpx_config_x86_64-win64-vs12.h(34): warning C4005: 'HAVE_STDINT_H': macro redefinition
11:24.57 d:\a\K-Meleon-R\K-Meleon-R\goanna\obj-x64\media\libvpx\../../dist/include/mozilla-config.h(36): note: see previous definition of 'HAVE_STDINT_H'
11:24.57 vp9_thread.obj
11:24.57 pitch_est_tables.c
11:24.57 quant_LTP_gains.obj
11:24.57 vp9_seg_common.c
11:24.57 d:\a\K-Meleon-R\K-Meleon-R\goanna\media\libvpx\vpx_config_x86_64-win64-vs12.h(34): warning C4005: 'HAVE_STDINT_H': macro redefinition
11:24.57 d:\a\K-Meleon-R\K-Meleon-R\goanna\obj-x64\media\libvpx\../../dist/include/mozilla-config.h(36): note: see previous definition of 'HAVE_STDINT_H'
11:24.57 vp9_thread_common.obj
11:24.57 pixman-fast-path.c
11:24.57 pixman-general.obj
11:24.57 process_NLSFs.c
11:24.57 resampler.obj
11:24.57 vp9_thread.c
11:24.57 d:\a\K-Meleon-R\K-Meleon-R\goanna\media\libvpx\vpx_config_x86_64-win64-vs12.h(34): warning C4005: 'HAVE_STDINT_H': macro redefinition
11:24.57 d:\a\K-Meleon-R\K-Meleon-R\goanna\obj-x64\media\libvpx\../../dist/include/mozilla-config.h(36): note: see previous definition of 'HAVE_STDINT_H'
11:24.57 vp9_tile_common.obj
11:24.57 quant_LTP_gains.c
11:24.57 resampler_down2.obj
11:24.57 pixman-filter.c
11:24.57 pixman-glyph.obj
11:24.57 vp9_thread_common.c
11:24.57 d:\a\K-Meleon-R\K-Meleon-R\goanna\media\libvpx\vpx_config_x86_64-win64-vs12.h(34): warning C4005: 'HAVE_STDINT_H': macro redefinition
11:24.57 d:\a\K-Meleon-R\K-Meleon-R\goanna\obj-x64\media\libvpx\../../dist/include/mozilla-config.h(36): note: see previous definition of 'HAVE_STDINT_H'
11:24.57 vp9_asm_stubs.obj
11:24.57 resampler.c
11:24.57 resampler_down2_3.obj
11:24.57 pixman-general.c
11:24.57 pixman-gradient-walker.obj
11:24.57 resampler_down2.c
11:24.57 resampler_private_AR2.obj
11:24.57 vp9_tile_common.c
11:24.57 d:\a\K-Meleon-R\K-Meleon-R\goanna\media\libvpx\vpx_config_x86_64-win64-vs12.h(34): warning C4005: 'HAVE_STDINT_H': macro redefinition
11:24.57 d:\a\K-Meleon-R\K-Meleon-R\goanna\obj-x64\media\libvpx\../../dist/include/mozilla-config.h(36): note: see previous definition of 'HAVE_STDINT_H'
11:24.57 vp9_idct_intrin_sse2.obj
11:24.57 pixman-glyph.c
11:24.57 pixman-image.obj
11:24.57 resampler_down2_3.c
11:24.57 resampler_private_IIR_FIR.obj
11:24.57 vp9_asm_stubs.c
11:24.57 d:\a\K-Meleon-R\K-Meleon-R\goanna\media\libvpx\vpx_config_x86_64-win64-vs12.h(34): warning C4005: 'HAVE_STDINT_H': macro redefinition
11:24.57 d:\a\K-Meleon-R\K-Meleon-R\goanna\obj-x64\media\libvpx\../../dist/include/mozilla-config.h(36): note: see previous definition of 'HAVE_STDINT_H'
11:24.57 vp9_loopfilter_intrin_avx2.obj
11:24.57 resampler_private_AR2.c
11:24.57 resampler_private_down_FIR.obj
11:24.57 pixman-gradient-walker.c
11:24.57 pixman-implementation.obj
11:24.57 resampler_private_IIR_FIR.c
11:24.57 resampler_private_up2_HQ.obj
11:24.57 vp9_idct_intrin_sse2.c
11:24.57 d:\a\K-Meleon-R\K-Meleon-R\goanna\media\libvpx\vpx_config_x86_64-win64-vs12.h(34): warning C4005: 'HAVE_STDINT_H': macro redefinition
11:24.57 d:\a\K-Meleon-R\K-Meleon-R\goanna\obj-x64\media\libvpx\../../dist/include/mozilla-config.h(36): note: see previous definition of 'HAVE_STDINT_H'
11:24.57 vp9_loopfilter_intrin_sse2.obj
11:24.57 pixman-image.c
11:24.57 pixman-linear-gradient.obj
11:24.57 vp9_loopfilter_intrin_avx2.c
11:24.57 d:\a\K-Meleon-R\K-Meleon-R\goanna\media\libvpx\vpx_config_x86_64-win64-vs12.h(34): warning C4005: 'HAVE_STDINT_H': macro redefinition
11:24.57 d:\a\K-Meleon-R\K-Meleon-R\goanna\obj-x64\media\libvpx\../../dist/include/mozilla-config.h(36): note: see previous definition of 'HAVE_STDINT_H'
11:24.57 vp9_subpixel_8t_intrin_avx2.obj
11:24.57 resampler_private_down_FIR.c
11:24.57 resampler_rom.obj
11:24.57 pixman-implementation.c
11:24.57 d:/a/K-Meleon-R/K-Meleon-R/goanna/gfx/cairo/libpixman/src/pixman-implementation.c(215): warning C4047: '=': 'pixman_combine_32_func_t' differs in levels of indirection from 'pixman_combine_32_func_t *'
11:24.57 pixman-matrix.obj
11:24.57 resampler_private_up2_HQ.c
11:24.57 shell_coder.obj
11:24.57 vp9_loopfilter_intrin_sse2.c
11:24.57 d:\a\K-Meleon-R\K-Meleon-R\goanna\media\libvpx\vpx_config_x86_64-win64-vs12.h(34): warning C4005: 'HAVE_STDINT_H': macro redefinition
11:24.57 d:\a\K-Meleon-R\K-Meleon-R\goanna\obj-x64\media\libvpx\../../dist/include/mozilla-config.h(36): note: see previous definition of 'HAVE_STDINT_H'
11:24.57 vp9_subpixel_8t_intrin_ssse3.obj
11:24.57 pixman-linear-gradient.c
11:24.57 pixman-mips.obj
11:24.57 resampler_rom.c
11:24.57 sigm_Q15.obj
11:24.57 vp9_subpixel_8t_intrin_avx2.c
11:24.57 d:\a\K-Meleon-R\K-Meleon-R\goanna\media\libvpx\vpx_config_x86_64-win64-vs12.h(34): warning C4005: 'HAVE_STDINT_H': macro redefinition
11:24.57 d:\a\K-Meleon-R\K-Meleon-R\goanna\obj-x64\media\libvpx\../../dist/include/mozilla-config.h(36): note: see previous definition of 'HAVE_STDINT_H'
11:24.57 vp9_decodeframe.obj
11:24.57 pixman-matrix.c
11:24.57 d:/a/K-Meleon-R/K-Meleon-R/goanna/gfx/cairo/libpixman/src/pixman-matrix.c(120): warning C4146: unary minus operator applied to unsigned type, result still unsigned
11:24.57 d:/a/K-Meleon-R/K-Meleon-R/goanna/gfx/cairo/libpixman/src/pixman-matrix.c(128): warning C4146: unary minus operator applied to unsigned type, result still unsigned
11:24.57 d:/a/K-Meleon-R/K-Meleon-R/goanna/gfx/cairo/libpixman/src/pixman-matrix.c(129): warning C4146: unary minus operator applied to unsigned type, result still unsigned
11:24.57 pixman-noop.obj
11:24.57 shell_coder.c
11:24.57 vp9_subpixel_8t_intrin_ssse3.c
11:24.57 d:\a\K-Meleon-R\K-Meleon-R\goanna\media\libvpx\vpx_config_x86_64-win64-vs12.h(34): warning C4005: 'HAVE_STDINT_H': macro redefinition
11:24.57 d:\a\K-Meleon-R\K-Meleon-R\goanna\obj-x64\media\libvpx\../../dist/include/mozilla-config.h(36): note: see previous definition of 'HAVE_STDINT_H'
11:24.57 vp9_decodemv.obj
11:24.57 sort.obj
11:24.57 sigm_Q15.c
11:24.57 stereo_LR_to_MS.obj
11:24.57 pixman-mips.c
11:24.57 pixman-ppc.obj
11:24.57 vp9_decodeframe.c
11:24.57 d:\a\K-Meleon-R\K-Meleon-R\goanna\media\libvpx\vpx_config_x86_64-win64-vs12.h(34): warning C4005: 'HAVE_STDINT_H': macro redefinition
11:24.57 d:\a\K-Meleon-R\K-Meleon-R\goanna\obj-x64\media\libvpx\../../dist/include/mozilla-config.h(36): note: see previous definition of 'HAVE_STDINT_H'
11:24.57 vp9_decoder.obj
11:24.57 sort.c
11:24.57 stereo_MS_to_LR.obj
11:24.57 pixman-noop.c
11:24.57 pixman-radial-gradient.obj
11:24.57 stereo_LR_to_MS.c
11:24.57 vp9_decodemv.c
11:24.57 d:\a\K-Meleon-R\K-Meleon-R\goanna\media\libvpx\vpx_config_x86_64-win64-vs12.h(34): warning C4005: 'HAVE_STDINT_H': macro redefinition
11:24.57 d:\a\K-Meleon-R\K-Meleon-R\goanna\obj-x64\media\libvpx\../../dist/include/mozilla-config.h(36): note: see previous definition of 'HAVE_STDINT_H'
11:24.57 stereo_decode_pred.obj
11:37.85 vp9_detokenize.obj
11:37.85 pixman-ppc.c
11:37.85 pixman-region16.obj
11:37.85 stereo_MS_to_LR.c
11:37.85 stereo_encode_pred.obj
11:37.85 vp9_decoder.c
11:37.85 d:\a\K-Meleon-R\K-Meleon-R\goanna\media\libvpx\vpx_config_x86_64-win64-vs12.h(34): warning C4005: 'HAVE_STDINT_H': macro redefinition
11:37.85 d:\a\K-Meleon-R\K-Meleon-R\goanna\obj-x64\media\libvpx\../../dist/include/mozilla-config.h(36): note: see previous definition of 'HAVE_STDINT_H'
11:37.85 vp9_dsubexp.obj
11:37.85 pixman-radial-gradient.c
11:37.85 d:/a/K-Meleon-R/K-Meleon-R/goanna/gfx/cairo/libpixman/src/pixman-radial-gradient.c(493): warning C4133: 'initializing': incompatible types - from 'uint32_t *' to 'uint16_t *'
11:37.85 pixman-region32.obj
11:37.85 stereo_decode_pred.c
11:37.85 stereo_find_predictor.obj
11:37.85 stereo_encode_pred.c
11:37.85 stereo_quant_pred.obj
11:37.85 vp9_detokenize.c
11:37.85 d:\a\K-Meleon-R\K-Meleon-R\goanna\media\libvpx\vpx_config_x86_64-win64-vs12.h(34): warning C4005: 'HAVE_STDINT_H': macro redefinition
11:37.85 d:\a\K-Meleon-R\K-Meleon-R\goanna\obj-x64\media\libvpx\../../dist/include/mozilla-config.h(36): note: see previous definition of 'HAVE_STDINT_H'
11:37.85 vp9_dthread.obj
11:37.85 pixman-region16.c
11:37.85 pixman-solid-fill.obj
11:37.85 stereo_find_predictor.c
11:37.85 sum_sqr_shift.obj
11:37.85 vp9_dsubexp.c
11:37.85 d:\a\K-Meleon-R\K-Meleon-R\goanna\media\libvpx\vpx_config_x86_64-win64-vs12.h(34): warning C4005: 'HAVE_STDINT_H': macro redefinition
11:37.85 d:\a\K-Meleon-R\K-Meleon-R\goanna\obj-x64\media\libvpx\../../dist/include/mozilla-config.h(36): note: see previous definition of 'HAVE_STDINT_H'
11:37.85 vp9_read_bit_buffer.obj
11:37.85 pixman-region32.c
11:37.85 pixman-sse2.obj
11:37.85 stereo_quant_pred.c
11:37.85 table_LSF_cos.obj
11:37.85 vp9_dthread.c
11:37.85 d:\a\K-Meleon-R\K-Meleon-R\goanna\media\libvpx\vpx_config_x86_64-win64-vs12.h(34): warning C4005: 'HAVE_STDINT_H': macro redefinition
11:37.85 d:\a\K-Meleon-R\K-Meleon-R\goanna\obj-x64\media\libvpx\../../dist/include/mozilla-config.h(36): note: see previous definition of 'HAVE_STDINT_H'
11:37.85 vp9_reader.obj
11:37.85 pixman-solid-fill.c
11:37.86 pixman-trap.obj
11:37.86 sum_sqr_shift.c
11:37.86 tables_LTP.obj
11:37.86 vp9_read_bit_buffer.c
11:37.86 vp9_aq_complexity.obj
11:37.86 table_LSF_cos.c
11:37.86 tables_NLSF_CB_NB_MB.obj
11:37.86 pixman-sse2.c
11:37.86 pixman-utils.obj
11:37.86 vp9_reader.c
11:37.86 d:\a\K-Meleon-R\K-Meleon-R\goanna\media\libvpx\vpx_config_x86_64-win64-vs12.h(34): warning C4005: 'HAVE_STDINT_H': macro redefinition
11:37.86 d:\a\K-Meleon-R\K-Meleon-R\goanna\obj-x64\media\libvpx\../../dist/include/mozilla-config.h(36): note: see previous definition of 'HAVE_STDINT_H'
11:37.86 vp9_aq_cyclicrefresh.obj
11:37.86 tables_LTP.c
11:37.86 tables_NLSF_CB_WB.obj
11:37.86 pixman-trap.c
11:37.86 pixman-x86.obj
11:37.86 vp9_aq_complexity.c
11:37.86 d:\a\K-Meleon-R\K-Meleon-R\goanna\media\libvpx\vpx_config_x86_64-win64-vs12.h(34): warning C4005: 'HAVE_STDINT_H': macro redefinition
11:37.86 d:\a\K-Meleon-R\K-Meleon-R\goanna\obj-x64\media\libvpx\../../dist/include/mozilla-config.h(36): note: see previous definition of 'HAVE_STDINT_H'
11:37.86 vp9_aq_variance.obj
11:37.86 tables_NLSF_CB_NB_MB.c
11:37.86 tables_gain.obj
11:37.86 pixman-utils.c
11:37.86 pixman.obj
11:37.86 vp9_aq_cyclicrefresh.c
11:37.86 d:\a\K-Meleon-R\K-Meleon-R\goanna\media\libvpx\vpx_config_x86_64-win64-vs12.h(34): warning C4005: 'HAVE_STDINT_H': macro redefinition
11:37.86 d:\a\K-Meleon-R\K-Meleon-R\goanna\obj-x64\media\libvpx\../../dist/include/mozilla-config.h(36): note: see previous definition of 'HAVE_STDINT_H'
11:37.86 vp9_avg.obj
11:37.86 tables_NLSF_CB_WB.c
11:37.86 tables_other.obj
11:37.86 pixman-x86.c
11:37.86 tables_gain.c
11:37.86 tables_pitch_lag.obj
11:37.86 vp9_aq_variance.c
11:37.86 d:\a\K-Meleon-R\K-Meleon-R\goanna\media\libvpx\vpx_config_x86_64-win64-vs12.h(34): warning C4005: 'HAVE_STDINT_H': macro redefinition
11:37.86 d:\a\K-Meleon-R\K-Meleon-R\goanna\obj-x64\media\libvpx\../../dist/include/mozilla-config.h(36): note: see previous definition of 'HAVE_STDINT_H'
11:37.86 vp9_bitstream.obj
11:37.86 tables_other.c
11:37.86 tables_pulses_per_block.obj
11:37.86 pixman.c
11:37.86 gfx_cairo_libpixman_src.lib.desc
11:37.86 vp9_avg.c
11:37.86 d:\a\K-Meleon-R\K-Meleon-R\goanna\media\libvpx\vpx_config_x86_64-win64-vs12.h(34): warning C4005: 'HAVE_STDINT_H': macro redefinition
11:37.86 d:\a\K-Meleon-R\K-Meleon-R\goanna\obj-x64\media\libvpx\../../dist/include/mozilla-config.h(36): note: see previous definition of 'HAVE_STDINT_H'
11:37.86 vp9_context_tree.obj
11:37.86 analysis.obj
11:37.86 tables_pitch_lag.c
11:37.86 vp9_cost.obj
11:37.86 tables_pulses_per_block.c
11:37.86 mlp.obj
11:37.86 vp9_bitstream.c
11:37.86 d:\a\K-Meleon-R\K-Meleon-R\goanna\media\libvpx\vpx_config_x86_64-win64-vs12.h(34): warning C4005: 'HAVE_STDINT_H': macro redefinition
11:37.86 d:\a\K-Meleon-R\K-Meleon-R\goanna\obj-x64\media\libvpx\../../dist/include/mozilla-config.h(36): note: see previous definition of 'HAVE_STDINT_H'
11:37.86 Unified_cpp_modules_woff20.obj
11:37.86 vp9_context_tree.c
11:37.86 d:\a\K-Meleon-R\K-Meleon-R\goanna\media\libvpx\vpx_config_x86_64-win64-vs12.h(34): warning C4005: 'HAVE_STDINT_H': macro redefinition
11:37.86 d:\a\K-Meleon-R\K-Meleon-R\goanna\obj-x64\media\libvpx\../../dist/include/mozilla-config.h(36): note: see previous definition of 'HAVE_STDINT_H'
11:37.86 vp9_dct.obj
11:37.86 analysis.c
11:37.86 mlp_data.obj
11:37.86 vp9_cost.c
11:37.86 d:\a\K-Meleon-R\K-Meleon-R\goanna\media\libvpx\vpx_config_x86_64-win64-vs12.h(34): warning C4005: 'HAVE_STDINT_H': macro redefinition
11:37.86 d:\a\K-Meleon-R\K-Meleon-R\goanna\obj-x64\media\libvpx\../../dist/include/mozilla-config.h(36): note: see previous definition of 'HAVE_STDINT_H'
11:37.86 vp9_encodeframe.obj
11:37.86 mlp.c
11:37.86 opus.obj
11:37.86 mlp_data.c
11:37.86 opus_decoder.obj
11:37.86 vp9_dct.c
11:37.86 d:\a\K-Meleon-R\K-Meleon-R\goanna\media\libvpx\vpx_config_x86_64-win64-vs12.h(34): warning C4005: 'HAVE_STDINT_H': macro redefinition
11:37.86 d:\a\K-Meleon-R\K-Meleon-R\goanna\obj-x64\media\libvpx\../../dist/include/mozilla-config.h(36): note: see previous definition of 'HAVE_STDINT_H'
11:37.86 vp9_encodemb.obj
11:37.86 opus.c
11:37.86 opus_encoder.obj
11:37.86 Unified_cpp_modules_woff20.cpp
11:37.86 woff2.lib.desc
11:37.86 vp9_encodemv.obj
11:37.86 opus_decoder.c
11:37.86 opus_multistream.obj
11:37.86 vp9_encodeframe.c
11:37.86 d:\a\K-Meleon-R\K-Meleon-R\goanna\media\libvpx\vpx_config_x86_64-win64-vs12.h(34): warning C4005: 'HAVE_STDINT_H': macro redefinition
11:37.86 d:\a\K-Meleon-R\K-Meleon-R\goanna\obj-x64\media\libvpx\../../dist/include/mozilla-config.h(36): note: see previous definition of 'HAVE_STDINT_H'
11:37.86 Unified_c_modules_brotli0.obj
11:37.86 vp9_encodemb.c
11:37.86 d:\a\K-Meleon-R\K-Meleon-R\goanna\media\libvpx\vpx_config_x86_64-win64-vs12.h(34): warning C4005: 'HAVE_STDINT_H': macro redefinition
11:37.86 d:\a\K-Meleon-R\K-Meleon-R\goanna\obj-x64\media\libvpx\../../dist/include/mozilla-config.h(36): note: see previous definition of 'HAVE_STDINT_H'
11:37.86 vp9_encoder.obj
11:37.86 opus_encoder.c
11:37.86 d:/a/K-Meleon-R/K-Meleon-R/goanna/media/libopus/src/opus_encoder.c(649): warning C4334: '<<': result of 32-bit shift implicitly converted to 64 bits (was 64-bit shift intended?)
11:37.86 d:/a/K-Meleon-R/K-Meleon-R/goanna/media/libopus/src/opus_encoder.c(721): warning C4334: '<<': result of 32-bit shift implicitly converted to 64 bits (was 64-bit shift intended?)
11:37.86 opus_multistream_decoder.obj
11:37.86 opus_multistream.c
11:37.86 opus_multistream_encoder.obj
11:37.86 vp9_encodemv.c
11:37.86 d:\a\K-Meleon-R\K-Meleon-R\goanna\media\libvpx\vpx_config_x86_64-win64-vs12.h(34): warning C4005: 'HAVE_STDINT_H': macro redefinition
11:37.86 d:\a\K-Meleon-R\K-Meleon-R\goanna\obj-x64\media\libvpx\../../dist/include/mozilla-config.h(36): note: see previous definition of 'HAVE_STDINT_H'
11:37.86 vp9_ethread.obj
11:37.86 opus_multistream_decoder.c
11:37.86 repacketizer.obj
11:37.86 Unified_c_modules_brotli0.c
11:37.86 brotli.lib.desc
11:37.86 vp9_extend.obj
11:37.86 vp9_encoder.c
11:37.86 d:\a\K-Meleon-R\K-Meleon-R\goanna\media\libvpx\vpx_config_x86_64-win64-vs12.h(34): warning C4005: 'HAVE_STDINT_H': macro redefinition
11:37.86 d:\a\K-Meleon-R\K-Meleon-R\goanna\obj-x64\media\libvpx\../../dist/include/mozilla-config.h(36): note: see previous definition of 'HAVE_STDINT_H'
11:37.86 opus_multistream_encoder.c
11:37.86 glslang_lex.obj
11:37.86 glslang_tab.obj
11:37.86 vp9_ethread.c
11:37.86 d:\a\K-Meleon-R\K-Meleon-R\goanna\media\libvpx\vpx_config_x86_64-win64-vs12.h(34): warning C4005: 'HAVE_STDINT_H': macro redefinition
11:37.86 d:\a\K-Meleon-R\K-Meleon-R\goanna\obj-x64\media\libvpx\../../dist/include/mozilla-config.h(36): note: see previous definition of 'HAVE_STDINT_H'
11:37.86 vp9_firstpass.obj
11:37.86 repacketizer.c
11:37.86 media_libopus.lib.desc
11:37.86 Unified_cpp_gfx_angle0.obj
11:37.86 vp9_extend.c
11:37.86 d:\a\K-Meleon-R\K-Meleon-R\goanna\media\libvpx\vpx_config_x86_64-win64-vs12.h(34): warning C4005: 'HAVE_STDINT_H': macro redefinition
11:37.86 d:\a\K-Meleon-R\K-Meleon-R\goanna\obj-x64\media\libvpx\../../dist/include/mozilla-config.h(36): note: see previous definition of 'HAVE_STDINT_H'
11:37.86 vp9_lookahead.obj
11:37.86 vp9_firstpass.c
11:37.86 d:\a\K-Meleon-R\K-Meleon-R\goanna\media\libvpx\vpx_config_x86_64-win64-vs12.h(34): warning C4005: 'HAVE_STDINT_H': macro redefinition
11:37.86 d:\a\K-Meleon-R\K-Meleon-R\goanna\obj-x64\media\libvpx\../../dist/include/mozilla-config.h(36): note: see previous definition of 'HAVE_STDINT_H'
11:37.86 vp9_mbgraph.obj
11:37.86 vp9_lookahead.c
11:37.86 d:\a\K-Meleon-R\K-Meleon-R\goanna\media\libvpx\vpx_config_x86_64-win64-vs12.h(34): warning C4005: 'HAVE_STDINT_H': macro redefinition
11:37.86 d:\a\K-Meleon-R\K-Meleon-R\goanna\obj-x64\media\libvpx\../../dist/include/mozilla-config.h(36): note: see previous definition of 'HAVE_STDINT_H'
11:37.86 vp9_mcomp.obj
11:37.86 vp9_mbgraph.c
11:37.86 d:\a\K-Meleon-R\K-Meleon-R\goanna\media\libvpx\vpx_config_x86_64-win64-vs12.h(34): warning C4005: 'HAVE_STDINT_H': macro redefinition
11:37.86 d:\a\K-Meleon-R\K-Meleon-R\goanna\obj-x64\media\libvpx\../../dist/include/mozilla-config.h(36): note: see previous definition of 'HAVE_STDINT_H'
11:37.86 vp9_picklpf.obj
11:37.86 glslang_lex.cpp
11:37.86 SkAdvancedTypefaceMetrics.obj
11:37.86 SkBitmapProcState_matrixProcs.obj
11:37.86 glslang_tab.cpp
11:37.86 Unified_cpp_gfx_angle1.obj
11:37.86 SkAdvancedTypefaceMetrics.cpp
11:37.86 SkBlitter_A8.obj
11:37.86 vp9_mcomp.c
11:37.86 d:\a\K-Meleon-R\K-Meleon-R\goanna\media\libvpx\vpx_config_x86_64-win64-vs12.h(34): warning C4005: 'HAVE_STDINT_H': macro redefinition
11:37.86 d:\a\K-Meleon-R\K-Meleon-R\goanna\obj-x64\media\libvpx\../../dist/include/mozilla-config.h(36): note: see previous definition of 'HAVE_STDINT_H'
11:37.86 vp9_pickmode.obj
11:37.86 vp9_picklpf.c
11:37.86 d:\a\K-Meleon-R\K-Meleon-R\goanna\media\libvpx\vpx_config_x86_64-win64-vs12.h(34): warning C4005: 'HAVE_STDINT_H': macro redefinition
11:37.86 d:\a\K-Meleon-R\K-Meleon-R\goanna\obj-x64\media\libvpx\../../dist/include/mozilla-config.h(36): note: see previous definition of 'HAVE_STDINT_H'
11:37.86 vp9_quantize.obj
11:37.86 SkBitmapProcState_matrixProcs.cpp
11:37.86 SkBlitter_ARGB32.obj
11:37.86 Unified_cpp_gfx_angle0.cpp
11:37.86 Unified_cpp_gfx_angle2.obj
11:37.86 vp9_pickmode.c
11:37.86 d:\a\K-Meleon-R\K-Meleon-R\goanna\media\libvpx\vpx_config_x86_64-win64-vs12.h(34): warning C4005: 'HAVE_STDINT_H': macro redefinition
11:37.86 d:\a\K-Meleon-R\K-Meleon-R\goanna\obj-x64\media\libvpx\../../dist/include/mozilla-config.h(36): note: see previous definition of 'HAVE_STDINT_H'
11:37.86 vp9_ratectrl.obj
11:37.86 SkBlitter_A8.cpp
11:37.86 SkBlitter_RGB16.obj
11:37.86 vp9_quantize.c
11:37.86 d:\a\K-Meleon-R\K-Meleon-R\goanna\media\libvpx\vpx_config_x86_64-win64-vs12.h(34): warning C4005: 'HAVE_STDINT_H': macro redefinition
11:56.41 d:\a\K-Meleon-R\K-Meleon-R\goanna\obj-x64\media\libvpx\../../dist/include/mozilla-config.h(36): note: see previous definition of 'HAVE_STDINT_H'
11:56.41 vp9_rd.obj
11:56.41 vp9_ratectrl.c
11:56.41 d:\a\K-Meleon-R\K-Meleon-R\goanna\media\libvpx\vpx_config_x86_64-win64-vs12.h(34): warning C4005: 'HAVE_STDINT_H': macro redefinition
11:56.41 d:\a\K-Meleon-R\K-Meleon-R\goanna\obj-x64\media\libvpx\../../dist/include/mozilla-config.h(36): note: see previous definition of 'HAVE_STDINT_H'
11:56.41 vp9_rdopt.obj
11:56.41 SkBlitter_ARGB32.cpp
11:56.41 SkBlitter_Sprite.obj
11:56.41 vp9_rd.c
11:56.41 d:\a\K-Meleon-R\K-Meleon-R\goanna\media\libvpx\vpx_config_x86_64-win64-vs12.h(34): warning C4005: 'HAVE_STDINT_H': macro redefinition
11:56.41 d:\a\K-Meleon-R\K-Meleon-R\goanna\obj-x64\media\libvpx\../../dist/include/mozilla-config.h(36): note: see previous definition of 'HAVE_STDINT_H'
11:56.41 vp9_resize.obj
11:56.41 Unified_cpp_gfx_angle1.cpp
11:56.41 Unified_cpp_gfx_angle3.obj
11:56.41 vp9_rdopt.c
11:56.41 d:\a\K-Meleon-R\K-Meleon-R\goanna\media\libvpx\vpx_config_x86_64-win64-vs12.h(34): warning C4005: 'HAVE_STDINT_H': macro redefinition
11:56.41 d:\a\K-Meleon-R\K-Meleon-R\goanna\obj-x64\media\libvpx\../../dist/include/mozilla-config.h(36): note: see previous definition of 'HAVE_STDINT_H'
11:56.41 vp9_segmentation.obj
11:56.41 SkBlitter_RGB16.cpp
11:56.41 SkFontHost.obj
11:56.41 vp9_resize.c
11:56.41 d:\a\K-Meleon-R\K-Meleon-R\goanna\media\libvpx\vpx_config_x86_64-win64-vs12.h(34): warning C4005: 'HAVE_STDINT_H': macro redefinition
11:56.41 d:\a\K-Meleon-R\K-Meleon-R\goanna\obj-x64\media\libvpx\../../dist/include/mozilla-config.h(36): note: see previous definition of 'HAVE_STDINT_H'
11:56.41 vp9_skin_detection.obj
11:56.41 generating out/tmp/curr/res_index.txt (list of installed currency name locales)
11:56.41 vp9_segmentation.c
11:56.41 d:\a\K-Meleon-R\K-Meleon-R\goanna\media\libvpx\vpx_config_x86_64-win64-vs12.h(34): warning C4005: 'HAVE_STDINT_H': macro redefinition
11:56.41 d:\a\K-Meleon-R\K-Meleon-R\goanna\obj-x64\media\libvpx\../../dist/include/mozilla-config.h(36): note: see previous definition of 'HAVE_STDINT_H'
11:56.41 vp9_speed_features.obj
11:56.41 SkBlitter_Sprite.cpp
11:56.41 SkPictureData.obj
11:56.41 generating out/tmp/lang/res_index.txt (list of installed language name locales)
11:56.41 ./out/tmp/lang\res_index.txt:3: warning: Encountered empty array
11:56.41 generating out/tmp/region/res_index.txt (list of installed region name locales)
11:56.41 ./out/tmp/region\res_index.txt:3: warning: Encountered empty array
11:56.41 vp9_skin_detection.c
11:56.41 d:\a\K-Meleon-R\K-Meleon-R\goanna\media\libvpx\vpx_config_x86_64-win64-vs12.h(34): warning C4005: 'HAVE_STDINT_H': macro redefinition
11:56.41 d:\a\K-Meleon-R\K-Meleon-R\goanna\obj-x64\media\libvpx\../../dist/include/mozilla-config.h(36): note: see previous definition of 'HAVE_STDINT_H'
11:56.41 vp9_subexp.obj
11:56.41 SkFontHost.cpp
11:56.41 SkScaledImageCache.obj
11:56.41 vp9_speed_features.c
11:56.41 d:\a\K-Meleon-R\K-Meleon-R\goanna\media\libvpx\vpx_config_x86_64-win64-vs12.h(34): warning C4005: 'HAVE_STDINT_H': macro redefinition
11:56.41 d:\a\K-Meleon-R\K-Meleon-R\goanna\obj-x64\media\libvpx\../../dist/include/mozilla-config.h(36): note: see previous definition of 'HAVE_STDINT_H'
11:56.41 Unified_cpp_gfx_angle2.cpp
11:56.41 vp9_svc_layercontext.obj
11:56.41 Unified_cpp_gfx_angle4.obj
11:56.41 vp9_subexp.c
11:56.41 d:\a\K-Meleon-R\K-Meleon-R\goanna\media\libvpx\vpx_config_x86_64-win64-vs12.h(34): warning C4005: 'HAVE_STDINT_H': macro redefinition
11:56.41 d:\a\K-Meleon-R\K-Meleon-R\goanna\obj-x64\media\libvpx\../../dist/include/mozilla-config.h(36): note: see previous definition of 'HAVE_STDINT_H'
11:56.41 vp9_temporal_filter.obj
11:56.41 SkPictureData.cpp
11:56.41 SkScan_Antihair.obj
11:56.41 vp9_svc_layercontext.c
11:56.41 d:\a\K-Meleon-R\K-Meleon-R\goanna\media\libvpx\vpx_config_x86_64-win64-vs12.h(34): warning C4005: 'HAVE_STDINT_H': macro redefinition
11:56.41 d:\a\K-Meleon-R\K-Meleon-R\goanna\obj-x64\media\libvpx\../../dist/include/mozilla-config.h(36): note: see previous definition of 'HAVE_STDINT_H'
11:56.41 vp9_tokenize.obj
11:56.41 vp9_temporal_filter.c
11:56.41 d:\a\K-Meleon-R\K-Meleon-R\goanna\media\libvpx\vpx_config_x86_64-win64-vs12.h(34): warning C4005: 'HAVE_STDINT_H': macro redefinition
11:56.41 d:\a\K-Meleon-R\K-Meleon-R\goanna\obj-x64\media\libvpx\../../dist/include/mozilla-config.h(36): note: see previous definition of 'HAVE_STDINT_H'
11:56.41 vp9_treewriter.obj
11:56.41 SkScaledImageCache.cpp
11:56.41 GrAddPathRenderers_default.obj
11:56.41 Unified_cpp_gfx_angle3.cpp
11:56.41 Unified_cpp_gfx_angle5.obj
11:56.41 vp9_tokenize.c
11:56.41 d:\a\K-Meleon-R\K-Meleon-R\goanna\media\libvpx\vpx_config_x86_64-win64-vs12.h(34): warning C4005: 'HAVE_STDINT_H': macro redefinition
11:56.41 d:\a\K-Meleon-R\K-Meleon-R\goanna\obj-x64\media\libvpx\../../dist/include/mozilla-config.h(36): note: see previous definition of 'HAVE_STDINT_H'
11:56.41 vp9_variance.obj
11:56.41 vp9_treewriter.c
11:56.41 d:\a\K-Meleon-R\K-Meleon-R\goanna\media\libvpx\vpx_config_x86_64-win64-vs12.h(34): warning C4005: 'HAVE_STDINT_H': macro redefinition
11:56.41 d:\a\K-Meleon-R\K-Meleon-R\goanna\obj-x64\media\libvpx\../../dist/include/mozilla-config.h(36): note: see previous definition of 'HAVE_STDINT_H'
11:56.41 vp9_write_bit_buffer.obj
11:56.41 SkScan_Antihair.cpp
11:56.41 GrDistanceFieldTextContext.obj
11:56.41 vp9_variance.c
11:56.41 d:\a\K-Meleon-R\K-Meleon-R\goanna\media\libvpx\vpx_config_x86_64-win64-vs12.h(34): warning C4005: 'HAVE_STDINT_H': macro redefinition
11:56.41 d:\a\K-Meleon-R\K-Meleon-R\goanna\obj-x64\media\libvpx\../../dist/include/mozilla-config.h(36): note: see previous definition of 'HAVE_STDINT_H'
11:56.41 vp9_writer.obj
11:56.41 vp9_write_bit_buffer.c
11:56.41 vp9_avg_intrin_sse2.obj
11:56.41 vp9_writer.c
11:56.41 d:\a\K-Meleon-R\K-Meleon-R\goanna\media\libvpx\vpx_config_x86_64-win64-vs12.h(34): warning C4005: 'HAVE_STDINT_H': macro redefinition
11:56.41 d:\a\K-Meleon-R\K-Meleon-R\goanna\obj-x64\media\libvpx\../../dist/include/mozilla-config.h(36): note: see previous definition of 'HAVE_STDINT_H'
11:56.41 vp9_dct_avx2.obj
11:56.41 GrAddPathRenderers_default.cpp
11:56.41 SkBitmapFilter_opts_SSE2.obj
11:56.41 vp9_avg_intrin_sse2.c
11:56.41 d:\a\K-Meleon-R\K-Meleon-R\goanna\media\libvpx\vpx_config_x86_64-win64-vs12.h(34): warning C4005: 'HAVE_STDINT_H': macro redefinition
11:56.41 d:\a\K-Meleon-R\K-Meleon-R\goanna\obj-x64\media\libvpx\../../dist/include/mozilla-config.h(36): note: see previous definition of 'HAVE_STDINT_H'
11:56.41 vp9_dct_sse2.obj
11:56.41 Unified_cpp_gfx_angle4.cpp
11:56.41 GrDistanceFieldTextContext.cpp
11:56.41 SkBitmapProcState_opts_SSE2.obj
11:56.41 SkBitmapFilter_opts_SSE2.cpp
11:56.41 SkBitmapProcState_opts_SSSE3.obj
11:56.41 Unified_cpp_gfx_angle5.cpp
11:56.41 gfx_angle.lib.desc
11:56.41 vp9_dct_ssse3.obj
11:56.41 SkBitmapProcState_opts_SSE2.cpp
11:56.41 SkBlitRect_opts_SSE2.obj
11:56.41 vp9_dct_avx2.c
11:56.41 d:\a\K-Meleon-R\K-Meleon-R\goanna\media\libvpx\vpx_config_x86_64-win64-vs12.h(34): warning C4005: 'HAVE_STDINT_H': macro redefinition
11:56.41 d:\a\K-Meleon-R\K-Meleon-R\goanna\obj-x64\media\libvpx\../../dist/include/mozilla-config.h(36): note: see previous definition of 'HAVE_STDINT_H'
11:56.41 jcapimin.obj
11:56.41 jcapistd.obj
11:56.41 jcapimin.c
11:56.41 jccoefct.obj
11:56.41 SkBitmapProcState_opts_SSSE3.cpp
11:56.41 SkBlitRow_opts_SSE2.obj
11:56.41 jcapistd.c
11:56.41 jccolor.obj
11:56.41 jccoefct.c
11:56.41 jcdctmgr.obj
11:56.41 SkBlitRect_opts_SSE2.cpp
11:56.41 SkBlurImage_opts_SSE2.obj
11:56.41 jccolor.c
11:56.41 jchuff.obj
11:56.41 jcdctmgr.c
11:56.41 jcinit.obj
11:56.41 vp9_dct_sse2.c
11:56.41 d:\a\K-Meleon-R\K-Meleon-R\goanna\media\libvpx\vpx_config_x86_64-win64-vs12.h(34): warning C4005: 'HAVE_STDINT_H': macro redefinition
11:56.41 d:\a\K-Meleon-R\K-Meleon-R\goanna\obj-x64\media\libvpx\../../dist/include/mozilla-config.h(36): note: see previous definition of 'HAVE_STDINT_H'
11:56.41 vp9_error_intrin_avx2.obj
11:56.41 SkBlitRow_opts_SSE2.cpp
11:56.41 SkBlurImage_opts_SSE4.obj
11:56.41 vp9_dct_ssse3.c
11:56.41 d:\a\K-Meleon-R\K-Meleon-R\goanna\media\libvpx\vpx_config_x86_64-win64-vs12.h(34): warning C4005: 'HAVE_STDINT_H': macro redefinition
11:56.41 d:\a\K-Meleon-R\K-Meleon-R\goanna\obj-x64\media\libvpx\../../dist/include/mozilla-config.h(36): note: see previous definition of 'HAVE_STDINT_H'
11:56.41 vp9_quantize_sse2.obj
11:56.41 vp9_error_intrin_avx2.c
11:56.41 d:\a\K-Meleon-R\K-Meleon-R\goanna\media\libvpx\vpx_config_x86_64-win64-vs12.h(34): warning C4005: 'HAVE_STDINT_H': macro redefinition
11:56.41 d:\a\K-Meleon-R\K-Meleon-R\goanna\obj-x64\media\libvpx\../../dist/include/mozilla-config.h(36): note: see previous definition of 'HAVE_STDINT_H'
11:56.41 vp9_subpel_variance_impl_intrin_avx2.obj
11:56.41 SkBlurImage_opts_SSE2.cpp
11:56.41 SkMorphology_opts_SSE2.obj
11:56.41 vp9_quantize_sse2.c
11:56.41 d:\a\K-Meleon-R\K-Meleon-R\goanna\media\libvpx\vpx_config_x86_64-win64-vs12.h(34): warning C4005: 'HAVE_STDINT_H': macro redefinition
11:56.41 d:\a\K-Meleon-R\K-Meleon-R\goanna\obj-x64\media\libvpx\../../dist/include/mozilla-config.h(36): note: see previous definition of 'HAVE_STDINT_H'
11:56.41 vp9_variance_avx2.obj
11:56.41 vp9_subpel_variance_impl_intrin_avx2.c
11:56.41 d:\a\K-Meleon-R\K-Meleon-R\goanna\media\libvpx\vpx_config_x86_64-win64-vs12.h(34): warning C4005: 'HAVE_STDINT_H': macro redefinition
11:56.41 d:\a\K-Meleon-R\K-Meleon-R\goanna\obj-x64\media\libvpx\../../dist/include/mozilla-config.h(36): note: see previous definition of 'HAVE_STDINT_H'
11:56.41 vp9_variance_sse2.obj
11:56.41 vp9_variance_avx2.c
11:56.41 d:\a\K-Meleon-R\K-Meleon-R\goanna\media\libvpx\vpx_config_x86_64-win64-vs12.h(34): warning C4005: 'HAVE_STDINT_H': macro redefinition
11:56.41 d:\a\K-Meleon-R\K-Meleon-R\goanna\obj-x64\media\libvpx\../../dist/include/mozilla-config.h(36): note: see previous definition of 'HAVE_STDINT_H'
11:56.41 vp9_cx_iface.obj
11:56.41 SkBlurImage_opts_SSE4.cpp
11:56.41 SkUtils_opts_SSE2.obj
11:56.41 vp9_variance_sse2.c
11:56.41 d:\a\K-Meleon-R\K-Meleon-R\goanna\media\libvpx\vpx_config_x86_64-win64-vs12.h(34): warning C4005: 'HAVE_STDINT_H': macro redefinition
11:56.41 d:\a\K-Meleon-R\K-Meleon-R\goanna\obj-x64\media\libvpx\../../dist/include/mozilla-config.h(36): note: see previous definition of 'HAVE_STDINT_H'
11:56.41 vp9_dx_iface.obj
11:56.41 SkMorphology_opts_SSE2.cpp
11:56.41 SkXfermode_opts_SSE2.obj
11:56.41 vp9_cx_iface.c
11:56.41 d:\a\K-Meleon-R\K-Meleon-R\goanna\media\libvpx\vpx_config_x86_64-win64-vs12.h(34): warning C4005: 'HAVE_STDINT_H': macro redefinition
11:56.41 d:\a\K-Meleon-R\K-Meleon-R\goanna\obj-x64\media\libvpx\../../dist/include/mozilla-config.h(36): note: see previous definition of 'HAVE_STDINT_H'
11:56.41 vpx_codec.obj
11:56.41 vp9_dx_iface.c
11:56.41 d:\a\K-Meleon-R\K-Meleon-R\goanna\media\libvpx\vpx_config_x86_64-win64-vs12.h(34): warning C4005: 'HAVE_STDINT_H': macro redefinition
11:56.41 d:\a\K-Meleon-R\K-Meleon-R\goanna\obj-x64\media\libvpx\../../dist/include/mozilla-config.h(36): note: see previous definition of 'HAVE_STDINT_H'
11:56.41 vpx_decoder.obj
11:56.41 SkUtils_opts_SSE2.cpp
11:56.41 opts_check_x86.obj
11:56.41 vpx_codec.c
11:56.41 vpx_encoder.obj
11:56.41 vpx_decoder.c
11:56.41 vpx_image.obj
11:56.41 vpx_encoder.c
11:56.41 d:\a\K-Meleon-R\K-Meleon-R\goanna\media\libvpx\vpx_config_x86_64-win64-vs12.h(34): warning C4005: 'HAVE_STDINT_H': macro redefinition
11:56.41 d:\a\K-Meleon-R\K-Meleon-R\goanna\obj-x64\media\libvpx\../../dist/include/mozilla-config.h(36): note: see previous definition of 'HAVE_STDINT_H'
11:56.41 vpx_psnr.obj
11:56.41 SkXfermode_opts_SSE2.cpp
11:56.41 SkDebug_win.obj
11:56.41 vpx_image.c
12:01.78 d:\a\K-Meleon-R\K-Meleon-R\goanna\media\libvpx\vpx_config_x86_64-win64-vs12.h(34): warning C4005: 'HAVE_STDINT_H': macro redefinition
12:01.78 d:\a\K-Meleon-R\K-Meleon-R\goanna\obj-x64\media\libvpx\../../dist/include/mozilla-config.h(36): note: see previous definition of 'HAVE_STDINT_H'
12:01.78 sad.obj
12:01.78 vpx_psnr.c
12:01.78 variance.obj
12:01.78 sad.c
12:01.78 d:\a\K-Meleon-R\K-Meleon-R\goanna\media\libvpx\vpx_config_x86_64-win64-vs12.h(34): warning C4005: 'HAVE_STDINT_H': macro redefinition
12:01.78 d:\a\K-Meleon-R\K-Meleon-R\goanna\obj-x64\media\libvpx\../../dist/include/mozilla-config.h(36): note: see previous definition of 'HAVE_STDINT_H'
12:01.78 vpx_dsp_rtcd.obj
12:01.78 variance.c
12:01.78 d:\a\K-Meleon-R\K-Meleon-R\goanna\media\libvpx\vpx_config_x86_64-win64-vs12.h(34): warning C4005: 'HAVE_STDINT_H': macro redefinition
12:01.78 d:\a\K-Meleon-R\K-Meleon-R\goanna\obj-x64\media\libvpx\../../dist/include/mozilla-config.h(36): note: see previous definition of 'HAVE_STDINT_H'
12:01.78 sad4d_avx2.obj
12:01.78 jchuff.c
12:01.78 jcmainct.obj
12:01.78 opts_check_x86.cpp
12:01.78 SkFontHost_win.obj
12:01.78 jcinit.c
12:01.78 jcmarker.obj
12:01.78 vpx_dsp_rtcd.c
12:01.78 d:\a\K-Meleon-R\K-Meleon-R\goanna\media\libvpx\vpx_config_x86_64-win64-vs12.h(34): warning C4005: 'HAVE_STDINT_H': macro redefinition
12:01.78 d:\a\K-Meleon-R\K-Meleon-R\goanna\obj-x64\media\libvpx\../../dist/include/mozilla-config.h(36): note: see previous definition of 'HAVE_STDINT_H'
12:01.78 sad_avx2.obj
12:01.78 jcmainct.c
12:01.78 jcmaster.obj
12:01.78 sad4d_avx2.c
12:01.78 variance_avx2.obj
12:01.78 SkDebug_win.cpp
12:01.78 SkFontMgr_default_dw.obj
12:01.78 jcmarker.c
12:01.78 jcomapi.obj
12:01.78 sad_avx2.c
12:01.78 d:\a\K-Meleon-R\K-Meleon-R\goanna\media\libvpx\vpx_config_x86_64-win64-vs12.h(34): warning C4005: 'HAVE_STDINT_H': macro redefinition
12:01.78 d:\a\K-Meleon-R\K-Meleon-R\goanna\obj-x64\media\libvpx\../../dist/include/mozilla-config.h(36): note: see previous definition of 'HAVE_STDINT_H'
12:01.78 variance_impl_avx2.obj
12:01.78 jcmaster.c
12:01.78 variance_avx2.c
12:01.78 jcparam.obj
12:01.78 variance_mmx.obj
12:01.78 variance_impl_avx2.c
12:01.78 jcomapi.c
12:01.78 variance_sse2.obj
12:01.78 jcphuff.obj
12:01.78 jcparam.c
12:01.78 variance_mmx.c
12:01.78 jcprepct.obj
12:01.78 vpx_mem.obj
12:01.78 SkFontHost_win.cpp
12:01.78 SkFontMgr_win_dw.obj
12:01.78 jcphuff.c
12:01.78 variance_sse2.c
12:01.78 d:\a\K-Meleon-R\K-Meleon-R\goanna\media\libvpx\vpx_config_x86_64-win64-vs12.h(34): warning C4005: 'HAVE_STDINT_H': macro redefinition
12:01.78 d:\a\K-Meleon-R\K-Meleon-R\goanna\obj-x64\media\libvpx\../../dist/include/mozilla-config.h(36): note: see previous definition of 'HAVE_STDINT_H'
12:01.78 gen_scalers.obj
12:01.78 jcsample.obj
12:01.78 vpx_mem.c
12:01.78 d:\a\K-Meleon-R\K-Meleon-R\goanna\media\libvpx\vpx_config_x86_64-win64-vs12.h(34): warning C4005: 'HAVE_STDINT_H': macro redefinition
12:01.78 d:\a\K-Meleon-R\K-Meleon-R\goanna\obj-x64\media\libvpx\../../dist/include/mozilla-config.h(36): note: see previous definition of 'HAVE_STDINT_H'
12:01.78 vpx_scale.obj
12:01.78 jcprepct.c
12:01.78 jctrans.obj
12:01.78 gen_scalers.c
12:01.78 d:\a\K-Meleon-R\K-Meleon-R\goanna\media\libvpx\vpx_config_x86_64-win64-vs12.h(34): warning C4005: 'HAVE_STDINT_H': macro redefinition
12:01.78 d:\a\K-Meleon-R\K-Meleon-R\goanna\obj-x64\media\libvpx\../../dist/include/mozilla-config.h(36): note: see previous definition of 'HAVE_STDINT_H'
12:01.78 yv12config.obj
12:01.78 jcsample.c
12:01.78 jdapimin.obj
12:01.78 SkFontMgr_default_dw.cpp
12:01.78 SkOSFile_win.obj
12:01.78 vpx_scale.c
12:01.78 d:\a\K-Meleon-R\K-Meleon-R\goanna\media\libvpx\vpx_config_x86_64-win64-vs12.h(34): warning C4005: 'HAVE_STDINT_H': macro redefinition
12:01.78 d:\a\K-Meleon-R\K-Meleon-R\goanna\obj-x64\media\libvpx\../../dist/include/mozilla-config.h(36): note: see previous definition of 'HAVE_STDINT_H'
12:01.78 yv12extend.obj
12:01.78 jctrans.c
12:01.78 jdapistd.obj
12:01.78 yv12config.c
12:01.78 d:\a\K-Meleon-R\K-Meleon-R\goanna\media\libvpx\vpx_config_x86_64-win64-vs12.h(34): warning C4005: 'HAVE_STDINT_H': macro redefinition
12:01.78 d:\a\K-Meleon-R\K-Meleon-R\goanna\obj-x64\media\libvpx\../../dist/include/mozilla-config.h(36): note: see previous definition of 'HAVE_STDINT_H'
12:01.78 vpx_scale_rtcd.obj
12:01.78 jdapimin.c
12:01.78 jdatadst.obj
12:01.78 yv12extend.c
12:01.78 d:\a\K-Meleon-R\K-Meleon-R\goanna\media\libvpx\vpx_config_x86_64-win64-vs12.h(34): warning C4005: 'HAVE_STDINT_H': macro redefinition
12:01.78 d:\a\K-Meleon-R\K-Meleon-R\goanna\obj-x64\media\libvpx\../../dist/include/mozilla-config.h(36): note: see previous definition of 'HAVE_STDINT_H'
12:01.78 x86inc.obj
12:01.78 jdapistd.c
12:01.78 jdatasrc.obj
12:01.78 vpx_scale_rtcd.c
12:01.78 d:\a\K-Meleon-R\K-Meleon-R\goanna\media\libvpx\vpx_config_x86_64-win64-vs12.h(34): warning C4005: 'HAVE_STDINT_H': macro redefinition
12:01.78 d:\a\K-Meleon-R\K-Meleon-R\goanna\obj-x64\media\libvpx\../../dist/include/mozilla-config.h(36): note: see previous definition of 'HAVE_STDINT_H'
12:01.78 copy_sse2.obj
12:01.78 gmake.EXE[5]: *** [d:/a/K-Meleon-R/K-Meleon-R/goanna/config/rules.mk:924: x86inc.obj] Error -1073741515
12:01.78 copy_sse3.obj
12:01.78 SkFontMgr_win_dw.cpp
12:01.78 jdatadst.c
12:01.78 gmake.EXE[5]: *** [d:/a/K-Meleon-R/K-Meleon-R/goanna/config/rules.mk:924: copy_sse2.obj] Error -1073741515
12:01.78 dequantize_mmx.obj
12:01.78 jdcoefct.obj
12:01.78 SkRemotableFontMgr_win_dw.obj
12:01.78 gmake.EXE[5]: *** [d:/a/K-Meleon-R/K-Meleon-R/goanna/config/rules.mk:924: copy_sse3.obj] Error -1073741515
12:01.78 idctllm_mmx.obj
12:01.78 gmake.EXE[5]: *** [d:/a/K-Meleon-R/K-Meleon-R/goanna/config/rules.mk:924: dequantize_mmx.obj] Error -1073741515
12:01.78 idctllm_sse2.obj
12:01.78 gmake.EXE[5]: *** [d:/a/K-Meleon-R/K-Meleon-R/goanna/config/rules.mk:924: idctllm_mmx.obj] Error -1073741515
12:01.78 iwalsh_mmx.obj
12:01.78 gmake.EXE[5]: *** [d:/a/K-Meleon-R/K-Meleon-R/goanna/config/rules.mk:924: idctllm_sse2.obj] Error -1073741515
12:01.78 iwalsh_sse2.obj
12:01.78 gmake.EXE[5]: *** [d:/a/K-Meleon-R/K-Meleon-R/goanna/config/rules.mk:924: iwalsh_mmx.obj] Error -1073741515
12:01.78 loopfilter_block_sse2_x86_64.obj
12:01.78 gmake.EXE[5]: *** [d:/a/K-Meleon-R/K-Meleon-R/goanna/config/rules.mk:924: iwalsh_sse2.obj] Error -1073741515
12:01.78 loopfilter_mmx.obj
12:01.78 gmake.EXE[5]: *** [d:/a/K-Meleon-R/K-Meleon-R/goanna/config/rules.mk:924: loopfilter_block_sse2_x86_64.obj] Error -1073741515
12:01.78 loopfilter_sse2.obj
12:01.78 jdatasrc.c
12:01.78 jdcolor.obj
12:01.78 gmake.EXE[5]: *** [d:/a/K-Meleon-R/K-Meleon-R/goanna/config/rules.mk:924: loopfilter_mmx.obj] Error -1073741515
12:01.78 mfqe_sse2.obj
12:01.78 gmake.EXE[5]: *** [d:/a/K-Meleon-R/K-Meleon-R/goanna/config/rules.mk:924: loopfilter_sse2.obj] Error -1073741515
12:01.78 postproc_mmx.obj
12:01.78 gmake.EXE[5]: *** [d:/a/K-Meleon-R/K-Meleon-R/goanna/config/rules.mk:924: mfqe_sse2.obj] Error -1073741515
12:01.78 postproc_sse2.obj
12:01.78 gmake.EXE[5]: *** [d:/a/K-Meleon-R/K-Meleon-R/goanna/config/rules.mk:924: postproc_mmx.obj] Error -1073741515
12:01.78 recon_mmx.obj
12:01.78 gmake.EXE[5]: *** [d:/a/K-Meleon-R/K-Meleon-R/goanna/config/rules.mk:924: postproc_sse2.obj] Error -1073741515
12:01.78 recon_sse2.obj
12:01.78 gmake.EXE[5]: *** [d:/a/K-Meleon-R/K-Meleon-R/goanna/config/rules.mk:924: recon_mmx.obj] Error -1073741515
12:01.78 subpixel_mmx.obj
12:01.78 gmake.EXE[5]: *** [d:/a/K-Meleon-R/K-Meleon-R/goanna/config/rules.mk:924: recon_sse2.obj] Error -1073741515
12:01.78 subpixel_sse2.obj
12:01.78 jdcoefct.c
12:01.78 gmake.EXE[5]: *** [d:/a/K-Meleon-R/K-Meleon-R/goanna/config/rules.mk:924: subpixel_mmx.obj] Error -1073741515
12:01.78 subpixel_ssse3.obj
12:01.78 jddctmgr.obj
12:01.78 gmake.EXE[5]: *** [d:/a/K-Meleon-R/K-Meleon-R/goanna/config/rules.mk:924: subpixel_sse2.obj] Error -1073741515
12:01.78 variance_impl_sse2.obj
12:01.78 gmake.EXE[5]: *** [d:/a/K-Meleon-R/K-Meleon-R/goanna/config/rules.mk:924: subpixel_ssse3.obj] Error -1073741515
12:01.78 variance_impl_ssse3.obj
12:01.78 gmake.EXE[5]: *** [d:/a/K-Meleon-R/K-Meleon-R/goanna/config/rules.mk:924: variance_impl_sse2.obj] Error -1073741515
12:01.78 vp8_variance_impl_mmx.obj
12:01.78 gmake.EXE[5]: *** [d:/a/K-Meleon-R/K-Meleon-R/goanna/config/rules.mk:924: variance_impl_ssse3.obj] Error -1073741515
12:01.78 dct_mmx.obj
12:01.78 gmake.EXE[5]: *** [d:/a/K-Meleon-R/K-Meleon-R/goanna/config/rules.mk:924: vp8_variance_impl_mmx.obj] Error -1073741515
12:01.78 dct_sse2.obj
12:01.78 SkOSFile_win.cpp
12:01.78 gmake.EXE[5]: *** [d:/a/K-Meleon-R/K-Meleon-R/goanna/config/rules.mk:924: dct_mmx.obj] Error -1073741515
12:01.78 encodeopt.obj
12:01.78 SkScalerContext_win_dw.obj
12:01.78 gmake.EXE[5]: *** [d:/a/K-Meleon-R/K-Meleon-R/goanna/config/rules.mk:924: dct_sse2.obj] Error -1073741515
12:01.78 fwalsh_sse2.obj
12:01.78 gmake.EXE[5]: *** [d:/a/K-Meleon-R/K-Meleon-R/goanna/config/rules.mk:924: encodeopt.obj] Error -1073741515
12:01.78 quantize_mmx.obj
12:01.78 gmake.EXE[5]: *** [d:/a/K-Meleon-R/K-Meleon-R/goanna/config/rules.mk:924: fwalsh_sse2.obj] Error -1073741515
12:01.78 ssim_opt_x86_64.obj
12:01.78 jdcolor.c
12:01.78 gmake.EXE[5]: *** [d:/a/K-Meleon-R/K-Meleon-R/goanna/config/rules.mk:924: quantize_mmx.obj] Error -1073741515
12:01.78 subtract_mmx.obj
12:01.78 jdhuff.obj
12:01.78 gmake.EXE[5]: *** [d:/a/K-Meleon-R/K-Meleon-R/goanna/config/rules.mk:924: ssim_opt_x86_64.obj] Error -1073741515
12:01.78 subtract_sse2.obj
12:01.78 gmake.EXE[5]: *** [d:/a/K-Meleon-R/K-Meleon-R/goanna/config/rules.mk:924: subtract_mmx.obj] Error -1073741515
12:01.78 temporal_filter_apply_sse2.obj
12:01.78 gmake.EXE[5]: *** [d:/a/K-Meleon-R/K-Meleon-R/goanna/config/rules.mk:924: subtract_sse2.obj] Error -1073741515
12:01.78 vp9_copy_sse2.obj
12:01.78 gmake.EXE[5]: *** [d:/a/K-Meleon-R/K-Meleon-R/goanna/config/rules.mk:924: temporal_filter_apply_sse2.obj] Error -1073741515
12:01.78 vp9_idct_ssse3_x86_64.obj
12:01.78 gmake.EXE[5]: *** [d:/a/K-Meleon-R/K-Meleon-R/goanna/config/rules.mk:924: vp9_copy_sse2.obj] Error -1073741515
12:01.78 vp9_intrapred_sse2.obj
12:01.78 gmake.EXE[5]: *** [d:/a/K-Meleon-R/K-Meleon-R/goanna/config/rules.mk:924: vp9_idct_ssse3_x86_64.obj] Error -1073741515
12:01.78 vp9_intrapred_ssse3.obj
12:01.78 gmake.EXE[5]: *** [d:/a/K-Meleon-R/K-Meleon-R/goanna/config/rules.mk:924: vp9_intrapred_sse2.obj] Error -1073741515
12:01.78 vp9_loopfilter_mmx.obj
12:01.78 gmake.EXE[5]: *** [d:/a/K-Meleon-R/K-Meleon-R/goanna/config/rules.mk:924: vp9_intrapred_ssse3.obj] Error -1073741515
12:01.78 vp9_subpixel_8t_sse2.obj
12:01.78 jddctmgr.c
12:01.78 jdinput.obj
12:01.78 gmake.EXE[5]: *** [d:/a/K-Meleon-R/K-Meleon-R/goanna/config/rules.mk:924: vp9_loopfilter_mmx.obj] Error -1073741515
12:01.78 vp9_subpixel_8t_ssse3.obj
12:01.78 gmake.EXE[5]: *** [d:/a/K-Meleon-R/K-Meleon-R/goanna/config/rules.mk:924: vp9_subpixel_8t_sse2.obj] Error -1073741515
12:01.78 vp9_subpixel_bilinear_sse2.obj
12:01.78 gmake.EXE[5]: *** [d:/a/K-Meleon-R/K-Meleon-R/goanna/config/rules.mk:924: vp9_subpixel_8t_ssse3.obj] Error -1073741515
12:01.78 vp9_subpixel_bilinear_ssse3.obj
12:01.78 gmake.EXE[5]: *** [d:/a/K-Meleon-R/K-Meleon-R/goanna/config/rules.mk:924: vp9_subpixel_bilinear_sse2.obj] Error -1073741515
12:01.78 vp9_dct_mmx.obj
12:01.78 gmake.EXE[5]: *** [d:/a/K-Meleon-R/K-Meleon-R/goanna/config/rules.mk:924: vp9_subpixel_bilinear_ssse3.obj] Error -1073741515
12:01.78 vp9_dct_ssse3_x86_64.obj
12:01.78 gmake.EXE[5]: *** [d:/a/K-Meleon-R/K-Meleon-R/goanna/config/rules.mk:924: vp9_dct_mmx.obj] Error -1073741515
12:01.78 vp9_error_sse2.obj
12:01.78 gmake.EXE[5]: *** [d:/a/K-Meleon-R/K-Meleon-R/goanna/config/rules.mk:924: vp9_dct_ssse3_x86_64.obj] Error -1073741515
12:01.78 vp9_quantize_ssse3_x86_64.obj
12:01.78 gmake.EXE[5]: *** [d:/a/K-Meleon-R/K-Meleon-R/goanna/config/rules.mk:924: vp9_error_sse2.obj] Error -1073741515
12:01.78 vp9_ssim_opt_x86_64.obj
12:16.66 gmake.EXE[5]: *** [d:/a/K-Meleon-R/K-Meleon-R/goanna/config/rules.mk:924: vp9_quantize_ssse3_x86_64.obj] Error -1073741515
12:16.66 vp9_subpel_variance.obj
12:16.66 gmake.EXE[5]: *** [d:/a/K-Meleon-R/K-Meleon-R/goanna/config/rules.mk:924: vp9_ssim_opt_x86_64.obj] Error -1073741515
12:16.66 vp9_subtract_sse2.obj
12:16.66 jdhuff.c
12:16.66 gmake.EXE[5]: *** [d:/a/K-Meleon-R/K-Meleon-R/goanna/config/rules.mk:924: vp9_subpel_variance.obj] Error -1073741515
12:16.66 vp9_temporal_filter_apply_sse2.obj
12:16.66 jdmainct.obj
12:16.66 gmake.EXE[5]: *** [d:/a/K-Meleon-R/K-Meleon-R/goanna/config/rules.mk:924: vp9_subtract_sse2.obj] Error -1073741515
12:16.66 sad4d_sse2.obj
12:16.66 gmake.EXE[5]: *** [d:/a/K-Meleon-R/K-Meleon-R/goanna/config/rules.mk:924: vp9_temporal_filter_apply_sse2.obj] Error -1073741515
12:16.66 sad_mmx.obj
12:16.66 gmake.EXE[5]: *** [d:/a/K-Meleon-R/K-Meleon-R/goanna/config/rules.mk:924: sad4d_sse2.obj] Error -1073741515
12:16.66 sad_sse2.obj
12:16.66 gmake.EXE[5]: *** [d:/a/K-Meleon-R/K-Meleon-R/goanna/config/rules.mk:924: sad_mmx.obj] Error -1073741515
12:16.66 sad_sse3.obj
12:16.66 gmake.EXE[5]: *** [d:/a/K-Meleon-R/K-Meleon-R/goanna/config/rules.mk:924: sad_sse2.obj] Error -1073741515
12:16.66 sad_sse4.obj
12:16.66 gmake.EXE[5]: *** [d:/a/K-Meleon-R/K-Meleon-R/goanna/config/rules.mk:924: sad_sse3.obj] Error -1073741515
12:16.66 sad_ssse3.obj
12:16.66 gmake.EXE[5]: *** [d:/a/K-Meleon-R/K-Meleon-R/goanna/config/rules.mk:924: sad_sse4.obj] Error -1073741515
12:16.66 variance_impl_mmx.obj
12:16.66 SkRemotableFontMgr_win_dw.cpp
12:16.66 gmake.EXE[5]: *** [d:/a/K-Meleon-R/K-Meleon-R/goanna/config/rules.mk:924: sad_ssse3.obj] Error -1073741515
12:16.66 emms.obj
12:16.66 SkTLS_win.obj
12:16.66 jdinput.c
12:16.66 jdmarker.obj
12:16.66 gmake.EXE[5]: *** [d:/a/K-Meleon-R/K-Meleon-R/goanna/config/rules.mk:924: variance_impl_mmx.obj] Error -1073741515
12:16.66 gmake.EXE[5]: *** [d:/a/K-Meleon-R/K-Meleon-R/goanna/config/rules.mk:924: emms.obj] Error -1073741515
12:16.66 gmake.EXE[5]: Target 'target' not remade because of errors.
12:16.66 gmake.EXE[4]: *** [d:/a/K-Meleon-R/K-Meleon-R/goanna/config/recurse.mk:70: media/libvpx/target] Error 2
12:16.66 SkTime_win.obj
12:16.66 jdmainct.c
12:16.66 jdmaster.obj
12:16.66 jdmarker.c
12:16.66 jdmerge.obj
12:16.66 SkTLS_win.cpp
12:16.66 Unified_cpp_layout_xul0.obj
12:16.66 Unified_cpp_layout_xul1.obj
12:16.66 jdmaster.c
12:16.66 jdphuff.obj
12:16.66 SkScalerContext_win_dw.cpp
12:16.66 SkTypeface_win_dw.obj
12:16.66 jdmerge.c
12:16.66 jdpostct.obj
12:16.66 generating out/tmp/zone/res_index.txt (list of installed time zone name locales)
12:16.66 generating out/tmp/unit/res_index.txt (list of installed time zone name locales)
12:16.66 jdphuff.c
12:16.66 jdsample.obj
12:16.66 ./out/tmp/unit\res_index.txt:3: warning: Encountered empty array
12:16.66 SkTime_win.cpp
12:16.66 SkMD5.obj
12:16.66 jdpostct.c
12:16.66 jdtrans.obj
12:16.66 jdsample.c
12:16.66 jerror.obj
12:16.66 jdtrans.c
12:16.66 jfdctflt.obj
12:16.66 jerror.c
12:16.66 jfdctfst.obj
12:16.66 SkTypeface_win_dw.cpp
12:16.66 SkParse.obj
12:16.66 jfdctflt.c
12:16.66 jfdctint.obj
12:16.66 jfdctfst.c
12:16.66 jidctflt.obj
12:16.66 jfdctint.c
12:16.66 jidctfst.obj
12:16.66 SkMD5.cpp
12:16.66 SkSHA1.obj
12:16.66 jidctflt.c
12:16.66 jidctint.obj
12:16.66 jidctfst.c
12:16.66 jidctred.obj
12:16.66 Unified_cpp_layout_xul0.cpp
12:16.66 Unified_cpp_layout_xul2.obj
12:16.66 jidctint.c
12:16.66 jmemmgr.obj
12:16.66 SkParse.cpp
12:16.66 SkThreadUtils_win.obj
12:16.66 jidctred.c
12:16.66 jmemnobs.obj
12:16.66 jmemmgr.c
12:16.66 jquant1.obj
12:16.66 SkSHA1.cpp
12:16.66 SkAutoCoInitialize.obj
12:16.66 jmemnobs.c
12:16.66 jquant2.obj
12:16.66 jquant1.c
12:16.66 jutils.obj
12:16.66 jquant2.c
12:16.66 SkThreadUtils_win.cpp
12:16.66 d:/a/K-Meleon-R/K-Meleon-R/goanna/gfx/skia/skia/src/utils/SkThreadUtils_win.cpp(134): warning C4334: '<<': result of 32-bit shift implicitly converted to 64 bits (was 64-bit shift intended?)
12:16.66 jsimd_x86_64.obj
12:16.66 SkDWrite.obj
12:16.66 jutils.c
12:16.66 jccolor-sse2-64.obj
12:16.66 jsimd_x86_64.c
12:16.66 jcgray-sse2-64.obj
12:16.66 gmake.EXE[5]: *** [d:/a/K-Meleon-R/K-Meleon-R/goanna/config/rules.mk:924: jccolor-sse2-64.obj] Error -1073741515
12:16.66 jchuff-sse2-64.obj
12:16.66 gmake.EXE[5]: *** [d:/a/K-Meleon-R/K-Meleon-R/goanna/config/rules.mk:924: jcgray-sse2-64.obj] Error -1073741515
12:16.66 jcsample-sse2-64.obj
12:16.66 gmake.EXE[5]: *** [d:/a/K-Meleon-R/K-Meleon-R/goanna/config/rules.mk:924: jchuff-sse2-64.obj] Error -1073741515
12:16.66 jdcolor-sse2-64.obj
12:16.66 gmake.EXE[5]: *** [d:/a/K-Meleon-R/K-Meleon-R/goanna/config/rules.mk:924: jcsample-sse2-64.obj] Error -1073741515
12:16.66 jdmerge-sse2-64.obj
12:16.66 gmake.EXE[5]: *** [d:/a/K-Meleon-R/K-Meleon-R/goanna/config/rules.mk:924: jdcolor-sse2-64.obj] Error -1073741515
12:16.66 jdsample-sse2-64.obj
12:16.66 SkAutoCoInitialize.cpp
12:16.66 d:/a/K-Meleon-R/K-Meleon-R/goanna/gfx/skia/skia/src/utils/win/SkAutoCoInitialize.cpp(10): warning C4005: 'WIN32_LEAN_AND_MEAN': macro redefinition
12:16.66 d:\a\K-Meleon-R\K-Meleon-R\goanna\obj-x64\gfx\skia\../../dist/include/mozilla-config.h(116): note: see previous definition of 'WIN32_LEAN_AND_MEAN'
12:16.66 gmake.EXE[5]: *** [d:/a/K-Meleon-R/K-Meleon-R/goanna/config/rules.mk:924: jdmerge-sse2-64.obj] Error -1073741515
12:16.66 jfdctflt-sse-64.obj
12:16.66 SkDWriteFontFileStream.obj
12:16.66 gmake.EXE[5]: *** [d:/a/K-Meleon-R/K-Meleon-R/goanna/config/rules.mk:924: jdsample-sse2-64.obj] Error -1073741515
12:16.66 jfdctfst-sse2-64.obj
12:16.66 gmake.EXE[5]: *** [d:/a/K-Meleon-R/K-Meleon-R/goanna/config/rules.mk:924: jfdctflt-sse-64.obj] Error -1073741515
12:16.66 jfdctint-sse2-64.obj
12:16.66 gmake.EXE[5]: *** [d:/a/K-Meleon-R/K-Meleon-R/goanna/config/rules.mk:924: jfdctfst-sse2-64.obj] Error -1073741515
12:16.66 jidctflt-sse2-64.obj
12:16.66 gmake.EXE[5]: *** [d:/a/K-Meleon-R/K-Meleon-R/goanna/config/rules.mk:924: jfdctint-sse2-64.obj] Error -1073741515
12:16.66 jidctfst-sse2-64.obj
12:16.66 gmake.EXE[5]: *** [d:/a/K-Meleon-R/K-Meleon-R/goanna/config/rules.mk:924: jidctflt-sse2-64.obj] Error -1073741515
12:16.66 jidctint-sse2-64.obj
12:16.66 gmake.EXE[5]: *** [d:/a/K-Meleon-R/K-Meleon-R/goanna/config/rules.mk:924: jidctfst-sse2-64.obj] Error -1073741515
12:16.66 jidctred-sse2-64.obj
12:16.66 gmake.EXE[5]: *** [d:/a/K-Meleon-R/K-Meleon-R/goanna/config/rules.mk:924: jidctint-sse2-64.obj] Error -1073741515
12:16.66 jquantf-sse2-64.obj
12:16.66 gmake.EXE[5]: *** [d:/a/K-Meleon-R/K-Meleon-R/goanna/config/rules.mk:924: jidctred-sse2-64.obj] Error -1073741515
12:16.66 jquanti-sse2-64.obj
12:16.66 gmake.EXE[5]: *** [d:/a/K-Meleon-R/K-Meleon-R/goanna/config/rules.mk:924: jquantf-sse2-64.obj] Error -1073741515
12:16.66 gmake.EXE[5]: *** [d:/a/K-Meleon-R/K-Meleon-R/goanna/config/rules.mk:924: jquanti-sse2-64.obj] Error -1073741515
12:16.66 gmake.EXE[5]: Target 'target' not remade because of errors.
12:16.66 gmake.EXE[4]: *** [d:/a/K-Meleon-R/K-Meleon-R/goanna/config/recurse.mk:70: media/libjpeg/target] Error 2
12:16.66 SkDWrite.cpp
12:16.66 SkDWriteGeometrySink.obj
12:16.66 Unified_cpp_layout_xul1.cpp
12:16.66 Unified_cpp_converters0.obj
12:16.66 SkDWriteFontFileStream.cpp
12:16.66 SkHRESULT.obj
12:16.66 Unified_cpp_converters0.cpp
12:16.66 netwerk_streamconv_converters.lib.desc
12:16.66 SkIStream.obj
12:16.66 SkDWriteGeometrySink.cpp
12:16.66 Unified_cpp_intl_chardet0.obj
12:16.66 Unified_cpp_intl_chardet0.cpp
12:16.66 intl_chardet.lib.desc
12:16.66 SkHRESULT.cpp
12:16.66 Unified_cpp_gfx_skia0.obj
12:16.66 Unified_cpp_gfx_skia1.obj
12:16.66 Unified_cpp_layout_xul2.cpp
12:16.66 layout_xul.lib.desc
12:16.66 Unified_cpp_gfx_skia10.obj
12:16.66 SkIStream.cpp
12:16.66 d:/a/K-Meleon-R/K-Meleon-R/goanna/gfx/skia/skia/src/utils/win/SkIStream.cpp(10): warning C4005: 'WIN32_LEAN_AND_MEAN': macro redefinition
12:16.66 d:\a\K-Meleon-R\K-Meleon-R\goanna\obj-x64\gfx\skia\../../dist/include/mozilla-config.h(116): note: see previous definition of 'WIN32_LEAN_AND_MEAN'
12:16.66 Unified_cpp_layout_inspector0.obj
12:16.66 Unified_cpp_gfx_skia0.cpp
12:16.66 mozStorageModule.obj
12:16.66 Unified_cpp_gfx_skia1.cpp
12:16.66 Unified_cpp_gfx_skia11.obj
12:16.66 mozStorageModule.cpp
12:16.66 storage_build.lib.desc
12:16.66 Unified_cpp_gfx_skia12.obj
12:16.66 generating out/tmp/coll/res_index.txt (list of installed collation locales)
12:16.66 generating out/tmp/brkitr/res_index.txt (list of installed break locales)
12:16.66 ./out/tmp/brkitr\res_index.txt:3: warning: Encountered empty array
12:16.66 generating out/tmp/rbnf/res_index.txt (list of installed RBNF locales)
12:16.66 ./out/tmp/rbnf\res_index.txt:3: warning: Encountered empty array
12:16.66 gensprep writes dummy icudt58l_sprep.spp because UCONFIG_NO_IDNA is set,
12:16.66 see icu/source/common/unicode/uconfig.h
12:16.66 gensprep writes dummy icudt58l_sprep.spp because UCONFIG_NO_IDNA is set,
12:16.66 see icu/source/common/unicode/uconfig.h
12:16.66 gensprep writes dummy icudt58l_sprep.spp because UCONFIG_NO_IDNA is set,
12:16.66 see icu/source/common/unicode/uconfig.h
12:16.66 gensprep writes dummy icudt58l_sprep.spp because UCONFIG_NO_IDNA is set,
12:16.66 see icu/source/common/unicode/uconfig.h
12:16.66 gensprep writes dummy icudt58l_sprep.spp because UCONFIG_NO_IDNA is set,
12:16.66 see icu/source/common/unicode/uconfig.h
12:16.66 gensprep writes dummy icudt58l_sprep.spp because UCONFIG_NO_IDNA is set,
12:16.66 see icu/source/common/unicode/uconfig.h
12:16.66 gensprep writes dummy icudt58l_sprep.spp because UCONFIG_NO_IDNA is set,
12:16.66 see icu/source/common/unicode/uconfig.h
12:16.66 gensprep writes dummy icudt58l_sprep.spp because UCONFIG_NO_IDNA is set,
12:16.66 see icu/source/common/unicode/uconfig.h
12:16.66 gensprep writes dummy icudt58l_sprep.spp because UCONFIG_NO_IDNA is set,
12:16.66 see icu/source/common/unicode/uconfig.h
12:16.66 gensprep writes dummy icudt58l_sprep.spp because UCONFIG_NO_IDNA is set,
12:16.66 see icu/source/common/unicode/uconfig.h
12:16.66 gensprep writes dummy icudt58l_sprep.spp because UCONFIG_NO_IDNA is set,
12:16.66 see icu/source/common/unicode/uconfig.h
12:16.66 gensprep writes dummy icudt58l_sprep.spp because UCONFIG_NO_IDNA is set,
12:16.66 see icu/source/common/unicode/uconfig.h
12:16.66 ALL_CFU_SOURCE: d:/a/K-Meleon-R/K-Meleon-R/goanna/intl/icu/source/data/unidata/confusables.txt d:/a/K-Meleon-R/K-Meleon-R/goanna/intl/icu/source/data/unidata/confusablesWholeScript.txt
12:16.66 Unified_cpp_gfx_skia10.cpp
12:16.66 CFU_FILES: ./out/build/icudt58l/confusables.cfu
12:16.66 CFU_FILES_SHORT: confusables.cfu
12:16.66 gencfu writes dummy out/build/icudt58l/confusables.cfu because of UCONFIG_NO_REGULAR_EXPRESSIONS and/or UCONFIG_NO_NORMALIZATION and/or UCONFIG_NO_FILE_IO, see uconfig.h
12:16.66 pkixbuild.obj
12:16.66 pkixcert.obj
12:16.66 generating out/tmp/icudata.lst (list of data files)
12:16.66 Unified_cpp_gfx_skia11.cpp
12:16.66 Unified_cpp_gfx_skia13.obj
12:16.66 pkixbuild.cpp
12:16.66 d:/a/K-Meleon-R/K-Meleon-R/goanna/security/pkix/lib/pkixbuild.cpp: warning C4464: relative include path contains '..'
12:16.66 d:\a\K-Meleon-R\K-Meleon-R\goanna\security\pkix\lib\pkixder.h(131): warning C4365: 'argument': conversion from 'int' to 'uint8_t', signed/unsigned mismatch
12:16.66 d:\a\K-Meleon-R\K-Meleon-R\goanna\security\pkix\lib\pkixder.h(132): warning C4365: 'argument': conversion from 'int' to 'uint8_t', signed/unsigned mismatch
12:16.66 pkixcheck.obj
12:16.66 cl : Command line warning D9025 : overriding '/W3' with '/W4'
12:16.66 cl : Command line warning D9035 : option 'o' has been deprecated and will be removed in a future release
12:16.66 oma.c
12:16.66    Creating library ../lib/icudt.lib and object ../lib/icudt.exp
12:16.66 Unified_cpp_layout_inspector0.cpp
12:16.66 LINK : warning LNK4281: undesirable base address 0x4AD00000 for x64 image; set base address above 4GB for best ASLR optimization
12:16.66 layout_inspector.lib.desc
12:16.66 pkixcert.cpp
12:16.66 d:/a/K-Meleon-R/K-Meleon-R/goanna/security/pkix/lib/pkixcert.cpp: warning C4464: relative include path contains '..'
12:16.66 d:\a\K-Meleon-R\K-Meleon-R\goanna\security\pkix\lib\pkixder.h(131): warning C4365: 'argument': conversion from 'int' to 'uint8_t', signed/unsigned mismatch
12:50.55 d:\a\K-Meleon-R\K-Meleon-R\goanna\security\pkix\lib\pkixder.h(132): warning C4365: 'argument': conversion from 'int' to 'uint8_t', signed/unsigned mismatch
12:50.55 pkixder.obj
12:50.55 pkgdata: bash -c "cl -DU_USING_ICU_NAMESPACE=0 -DU_NO_DEFAULT_INCLUDE_UTF_HEADERS=1 -DUCONFIG_NO_LEGACY_CONVERSION -DUCONFIG_NO_TRANSLITERATION -DUCONFIG_NO_REGULAR_EXPRESSIONS -DUCONFIG_NO_BREAK_ITERATION -DUCONFIG_NO_IDNA -DU_CHARSET_IS_UTF8 -I/d/a/K-Meleon-R/K-Meleon-R/goanna/intl/icu/source/common -I/d/a/K-Meleon-R/K-Meleon-R/goanna/intl/icu/source/i18n    -DHAVE_DLOPEN=0 -DU_HAVE_ATOMIC=1 -DU_HAVE_MMAP=0 -DU_HAVE_DIRENT_H=0 -DU_HAVE_POPEN=0 -DU_HAVE_TZNAME=0 -DU_HAVE_STRTOD_L=0 -DU_HAVE_WCSCPY=0  -DU_RELEASE=1 -D_CRT_SECURE_NO_DEPRECATE -DU_ATTRIBUTE_DEPRECATED= -DWIN32 -DCYGWINMSVC -DNOMINMAX -TC -nologo -Wv:18 -wd4091 -D_HAS_EXCEPTIONS=0 -W3 -Gy -FS -wd4244 -wd4267 -wd4819 -we4553 -Zi -UDEBUG -DNDEBUG -O1 -Oi -MD -W4 -W4   -GF -nologo -c oma.c -o oma.obj"
12:50.55 genccode: --match-arch cpu=34404 bits=64 big-endian=0
12:50.55 pkgdata: link.exe /nologo /release /out:"../lib/icudt58.dll" /DLL /NOENTRY /MANIFEST:NO  /base:0x4ad00000 /implib:"../lib/icudt.lib" "./out/tmp\icudt58l_dat.obj" "./out/tmp/icudata.res"
12:50.55 Unified_cpp_gfx_skia14.obj
12:50.55 Note: rebuild with "c:/Strawberry/c/bin/gmake.EXE VERBOSE=1 all-local" to show all compiler parameters.
12:50.55 Unified_cpp_gfx_skia12.cpp
12:50.55 pkixnames.obj
12:50.55 Telemetry.obj
12:50.55 pkixcheck.cpp
12:50.55 d:/a/K-Meleon-R/K-Meleon-R/goanna/security/pkix/lib/pkixcheck.cpp: warning C4464: relative include path contains '..'
12:50.55 d:\a\K-Meleon-R\K-Meleon-R\goanna\security\pkix\lib\pkixder.h(131): warning C4365: 'argument': conversion from 'int' to 'uint8_t', signed/unsigned mismatch
12:50.55 d:\a\K-Meleon-R\K-Meleon-R\goanna\security\pkix\lib\pkixder.h(132): warning C4365: 'argument': conversion from 'int' to 'uint8_t', signed/unsigned mismatch
12:50.55 Unified_cpp_gfx_skia15.obj
12:50.55 pkixder.cpp
12:50.55 d:/a/K-Meleon-R/K-Meleon-R/goanna/security/pkix/lib/pkixder.cpp: warning C4464: relative include path contains '..'
12:50.55 d:\a\K-Meleon-R\K-Meleon-R\goanna\security\pkix\lib\pkixder.h(131): warning C4365: 'argument': conversion from 'int' to 'uint8_t', signed/unsigned mismatch
12:50.55 d:\a\K-Meleon-R\K-Meleon-R\goanna\security\pkix\lib\pkixder.h(132): warning C4365: 'argument': conversion from 'int' to 'uint8_t', signed/unsigned mismatch
12:50.55 pkixnss.obj
12:50.55 Unified_cpp_gfx_skia13.cpp
12:50.55 pkixnames.cpp
12:50.55 d:/a/K-Meleon-R/K-Meleon-R/goanna/security/pkix/lib/pkixnames.cpp: warning C4464: relative include path contains '..'
12:50.55 d:\a\K-Meleon-R\K-Meleon-R\goanna\security\pkix\lib\pkixder.h(131): warning C4365: 'argument': conversion from 'int' to 'uint8_t', signed/unsigned mismatch
12:50.55 d:\a\K-Meleon-R\K-Meleon-R\goanna\security\pkix\lib\pkixder.h(132): warning C4365: 'argument': conversion from 'int' to 'uint8_t', signed/unsigned mismatch
12:50.55 pkixocsp.obj
12:50.55 Unified_cpp_dom_workers0.obj
12:50.55 Unified_cpp_dom_workers1.obj
12:50.55 Unified_cpp_gfx_skia14.cpp
12:50.55 Unified_cpp_gfx_skia16.obj
12:50.55 pkixnss.cpp
12:50.55 d:/a/K-Meleon-R/K-Meleon-R/goanna/security/pkix/lib/pkixnss.cpp: warning C4464: relative include path contains '..'
12:50.55 d:\a\K-Meleon-R\K-Meleon-R\goanna\security\pkix\lib\pkixder.h(131): warning C4365: 'argument': conversion from 'int' to 'uint8_t', signed/unsigned mismatch
12:50.55 d:\a\K-Meleon-R\K-Meleon-R\goanna\security\pkix\lib\pkixder.h(132): warning C4365: 'argument': conversion from 'int' to 'uint8_t', signed/unsigned mismatch
12:50.55 pkixresult.obj
12:50.55 Telemetry.cpp
12:50.55 toolkit_components_telemetry.lib.desc
12:50.55 pkixocsp.cpp
12:50.55 d:/a/K-Meleon-R/K-Meleon-R/goanna/security/pkix/lib/pkixocsp.cpp: warning C4464: relative include path contains '..'
12:50.55 d:\a\K-Meleon-R\K-Meleon-R\goanna\security\pkix\lib\pkixder.h(131): warning C4365: 'argument': conversion from 'int' to 'uint8_t', signed/unsigned mismatch
12:50.55 d:\a\K-Meleon-R\K-Meleon-R\goanna\security\pkix\lib\pkixder.h(132): warning C4365: 'argument': conversion from 'int' to 'uint8_t', signed/unsigned mismatch
12:50.55 pkixtime.obj
12:50.55 pkixresult.cpp
12:50.55 d:/a/K-Meleon-R/K-Meleon-R/goanna/security/pkix/lib/pkixresult.cpp: warning C4464: relative include path contains '..'
12:50.55 d:\a\K-Meleon-R\K-Meleon-R\goanna\security\pkix\lib\pkixder.h(131): warning C4365: 'argument': conversion from 'int' to 'uint8_t', signed/unsigned mismatch
12:50.55 d:\a\K-Meleon-R\K-Meleon-R\goanna\security\pkix\lib\pkixder.h(132): warning C4365: 'argument': conversion from 'int' to 'uint8_t', signed/unsigned mismatch
12:50.55 pkixverify.obj
12:50.55 Unified_cpp_gfx_skia15.cpp
12:50.55 Unified_cpp_gfx_skia17.obj
12:50.55 pkixtime.cpp
12:50.55 d:/a/K-Meleon-R/K-Meleon-R/goanna/security/pkix/lib/pkixtime.cpp: warning C4464: relative include path contains '..'
12:50.55 d:\a\K-Meleon-R\K-Meleon-R\goanna\security\pkix\lib\pkixder.h(131): warning C4365: 'argument': conversion from 'int' to 'uint8_t', signed/unsigned mismatch
12:50.55 d:\a\K-Meleon-R\K-Meleon-R\goanna\security\pkix\lib\pkixder.h(132): warning C4365: 'argument': conversion from 'int' to 'uint8_t', signed/unsigned mismatch
12:50.55 pkixverify.cpp
12:50.55 d:/a/K-Meleon-R/K-Meleon-R/goanna/security/pkix/lib/pkixverify.cpp: warning C4464: relative include path contains '..'
12:50.55 d:\a\K-Meleon-R\K-Meleon-R\goanna\security\pkix\lib\pkixder.h(131): warning C4365: 'argument': conversion from 'int' to 'uint8_t', signed/unsigned mismatch
12:50.55 d:\a\K-Meleon-R\K-Meleon-R\goanna\security\pkix\lib\pkixder.h(132): warning C4365: 'argument': conversion from 'int' to 'uint8_t', signed/unsigned mismatch
12:50.55 mozillapkix.lib.desc
12:50.55 Unified_cpp_gfx_skia18.obj
12:50.55 Unified_cpp_gfx_skia16.cpp
12:50.55 d:\a\K-Meleon-R\K-Meleon-R\goanna\gfx\skia\skia/src/gpu/gl/GrGLBufferImpl.cpp(16): warning C4005: 'VALIDATE': macro redefinition
12:50.55 d:\a\K-Meleon-R\K-Meleon-R\goanna\gfx\skia\skia/src/gpu/effects/GrTextureStripAtlas.cpp(17): note: see previous definition of 'VALIDATE'
12:50.55 MessagePort.obj
12:50.55 nsContentUtils.obj
12:50.55 Unified_cpp_dom_workers0.cpp
12:50.55 Unified_cpp_gfx_skia19.obj
12:50.55 Unified_cpp_gfx_skia17.cpp
12:50.55 d:\a\K-Meleon-R\K-Meleon-R\goanna\gfx\skia\skia/src/gpu/gl/GrGLProgram.cpp(20): warning C4005: 'GL_CALL': macro redefinition
12:50.55 d:\a\K-Meleon-R\K-Meleon-R\goanna\gfx\skia\skia/src/gpu/gl/GrGLPath.cpp(14): note: see previous definition of 'GL_CALL'
12:50.55 d:\a\K-Meleon-R\K-Meleon-R\goanna\gfx\skia\skia/src/gpu/gl/GrGLProgram.cpp(21): warning C4005: 'GL_CALL_RET': macro redefinition
12:50.55 d:\a\K-Meleon-R\K-Meleon-R\goanna\gfx\skia\skia/src/gpu/gl/GrGLPath.cpp(15): note: see previous definition of 'GL_CALL_RET'
12:50.55 d:\a\K-Meleon-R\K-Meleon-R\goanna\gfx\skia\skia/src/gpu/gl/GrGLRenderTarget.cpp(12): warning C4005: 'GPUGL': macro redefinition
12:50.55 d:\a\K-Meleon-R\K-Meleon-R\goanna\gfx\skia\skia/src/gpu/gl/GrGLPath.cpp(12): note: see previous definition of 'GPUGL'
12:50.55 d:\a\K-Meleon-R\K-Meleon-R\goanna\gfx\skia\skia/src/gpu/gl/GrGLRenderTarget.cpp(14): warning C4005: 'GL_CALL': macro redefinition
12:50.55 d:\a\K-Meleon-R\K-Meleon-R\goanna\gfx\skia\skia/src/gpu/gl/GrGLProgram.cpp(20): note: see previous definition of 'GL_CALL'
12:50.55 d:\a\K-Meleon-R\K-Meleon-R\goanna\gfx\skia\skia/src/gpu/gl/GrGLShaderBuilder.cpp(18): warning C4005: 'GL_CALL': macro redefinition
12:50.55 d:\a\K-Meleon-R\K-Meleon-R\goanna\gfx\skia\skia/src/gpu/gl/GrGLRenderTarget.cpp(14): note: see previous definition of 'GL_CALL'
12:50.55 d:\a\K-Meleon-R\K-Meleon-R\goanna\gfx\skia\skia/src/gpu/gl/GrGLShaderBuilder.cpp(19): warning C4005: 'GL_CALL_RET': macro redefinition
12:50.55 d:\a\K-Meleon-R\K-Meleon-R\goanna\gfx\skia\skia/src/gpu/gl/GrGLProgram.cpp(21): note: see previous definition of 'GL_CALL_RET'
12:50.55 Unified_cpp_dom_json0.obj
12:50.55 Unified_cpp_gfx_skia18.cpp
12:50.55 d:\a\K-Meleon-R\K-Meleon-R\goanna\gfx\skia\skia/src/gpu/gl/GrGLVertexArray.cpp(11): warning C4005: 'GPUGL': macro redefinition
12:50.55 d:\a\K-Meleon-R\K-Meleon-R\goanna\gfx\skia\skia/src/gpu/gl/GrGLTexture.cpp(11): note: see previous definition of 'GPUGL'
12:50.55 d:\a\K-Meleon-R\K-Meleon-R\goanna\gfx\skia\skia/src/gpu/gl/GrGLVertexArray.cpp(12): warning C4005: 'GL_CALL': macro redefinition
12:50.55 d:\a\K-Meleon-R\K-Meleon-R\goanna\gfx\skia\skia/src/gpu/gl/GrGLTexture.cpp(13): note: see previous definition of 'GL_CALL'
12:50.55 d:\a\K-Meleon-R\K-Meleon-R\goanna\gfx\skia\skia/src/gpu/gl/GrGpuGL.cpp(20): warning C4005: 'GL_CALL': macro redefinition
12:50.55 d:\a\K-Meleon-R\K-Meleon-R\goanna\gfx\skia\skia/src/gpu/gl/GrGLVertexArray.cpp(12): note: see previous definition of 'GL_CALL'
12:50.55 Unified_cpp_gfx_skia2.obj
12:50.55 MessagePort.cpp
12:50.55 nsDOMWindowUtils.obj
12:50.55 Unified_cpp_dom_json0.cpp
12:50.55 dom_json.lib.desc
12:50.55 Unified_cpp_gfx_skia20.obj
12:50.55 Unified_cpp_dom_workers1.cpp
12:50.55 dom_workers.lib.desc
12:50.55 nsFrameMessageManager.obj
12:50.55 Unified_cpp_gfx_skia19.cpp
12:50.55 ASpdySession.obj
12:50.55 AlternateServices.obj
12:50.55 Unified_cpp_gfx_skia2.cpp
12:50.55 Unified_cpp_gfx_skia21.obj
12:50.55 Unified_cpp_gfx_skia20.cpp
12:50.55 Unified_cpp_gfx_skia22.obj
12:50.55 ASpdySession.cpp
12:50.55 nsHttpAuthCache.obj
12:50.55 Unified_cpp_gfx_skia21.cpp
12:50.55 Unified_cpp_gfx_skia23.obj
12:50.55 AlternateServices.cpp
12:50.55 nsHttpChannelAuthProvider.obj
12:50.55 Unified_cpp_gfx_skia22.cpp
12:50.55 Unified_cpp_gfx_skia24.obj
12:50.55 nsDOMWindowUtils.cpp
12:50.55 Unified_c_mediasniffer0.obj
12:50.55 Unified_cpp_mediasniffer0.obj
12:50.55 Unified_cpp_gfx_skia23.cpp
12:50.55 nsContentUtils.cpp
12:50.55 Unified_cpp_gfx_skia3.obj
12:50.55 nsGlobalWindow.obj
12:50.55 Unified_c_mediasniffer0.c
12:50.55 nsHttpAuthCache.cpp
12:50.55 nsHttpHandler.obj
12:50.55 Unified_cpp_mediasniffer0.cpp
12:50.55 toolkit_components_mediasniffer.lib.desc
12:50.55 Unified_cpp_gfx_skia4.obj
12:50.55 Unified_cpp_gfx_skia24.cpp
12:50.55 nsImageLoadingContent.obj
12:50.55 Unified_cpp_gfx_skia3.cpp
12:50.55 Unified_cpp_gfx_skia5.obj
12:50.55 nsHttpChannelAuthProvider.cpp
12:50.55 Unified_cpp_protocol_http0.obj
12:50.55 Unified_cpp_gfx_skia4.cpp
12:50.55 Unified_cpp_gfx_skia6.obj
12:50.55 Unified_cpp_gfx_skia5.cpp
12:50.55 Unified_cpp_gfx_skia7.obj
12:50.55 nsFrameMessageManager.cpp
12:50.55 Unified_cpp_dom_security0.obj
12:50.55 nsHttpHandler.cpp
12:50.55 Unified_cpp_protocol_http1.obj
12:50.55 Unified_cpp_gfx_skia6.cpp
12:50.55 Unified_cpp_gfx_skia8.obj
12:50.55 Unified_cpp_dom_security0.cpp
12:50.55 dom_security.lib.desc
12:50.55 nsObjectLoadingContent.obj
12:50.55 nsGlobalWindow.cpp
12:50.55 d:/a/K-Meleon-R/K-Meleon-R/goanna/dom/base/nsGlobalWindow.cpp(3888): warning C4101: 'rv': unreferenced local variable
12:50.57 Warning: C4715 in d:\a\K-Meleon-R\K-Meleon-R\goanna\dom\base\nsGlobalWindow.cpp: 'nsGlobalWindow::GetParent': not all control paths return a value
12:50.57 d:\a\K-Meleon-R\K-Meleon-R\goanna\dom\base\nsGlobalWindow.cpp(3827) : warning C4715: 'nsGlobalWindow::GetParent': not all control paths return a value
12:50.57 Warning: C4715 in d:\a\K-Meleon-R\K-Meleon-R\goanna\dom\base\nsGlobalWindow.cpp: 'nsGlobalWindow::GetTop': not all control paths return a value
12:50.57 d:\a\K-Meleon-R\K-Meleon-R\goanna\dom\base\nsGlobalWindow.cpp(5828) : warning C4715: 'nsGlobalWindow::GetTop': not all control paths return a value
12:50.57 Unified_cpp_protocol_http2.obj
12:50.57 Unified_cpp_gfx_skia7.cpp
12:50.57 Unified_cpp_gfx_skia9.obj
12:50.57 Unified_cpp_gfx_skia8.cpp
12:50.57 Unified_cpp_gfx_skia9.cpp
12:50.57 nsImageLoadingContent.cpp
12:50.57 gfx_skia.lib.desc
12:50.57 Unified_cpp_protocol_http0.cpp
12:50.57 nsPluginArray.obj
12:50.57 nsTextFragmentSSE2.obj
12:50.57 Unified_cpp_protocol_http1.cpp
12:50.57 nsOSHelperAppService.obj
12:50.57 Unified_cpp_uriloader_exthandler0.obj
12:50.57 nsPluginArray.cpp
12:50.57 Unified_cpp_xpcom_typelib_xpt0.obj
14:06.05 Unified_cpp_xpcom_typelib_xpt0.cpp
14:06.05 nsOSHelperAppService.cpp
14:06.05 xpt.lib
14:06.05 xpt.lib.desc
14:06.05 Unified_cpp_protocol_http2.cpp
14:06.05 netwerk_protocol_http.lib.desc
14:06.05 Unified_cpp_dom_base0.obj
14:06.05 Unified_cpp_dom_base1.obj
14:06.05 nsTextFragmentSSE2.cpp
14:06.05 PluginDocument.obj
14:06.05 Unified_cpp_dom_html0.obj
14:06.05 nsObjectLoadingContent.cpp
14:06.05 Unified_cpp_intl_locale0.obj
14:06.05 Unified_cpp_intl_locale0.cpp
14:06.05 intl_locale.lib.desc
14:06.05 Unified_cpp_dom_html1.obj
14:06.05 PluginDocument.cpp
14:06.05 Unified_cpp_dom_base2.obj
14:06.05 Unified_cpp_uriloader_exthandler0.cpp
14:06.05 uriloader_exthandler.lib.desc
14:06.05 Unified_cpp_dom_html2.obj
14:06.05 Unified_cpp_dom_base0.cpp
14:06.05 Unified_cpp_webspeech_synth0.obj
14:06.05 Unified_cpp_dom_html0.cpp
14:06.05 Unified_cpp_dom_base3.obj
14:06.05 Unified_cpp_dom_base1.cpp
14:06.05 dom_resourcestats.lib.desc
14:06.05 Unified_cpp_webspeech_synth0.cpp
14:06.05 dom_media_webspeech_synth.lib.desc
14:06.05 Unified_cpp_dom_html3.obj
14:06.05 Unified_cpp_dom_base4.obj
14:06.05 Unified_cpp_dom_html1.cpp
14:06.05 Unified_cpp_caps0.obj
14:06.05 Unified_cpp_caps0.cpp
14:06.05 caps.lib.desc
14:06.05 Unified_cpp_dom_base5.obj
14:06.05 Unified_cpp_dom_html2.cpp
14:06.05 Unified_cpp_dom_html4.obj
14:06.05 Unified_cpp_dom_base2.cpp
14:06.05 Unified_cpp_dom_jsurl0.obj
14:06.05 Unified_cpp_dom_base3.cpp
14:06.05 Unified_cpp_dom_html5.obj
14:06.05 Unified_cpp_dom_jsurl0.cpp
14:06.05 dom_jsurl.lib.desc
14:06.05 Unified_cpp_dom_base6.obj
14:06.05 Unified_cpp_dom_html3.cpp
14:06.05 Unified_cpp_dom_filesystem0.obj
14:06.05 Unified_cpp_dom_html4.cpp
14:06.05 Unified_cpp_dom_filesystem0.cpp
14:06.05 dom_filesystem.lib.desc
14:06.05 Unified_cpp_dom_base7.obj
14:06.05 Unified_cpp_dom_base4.cpp
14:06.05 Unified_cpp_dom_xul0.obj
14:06.05 Unified_cpp_dom_xul0.cpp
14:06.05 dom_xul.lib.desc
14:06.05 Unified_cpp_dom_base5.cpp
14:06.05 Unified_cpp_dom_base8.obj
14:06.05 Unified_cpp_uriloader_base0.obj
14:06.05 Unified_cpp_dom_base6.cpp
14:06.05 Unified_cpp_netwerk_wifi0.obj
14:06.05 Unified_cpp_netwerk_wifi0.cpp
14:06.05 netwerk_wifi.lib.desc
14:06.05 Unified_cpp_dom_html5.cpp
14:06.05 dom_html.lib.desc
14:06.05 Unified_cpp_dom_storage0.obj
14:06.05 Unified_cpp_uriloader_base0.cpp
14:06.05 uriloader_base.lib.desc
14:06.05 nsUTF8UtilsSSE2.obj
14:06.05 Unified_cpp_xpcom_string0.obj
14:06.05 nsUTF8UtilsSSE2.cpp
14:06.05 Unified_cpp_xpcom_string0.cpp
14:06.05 xpcom_string.lib.desc
14:06.05 Unified_cpp_dom_system0.obj
14:06.05 Unified_cpp_dom_base7.cpp
14:06.05 Unified_cpp_intl_unicharutil0.obj
14:06.05 Unified_cpp_dom_storage0.cpp
14:06.05 dom_storage.lib.desc
14:06.05 hyphen.obj
14:06.05 hnjstdio.obj
14:06.05 hyphen.c
14:06.05 Unified_cpp_intl_unicharutil0.cpp
14:06.05 intl_unicharutil.lib.desc
14:06.05 Unified_cpp_intl_hyphenation0.obj
14:06.05 Unified_cpp_dom_system0.cpp
14:06.05 dom_system.lib.desc
14:06.05 Unified_cpp_filewatcher0.obj
14:06.05 Unified_cpp_intl_hyphenation0.cpp
14:06.05 nsNPAPIPlugin.obj
14:06.05 nsPluginHost.obj
14:06.05 hnjstdio.cpp
14:06.05 intl_hyphenation.lib.desc
14:06.05 Unified_cpp_dom_plugins_base0.obj
14:06.05 Unified_cpp_filewatcher0.cpp
14:06.05 toolkit_components_filewatcher.lib.desc
14:06.05 nsNPAPIPlugin.cpp
14:06.05 Unified_cpp_chrome0.obj
14:06.05 Unified_cpp_dom_base8.cpp
14:06.05 dom_base.lib.desc
14:06.05 XPCComponents.obj
14:06.05 Unified_cpp_js_xpconnect_src0.obj
14:06.05 nsPluginHost.cpp
14:06.05 Unified_cpp_pref_autoconfig_src0.obj
14:06.05 Unified_cpp_dom_plugins_base0.cpp
14:06.05 d:\a\K-Meleon-R\K-Meleon-R\goanna\dom\plugins\base\nsPluginDirServiceProvider.cpp(119): warning C4996: 'wcstok': wcstok has been changed to conform with the ISO C standard, adding an extra context parameter. To use the legacy Microsoft wcstok, define _CRT_NON_CONFORMING_WCSTOK.
14:06.05 d:\a\K-Meleon-R\K-Meleon-R\goanna\dom\plugins\base\nsPluginDirServiceProvider.cpp(120): warning C4996: 'wcstok': wcstok has been changed to conform with the ISO C standard, adding an extra context parameter. To use the legacy Microsoft wcstok, define _CRT_NON_CONFORMING_WCSTOK.
14:06.05 d:\a\K-Meleon-R\K-Meleon-R\goanna\dom\plugins\base\nsPluginDirServiceProvider.cpp(121): warning C4996: 'wcstok': wcstok has been changed to conform with the ISO C standard, adding an extra context parameter. To use the legacy Microsoft wcstok, define _CRT_NON_CONFORMING_WCSTOK.
14:06.05 d:\a\K-Meleon-R\K-Meleon-R\goanna\dom\plugins\base\nsPluginDirServiceProvider.cpp(122): warning C4996: 'wcstok': wcstok has been changed to conform with the ISO C standard, adding an extra context parameter. To use the legacy Microsoft wcstok, define _CRT_NON_CONFORMING_WCSTOK.
14:06.05 dom_plugins_base.lib.desc
14:06.05 Unified_cpp_pref_autoconfig_src0.cpp
14:06.05 extensions_pref_autoconfig_src.lib.desc
14:06.05 Unified_cpp_js_xpconnect_src1.obj
14:06.05 XPCComponents.cpp
14:06.05 kiss_fft.obj
14:06.05 kiss_fftr.obj
14:06.05 Unified_cpp_chrome0.cpp
14:06.05 chrome.lib.desc
14:06.05 kiss_fft.c
14:06.05 kiss_fftr.c
14:06.05 media_kiss_fft.lib.desc
14:06.05 Unified_cpp_dom_media_gmp0.obj
14:06.05 Unified_cpp_dom_media_gmp1.obj
14:06.05 yuv_convert_sse2.obj
14:06.05 yuv_row_win64.obj
14:06.05 yuv_convert_sse2.cpp
14:06.05 Unified_cpp_gfx_ycbcr0.obj
14:06.05 yuv_row_win64.cpp
14:06.05 Unified_cpp_gfx_ycbcr0.cpp
14:06.05 Unified_cpp_js_xpconnect_src0.cpp
14:06.05 Unified_cpp_js_xpconnect_src1.cpp
14:06.05 gfx_ycbcr.lib.desc
14:06.05 js_xpconnect_src.lib.desc
14:06.05 nsICOEncoder.obj
14:06.05 Unified_cpp_dom_media_gmp0.cpp
14:06.05 dom_secureelement.lib.desc
14:06.05 TestShellChild.obj
14:06.05 TestShellParent.obj
14:06.05 nsEmbeddingModule.obj
14:06.05 nsICOEncoder.cpp
14:06.05 image_encoders_ico.lib.desc
14:06.05 XPCShellEnvironment.obj
14:06.05 Unified_cpp_dom_media_gmp1.cpp
14:06.05 dom_media_gmp.lib.desc
14:06.05 TestShellChild.cpp
14:06.05 nsEmbeddingModule.cpp
14:06.05 embedding_components_build.lib.desc
14:06.05 PerfMeasurement.obj
14:06.05 AppProtocolHandler.obj
14:06.05 PerfMeasurement.cpp
14:06.05 toolkit_components_perf.lib.desc
14:06.05 Unified_cpp_netwerk_socket0.obj
14:06.05 AppProtocolHandler.cpp
14:06.05 netwerk_protocol_app.lib.desc
14:06.05 Unified_cpp_recognition0.obj
14:06.05 TestShellParent.cpp
14:06.05 RequestSyncWifiService.obj
14:06.05 Unified_cpp_netwerk_socket0.cpp
14:06.05 XPCShellEnvironment.cpp
14:06.05 ipc_testshell.lib.desc
14:06.05 netwerk_socket.lib.desc
14:06.05 Unified_cpp_protocol_about0.obj
14:06.05 Unified_cpp_snappy0.obj
14:06.05 Unified_cpp_snappy0.cpp
14:06.05 d:\a\K-Meleon-R\K-Meleon-R\goanna\other-licenses\snappy\src/snappy.cc(1248): warning C4018: '<': signed/unsigned mismatch
14:06.05 d:\a\K-Meleon-R\K-Meleon-R\goanna\other-licenses\snappy\src/snappy.cc(1245): note: while compiling class template member function 'bool snappy::SnappyScatteredWriter<snappy::SnappySinkAllocator>::AppendFromSelf(size_t,size_t)'
14:06.05 d:\a\K-Meleon-R\K-Meleon-R\goanna\other-licenses\snappy\src/snappy.cc(626): note: see reference to function template instantiation 'bool snappy::SnappyScatteredWriter<snappy::SnappySinkAllocator>::AppendFromSelf(size_t,size_t)' being compiled
14:06.05 d:\a\K-Meleon-R\K-Meleon-R\goanna\other-licenses\snappy\src/snappy.cc(1367): note: see reference to class template instantiation 'snappy::SnappyScatteredWriter<snappy::SnappySinkAllocator>' being compiled
14:06.05 other-licenses_snappy.lib.desc
14:06.05 DiskSpaceWatcher.obj
14:06.05 RequestSyncWifiService.cpp
14:06.05 dom_requestsync.lib.desc
14:06.05 mozStorageBindingParams.obj
14:06.05 mozStorageConnection.obj
14:06.05 Unified_cpp_protocol_about0.cpp
14:06.05 netwerk_protocol_about.lib.desc
14:06.05 Unified_cpp_storage_src0.obj
14:06.05 Unified_cpp_recognition0.cpp
14:06.05 dom_media_webspeech_recognition.lib.desc
14:06.05 DiskSpaceWatcher.cpp
14:06.05 toolkit_components_diskspacewatcher.lib.desc
14:06.05 Unified_cpp_storage_src1.obj
14:06.05 mozStorageBindingParams.cpp
14:06.05 Unified_cpp_dom_media_ogg0.obj
14:06.05 mozStorageConnection.cpp
14:06.05 Unified_cpp_dom_filehandle0.obj
14:06.05 Unified_cpp_storage_src1.cpp
14:06.05 Unified_cpp_dom_crypto0.obj
14:06.05 Unified_cpp_storage_src0.cpp
14:06.05 storage_src.lib.desc
14:06.05 Unified_cpp_dom_offline0.obj
14:06.05 Unified_cpp_dom_filehandle0.cpp
14:06.05 Unified_cpp_dom_offline0.cpp
14:06.05 Unified_cpp_dom_crypto0.cpp
14:06.05 dom_filehandle.lib.desc
14:06.05 dom_crypto.lib.desc
14:06.05 dom_offline.lib.desc
14:06.05 nsUserInfoWin.obj
14:06.05 Unified_cpp_components_startup0.obj
14:06.05 Unified_cpp_security_apps0.obj
14:06.05 Unified_cpp_windowwatcher0.obj
14:06.05 Unified_cpp_dom_media_ogg0.cpp
14:06.05 dom_media_ogg.lib.desc
14:06.05 Unified_cpp_components_startup0.cpp
14:06.05 Unified_cpp_security_apps0.cpp
14:06.05 security_apps.lib.desc
14:06.05 Unified_cpp_parser_htmlparser0.obj
14:06.05 nsRDFModule.obj
14:06.05 nsUserInfoWin.cpp
14:06.05 toolkit_components_startup.lib.desc
14:06.05 Unified_cpp_dom_media_encoder0.obj
14:06.05 nsRDFModule.cpp
14:06.05 rdf_build.lib.desc
14:06.05 MiniShmParent.obj
14:06.05 PluginInstanceChild.obj
14:06.05 Unified_cpp_windowwatcher0.cpp
14:06.05 embedding_components_windowwatcher.lib.desc
14:06.05 PluginModuleChild.obj
14:06.05 MiniShmParent.cpp
14:06.05 Unified_cpp_mozapps_extensions0.obj
14:06.05 Unified_cpp_parser_htmlparser0.cpp
14:06.05 parser_htmlparser.lib.desc
14:06.05 PluginWidgetChild.obj
14:06.05 Unified_cpp_dom_media_encoder0.cpp
14:06.05 dom_media_encoder.lib.desc
14:06.05 PluginWidgetParent.obj
14:06.05 Unified_cpp_mozapps_extensions0.cpp
14:06.05 toolkit_mozapps_extensions.lib.desc
14:06.05 Unified_cpp_dom_plugins_ipc0.obj
14:06.05 PluginInstanceChild.cpp
14:06.05 WyciwygChannelChild.obj
14:06.05 WyciwygChannelParent.obj
14:06.05 PluginModuleChild.cpp
14:06.05 Unified_cpp_glue_staticruntime0.obj
14:06.05 Unified_cpp_glue_staticruntime1.obj
14:06.05 PluginWidgetChild.cpp
14:06.05 nsWyciwyg.obj
14:06.05 Unified_cpp_glue_staticruntime0.cpp
14:06.05 Unified_cpp_glue_staticruntime2.obj
14:06.05 PluginWidgetParent.cpp
14:06.05 Unified_cpp_dom_plugins_ipc1.obj
14:06.05 WyciwygChannelChild.cpp
14:06.05 gmp-fake.obj
14:06.05 gmp-test-decryptor.obj
14:06.05 Unified_cpp_glue_staticruntime1.cpp
14:06.05 WyciwygChannelParent.cpp
14:06.05 nsWyciwygChannel.obj
14:06.05 Unified_cpp_glue_staticruntime2.cpp
14:06.05 xpcomglue_staticruntime_s.lib
14:06.05 gmp-fake.cpp
14:06.05 gmp-test-storage.obj
14:06.05 gmp-test-decryptor.cpp
14:06.05 module.res
14:06.05 nsWyciwyg.cpp
14:06.05 nsWyciwygProtocolHandler.obj
14:06.05 gmp-test-storage.cpp
14:06.05 Unified_cpp_dom_plugins_ipc1.cpp
14:06.05 Creating Resource file: module.res
14:06.05 Microsoft (R) Windows (R) Resource Compiler Version 10.0.10011.16384
14:06.05 
14:06.05 Copyright (C) Microsoft Corporation.  All rights reserved.
14:06.05 
14:06.05 
14:06.05 Unified_cpp_dirserviceprovider0.obj
14:06.05 fake.dll
14:06.06    Creating library fake.lib and object fake.exp
14:06.06 
14:06.06 Unified_cpp_dirserviceprovider0.cpp
14:06.06 profdirserviceprovidersa_s.lib.desc
14:06.06 glslang_lex.obj
14:06.06 glslang_tab.obj
14:06.06 nsWyciwygChannel.cpp
14:06.06 Unified_cpp_dom_plugins_ipc0.cpp
14:06.06 dom_plugins_ipc.lib.desc
14:06.06 Display.obj
14:06.06 oaes_lib.obj
14:06.06 WMFUtils.obj
14:06.06 oaes_lib.c
14:06.06 Unified_cpp_gmp-clearkey_0.10.obj
14:06.06 nsWyciwygProtocolHandler.cpp
14:06.06 netwerk_protocol_wyciwyg.lib.desc
14:06.06 HLSLCompiler.obj
14:06.06 WMFUtils.cpp
14:06.06 glslang_lex.cpp
14:06.06 module.res
14:06.06 Unified_cpp_unicharutil_util0.obj
14:06.06 glslang_tab.cpp
14:06.06 Unified_cpp_unicharutil_util0.cpp
14:06.06 unicharutil_external_s.lib
14:06.06 Display.cpp
14:06.06 loadimageSSE2.obj
14:06.06 unicharutil_external_s.lib.desc
14:06.06 Creating Resource file: module.res
14:06.06 Microsoft (R) Windows (R) Resource Compiler Version 10.0.10011.16384
14:06.06 
14:06.06 Copyright (C) Microsoft Corporation.  All rights reserved.
14:06.06 
14:06.06 
14:06.06 GenericModule.obj
14:06.06 AppData.obj
14:06.06 Unified_cpp_angle_src_libANGLE0.obj
14:06.06 Unified_cpp_gmp-clearkey_0.10.cpp
14:06.06 clearkey.dll
14:06.06 GenericModule.cpp
14:06.06 BlockingResourceBase.obj
14:06.06 loadimageSSE2.cpp
14:06.06 HLSLCompiler.cpp
14:06.06 Unified_cpp_angle_src_libANGLE1.obj
14:06.06 nsRDFResource.obj
14:06.06 AppData.cpp
14:06.06 FileUtils.obj
14:06.06    Creating library clearkey.lib and object clearkey.exp
14:06.06 
14:06.06 Unified_cpp_angle_src_libANGLE10.obj
14:06.06 nsRDFResource.cpp
14:06.06 rdfutil_external_s.lib
14:06.06 BlockingResourceBase.cpp
14:06.06 GenericFactory.obj
14:06.06 rdfutil_external_s.lib.desc
14:06.06 Unified_cpp_angle_src_libANGLE11.obj
14:06.06 Unified_cpp_angle_src_libANGLE0.cpp
14:06.06 nsArrayEnumerator.obj
14:06.06 FileUtils.cpp
14:06.06 Unified_cpp_plugins_ipc_hangui0.obj
14:06.06 module.res
14:06.06 GenericFactory.cpp
14:06.06 nsArrayUtils.obj
14:06.06 nsArrayEnumerator.cpp
14:06.06 Unified_cpp_plugins_ipc_hangui0.cpp
14:06.06 nsCOMArray.obj
14:06.06 Unified_cpp_angle_src_libANGLE1.cpp
14:06.06 Creating Resource file: module.res
14:06.06 freetype.lib.desc
14:06.06 Microsoft (R) Windows (R) Resource Compiler Version 10.0.10011.16384
14:06.06 
14:34.27 Copyright (C) Microsoft Corporation.  All rights reserved.
14:34.27 
14:34.27 
14:34.27 plugin-hang-ui.exe
14:34.27 nsCOMPtr.obj
14:34.27 nsArrayUtils.cpp
14:34.27 Unified_cpp_angle_src_libANGLE12.obj
14:34.27 Embedding manifest from d:/a/K-Meleon-R/K-Meleon-R/goanna/dom/plugins/ipc/hangui/plugin-hang-ui.exe.manifest
14:34.27 nsCRTGlue.obj
14:34.27 nsCOMArray.cpp
14:34.27 Unified_cpp_angle_src_libANGLE2.obj
14:34.27 Unified_cpp_angle_src_libANGLE10.cpp
14:34.27 Unified_cpp_dom_media_gmp_rlz0.obj
14:34.27 nsCOMPtr.cpp
14:34.27 nsCategoryCache.obj
14:34.27 Unified_cpp_dom_media_gmp_rlz0.cpp
14:34.27 rlz.lib.desc
14:34.27 Unified_cpp_angle_src_libANGLE3.obj
14:34.27 nsCRTGlue.cpp
14:34.27 nsClassInfoImpl.obj
14:34.27 nsCategoryCache.cpp
14:34.27 nsComponentManagerUtils.obj
14:34.27 Unified_cpp_angle_src_libANGLE12.cpp
14:34.27 nsStringAPI.obj
14:34.27 nsXPCOMGlue.obj
14:34.27 nsClassInfoImpl.cpp
14:34.27 Unified_cpp_angle_src_libANGLE11.cpp
14:34.27 nsCycleCollectionParticipant.obj
14:34.27 jemalloc_config.obj
14:34.27 mozmemory_wrap.obj
14:34.27 jemalloc_config.c
14:34.27 Unified_cpp_angle_src_libANGLE2.cpp
14:34.27 Unified_cpp_angle_src_libANGLE4.obj
14:34.27 nsStringAPI.cpp
14:34.27 AppData.obj
14:34.27 nsComponentManagerUtils.cpp
14:34.27 nsDeque.obj
14:34.27 mozmemory_wrap.c
14:34.27 d:/a/K-Meleon-R/K-Meleon-R/goanna/memory/build/mozmemory_wrap.c(175): warning C4273: '_aligned_malloc': inconsistent dll linkage
14:34.27 C:\Program Files (x86)\Windows Kits\10\include\10.0.26100.0\ucrt\corecrt_malloc.h(154): note: see previous definition of '_aligned_malloc'
14:34.27 memory.lib.desc
14:34.27 Unified_cpp_angle_src_libANGLE5.obj
14:34.27 nsXPCOMGlue.cpp
14:34.27 FileUtils.obj
14:34.27 nsCycleCollectionParticipant.cpp
14:34.27 nsEnumeratorUtils.obj
14:34.27 AppData.cpp
14:34.27 nsArrayEnumerator.obj
14:34.27 nsDeque.cpp
14:34.27 nsID.obj
14:34.27 Unified_cpp_angle_src_libANGLE3.cpp
14:34.27 nsStringAPI.obj
14:34.27 AppData.obj
14:34.27 Unified_cpp_angle_src_libANGLE4.cpp
14:34.27 Unified_cpp_angle_src_libANGLE6.obj
14:34.27 FileUtils.cpp
14:34.27 nsArrayUtils.obj
14:34.27 nsEnumeratorUtils.cpp
14:34.27 nsIInterfaceRequestorUtils.obj
14:34.27 nsStringAPI.cpp
14:34.27 FileUtils.obj
14:34.27 nsID.cpp
14:34.27 nsINIParser.obj
14:34.27 nsArrayEnumerator.cpp
14:34.27 nsCOMArray.obj
14:34.27 AppData.cpp
14:34.27 nsArrayEnumerator.obj
14:34.27 nsArrayUtils.cpp
14:34.27 nsCOMPtr.obj
14:34.27 nsIInterfaceRequestorUtils.cpp
14:34.27 nsISupportsImpl.obj
14:34.27 nsCOMArray.cpp
14:34.27 Unified_cpp_angle_src_libANGLE5.cpp
14:34.27 Unified_cpp_angle_src_libANGLE7.obj
14:34.27 nsCRTGlue.obj
14:34.27 FileUtils.cpp
14:34.27 nsArrayUtils.obj
14:34.27 nsINIParser.cpp
14:34.27 nsMemory.obj
14:34.27 nsCOMPtr.cpp
14:34.27 nsCategoryCache.obj
14:34.27 nsArrayEnumerator.cpp
14:34.27 nsCOMArray.obj
14:34.27 nsISupportsImpl.cpp
14:34.27 nsProxyRelease.obj
14:34.27 nsArrayUtils.cpp
14:34.27 nsCOMPtr.obj
14:34.27 nsCRTGlue.cpp
14:34.27 nsClassInfoImpl.obj
14:34.27 nsMemory.cpp
14:34.27 nsQuickSort.obj
14:34.27 nsCOMArray.cpp
14:34.27 nsCRTGlue.obj
14:34.27 nsCategoryCache.cpp
14:34.27 Unified_cpp_angle_src_libANGLE6.cpp
14:34.27 nsComponentManagerUtils.obj
14:34.27 Unified_cpp_angle_src_libANGLE8.obj
14:34.27 nsProxyRelease.cpp
14:34.27 nsTArray.obj
14:34.27 nsCOMPtr.cpp
14:34.27 nsCategoryCache.obj
14:34.27 nsClassInfoImpl.cpp
14:34.27 nsCycleCollectionParticipant.obj
14:34.27 nsQuickSort.cpp
14:34.27 nsTHashtable.obj
14:34.27 nsCRTGlue.cpp
14:34.27 nsComponentManagerUtils.cpp
14:34.27 nsClassInfoImpl.obj
14:34.27 nsDeque.obj
14:34.27 nsTArray.cpp
14:34.27 nsTObserverArray.obj
14:34.27 nsCategoryCache.cpp
14:34.27 nsComponentManagerUtils.obj
14:34.27 nsCycleCollectionParticipant.cpp
14:34.27 nsEnumeratorUtils.obj
14:34.27 nsTHashtable.cpp
14:34.27 nsTextFormatter.obj
14:34.27 Unified_cpp_angle_src_libANGLE7.cpp
14:34.27 Unified_cpp_angle_src_libANGLE9.obj
14:34.27 nsClassInfoImpl.cpp
14:34.27 nsCycleCollectionParticipant.obj
14:34.27 nsDeque.cpp
14:34.27 nsID.obj
14:34.27 nsTObserverArray.cpp
14:34.27 nsThreadUtils.obj
14:34.27 nsEnumeratorUtils.cpp
14:34.27 nsIInterfaceRequestorUtils.obj
14:34.27 nsComponentManagerUtils.cpp
14:34.27 nsDeque.obj
14:34.27 nsTextFormatter.cpp
14:34.27 nsVersionComparator.obj
14:34.27 nsID.cpp
14:34.27 nsINIParser.obj
14:34.27 nsCycleCollectionParticipant.cpp
14:34.27 nsEnumeratorUtils.obj
14:34.27 nsIInterfaceRequestorUtils.cpp
14:34.27 nsISupportsImpl.obj
14:34.27 nsDeque.cpp
14:34.27 nsThreadUtils.cpp
14:34.27 nsVoidArray.objnsID.obj
14:34.27 
14:34.27 Unified_cpp_angle_src_libANGLE8.cpp
14:34.27 nsINIParser.cpp
14:34.27 nsEnumeratorUtils.cpp
14:34.27 nsMemory.objnsIInterfaceRequestorUtils.obj
14:34.27 
14:34.27 nsVersionComparator.cpp
14:34.27 nsWeakReference.obj
14:34.27 nsISupportsImpl.cpp
14:34.27 nsID.cpp
14:34.27 nsINIParser.obj
14:34.27 nsQuickSort.obj
14:34.27 nsVoidArray.cpp
14:34.27 pldhash.obj
14:34.27 nsIInterfaceRequestorUtils.cpp
14:34.27 nsISupportsImpl.obj
14:34.27 nsMemory.cpp
14:34.27 nsTArray.obj
14:34.27 nsWeakReference.cpp
14:34.27 nsStringAPI.obj
14:34.27 nsQuickSort.cpp
14:34.27 nsTHashtable.obj
14:34.27 Unified_cpp_angle_src_libANGLE9.cpp
14:34.27 libANGLE.lib.desc
14:34.27 pldhash.cpp
14:34.27 nsMemory.obj
14:34.27 nsINIParser.cpp
14:34.27 nsTObserverArray.obj
14:34.27 nsTArray.cpp
14:34.27 gdef.obj
14:34.27 Unified_cpp_gfx_ots_src0.obj
14:34.27 nsISupportsImpl.cpp
14:34.27 nsTHashtable.cpp
14:34.27 nsQuickSort.obj
14:34.27 nsThreadUtils.obj
14:34.27 nsStringAPI.cpp
14:34.27 xpcomglue_s.lib
14:34.27 gdef.cc
14:34.27 Unified_cpp_gfx_ots_src1.obj
14:34.27 nsTArray.obj
14:34.27 nsTObserverArray.cpp
14:34.27 nsVersionComparator.obj
14:34.27 nsMemory.cpp
14:34.27 Unified_cpp_gfx_ots_src2.obj
14:34.27 nsQuickSort.cpp
14:34.27 nsTHashtable.obj
14:34.27 nsThreadUtils.cpp
14:34.27 nsVoidArray.obj
14:34.27 Unified_cpp_gfx_ots_src0.cpp
14:34.27 nsTArray.cpp
14:34.27 nsTObserverArray.obj
14:34.27 SSE.obj
14:34.27 WindowsDllBlocklist.obj
14:34.27 nsVersionComparator.cpp
14:34.27 nsTHashtable.cpp
14:34.27 nsWeakReference.obj
14:34.27 nsThreadUtils.obj
14:34.27 SSE.cpp
14:34.27 module.res
14:34.27 Unified_cpp_gfx_ots_src1.cpp
14:34.27 d:\a\K-Meleon-R\K-Meleon-R\goanna\gfx\ots\src\kern.cc(92): warning C4334: '<<': result of 32-bit shift implicitly converted to 64 bits (was 64-bit shift intended?)
14:34.27 nsVoidArray.cpp
14:34.27 nsTObserverArray.cpp
14:34.27 nsVersionComparator.obj
14:34.27 pldhash.obj
14:34.27 Unified_cpp_gfx_ots_src2.cpp
14:34.27 gfx_ots_src.lib.desc
14:34.27 Creating Resource file: module.res
14:34.27 nsWeakReference.cpp
14:34.27 Microsoft (R) Windows (R) Resource Compiler Version 10.0.10011.16384
14:34.27 
14:34.27 Copyright (C) Microsoft Corporation.  All rights reserved.
14:34.27 
14:34.27 
14:34.27 nsVoidArray.obj
14:34.27 WindowsDllBlocklist.cpp
14:34.27 mozglue.dll
14:34.27 nsThreadUtils.cpp
14:34.27 nsWeakReference.obj
14:34.27    Creating library mozglue.lib and object mozglue.exp
14:34.27 
14:34.27 LINK : warning LNK4217: symbol 'moz_abort' defined in 'jemalloc_config.obj' is imported by 'jemalloc.obj' in function 'arenas_extend'
14:34.27 
14:34.27 pldhash.obj
14:34.27 nsVersionComparator.cpp
14:34.27 pldhash.cpp
14:34.27 xpcomglue_staticruntime.lib
14:34.27 nsVoidArray.cpp
14:34.27 Unified_cpp_memory_mozalloc0.obj
14:34.27 module.res
14:34.27 nsXPCOMGlue.obj
14:34.27 nsWeakReference.cpp
14:34.27 quickder.c
14:34.27 Unified_cpp_memory_mozalloc0.cpp
14:34.27 secdig.c
14:34.27 Creating Resource file: module.res
14:34.27 Microsoft (R) Windows (R) Resource Compiler Version 10.0.10011.16384
14:34.27 
14:34.27 Copyright (C) Microsoft Corporation.  All rights reserved.
14:34.27 
14:34.27 
14:34.27 mozalloc.dll
14:34.27 pldhash.cpp
14:34.27 derdec.c
14:34.27 certhtml.c
14:34.27    Creating library mozalloc.lib and object mozalloc.exp
14:34.27 
14:34.27 derenc.c
14:34.27 certreq.c
14:34.27 dersubr.c
14:34.27 crlv2.c
14:34.27 dertime.c
14:34.27 ocsp.c
14:34.27 errstrs.c
14:34.27 sechash.c
14:34.27 nssb64d.c
14:34.27 ocspsig.c
14:34.27 seckey.c
14:34.27 certhigh.c
14:34.27 nssb64e.c
14:34.27 nsXPCOMGlue.cpp
14:34.27 xpcomglue.lib
14:34.27 secsign.c
14:34.27 certvfy.c
14:34.27 nssrwlk.c
14:34.27 secvfy.c
14:34.27 nssilock.c
14:34.27 dsautil.c
14:34.27 certvfypkix.c
14:34.27 oidstring.c
14:34.27 d:/a/K-Meleon-R/K-Meleon-R/goanna/obj-x64/security/nss/lib/cryptohi/cryptohi.lib
14:34.27 pkcs1sig.c
14:34.27 xcrldist.c
14:34.27 dev3hack.c
14:34.27 portreg.c
14:34.27 Unified_cpp_angle_src_libGLESv20.obj
14:34.27 module.res
14:34.27 d:/a/K-Meleon-R/K-Meleon-R/goanna/obj-x64/security/nss/lib/certhigh/certhi.lib
14:34.27 pk11akey.c
14:34.27 secalgid.c
14:34.27 secasn1d.c
14:34.27 redit.obj
14:34.27 module.res
14:34.27 pk11auth.c
14:34.27 secasn1e.c
14:34.27 pk11cert.c
14:34.27 secasn1u.c
14:34.27 pk11cxt.c
14:34.27 secitem.c
14:34.27 secload.c
14:34.27 pk11err.c
14:34.27 redit.cpp
14:34.27 Creating Resource file: module.res
14:34.27 Microsoft (R) Windows (R) Resource Compiler Version 10.0.10011.16384
14:34.27 
14:34.27 Copyright (C) Microsoft Corporation.  All rights reserved.
14:34.27 
14:34.27 
14:34.27 redit.exe
14:34.27 pk11kea.c
14:34.27 secoid.c
14:34.27 pk11list.c
14:34.27 sectime.c
14:34.27 Creating Resource file: module.res
14:34.27 secport.c
14:34.27 Microsoft (R) Windows (R) Resource Compiler Version 10.0.10011.16384
14:34.27 
14:34.27 Copyright (C) Microsoft Corporation.  All rights reserved.
14:34.27 
14:34.27 
14:34.27 pk11load.c
14:34.27 templates.c
14:34.27 pk11mech.c
14:34.27 utf8.c
14:34.27 pk11merge.c
14:34.27 alg1485.c
14:34.27 utilmod.c
14:34.27 pk11nobj.c
14:34.27 certdb.c
14:34.27 Unified_cpp_angle_src_libGLESv20.cpp
14:34.27 libGLESv2.dll
14:34.27 pk11obj.c
14:34.27 utilpars.c
14:34.27 certv3.c
14:34.27 certxutl.c
14:34.27 pkcs11uri.c
14:34.27 pk11pars.c
14:34.27 Executing: link -NOLOGO -DLL -OUT:libGLESv2.dll -PDB:libGLESv2.pdb -SUBSYSTEM:WINDOWS,5.02 -MACHINE:X64 @d:\a\K-Meleon-R\K-Meleon-R\goanna\obj-x64\gfx\angle\src\libGLESv2\tmpotvwak.list module.res -LARGEADDRESSAWARE -NXCOMPAT -OPT:REF -OPT:ICF=15 -DYNAMICBASE -DEBUG -DEBUGTYPE:CV -DEBUG -OPT:REF,ICF -DEF:d:/a/K-Meleon-R/K-Meleon-R/goanna/gfx/angle/src/libGLESv2/libGLESv2.def ../../../../mozglue/build/mozglue.lib /lib/x64/d3d9.lib /lib/x64/dxguid.lib kernel32.lib user32.lib gdi32.lib winmm.lib wsock32.lib advapi32.lib secur32.lib netapi32.lib
14:34.27 d:\a\K-Meleon-R\K-Meleon-R\goanna\obj-x64\gfx\angle\src\libGLESv2\tmpotvwak.list:
14:34.27     Unified_cpp_angle_src_libGLESv20.obj
14:34.27     ..\..\..\..\memory\fallible\fallible.obj
14:34.27     ..\libANGLE\glslang_lex.obj
14:34.27     ..\libANGLE\glslang_tab.obj
14:34.27     ..\libANGLE\Display.obj
14:34.27     ..\libANGLE\HLSLCompiler.obj
14:34.27     ..\libANGLE\loadimageSSE2.obj
14:34.27     ..\libANGLE\Unified_cpp_angle_src_libANGLE0.obj
14:34.27     ..\libANGLE\Unified_cpp_angle_src_libANGLE1.obj
14:34.27     ..\libANGLE\Unified_cpp_angle_src_libANGLE10.obj
14:34.27     ..\libANGLE\Unified_cpp_angle_src_libANGLE11.obj
14:34.27     ..\libANGLE\Unified_cpp_angle_src_libANGLE12.obj
14:34.27     ..\libANGLE\Unified_cpp_angle_src_libANGLE2.obj
14:34.27     ..\libANGLE\Unified_cpp_angle_src_libANGLE3.obj
14:34.27     ..\libANGLE\Unified_cpp_angle_src_libANGLE4.obj
14:34.27     ..\libANGLE\Unified_cpp_angle_src_libANGLE5.obj
14:34.27     ..\libANGLE\Unified_cpp_angle_src_libANGLE6.obj
14:34.27     ..\libANGLE\Unified_cpp_angle_src_libANGLE7.obj
14:34.27     ..\libANGLE\Unified_cpp_angle_src_libANGLE8.obj
14:34.27     ..\libANGLE\Unified_cpp_angle_src_libANGLE9.obj
14:34.27 
14:34.27 LINK : warning LNK4044: unrecognized option '/lib/x64/d3d9.lib'; ignored
14:34.27 
14:34.27 LINK : warning LNK4044: unrecognized option '/lib/x64/dxguid.lib'; ignored
14:34.27 
14:34.27    Creating library libGLESv2.lib and object libGLESv2.exp
14:34.27 
14:34.27 Unified_cpp_angle_src_libANGLE10.obj : error LNK2019: unresolved external symbol Direct3DCreate9 referenced in function "public: virtual class egl::Error __cdecl rx::Renderer9::initialize(void)" (?initialize@Renderer9@rx@@UEAA?AVError@egl@@XZ)
14:34.27 
14:34.27 Unified_cpp_angle_src_libANGLE8.obj : error LNK2019: unresolved external symbol "public: static bool __cdecl rx::NativeWindow::isValidNativeWindow(struct HWND__ *)" (?isValidNativeWindow@NativeWindow@rx@@SA_NPEAUHWND__@@@Z) referenced in function "public: virtual bool __cdecl rx::DisplayD3D::isValidNativeWindow(struct HWND__ *)const " (?isValidNativeWindow@DisplayD3D@rx@@UEBA_NPEAUHWND__@@@Z)
14:34.27 
14:34.27 Unified_cpp_angle_src_libANGLE8.obj : error LNK2019: unresolved external symbol "public: struct rx::WorkaroundsD3D const & __cdecl rx::RendererD3D::getWorkarounds(void)const " (?getWorkarounds@RendererD3D@rx@@QEBAAEBUWorkaroundsD3D@2@XZ) referenced in function "public: bool __cdecl rx::DynamicHLSL::generateShaderLinkHLSL(struct gl::Data const &,class gl::Program::Data const &,class rx::ProgramD3DMetadata const &,class rx::VaryingPacking const &,class std::basic_string<char,struct std::char_traits<char>,class std::allocator<char> > *,class std::basic_string<char,struct std::char_traits<char>,class std::allocator<char> > *)const " (?generateShaderLinkHLSL@DynamicHLSL@rx@@QEBA_NAEBUData@gl@@AEBV3Program@4@AEBVProgramD3DMetadata@2@AEBVVaryingPacking@2@PEAV?$basic_string@DU?$char_traits@D@std@@V?$allocator@D@2@@std@@4@Z)
14:34.27 
14:50.44 Unified_cpp_angle_src_libANGLE9.obj : error LNK2001: unresolved external symbol "public: struct rx::WorkaroundsD3D const & __cdecl rx::RendererD3D::getWorkarounds(void)const " (?getWorkarounds@RendererD3D@rx@@QEBAAEBUWorkaroundsD3D@2@XZ)
14:50.44 
14:50.44 Unified_cpp_angle_src_libANGLE9.obj : error LNK2019: unresolved external symbol D3DPERF_BeginEvent referenced in function "public: virtual void __cdecl rx::DebugAnnotator9::beginEvent(wchar_t const *)" (?beginEvent@DebugAnnotator9@rx@@UEAAXPEB_W@Z)
14:50.44 
14:50.44 Unified_cpp_angle_src_libANGLE9.obj : error LNK2019: unresolved external symbol D3DPERF_EndEvent referenced in function "public: virtual void __cdecl rx::DebugAnnotator9::endEvent(void)" (?endEvent@DebugAnnotator9@rx@@UEAAXXZ)
14:50.44 
14:50.44 Unified_cpp_angle_src_libANGLE9.obj : error LNK2019: unresolved external symbol D3DPERF_SetMarker referenced in function "public: virtual void __cdecl rx::DebugAnnotator9::setMarker(wchar_t const *)" (?setMarker@DebugAnnotator9@rx@@UEAAXPEB_W@Z)
14:50.44 
14:50.44 Unified_cpp_angle_src_libANGLE9.obj : error LNK2019: unresolved external symbol D3DPERF_GetStatus referenced in function "public: virtual bool __cdecl rx::DebugAnnotator9::getStatus(void)" (?getStatus@DebugAnnotator9@rx@@UEAA_NXZ)
14:50.44 
14:50.44 Unified_cpp_angle_src_libANGLE9.obj : error LNK2019: unresolved external symbol "public: __cdecl rx::NativeWindow::NativeWindow(struct HWND__ *,struct egl::Config const *)" (??0NativeWindow@rx@@QEAA@PEAUHWND__@@PEBUConfig@egl@@@Z) referenced in function "private: __cdecl rx::SurfaceD3D::SurfaceD3D(class rx::RendererD3D *,class egl::Display *,struct egl::Config const *,int,int,int,void *,struct HWND__ *)" (??0SurfaceD3D@rx@@AEAA@PEAVRendererD3D@1@PEAVDisplay@egl@@PEBUConfig@4@HHHPEAXPEAUHWND__@@@Z)
14:50.44 
14:50.44 Unified_cpp_angle_src_libANGLE9.obj : error LNK2019: unresolved external symbol "public: bool __cdecl rx::NativeWindow::initialize(void)" (?initialize@NativeWindow@rx@@QEAA_NXZ) referenced in function "public: virtual class egl::Error __cdecl rx::SurfaceD3D::initialize(void)" (?initialize@SurfaceD3D@rx@@UEAA?AVError@egl@@XZ)
14:50.44 
14:50.44 Unified_cpp_angle_src_libANGLE9.obj : error LNK2019: unresolved external symbol "public: bool __cdecl rx::NativeWindow::getClientRect(struct tagRECT *)" (?getClientRect@NativeWindow@rx@@QEAA_NPEAUtagRECT@@@Z) referenced in function "public: bool __cdecl rx::SurfaceD3D::checkForOutOfDateSwapChain(void)" (?checkForOutOfDateSwapChain@SurfaceD3D@rx@@QEAA_NXZ)
14:50.44 
14:50.44 Unified_cpp_angle_src_libANGLE9.obj : error LNK2019: unresolved external symbol "public: bool __cdecl rx::NativeWindow::isIconic(void)" (?isIconic@NativeWindow@rx@@QEAA_NXZ) referenced in function "public: bool __cdecl rx::SurfaceD3D::checkForOutOfDateSwapChain(void)" (?checkForOutOfDateSwapChain@SurfaceD3D@rx@@QEAA_NXZ)
14:50.44 
14:50.44 libGLESv2.dll : fatal error LNK1120: 11 unresolved externals
14:50.44 
14:50.44 crl.c
14:50.44 gmake.EXE[5]: *** [d:/a/K-Meleon-R/K-Meleon-R/goanna/config/rules.mk:815: libGLESv2.dll] Error 1120
14:50.44 gmake.EXE[5]: Target 'target' not remade because of errors.
14:50.44 gmake.EXE[5]: Target 'target' not remade because of errors.
14:50.44 gmake.EXE[4]: *** [d:/a/K-Meleon-R/K-Meleon-R/goanna/config/recurse.mk:70: gfx/angle/src/libGLESv2/target] Error 2
14:50.44 d:/a/K-Meleon-R/K-Meleon-R/goanna/obj-x64/security/nss/lib/util/nssutil.lib
14:50.44 pk11pbe.c
14:50.44 genname.c
14:50.44 pk11pk12.c
14:50.44 nsXULStub.obj
14:50.44 module.res
14:50.44 stanpcertdb.c
14:50.44 pk11pqg.c
14:50.44 asymmkey.c
14:50.44 polcyxtn.c
14:50.44 certificate.c
14:50.44 pk11sdr.c
14:50.44 secname.c
14:50.44 pk11skey.c
14:50.44 cryptocontext.c
14:50.44 xauthkid.c
14:50.44 symmkey.c
14:50.44 pk11slot.c
14:50.44 xbsconst.c
14:50.44 trustdomain.c
14:50.44 pk11util.c
14:50.44 xconst.c
14:50.44 nsXULStub.cpp
14:50.44 d:/a/K-Meleon-R/K-Meleon-R/goanna/xulrunner/stub/nsXULStub.cpp(159): warning C4101: 'tmpPath': unreferenced local variable
14:50.44 Creating Resource file: module.res
14:50.44 Microsoft (R) Windows (R) Resource Compiler Version 10.0.10011.16384
14:50.44 
14:50.44 Copyright (C) Microsoft Corporation.  All rights reserved.
14:50.44 
14:50.44 
14:50.44 xulrunner-stub.exe
14:50.44 tdcache.c
14:50.44 d:/a/K-Meleon-R/K-Meleon-R/goanna/obj-x64/security/nss/lib/certdb/certdb.lib
14:50.44 d:/a/K-Meleon-R/K-Meleon-R/goanna/obj-x64/security/nss/lib/pk11wrap/pk11wrap.lib
14:50.44 certdecode.c
14:50.44 nsXULRunnerApp.obj
14:50.44 pkistore.c
14:50.44 module.res
14:50.44 pkibase.c
14:50.44 pki3hack.c
14:50.44 devslot.c
14:50.44 d:/a/K-Meleon-R/K-Meleon-R/goanna/obj-x64/security/nss/lib/pki/nsspki.lib
14:50.44 devtoken.c
14:50.44 Creating Resource file: module.res
14:50.44 Microsoft (R) Windows (R) Resource Compiler Version 10.0.10011.16384
14:50.44 
14:50.44 Copyright (C) Microsoft Corporation.  All rights reserved.
14:50.44 
14:50.44 
14:50.44 devutil.c
14:50.44 Executing: link -NOLOGO -OUT:xulrunner-stub.exe -PDB:xulrunner-stub.pdb -ENTRY:wmainCRTStartup -SUBSYSTEM:WINDOWS,5.02 -STACK:2097152 -LARGEADDRESSAWARE -NXCOMPAT -OPT:REF -OPT:ICF=15 -DYNAMICBASE -DEBUG -DEBUGTYPE:CV -DEBUG -OPT:REF,ICF @d:\a\K-Meleon-R\K-Meleon-R\goanna\obj-x64\xulrunner\stub\tmphdn4eb.list module.res ../../xpcom/glue/standalone/staticruntime/xpcomglue_staticruntime.lib kernel32.lib user32.lib gdi32.lib winmm.lib wsock32.lib advapi32.lib secur32.lib netapi32.lib shell32.lib
14:50.44 d:\a\K-Meleon-R\K-Meleon-R\goanna\obj-x64\xulrunner\stub\tmphdn4eb.list:
14:50.44     nsXULStub.obj
14:50.44     ..\..\memory\fallible\fallible.obj
14:50.44 
14:50.44 fallible.obj : error LNK2038: mismatch detected for 'RuntimeLibrary': value 'MD_DynamicRelease' doesn't match value 'MT_StaticRelease' in nsXULStub.obj
14:50.44 
14:50.44 xulrunner-stub.exe : fatal error LNK1319: 1 mismatches detected
14:50.44 
14:50.44 gmake.EXE[5]: *** [d:/a/K-Meleon-R/K-Meleon-R/goanna/config/rules.mk:656: xulrunner-stub.exe] Error 1319
14:50.44 gmake.EXE[5]: Target 'target' not remade because of errors.
14:50.44 gmake.EXE[5]: Target 'target' not remade because of errors.
14:50.44 gmake.EXE[4]: *** [d:/a/K-Meleon-R/K-Meleon-R/goanna/config/recurse.mk:70: xulrunner/stub/target] Error 2
14:50.44 nsXULRunnerApp.cpp
14:50.44 xulrunner.exe
14:50.44 ckhelper.c
14:50.44 arena.c
14:50.44 Embedding manifest from d:/a/K-Meleon-R/K-Meleon-R/goanna/xulrunner/app/xulrunner.exe.manifest
14:50.44 d:/a/K-Meleon-R/K-Meleon-R/goanna/obj-x64/security/nss/lib/dev/nssdev.lib
14:50.44 error.c
14:50.44 pkix_certselector.c
14:50.44 errorval.c
14:50.44 hashops.c
14:50.44 pkix_comcertselparams.c
14:50.44 libc.c
14:50.44 pkix_trustanchor.c
14:50.44 pkix_basicconstraintschecker.c
14:50.44 d:/a/K-Meleon-R/K-Meleon-R/goanna/obj-x64/security/nss/lib/libpkix/pkix/certsel/pkixcertsel.lib
14:50.44 tracker.c
14:50.44 pkix_procparams.c
14:50.44 pkix_certchainchecker.c
14:50.44 item.c
14:50.44 pkix_crlchecker.c
14:50.44 pkix_valparams.c
14:50.44 utf8.c
14:50.44 pkix_buildresult.c
14:50.44 pkix_ekuchecker.c
14:50.44 pkix_resourcelimits.c
14:50.44 list.c
14:50.44 pkix_policynode.c
14:50.44 d:/a/K-Meleon-R/K-Meleon-R/goanna/obj-x64/security/nss/lib/libpkix/pkix/params/pkixparams.lib
14:50.44 pkix_expirationchecker.c
14:50.44 hash.c
14:50.44 pkix_namechainingchecker.c
14:50.44 pkix_valresult.c
14:50.44 pkix_verifynode.c
14:50.44 d:/a/K-Meleon-R/K-Meleon-R/goanna/obj-x64/security/nss/lib/base/nssb.lib
14:50.44 pkix_nameconstraintschecker.c
14:50.44 pkix_ocspchecker.c
14:50.44 d:/a/K-Meleon-R/K-Meleon-R/goanna/obj-x64/security/nss/lib/libpkix/pkix/results/pkixresults.lib
14:50.44 pkix_revocationmethod.c
14:50.44 pkix_validate.c
14:50.44 pkix_revocationchecker.c
14:50.44 pkix_tools.c
14:50.44 pkix_policychecker.c
14:50.44 pkix_lifecycle.c
14:50.44 pkix_crlselector.c
14:50.44 pkix_error.c
14:50.44 pkix_comcrlselparams.c
14:50.44 pkix_build.c
14:50.44 pkix_logger.c
14:50.44 d:/a/K-Meleon-R/K-Meleon-R/goanna/obj-x64/security/nss/lib/libpkix/pkix/crlsel/pkixcrlsel.lib
14:50.44 pkix_signaturechecker.c
14:50.44 pkix_list.c
14:50.44 pkix_targetcertchecker.c
14:50.44 pkix_errpaths.c
14:50.44 d:/a/K-Meleon-R/K-Meleon-R/goanna/obj-x64/security/nss/lib/libpkix/pkix/top/pkixtop.lib
14:50.44 d:/a/K-Meleon-R/K-Meleon-R/goanna/obj-x64/security/nss/lib/libpkix/pkix/checker/pkixchecker.lib
14:50.44 d:/a/K-Meleon-R/K-Meleon-R/goanna/obj-x64/security/nss/lib/libpkix/pkix/util/pkixutil.lib
14:50.44 pkix_store.c
14:50.44 pkix_pl_basicconstraints.c
14:50.44 pkix_pl_bigint.c
14:50.44 d:/a/K-Meleon-R/K-Meleon-R/goanna/obj-x64/security/nss/lib/libpkix/pkix/store/pkixstore.lib
14:50.44 pkix_pl_aiamgr.c
14:50.44 pkix_pl_cert.c
14:50.44 pkix_pl_bytearray.c
14:50.44 pkix_pl_colcertstore.c
14:50.44 pkix_pl_common.c
14:50.44 pkix_pl_httpcertstore.c
14:50.44 pkix_pl_certpolicyinfo.c
14:50.44 pkix_pl_error.c
14:50.44 pkix_pl_certpolicymap.c
14:50.44 pkix_pl_httpdefaultclient.c
14:50.44 nssinit.c
14:50.44 pkix_pl_hashtable.c
14:50.44 pkix_pl_certpolicyqualifier.c
14:50.44 nssoptions.c
14:50.44 pkix_pl_ldaptemplates.c
14:50.44 nssver.c
14:50.44 pkix_pl_ldapcertstore.c
14:50.44 pkix_pl_crl.c
14:50.44 pkix_pl_lifecycle.c
14:50.44 utilwrap.c
14:50.44 pkix_pl_mem.c
14:50.44 pkix_pl_ldapresponse.c
14:50.44 pkix_pl_crldp.c
14:50.44 d:/a/K-Meleon-R/K-Meleon-R/goanna/obj-x64/security/nss/lib/nss/nss.lib
14:50.44 pkix_pl_monitorlock.c
14:50.44 pkix_pl_ldaprequest.c
14:50.44 pkix_pl_crlentry.c
14:50.44 pkix_pl_mutex.c
14:50.44 pkix_pl_ldapdefaultclient.c
14:50.44 pkix_pl_date.c
14:50.44 pkix_pl_object.c
14:50.44 dtlscon.c
14:50.44 pkix_pl_generalname.c
14:50.44 pkix_pl_nsscontext.c
14:50.44 pkix_pl_oid.c
14:50.44 dtls13con.c
14:50.44 pkix_pl_infoaccess.c
14:50.44 pkix_pl_pk11certstore.c
14:50.44 pkix_pl_primhash.c
14:50.44 prelib.c
14:50.44 pkix_pl_nameconstraints.c
14:50.44 pkix_pl_rwlock.c
14:50.44 pkix_pl_socket.c
14:50.44 ssl3con.c
14:50.44 pkix_pl_string.c
14:50.44 pkix_pl_ocsprequest.c
14:50.44 d:/a/K-Meleon-R/K-Meleon-R/goanna/obj-x64/security/nss/lib/libpkix/pkix_pl_nss/module/pkixmodule.lib
14:50.44 ssl3gthr.c
14:50.44 pkix_pl_ocspresponse.c
14:50.44 sslauth.c
14:50.44 d:/a/K-Meleon-R/K-Meleon-R/goanna/obj-x64/security/nss/lib/libpkix/pkix_pl_nss/system/pkixsystem.lib
14:50.44 pkix_pl_publickey.c
14:50.44 sslbloom.c
14:50.44 sslcon.c
14:50.44 pkix_pl_x500name.c
14:50.44 p12local.c
14:50.44 ssldef.c
14:50.44 certread.c
14:50.44 pkix_pl_ocspcertid.c
14:50.44 p12creat.c
14:50.44 sslencode.c
14:50.44 p7common.c
14:50.44 p12dec.c
14:50.44 d:/a/K-Meleon-R/K-Meleon-R/goanna/obj-x64/security/nss/lib/libpkix/pkix_pl_nss/pki/pkixpki.lib
14:50.44 p7create.c
14:50.44 p12plcy.c
14:50.44 sslenum.c
14:50.44 p7decode.c
14:50.44 p12tmpl.c
14:50.44 sslerr.c
14:50.44 p7encode.c
14:50.44 sslerrstrs.c
14:50.44 p12e.c
14:50.44 sslinit.c
14:50.44 p7local.c
14:50.44 cmsarray.c
14:50.44 p12d.c
14:50.44 secmime.c
14:50.44 ssl3ext.c
14:50.44 cmsasn1.c
14:50.44 d:/a/K-Meleon-R/K-Meleon-R/goanna/obj-x64/security/nss/lib/pkcs12/pkcs12.lib
14:50.44 ssl3exthandle.c
14:50.44 cmsattr.c
14:50.44 d:/a/K-Meleon-R/K-Meleon-R/goanna/obj-x64/security/nss/lib/pkcs7/pkcs7.lib
14:50.44 sslmutex.c
14:50.44 cmscinfo.c
14:50.44 sslnonce.c
14:50.44 module.res
14:50.44 cmscipher.c
14:50.44 sslreveal.c
14:50.44 Creating Resource file: module.res
14:50.44 Microsoft (R) Windows (R) Resource Compiler Version 10.0.10011.16384
14:50.44 
14:50.44 Copyright (C) Microsoft Corporation.  All rights reserved.
14:50.44 
14:50.44 
14:50.44 cmsdecode.c
14:50.44 sslsecur.c
14:50.44 sslsnce.c
14:50.44 cmsdigdata.c
14:50.44 sslsock.c
14:50.44 cmsdigest.c
14:50.44 sslspec.c
14:50.44 cmsencdata.c
14:50.44 ssltrace.c
14:50.44 cmsencode.c
14:50.44 sslver.c
14:50.44 authcert.c
14:50.44 cmsenvdata.c
14:50.44 cmsmessage.c
14:50.44 cmpcert.c
14:50.44 cmspubkey.c
14:50.44 selfencrypt.c
14:50.44 cmsrecinfo.c
14:50.44 cmsreclist.c
14:50.44 ssl3ecc.c
14:50.44 sslinfo.c
14:50.44 cmssigdata.c
14:50.44 cmssiginfo.c
14:50.44 tls13con.c
14:50.44 cmsudf.c
14:50.44 cmsutil.c
14:50.44 tls13exthandle.c
14:50.44 smimemessage.c
14:50.44 tls13hashstate.c
14:50.44 smimeutil.c
14:50.44 smimever.c
14:50.44 tls13hkdf.c
14:50.44 tls13replay.c
14:50.44 sslcert.c
14:50.44 d:/a/K-Meleon-R/K-Meleon-R/goanna/obj-x64/security/nss/lib/smime/smime.lib
14:50.44 sslgrp.c
14:50.44 sslprimitive.c
14:50.44 tls13esni.c
14:50.44 tls13subcerts.c
14:50.44 win32err.c
14:50.44 d:/a/K-Meleon-R/K-Meleon-R/goanna/obj-x64/security/nss/lib/ssl/ssl.lib
14:50.44 nss3.dll
14:50.44    Creating library nss3.lib and object nss3.exp
14:50.44 
14:50.44 LINK : warning LNK4217: symbol 'PR_ExplodeTime' defined in 'prtime.obj' is imported by 'dertime.obj' in function 'DER_TimeToGeneralizedTimeArena_Util'
14:50.44 
14:50.44 LINK : warning LNK4286: symbol 'PR_ExplodeTime' defined in 'prtime.obj' is imported by 'sectime.obj'
14:50.44 
14:50.44 LINK : warning LNK4286: symbol 'PR_ExplodeTime' defined in 'prtime.obj' is imported by 'tls13subcerts.obj'
14:50.44 
14:50.44 LINK : warning LNK4217: symbol 'PR_ImplodeTime' defined in 'prtime.obj' is imported by 'dertime.obj' in function 'der_TimeStringToTime'
14:50.44 
14:50.44 LINK : warning LNK4217: symbol 'PR_GMTParameters' defined in 'prtime.obj' is imported by 'dertime.obj' in function 'DER_TimeToGeneralizedTimeArena_Util'
14:50.44 
14:50.44 LINK : warning LNK4217: symbol 'PR_GMTParameters' defined in 'prtime.obj' is imported by 'sectime.obj' in function 'CERT_UTCTime2FormattedAscii'
14:50.44 
14:50.44 LINK : warning LNK4286: symbol 'PR_GMTParameters' defined in 'prtime.obj' is imported by 'tls13subcerts.obj'
14:50.44 
14:50.44 LINK : warning LNK4217: symbol 'PR_ErrorInstallTable' defined in 'prerrortable.obj' is imported by 'errstrs.obj' in function 'nss_InitializePRErrorTableOnce'
14:50.44 
14:50.44 LINK : warning LNK4286: symbol 'PR_ErrorInstallTable' defined in 'prerrortable.obj' is imported by 'sslerrstrs.obj'
14:50.44 
14:50.44 LINK : warning LNK4286: symbol 'PR_CallOnce' defined in 'prinit.obj' is imported by 'sslnonce.obj'
14:50.44 
14:50.44 LINK : warning LNK4286: symbol 'PR_CallOnce' defined in 'prinit.obj' is imported by 'sslsnce.obj'
14:50.44 
14:50.44 LINK : warning LNK4286: symbol 'PR_CallOnce' defined in 'prinit.obj' is imported by 'sslsock.obj'
14:50.44 
14:50.44 LINK : warning LNK4286: symbol 'PR_CallOnce' defined in 'prinit.obj' is imported by 'cmsudf.obj'
14:50.44 
14:50.44 LINK : warning LNK4286: symbol 'PR_CallOnce' defined in 'prinit.obj' is imported by 'pkix_pl_httpcertstore.obj'
14:50.44 
14:50.44 LINK : warning LNK4286: symbol 'PR_CallOnce' defined in 'prinit.obj' is imported by 'nssinit.obj'
14:50.44 
14:50.44 LINK : warning LNK4286: symbol 'PR_CallOnce' defined in 'prinit.obj' is imported by 'sslerrstrs.obj'
14:50.44 
14:50.44 LINK : warning LNK4286: symbol 'PR_CallOnce' defined in 'prinit.obj' is imported by 'sslgrp.obj'
14:50.44 
14:50.44 LINK : warning LNK4217: symbol 'PR_CallOnce' defined in 'prinit.obj' is imported by 'errstrs.obj' in function 'NSS_InitializePRErrorTable'
14:50.44 
14:50.44 LINK : warning LNK4286: symbol 'PR_CallOnce' defined in 'prinit.obj' is imported by 'secport.obj'
14:50.44 
14:50.44 LINK : warning LNK4286: symbol 'PR_CallOnce' defined in 'prinit.obj' is imported by 'pk11load.obj'
14:50.44 
14:50.44 LINK : warning LNK4286: symbol 'PR_CallOnce' defined in 'prinit.obj' is imported by 'error.obj'
14:50.44 
14:50.44 LINK : warning LNK4286: symbol 'PR_SetError' defined in 'prerror.obj' is imported by 'sslsock.obj'
14:50.44 
14:50.44 LINK : warning LNK4286: symbol 'PR_SetError' defined in 'prerror.obj' is imported by 'win32err.obj'
14:50.44 
14:50.44 LINK : warning LNK4286: symbol 'PR_SetError' defined in 'prerror.obj' is imported by 'plgetopt.obj'
14:50.44 
14:50.44 LINK : warning LNK4217: symbol 'PR_SetError' defined in 'prerror.obj' is imported by 'nssb64d.obj' in function 'NSSBase64Decoder_Create_Util'
14:50.44 
14:50.44 LINK : warning LNK4286: symbol 'PR_SetError' defined in 'prerror.obj' is imported by 'nssb64e.obj'
14:50.44 
14:50.44 LINK : warning LNK4286: symbol 'PR_SetError' defined in 'prerror.obj' is imported by 'secport.obj'
14:50.44 
14:50.44 LINK : warning LNK4286: symbol 'PR_SetError' defined in 'prerror.obj' is imported by 'pkix_pl_colcertstore.obj'
14:50.44 
14:50.44 LINK : warning LNK4286: symbol 'PR_Malloc' defined in 'prmem.obj' is imported by 'plhash.obj'
14:50.44 
14:50.44 LINK : warning LNK4286: symbol 'PR_Malloc' defined in 'prmem.obj' is imported by 'base64.obj'
14:50.44 
14:50.44 LINK : warning LNK4286: symbol 'PR_Malloc' defined in 'prmem.obj' is imported by 'plgetopt.obj'
14:50.44 
14:50.44 LINK : warning LNK4286: symbol 'PR_Malloc' defined in 'prmem.obj' is imported by 'pkix_pl_mem.obj'
14:50.44 
14:50.44 LINK : warning LNK4217: symbol 'PR_Malloc' defined in 'prmem.obj' is imported by 'pkix_pl_string.obj' in function 'PKIX_PL_GetString'
14:50.44 
14:50.44 LINK : warning LNK4217: symbol 'PR_Malloc' defined in 'prmem.obj' is imported by 'pkix_pl_pk11certstore.obj' in function 'pkix_pl_Pk11CertStore_CertQuery'
14:50.44 
14:50.44 LINK : warning LNK4286: symbol 'PR_Malloc' defined in 'prmem.obj' is imported by 'plarena.obj'
14:50.44 
14:50.44 LINK : warning LNK4217: symbol 'PR_Malloc' defined in 'prmem.obj' is imported by 'nssb64d.obj' in function 'PL_Base64DecodeBuffer'
14:50.44 
14:50.44 LINK : warning LNK4286: symbol 'PR_Malloc' defined in 'prmem.obj' is imported by 'nssb64e.obj'
14:50.44 
14:50.44 LINK : warning LNK4286: symbol 'PR_Malloc' defined in 'prmem.obj' is imported by 'nssrwlk.obj'
14:50.44 
14:50.44 LINK : warning LNK4286: symbol 'PR_Malloc' defined in 'prmem.obj' is imported by 'secport.obj'
14:50.44 
14:50.44 LINK : warning LNK4217: symbol 'PR_Calloc' defined in 'prmem.obj' is imported by 'arena.obj' in function 'NSSArena_Create'
14:50.44 
14:50.44 LINK : warning LNK4286: symbol 'PR_Calloc' defined in 'prmem.obj' is imported by 'error.obj'
14:50.44 
14:50.44 LINK : warning LNK4286: symbol 'PR_Calloc' defined in 'prmem.obj' is imported by 'pkix_pl_mem.obj'
14:50.44 
14:50.44 LINK : warning LNK4286: symbol 'PR_Calloc' defined in 'prmem.obj' is imported by 'plgetopt.obj'
14:50.44 
14:50.44 LINK : warning LNK4217: symbol 'PR_Calloc' defined in 'prmem.obj' is imported by 'nssb64d.obj' in function 'NSSBase64Decoder_Create_Util'
14:50.44 
14:50.44 LINK : warning LNK4286: symbol 'PR_Calloc' defined in 'prmem.obj' is imported by 'nssb64e.obj'
14:50.44 
14:50.44 LINK : warning LNK4286: symbol 'PR_Calloc' defined in 'prmem.obj' is imported by 'nssrwlk.obj'
14:50.44 
14:50.44 LINK : warning LNK4286: symbol 'PR_Calloc' defined in 'prmem.obj' is imported by 'secport.obj'
14:50.44 
14:50.44 LINK : warning LNK4217: symbol 'PR_Realloc' defined in 'prmem.obj' is imported by 'nssb64d.obj' in function 'PL_UpdateBase64Decoder'
14:50.44 
14:50.44 LINK : warning LNK4286: symbol 'PR_Realloc' defined in 'prmem.obj' is imported by 'secport.obj'
14:50.44 
14:50.44 LINK : warning LNK4286: symbol 'PR_Realloc' defined in 'prmem.obj' is imported by 'pkix_pl_mem.obj'
14:50.44 
14:50.44 LINK : warning LNK4286: symbol 'PR_Free' defined in 'prmem.obj' is imported by 'plarena.obj'
14:50.44 
14:50.44 LINK : warning LNK4286: symbol 'PR_Free' defined in 'prmem.obj' is imported by 'plhash.obj'
14:50.44 
14:50.44 LINK : warning LNK4286: symbol 'PR_Free' defined in 'prmem.obj' is imported by 'base64.obj'
14:50.44 
14:50.44 LINK : warning LNK4286: symbol 'PR_Free' defined in 'prmem.obj' is imported by 'plgetopt.obj'
14:50.44 
14:50.44 LINK : warning LNK4286: symbol 'PR_Free' defined in 'prmem.obj' is imported by 'pkix_pl_generalname.obj'
14:50.44 
14:50.44 LINK : warning LNK4286: symbol 'PR_Free' defined in 'prmem.obj' is imported by 'pkix_pl_mem.obj'
14:50.44 
14:50.44 LINK : warning LNK4286: symbol 'PR_Free' defined in 'prmem.obj' is imported by 'pkix_pl_string.obj'
14:50.44 
14:50.44 LINK : warning LNK4286: symbol 'PR_Free' defined in 'prmem.obj' is imported by 'pkix_pl_ldapresponse.obj'
14:50.44 
14:50.44 LINK : warning LNK4286: symbol 'PR_Free' defined in 'prmem.obj' is imported by 'secport.obj'
14:50.44 
14:50.44 LINK : warning LNK4217: symbol 'PR_Free' defined in 'prmem.obj' is imported by 'arena.obj' in function 'NSS_ZFreeIf'
14:50.44 
14:50.44 LINK : warning LNK4286: symbol 'PR_Free' defined in 'prmem.obj' is imported by 'error.obj'
14:50.44 
14:50.44 LINK : warning LNK4286: symbol 'PR_Free' defined in 'prmem.obj' is imported by 'pkix_pl_date.obj'
14:50.44 
14:50.44 LINK : warning LNK4217: symbol 'PR_Free' defined in 'prmem.obj' is imported by 'nssb64d.obj' in function 'PL_Base64DecodeBuffer'
14:50.44 
14:50.44 LINK : warning LNK4286: symbol 'PR_Free' defined in 'prmem.obj' is imported by 'nssb64e.obj'
14:50.44 
14:50.44 LINK : warning LNK4286: symbol 'PR_Free' defined in 'prmem.obj' is imported by 'nssrwlk.obj'
14:50.44 
14:50.44 LINK : warning LNK4286: symbol 'PR_Free' defined in 'prmem.obj' is imported by 'secload.obj'
14:50.44 
14:50.44 LINK : warning LNK4286: symbol 'PR_NewLock' defined in 'prulock.obj' is imported by 'sslnonce.obj'
14:50.44 
14:50.44 LINK : warning LNK4286: symbol 'PR_NewLock' defined in 'prulock.obj' is imported by 'sslsock.obj'
14:50.44 
14:50.44 LINK : warning LNK4286: symbol 'PR_NewLock' defined in 'prulock.obj' is imported by 'cmsudf.obj'
14:50.44 
14:50.44 LINK : warning LNK4286: symbol 'PR_NewLock' defined in 'prulock.obj' is imported by 'pkix_pl_object.obj'
14:50.44 
14:50.44 LINK : warning LNK4286: symbol 'PR_NewLock' defined in 'prulock.obj' is imported by 'nssinit.obj'
14:50.44 
14:50.44 LINK : warning LNK4286: symbol 'PR_NewLock' defined in 'prulock.obj' is imported by 'ssl3con.obj'
14:50.44 
14:50.44 LINK : warning LNK4286: symbol 'PR_NewLock' defined in 'prulock.obj' is imported by 'sslmutex.obj'
14:50.44 
14:50.44 LINK : warning LNK4286: symbol 'PR_NewLock' defined in 'prulock.obj' is imported by 'hash.obj'
14:50.44 
14:50.44 LINK : warning LNK4286: symbol 'PR_NewLock' defined in 'prulock.obj' is imported by 'list.obj'
14:50.44 
14:50.44 LINK : warning LNK4217: symbol 'PR_NewLock' defined in 'prulock.obj' is imported by 'pkix_pl_lifecycle.obj' in function 'PKIX_PL_Initialize'
14:50.44 
14:50.44 LINK : warning LNK4217: symbol 'PR_NewLock' defined in 'prulock.obj' is imported by 'pkix_pl_mutex.obj' in function 'PKIX_PL_Mutex_Create'
14:50.44 
14:50.44 LINK : warning LNK4286: symbol 'PR_NewLock' defined in 'prulock.obj' is imported by 'pkistore.obj'
14:50.44 
14:50.44 LINK : warning LNK4286: symbol 'PR_NewLock' defined in 'prulock.obj' is imported by 'tdcache.obj'
14:50.44 
14:50.44 LINK : warning LNK4286: symbol 'PR_NewLock' defined in 'prulock.obj' is imported by 'devutil.obj'
14:50.44 
14:50.44 LINK : warning LNK4286: symbol 'PR_NewLock' defined in 'prulock.obj' is imported by 'arena.obj'
14:50.44 
14:50.44 LINK : warning LNK4286: symbol 'PR_NewLock' defined in 'prulock.obj' is imported by 'certdb.obj'
14:50.44 
14:50.44 LINK : warning LNK4286: symbol 'PR_NewLock' defined in 'prulock.obj' is imported by 'crl.obj'
14:50.44 
14:50.44 LINK : warning LNK4286: symbol 'PR_NewLock' defined in 'prulock.obj' is imported by 'genname.obj'
14:50.44 
14:50.44 LINK : warning LNK4286: symbol 'PR_NewLock' defined in 'prulock.obj' is imported by 'pkibase.obj'
14:50.44 
14:50.44 LINK : warning LNK4286: symbol 'PR_NewLock' defined in 'prulock.obj' is imported by 'pk11load.obj'
14:50.44 
14:50.44 LINK : warning LNK4286: symbol 'PR_NewLock' defined in 'prulock.obj' is imported by 'pk11pars.obj'
14:50.44 
14:50.44 LINK : warning LNK4286: symbol 'PR_NewLock' defined in 'prulock.obj' is imported by 'pk11sdr.obj'
14:50.44 
14:50.44 LINK : warning LNK4286: symbol 'PR_NewLock' defined in 'prulock.obj' is imported by 'pk11slot.obj'
14:50.44 
14:50.44 LINK : warning LNK4217: symbol 'PR_NewLock' defined in 'prulock.obj' is imported by 'nssrwlk.obj' in function 'NSSRWLock_New_Util'
14:50.44 
14:50.44 LINK : warning LNK4286: symbol 'PR_NewLock' defined in 'prulock.obj' is imported by 'secport.obj'
14:50.44 
14:50.44 LINK : warning LNK4286: symbol 'PR_NewLock' defined in 'prulock.obj' is imported by 'dev3hack.obj'
14:50.44 
14:50.44 LINK : warning LNK4286: symbol 'PR_NewLock' defined in 'prulock.obj' is imported by 'pk11cxt.obj'
14:50.44 
14:50.44 LINK : warning LNK4286: symbol 'PR_DestroyLock' defined in 'prulock.obj' is imported by 'cmsudf.obj'
14:50.44 
14:50.44 LINK : warning LNK4286: symbol 'PR_DestroyLock' defined in 'prulock.obj' is imported by 'ssl3con.obj'
14:50.44 
14:50.44 LINK : warning LNK4286: symbol 'PR_DestroyLock' defined in 'prulock.obj' is imported by 'sslmutex.obj'
14:50.44 
14:50.44 LINK : warning LNK4286: symbol 'PR_DestroyLock' defined in 'prulock.obj' is imported by 'sslnonce.obj'
14:50.44 
14:50.44 LINK : warning LNK4286: symbol 'PR_DestroyLock' defined in 'prulock.obj' is imported by 'sslsock.obj'
14:50.44 
14:50.44 LINK : warning LNK4217: symbol 'PR_DestroyLock' defined in 'prulock.obj' is imported by 'pkix_pl_lifecycle.obj' in function 'PKIX_PL_Initialize'
14:50.44 
14:50.44 LINK : warning LNK4217: symbol 'PR_DestroyLock' defined in 'prulock.obj' is imported by 'pkix_pl_mutex.obj' in function 'pkix_pl_Mutex_Destroy'
14:50.44 
14:50.44 LINK : warning LNK4286: symbol 'PR_DestroyLock' defined in 'prulock.obj' is imported by 'pkix_pl_object.obj'
14:50.44 
14:50.44 LINK : warning LNK4286: symbol 'PR_DestroyLock' defined in 'prulock.obj' is imported by 'nssinit.obj'
14:50.44 
14:50.44 LINK : warning LNK4286: symbol 'PR_DestroyLock' defined in 'prulock.obj' is imported by 'devutil.obj'
14:50.44 
14:50.44 LINK : warning LNK4286: symbol 'PR_DestroyLock' defined in 'prulock.obj' is imported by 'arena.obj'
14:50.44 
14:50.44 LINK : warning LNK4286: symbol 'PR_DestroyLock' defined in 'prulock.obj' is imported by 'hash.obj'
14:50.44 
14:50.44 LINK : warning LNK4286: symbol 'PR_DestroyLock' defined in 'prulock.obj' is imported by 'list.obj'
14:50.44 
14:50.44 LINK : warning LNK4286: symbol 'PR_DestroyLock' defined in 'prulock.obj' is imported by 'pkistore.obj'
14:50.44 
14:50.44 LINK : warning LNK4286: symbol 'PR_DestroyLock' defined in 'prulock.obj' is imported by 'tdcache.obj'
14:50.44 
14:50.44 LINK : warning LNK4286: symbol 'PR_DestroyLock' defined in 'prulock.obj' is imported by 'devslot.obj'
14:50.44 
14:50.44 LINK : warning LNK4286: symbol 'PR_DestroyLock' defined in 'prulock.obj' is imported by 'devtoken.obj'
14:50.44 
14:50.44 LINK : warning LNK4286: symbol 'PR_DestroyLock' defined in 'prulock.obj' is imported by 'certdb.obj'
14:50.44 
14:50.44 LINK : warning LNK4286: symbol 'PR_DestroyLock' defined in 'prulock.obj' is imported by 'crl.obj'
14:50.44 
14:50.44 LINK : warning LNK4286: symbol 'PR_DestroyLock' defined in 'prulock.obj' is imported by 'genname.obj'
14:50.44 
14:50.44 LINK : warning LNK4286: symbol 'PR_DestroyLock' defined in 'prulock.obj' is imported by 'pkibase.obj'
14:50.44 
14:50.44 LINK : warning LNK4286: symbol 'PR_DestroyLock' defined in 'prulock.obj' is imported by 'pk11load.obj'
14:50.44 
14:50.44 LINK : warning LNK4286: symbol 'PR_DestroyLock' defined in 'prulock.obj' is imported by 'pk11sdr.obj'
14:50.44 
14:50.44 LINK : warning LNK4286: symbol 'PR_DestroyLock' defined in 'prulock.obj' is imported by 'pk11slot.obj'
14:50.44 
14:50.45 LINK : warning LNK4286: symbol 'PR_DestroyLock' defined in 'prulock.obj' is imported by 'pk11util.obj'
14:50.45 
14:50.45 LINK : warning LNK4217: symbol 'PR_DestroyLock' defined in 'prulock.obj' is imported by 'nssrwlk.obj' in function 'NSSRWLock_Destroy_Util'
14:50.45 
14:50.45 LINK : warning LNK4286: symbol 'PR_DestroyLock' defined in 'prulock.obj' is imported by 'secport.obj'
14:50.45 
14:50.45 LINK : warning LNK4286: symbol 'PR_DestroyLock' defined in 'prulock.obj' is imported by 'dev3hack.obj'
14:50.45 
14:50.45 LINK : warning LNK4286: symbol 'PR_DestroyLock' defined in 'prulock.obj' is imported by 'pk11cxt.obj'
14:50.45 
14:50.45 LINK : warning LNK4286: symbol 'PR_Lock' defined in 'prulock.obj' is imported by 'sslnonce.obj'
14:50.45 
14:50.45 LINK : warning LNK4286: symbol 'PR_Lock' defined in 'prulock.obj' is imported by 'sslsecur.obj'
14:50.45 
14:50.45 LINK : warning LNK4286: symbol 'PR_Lock' defined in 'prulock.obj' is imported by 'sslsock.obj'
14:50.45 
14:50.45 LINK : warning LNK4286: symbol 'PR_Lock' defined in 'prulock.obj' is imported by 'cmsudf.obj'
14:50.45 
14:50.45 LINK : warning LNK4217: symbol 'PR_Lock' defined in 'prulock.obj' is imported by 'pkix_pl_mutex.obj' in function 'PKIX_PL_Mutex_Lock'
14:50.45 
14:50.45 LINK : warning LNK4286: symbol 'PR_Lock' defined in 'prulock.obj' is imported by 'nssinit.obj'
14:50.45 
14:50.45 LINK : warning LNK4286: symbol 'PR_Lock' defined in 'prulock.obj' is imported by 'ssl3con.obj'
14:50.45 
14:50.45 LINK : warning LNK4286: symbol 'PR_Lock' defined in 'prulock.obj' is imported by 'sslmutex.obj'
14:50.45 
14:50.45 LINK : warning LNK4286: symbol 'PR_Lock' defined in 'prulock.obj' is imported by 'arena.obj'
14:50.45 
14:50.45 LINK : warning LNK4286: symbol 'PR_Lock' defined in 'prulock.obj' is imported by 'hash.obj'
14:50.45 
14:50.45 LINK : warning LNK4286: symbol 'PR_Lock' defined in 'prulock.obj' is imported by 'list.obj'
14:50.45 
14:50.45 LINK : warning LNK4286: symbol 'PR_Lock' defined in 'prulock.obj' is imported by 'pkix_pl_common.obj'
14:50.45 
14:50.45 LINK : warning LNK4286: symbol 'PR_Lock' defined in 'prulock.obj' is imported by 'pkistore.obj'
14:50.45 
14:50.45 LINK : warning LNK4286: symbol 'PR_Lock' defined in 'prulock.obj' is imported by 'tdcache.obj'
14:50.45 
14:50.45 LINK : warning LNK4286: symbol 'PR_Lock' defined in 'prulock.obj' is imported by 'devslot.obj'
14:50.45 
14:50.45 LINK : warning LNK4286: symbol 'PR_Lock' defined in 'prulock.obj' is imported by 'devutil.obj'
14:50.45 
14:50.45 LINK : warning LNK4286: symbol 'PR_Lock' defined in 'prulock.obj' is imported by 'certdb.obj'
14:50.45 
14:50.45 LINK : warning LNK4286: symbol 'PR_Lock' defined in 'prulock.obj' is imported by 'crl.obj'
14:50.45 
14:50.45 LINK : warning LNK4286: symbol 'PR_Lock' defined in 'prulock.obj' is imported by 'genname.obj'
14:50.45 
14:50.45 LINK : warning LNK4286: symbol 'PR_Lock' defined in 'prulock.obj' is imported by 'pkibase.obj'
14:50.45 
14:50.45 LINK : warning LNK4286: symbol 'PR_Lock' defined in 'prulock.obj' is imported by 'pk11sdr.obj'
14:50.45 
14:50.45 LINK : warning LNK4286: symbol 'PR_Lock' defined in 'prulock.obj' is imported by 'pk11skey.obj'
14:50.45 
14:50.45 LINK : warning LNK4286: symbol 'PR_Lock' defined in 'prulock.obj' is imported by 'pk11slot.obj'
14:50.45 
14:50.45 LINK : warning LNK4286: symbol 'PR_Lock' defined in 'prulock.obj' is imported by 'pk11util.obj'
14:50.45 
14:50.45 LINK : warning LNK4217: symbol 'PR_Lock' defined in 'prulock.obj' is imported by 'nssrwlk.obj' in function 'NSSRWLock_LockRead_Util'
14:50.45 
14:50.45 LINK : warning LNK4286: symbol 'PR_Lock' defined in 'prulock.obj' is imported by 'secport.obj'
14:50.45 
14:50.45 LINK : warning LNK4286: symbol 'PR_Lock' defined in 'prulock.obj' is imported by 'pk11cxt.obj'
14:50.45 
14:50.45 LINK : warning LNK4286: symbol 'PR_Lock' defined in 'prulock.obj' is imported by 'pk11load.obj'
14:50.45 
14:50.45 LINK : warning LNK4286: symbol 'PR_Unlock' defined in 'prulock.obj' is imported by 'sslnonce.obj'
14:50.45 
14:50.45 LINK : warning LNK4286: symbol 'PR_Unlock' defined in 'prulock.obj' is imported by 'sslsecur.obj'
14:50.45 
14:50.45 LINK : warning LNK4286: symbol 'PR_Unlock' defined in 'prulock.obj' is imported by 'sslsock.obj'
14:50.45 
14:50.45 LINK : warning LNK4286: symbol 'PR_Unlock' defined in 'prulock.obj' is imported by 'cmsudf.obj'
14:50.45 
14:50.45 LINK : warning LNK4217: symbol 'PR_Unlock' defined in 'prulock.obj' is imported by 'pkix_pl_mutex.obj' in function 'PKIX_PL_Mutex_Unlock'
14:50.45 
14:50.45 LINK : warning LNK4286: symbol 'PR_Unlock' defined in 'prulock.obj' is imported by 'nssinit.obj'
14:50.45 
14:50.45 LINK : warning LNK4286: symbol 'PR_Unlock' defined in 'prulock.obj' is imported by 'ssl3con.obj'
14:50.45 
14:50.45 LINK : warning LNK4286: symbol 'PR_Unlock' defined in 'prulock.obj' is imported by 'sslmutex.obj'
14:50.45 
14:50.45 LINK : warning LNK4286: symbol 'PR_Unlock' defined in 'prulock.obj' is imported by 'arena.obj'
14:50.45 
14:50.45 LINK : warning LNK4286: symbol 'PR_Unlock' defined in 'prulock.obj' is imported by 'hash.obj'
14:50.45 
14:50.45 LINK : warning LNK4286: symbol 'PR_Unlock' defined in 'prulock.obj' is imported by 'list.obj'
14:50.45 
14:50.45 LINK : warning LNK4286: symbol 'PR_Unlock' defined in 'prulock.obj' is imported by 'pkix_pl_common.obj'
14:50.45 
14:50.45 LINK : warning LNK4286: symbol 'PR_Unlock' defined in 'prulock.obj' is imported by 'pkistore.obj'
14:50.45 
14:50.45 LINK : warning LNK4286: symbol 'PR_Unlock' defined in 'prulock.obj' is imported by 'tdcache.obj'
14:50.45 
14:50.45 LINK : warning LNK4286: symbol 'PR_Unlock' defined in 'prulock.obj' is imported by 'devslot.obj'
14:50.45 
14:50.45 LINK : warning LNK4286: symbol 'PR_Unlock' defined in 'prulock.obj' is imported by 'devutil.obj'
14:50.45 
14:50.45 LINK : warning LNK4286: symbol 'PR_Unlock' defined in 'prulock.obj' is imported by 'certdb.obj'
14:50.45 
14:50.45 LINK : warning LNK4286: symbol 'PR_Unlock' defined in 'prulock.obj' is imported by 'crl.obj'
14:50.45 
14:50.45 LINK : warning LNK4286: symbol 'PR_Unlock' defined in 'prulock.obj' is imported by 'genname.obj'
14:50.45 
14:50.45 LINK : warning LNK4286: symbol 'PR_Unlock' defined in 'prulock.obj' is imported by 'pkibase.obj'
14:50.45 
14:50.45 LINK : warning LNK4286: symbol 'PR_Unlock' defined in 'prulock.obj' is imported by 'pk11sdr.obj'
14:50.45 
14:50.45 LINK : warning LNK4286: symbol 'PR_Unlock' defined in 'prulock.obj' is imported by 'pk11skey.obj'
14:50.45 
14:50.45 LINK : warning LNK4286: symbol 'PR_Unlock' defined in 'prulock.obj' is imported by 'pk11slot.obj'
14:50.45 
14:50.45 LINK : warning LNK4286: symbol 'PR_Unlock' defined in 'prulock.obj' is imported by 'pk11util.obj'
14:50.45 
14:50.45 LINK : warning LNK4217: symbol 'PR_Unlock' defined in 'prulock.obj' is imported by 'nssrwlk.obj' in function 'NSSRWLock_LockRead_Util'
14:50.45 
14:50.45 LINK : warning LNK4286: symbol 'PR_Unlock' defined in 'prulock.obj' is imported by 'secport.obj'
14:50.45 
14:50.45 LINK : warning LNK4286: symbol 'PR_Unlock' defined in 'prulock.obj' is imported by 'pk11cxt.obj'
14:50.45 
14:50.45 LINK : warning LNK4286: symbol 'PR_Unlock' defined in 'prulock.obj' is imported by 'pk11load.obj'
14:50.45 
14:50.45 LINK : warning LNK4217: symbol 'PR_NewCondVar' defined in 'prucv.obj' is imported by 'nssrwlk.obj' in function 'NSSRWLock_New_Util'
14:50.45 
14:50.45 LINK : warning LNK4286: symbol 'PR_NewCondVar' defined in 'prucv.obj' is imported by 'dev3hack.obj'
14:50.45 
14:50.45 LINK : warning LNK4286: symbol 'PR_NewCondVar' defined in 'prucv.obj' is imported by 'nssinit.obj'
14:50.45 
14:50.45 LINK : warning LNK4217: symbol 'PR_DestroyCondVar' defined in 'prucv.obj' is imported by 'nssrwlk.obj' in function 'NSSRWLock_Destroy_Util'
14:50.45 
14:50.45 LINK : warning LNK4286: symbol 'PR_DestroyCondVar' defined in 'prucv.obj' is imported by 'devslot.obj'
14:50.45 
14:50.45 LINK : warning LNK4217: symbol 'PR_WaitCondVar' defined in 'prucv.obj' is imported by 'nssrwlk.obj' in function 'NSSRWLock_LockRead_Util'
14:50.45 
14:50.45 LINK : warning LNK4286: symbol 'PR_WaitCondVar' defined in 'prucv.obj' is imported by 'devslot.obj'
14:50.45 
14:50.45 LINK : warning LNK4286: symbol 'PR_WaitCondVar' defined in 'prucv.obj' is imported by 'nssinit.obj'
14:50.45 
14:50.45 LINK : warning LNK4217: symbol 'PR_NotifyCondVar' defined in 'prucv.obj' is imported by 'nssrwlk.obj' in function 'NSSRWLock_UnlockRead_Util'
14:50.45 
14:50.45 LINK : warning LNK4286: symbol 'PR_NotifyCondVar' defined in 'prucv.obj' is imported by 'nssinit.obj'
14:50.45 
14:50.45 LINK : warning LNK4217: symbol 'PR_NotifyAllCondVar' defined in 'prucv.obj' is imported by 'nssrwlk.obj' in function 'NSSRWLock_UnlockWrite_Util'
14:50.45 
14:50.45 LINK : warning LNK4286: symbol 'PR_NotifyAllCondVar' defined in 'prucv.obj' is imported by 'devslot.obj'
14:50.45 
14:50.45 LINK : warning LNK4286: symbol 'PR_NotifyAllCondVar' defined in 'prucv.obj' is imported by 'nssinit.obj'
14:50.45 
14:50.45 LINK : warning LNK4217: symbol 'PR_GetCurrentThread' defined in 'prcthr.obj' is imported by 'nssrwlk.obj' in function 'NSSRWLock_HaveWriteLock_Util'
14:50.45 
14:50.45 LINK : warning LNK4286: symbol 'PR_GetCurrentThread' defined in 'prcthr.obj' is imported by 'devslot.obj'
14:50.45 
14:50.45 LINK : warning LNK4286: symbol 'PR_GetCurrentThread' defined in 'prcthr.obj' is imported by 'ssl3con.obj'
14:50.45 
14:50.45 LINK : warning LNK4286: symbol 'PR_GetCurrentThread' defined in 'prcthr.obj' is imported by 'sslsecur.obj'
14:50.45 
14:50.45 LINK : warning LNK4286: symbol 'PR_snprintf' defined in 'prprf.obj' is imported by 'pkix_pl_lifecycle.obj'
14:50.45 
14:50.45 LINK : warning LNK4217: symbol 'PR_snprintf' defined in 'prprf.obj' is imported by 'pkix_pl_httpdefaultclient.obj' in function 'pkix_pl_HttpDefaultClient_Destroy'
14:50.45 
14:50.45 LINK : warning LNK4286: symbol 'PR_snprintf' defined in 'prprf.obj' is imported by 'tls13con.obj'
14:50.45 
14:50.45 LINK : warning LNK4286: symbol 'PR_snprintf' defined in 'prprf.obj' is imported by 'pk11util.obj'
14:50.45 
14:50.45 LINK : warning LNK4286: symbol 'PR_snprintf' defined in 'prprf.obj' is imported by 'pkix_error.obj'
14:50.45 
14:50.45 LINK : warning LNK4286: symbol 'PR_snprintf' defined in 'prprf.obj' is imported by 'pkix_logger.obj'
14:50.45 
14:50.45 LINK : warning LNK4286: symbol 'PR_snprintf' defined in 'prprf.obj' is imported by 'pkix_pl_common.obj'
14:50.45 
14:50.45 LINK : warning LNK4217: symbol 'PR_snprintf' defined in 'prprf.obj' is imported by 'pkcs11uri.obj' in function 'pk11uri_Escape'
14:50.45 
14:50.45 LINK : warning LNK4286: symbol 'PR_snprintf' defined in 'prprf.obj' is imported by 'ocsp.obj'
14:50.45 
14:50.45 LINK : warning LNK4286: symbol 'PR_snprintf' defined in 'prprf.obj' is imported by 'pk11load.obj'
14:50.45 
14:50.45 LINK : warning LNK4286: symbol 'PR_snprintf' defined in 'prprf.obj' is imported by 'pk11pars.obj'
14:50.45 
14:50.45 LINK : warning LNK4217: symbol 'PR_LoadLibraryWithFlags' defined in 'prlink.obj' is imported by 'secload.obj' in function 'PORT_LoadLibraryFromOrigin'
14:50.45 
14:50.45 LINK : warning LNK4217: symbol 'PR_GetLibraryFilePathname' defined in 'prlink.obj' is imported by 'secload.obj' in function 'PORT_LoadLibraryFromOrigin'
14:50.45 
14:50.45 LINK : warning LNK4217: symbol 'PR_GetDirectorySeparator' defined in 'prsystem.obj' is imported by 'secload.obj' in function 'loader_LoadLibInReferenceDir'
14:50.45 
14:50.45 LINK : warning LNK4286: symbol 'PR_GetEnvSecure' defined in 'prenv.obj' is imported by 'pkix_pl_socket.obj'
14:50.45 
14:50.45 LINK : warning LNK4286: symbol 'PR_GetEnvSecure' defined in 'prenv.obj' is imported by 'nssinit.obj'
14:50.45 
14:50.45 LINK : warning LNK4286: symbol 'PR_GetEnvSecure' defined in 'prenv.obj' is imported by 'sslsnce.obj'
14:50.45 
14:50.45 LINK : warning LNK4286: symbol 'PR_GetEnvSecure' defined in 'prenv.obj' is imported by 'sslsock.obj'
14:50.45 
14:50.45 LINK : warning LNK4286: symbol 'PR_GetEnvSecure' defined in 'prenv.obj' is imported by 'pk11load.obj'
14:50.45 
14:50.45 LINK : warning LNK4286: symbol 'PR_GetEnvSecure' defined in 'prenv.obj' is imported by 'pk11pars.obj'
14:50.45 
14:50.45 LINK : warning LNK4286: symbol 'PR_GetEnvSecure' defined in 'prenv.obj' is imported by 'certdb.obj'
14:50.45 
14:50.45 LINK : warning LNK4286: symbol 'PR_GetEnvSecure' defined in 'prenv.obj' is imported by 'pkix_pl_lifecycle.obj'
14:50.45 
14:50.45 LINK : warning LNK4217: symbol 'PR_GetEnvSecure' defined in 'prenv.obj' is imported by 'secoid.obj' in function 'SECOID_Init'
14:50.45 
14:50.45 LINK : warning LNK4286: symbol 'PR_GetEnvSecure' defined in 'prenv.obj' is imported by 'secport.obj'
14:50.45 
14:50.45 LINK : warning LNK4286: symbol 'PR_GetEnvSecure' defined in 'prenv.obj' is imported by 'utilpars.obj'
14:50.45 
14:50.45 LINK : warning LNK4286: symbol 'PR_GetEnvSecure' defined in 'prenv.obj' is imported by 'pk11akey.obj'
14:50.45 
14:50.45 LINK : warning LNK4286: symbol 'PR_GetError' defined in 'prerror.obj' is imported by 'sslsock.obj'
14:50.45 
14:50.45 LINK : warning LNK4286: symbol 'PR_GetError' defined in 'prerror.obj' is imported by 'plerror.obj'
14:50.45 
14:50.45 LINK : warning LNK4286: symbol 'PR_GetError' defined in 'prerror.obj' is imported by 'ssl3con.obj'
14:50.45 
14:50.45 LINK : warning LNK4286: symbol 'PR_GetError' defined in 'prerror.obj' is imported by 'ssldef.obj'
14:50.45 
14:50.45 LINK : warning LNK4286: symbol 'PR_GetError' defined in 'prerror.obj' is imported by 'sslsecur.obj'
14:50.45 
14:50.45 LINK : warning LNK4217: symbol 'PR_GetError' defined in 'prerror.obj' is imported by 'sslsnce.obj' in function 'FindSID'
14:50.45 
14:50.45 LINK : warning LNK4217: symbol 'PR_GetError' defined in 'prerror.obj' is imported by 'secport.obj' in function 'PORT_GetError_Util'
14:50.45 
14:50.45 LINK : warning LNK4286: symbol 'PR_GetError' defined in 'prerror.obj' is imported by 'crl.obj'
14:50.45 
14:50.45 LINK : warning LNK4286: symbol 'PR_GetError' defined in 'prerror.obj' is imported by 'pkix_pl_colcertstore.obj'
14:50.45 
14:50.45 LINK : warning LNK4286: symbol 'PR_GetError' defined in 'prerror.obj' is imported by 'pkix_pl_socket.obj'
14:50.45 
14:50.45 LINK : warning LNK4217: symbol 'PR_LocalTimeParameters' defined in 'prtime.obj' is imported by 'sectime.obj' in function 'CERT_UTCTime2FormattedAscii'
14:50.45 
14:50.45 LINK : warning LNK4217: symbol 'PR_FormatTime' defined in 'prtime.obj' is imported by 'sectime.obj' in function 'CERT_GenTime2FormattedAscii_Util'
14:50.45 
14:50.45 LINK : warning LNK4286: symbol 'PR_FormatTime' defined in 'prtime.obj' is imported by 'tls13subcerts.obj'
14:50.45 
14:50.45 LINK : warning LNK4286: symbol 'PR_smprintf' defined in 'prprf.obj' is imported by 'sslsnce.obj'
14:50.45 
14:50.45 LINK : warning LNK4286: symbol 'PR_smprintf' defined in 'prprf.obj' is imported by 'pkix_pl_bytearray.obj'
14:50.45 
14:50.45 LINK : warning LNK4286: symbol 'PR_smprintf' defined in 'prprf.obj' is imported by 'pkix_pl_string.obj'
14:50.45 
14:50.45 LINK : warning LNK4286: symbol 'PR_smprintf' defined in 'prprf.obj' is imported by 'pkix_pl_httpdefaultclient.obj'
14:50.45 
14:50.45 LINK : warning LNK4286: symbol 'PR_smprintf' defined in 'prprf.obj' is imported by 'nssinit.obj'
14:50.45 
14:50.45 LINK : warning LNK4217: symbol 'PR_smprintf' defined in 'prprf.obj' is imported by 'pk11merge.obj' in function 'PK11_MergeTokens'
14:50.45 
14:50.45 LINK : warning LNK4286: symbol 'PR_smprintf' defined in 'prprf.obj' is imported by 'pk11util.obj'
14:50.45 
14:50.45 LINK : warning LNK4286: symbol 'PR_smprintf' defined in 'prprf.obj' is imported by 'alg1485.obj'
14:50.45 
14:50.45 LINK : warning LNK4286: symbol 'PR_smprintf' defined in 'prprf.obj' is imported by 'certdb.obj'
14:50.45 
14:50.45 LINK : warning LNK4217: symbol 'PR_smprintf' defined in 'prprf.obj' is imported by 'utilmod.obj' in function '_NSSUTIL_GetOldSecmodName'
14:50.45 
14:50.45 LINK : warning LNK4286: symbol 'PR_smprintf' defined in 'prprf.obj' is imported by 'utilpars.obj'
14:50.45 
14:50.45 LINK : warning LNK4286: symbol 'PR_smprintf' defined in 'prprf.obj' is imported by 'certvfy.obj'
14:50.45 
14:50.45 LINK : warning LNK4286: symbol 'PR_smprintf' defined in 'prprf.obj' is imported by 'ocsp.obj'
14:50.45 
14:50.45 LINK : warning LNK4286: symbol 'PR_smprintf_free' defined in 'prprf.obj' is imported by 'pkix_pl_string.obj'
14:50.45 
14:50.45 LINK : warning LNK4286: symbol 'PR_smprintf_free' defined in 'prprf.obj' is imported by 'pkix_pl_httpdefaultclient.obj'
14:50.45 
14:50.45 LINK : warning LNK4286: symbol 'PR_smprintf_free' defined in 'prprf.obj' is imported by 'nssinit.obj'
14:50.45 
14:50.45 LINK : warning LNK4286: symbol 'PR_smprintf_free' defined in 'prprf.obj' is imported by 'sslsnce.obj'
14:50.45 
14:50.45 LINK : warning LNK4286: symbol 'PR_smprintf_free' defined in 'prprf.obj' is imported by 'pk11util.obj'
14:50.45 
14:50.45 LINK : warning LNK4286: symbol 'PR_smprintf_free' defined in 'prprf.obj' is imported by 'alg1485.obj'
14:50.45 
14:50.45 LINK : warning LNK4286: symbol 'PR_smprintf_free' defined in 'prprf.obj' is imported by 'pkix_pl_bytearray.obj'
14:50.45 
14:50.45 LINK : warning LNK4286: symbol 'PR_smprintf_free' defined in 'prprf.obj' is imported by 'pkix_pl_oid.obj'
14:50.45 
14:50.45 LINK : warning LNK4217: symbol 'PR_smprintf_free' defined in 'prprf.obj' is imported by 'utilmod.obj' in function 'NSSUTIL_DoModuleDBFunction'
14:50.45 
14:50.45 LINK : warning LNK4286: symbol 'PR_smprintf_free' defined in 'prprf.obj' is imported by 'utilpars.obj'
14:50.45 
14:50.45 LINK : warning LNK4217: symbol 'PR_smprintf_free' defined in 'prprf.obj' is imported by 'pk11merge.obj' in function 'PK11_CreateMergeLog'
14:50.45 
14:50.45 LINK : warning LNK4286: symbol 'PR_smprintf_free' defined in 'prprf.obj' is imported by 'pk11pars.obj'
14:50.45 
14:50.45 LINK : warning LNK4286: symbol 'PR_Now' defined in 'ntmisc.obj' is imported by 'cmssiginfo.obj'
14:50.45 
14:50.45 LINK : warning LNK4286: symbol 'PR_Now' defined in 'ntmisc.obj' is imported by 'sslsock.obj'
14:50.45 
14:50.45 LINK : warning LNK4217: symbol 'PR_Now' defined in 'ntmisc.obj' is imported by 'p7create.obj' in function 'sec_pkcs7_create_content_info'
14:50.45 
14:50.45 LINK : warning LNK4286: symbol 'PR_Now' defined in 'ntmisc.obj' is imported by 'p7decode.obj'
14:50.45 
14:50.45 LINK : warning LNK4286: symbol 'PR_Now' defined in 'ntmisc.obj' is imported by 'cmssigdata.obj'
14:50.45 
14:50.45 LINK : warning LNK4286: symbol 'PR_Now' defined in 'ntmisc.obj' is imported by 'pkix_pl_ldapdefaultclient.obj'
14:50.45 
14:50.45 LINK : warning LNK4217: symbol 'PR_Now' defined in 'ntmisc.obj' is imported by 'pkix_pl_pk11certstore.obj' in function 'pkix_pl_Pk11CertStore_GetCRL'
14:50.45 
14:50.45 LINK : warning LNK4286: symbol 'PR_Now' defined in 'ntmisc.obj' is imported by 'pkix_pl_socket.obj'
14:50.45 
14:50.45 LINK : warning LNK4286: symbol 'PR_Now' defined in 'ntmisc.obj' is imported by 'sslsnce.obj'
14:50.45 
14:50.45 LINK : warning LNK4286: symbol 'PR_Now' defined in 'ntmisc.obj' is imported by 'pkix_pl_date.obj'
14:50.45 
14:50.45 LINK : warning LNK4286: symbol 'PR_Now' defined in 'ntmisc.obj' is imported by 'pkix_pl_ocspcertid.obj'
14:50.45 
14:50.45 LINK : warning LNK4286: symbol 'PR_Now' defined in 'ntmisc.obj' is imported by 'pkix_pl_ocsprequest.obj'
14:50.45 
14:50.45 LINK : warning LNK4217: symbol 'PR_Now' defined in 'ntmisc.obj' is imported by 'pkix_pl_ocspresponse.obj' in function 'pkix_pl_OcspResponse_VerifySignature'
14:50.45 
14:50.45 LINK : warning LNK4286: symbol 'PR_Now' defined in 'ntmisc.obj' is imported by 'crl.obj'
14:50.45 
14:50.45 LINK : warning LNK4286: symbol 'PR_Now' defined in 'ntmisc.obj' is imported by 'pkibase.obj'
14:50.45 
14:50.45 LINK : warning LNK4286: symbol 'PR_Now' defined in 'ntmisc.obj' is imported by 'tdcache.obj'
14:50.45 
14:50.45 LINK : warning LNK4286: symbol 'PR_Now' defined in 'ntmisc.obj' is imported by 'pkix_pl_cert.obj'
14:50.45 
14:50.45 LINK : warning LNK4286: symbol 'PR_Now' defined in 'ntmisc.obj' is imported by 'pk11auth.obj'
14:50.45 
14:50.45 LINK : warning LNK4286: symbol 'PR_Now' defined in 'ntmisc.obj' is imported by 'pk11cert.obj'
14:50.45 
14:50.45 LINK : warning LNK4217: symbol 'PR_Now' defined in 'ntmisc.obj' is imported by 'pk11nobj.obj' in function 'PK11_ImportCRL'
14:50.45 
14:50.45 LINK : warning LNK4286: symbol 'PR_Now' defined in 'ntmisc.obj' is imported by 'certdb.obj'
14:50.45 
14:50.45 LINK : warning LNK4217: symbol 'PR_Now' defined in 'ntmisc.obj' is imported by 'certhigh.obj' in function 'CERT_FindUserCertByUsage'
14:50.45 
14:50.45 LINK : warning LNK4286: symbol 'PR_Now' defined in 'ntmisc.obj' is imported by 'certvfy.obj'
14:50.45 
14:50.45 LINK : warning LNK4286: symbol 'PR_Now' defined in 'ntmisc.obj' is imported by 'ocsp.obj'
14:50.45 
14:50.45 LINK : warning LNK4286: symbol 'PR_Now' defined in 'ntmisc.obj' is imported by 'seckey.obj'
14:50.45 
14:50.45 LINK : warning LNK4217: symbol 'PR_Poll' defined in 'prio.obj' is imported by 'certvfypkix.obj' in function 'cert_BuildAndValidateChain'
14:50.45 
14:50.45 LINK : warning LNK4286: symbol 'PR_Poll' defined in 'prio.obj' is imported by 'pkix_pl_socket.obj'
14:50.45 
14:50.45 LINK : warning LNK4217: symbol 'PR_TicksPerSecond' defined in 'prinrval.obj' is imported by 'ocsp.obj' in function 'fetchOcspHttpClientV1'
14:50.45 
14:50.45 LINK : warning LNK4286: symbol 'PR_SecondsToInterval' defined in 'prinrval.obj' is imported by 'pkix_pl_pk11certstore.obj'
14:50.45 
14:50.45 LINK : warning LNK4286: symbol 'PR_SecondsToInterval' defined in 'prinrval.obj' is imported by 'pkix_pl_date.obj'
14:50.45 
14:50.45 LINK : warning LNK4286: symbol 'PR_SecondsToInterval' defined in 'prinrval.obj' is imported by 'pkix_pl_ocspresponse.obj'
14:50.45 
14:50.45 LINK : warning LNK4286: symbol 'PR_SecondsToInterval' defined in 'prinrval.obj' is imported by 'pkix_pl_aiamgr.obj'
14:50.45 
14:50.45 LINK : warning LNK4286: symbol 'PR_SecondsToInterval' defined in 'prinrval.obj' is imported by 'pkix_pl_httpcertstore.obj'
14:50.45 
14:50.45 LINK : warning LNK4217: symbol 'PR_SecondsToInterval' defined in 'prinrval.obj' is imported by 'ocsp.obj' in function 'ocsp_ConnectToHost'
14:50.45 
14:50.45 LINK : warning LNK4286: symbol 'PR_SecondsToInterval' defined in 'prinrval.obj' is imported by 'pk11auth.obj'
14:50.45 
14:50.45 LINK : warning LNK4217: symbol 'PR_SecondsToInterval' defined in 'prinrval.obj' is imported by 'pk11slot.obj' in function 'PK11_DestroySlot'
14:50.45 
14:50.45 LINK : warning LNK4286: symbol 'PR_SecondsToInterval' defined in 'prinrval.obj' is imported by 'devslot.obj'
14:50.45 
14:50.45 LINK : warning LNK4217: symbol 'PR_Close' defined in 'priometh.obj' is imported by 'ocsp.obj' in function 'cert_FetchOCSPResponse'
14:50.45 
14:50.45 LINK : warning LNK4286: symbol 'PR_Close' defined in 'priometh.obj' is imported by 'pkix_pl_colcertstore.obj'
14:50.45 
14:50.45 LINK : warning LNK4286: symbol 'PR_Close' defined in 'priometh.obj' is imported by 'pkix_pl_socket.obj'
14:50.45 
14:50.45 LINK : warning LNK4286: symbol 'PR_Close' defined in 'priometh.obj' is imported by 'sslsock.obj'
14:50.45 
14:50.45 LINK : warning LNK4217: symbol 'PR_Write' defined in 'priometh.obj' is imported by 'ocsp.obj' in function 'ocsp_SendEncodedRequest'
14:50.45 
14:50.45 LINK : warning LNK4217: symbol 'PR_NewTCPSocket' defined in 'prsocket.obj' is imported by 'ocsp.obj' in function 'ocsp_ConnectToHost'
14:50.45 
14:50.45 LINK : warning LNK4286: symbol 'PR_NewTCPSocket' defined in 'prsocket.obj' is imported by 'pkix_pl_socket.obj'
14:50.45 
14:50.45 LINK : warning LNK4217: symbol 'PR_Connect' defined in 'priometh.obj' is imported by 'ocsp.obj' in function 'ocsp_ConnectToHost'
14:50.45 
14:50.45 LINK : warning LNK4286: symbol 'PR_Connect' defined in 'priometh.obj' is imported by 'pkix_pl_socket.obj'
14:50.45 
14:50.45 LINK : warning LNK4217: symbol 'PR_Recv' defined in 'priometh.obj' is imported by 'ocsp.obj' in function 'ocsp_read'
14:50.45 
14:50.45 LINK : warning LNK4286: symbol 'PR_Recv' defined in 'priometh.obj' is imported by 'pkix_pl_socket.obj'
14:50.45 
14:50.45 LINK : warning LNK4217: symbol 'PR_StringToNetAddr' defined in 'prnetdb.obj' is imported by 'ocsp.obj' in function 'ocsp_ConnectToHost'
14:50.45 
14:50.45 LINK : warning LNK4286: symbol 'PR_StringToNetAddr' defined in 'prnetdb.obj' is imported by 'certdb.obj'
14:50.45 
14:50.45 LINK : warning LNK4286: symbol 'PR_StringToNetAddr' defined in 'prnetdb.obj' is imported by 'ssl3exthandle.obj'
14:50.45 
14:50.45 LINK : warning LNK4217: symbol 'PR_GetHostByName' defined in 'prnetdb.obj' is imported by 'ocsp.obj' in function 'ocsp_ConnectToHost'
14:50.45 
14:50.45 LINK : warning LNK4286: symbol 'PR_GetHostByName' defined in 'prnetdb.obj' is imported by 'pkix_pl_socket.obj'
14:50.45 
14:50.45 LINK : warning LNK4217: symbol 'PR_EnumerateHostEnt' defined in 'prnetdb.obj' is imported by 'ocsp.obj' in function 'ocsp_ConnectToHost'
14:50.45 
14:50.45 LINK : warning LNK4286: symbol 'PR_EnumerateHostEnt' defined in 'prnetdb.obj' is imported by 'pkix_pl_socket.obj'
14:50.45 
14:50.45 LINK : warning LNK4217: symbol 'PR_InitializeNetAddr' defined in 'prnetdb.obj' is imported by 'ocsp.obj' in function 'ocsp_ConnectToHost'
14:50.45 
14:50.45 LINK : warning LNK4286: symbol 'PR_NewMonitor' defined in 'prmon.obj' is imported by 'tls13replay.obj'
14:50.45 
14:50.45 LINK : warning LNK4217: symbol 'PR_NewMonitor' defined in 'prmon.obj' is imported by 'ocsp.obj' in function 'OCSP_InitGlobal'
14:50.45 
14:50.45 LINK : warning LNK4286: symbol 'PR_NewMonitor' defined in 'prmon.obj' is imported by 'pkibase.obj'
14:50.45 
14:50.45 LINK : warning LNK4286: symbol 'PR_NewMonitor' defined in 'prmon.obj' is imported by 'pkix_pl_monitorlock.obj'
14:50.45 
14:50.45 LINK : warning LNK4286: symbol 'PR_NewMonitor' defined in 'prmon.obj' is imported by 'sslsock.obj'
14:50.45 
14:50.45 LINK : warning LNK4286: symbol 'PR_DestroyMonitor' defined in 'prmon.obj' is imported by 'tls13replay.obj'
14:50.45 
14:50.45 LINK : warning LNK4217: symbol 'PR_DestroyMonitor' defined in 'prmon.obj' is imported by 'ocsp.obj' in function 'OCSP_ShutdownGlobal'
14:50.45 
14:50.45 LINK : warning LNK4286: symbol 'PR_DestroyMonitor' defined in 'prmon.obj' is imported by 'pkibase.obj'
14:50.45 
14:50.45 LINK : warning LNK4286: symbol 'PR_DestroyMonitor' defined in 'prmon.obj' is imported by 'pkix_pl_monitorlock.obj'
14:50.45 
14:50.45 LINK : warning LNK4286: symbol 'PR_DestroyMonitor' defined in 'prmon.obj' is imported by 'sslsock.obj'
14:50.45 
14:50.45 LINK : warning LNK4286: symbol 'PR_EnterMonitor' defined in 'prmon.obj' is imported by 'tls13replay.obj'
14:50.45 
14:50.45 LINK : warning LNK4286: symbol 'PR_EnterMonitor' defined in 'prmon.obj' is imported by 'sslreveal.obj'
14:50.45 
14:50.45 LINK : warning LNK4286: symbol 'PR_EnterMonitor' defined in 'prmon.obj' is imported by 'sslsecur.obj'
14:50.45 
14:50.45 LINK : warning LNK4286: symbol 'PR_EnterMonitor' defined in 'prmon.obj' is imported by 'sslsock.obj'
14:50.45 
14:50.45 LINK : warning LNK4217: symbol 'PR_EnterMonitor' defined in 'prmon.obj' is imported by 'tls13con.obj' in function 'tls13_AddContextToHashes'
14:50.45 
14:50.45 LINK : warning LNK4286: symbol 'PR_EnterMonitor' defined in 'prmon.obj' is imported by 'dtlscon.obj'
14:50.45 
14:50.45 LINK : warning LNK4286: symbol 'PR_EnterMonitor' defined in 'prmon.obj' is imported by 'ssl3con.obj'
14:50.45 
14:50.45 LINK : warning LNK4286: symbol 'PR_EnterMonitor' defined in 'prmon.obj' is imported by 'ssl3gthr.obj'
14:50.45 
14:50.45 LINK : warning LNK4286: symbol 'PR_EnterMonitor' defined in 'prmon.obj' is imported by 'sslcon.obj'
14:50.45 
14:50.45 LINK : warning LNK4217: symbol 'PR_EnterMonitor' defined in 'prmon.obj' is imported by 'ocsp.obj' in function 'CERT_CacheOCSPResponseFromSideChannel'
14:50.45 
14:50.45 LINK : warning LNK4286: symbol 'PR_EnterMonitor' defined in 'prmon.obj' is imported by 'pkibase.obj'
14:50.45 
14:50.45 LINK : warning LNK4286: symbol 'PR_EnterMonitor' defined in 'prmon.obj' is imported by 'pkix_pl_monitorlock.obj'
14:50.45 
14:50.45 LINK : warning LNK4286: symbol 'PR_EnterMonitor' defined in 'prmon.obj' is imported by 'dtls13con.obj'
14:50.45 
14:50.45 LINK : warning LNK4286: symbol 'PR_ExitMonitor' defined in 'prmon.obj' is imported by 'tls13replay.obj'
14:50.45 
14:50.45 LINK : warning LNK4286: symbol 'PR_ExitMonitor' defined in 'prmon.obj' is imported by 'sslreveal.obj'
14:50.45 
14:50.45 LINK : warning LNK4286: symbol 'PR_ExitMonitor' defined in 'prmon.obj' is imported by 'sslsecur.obj'
14:50.45 
14:50.45 LINK : warning LNK4286: symbol 'PR_ExitMonitor' defined in 'prmon.obj' is imported by 'sslsock.obj'
14:50.45 
14:50.45 LINK : warning LNK4217: symbol 'PR_ExitMonitor' defined in 'prmon.obj' is imported by 'tls13con.obj' in function 'tls13_RecoverWrappedSharedSecret'
14:50.45 
14:50.45 LINK : warning LNK4286: symbol 'PR_ExitMonitor' defined in 'prmon.obj' is imported by 'dtlscon.obj'
14:50.45 
14:50.45 LINK : warning LNK4286: symbol 'PR_ExitMonitor' defined in 'prmon.obj' is imported by 'ssl3con.obj'
14:50.45 
14:50.45 LINK : warning LNK4286: symbol 'PR_ExitMonitor' defined in 'prmon.obj' is imported by 'ssl3gthr.obj'
14:50.45 
14:50.45 LINK : warning LNK4286: symbol 'PR_ExitMonitor' defined in 'prmon.obj' is imported by 'sslcon.obj'
14:50.45 
14:50.45 LINK : warning LNK4217: symbol 'PR_ExitMonitor' defined in 'prmon.obj' is imported by 'ocsp.obj' in function 'CERT_CacheOCSPResponseFromSideChannel'
14:50.45 
14:50.45 LINK : warning LNK4286: symbol 'PR_ExitMonitor' defined in 'prmon.obj' is imported by 'pkibase.obj'
14:50.45 
14:50.45 LINK : warning LNK4286: symbol 'PR_ExitMonitor' defined in 'prmon.obj' is imported by 'pkix_pl_monitorlock.obj'
14:50.45 
14:50.45 LINK : warning LNK4286: symbol 'PR_ExitMonitor' defined in 'prmon.obj' is imported by 'dtls13con.obj'
14:50.45 
14:50.45 LINK : warning LNK4286: symbol 'PR_IntervalNow' defined in 'prinrval.obj' is imported by 'dtlscon.obj'
14:50.45 
14:50.45 LINK : warning LNK4217: symbol 'PR_IntervalNow' defined in 'prinrval.obj' is imported by 'pk11auth.obj' in function 'PK11_IsLoggedIn'
14:50.45 
14:50.45 LINK : warning LNK4286: symbol 'PR_IntervalNow' defined in 'prinrval.obj' is imported by 'pk11load.obj'
14:50.45 
14:50.45 LINK : warning LNK4286: symbol 'PR_IntervalNow' defined in 'prinrval.obj' is imported by 'pk11slot.obj'
14:50.45 
14:50.45 LINK : warning LNK4286: symbol 'PR_IntervalNow' defined in 'prinrval.obj' is imported by 'devslot.obj'
14:50.45 
14:50.45 LINK : warning LNK4286: symbol 'PR_CallOnceWithArg' defined in 'prinit.obj' is imported by 'sslsnce.obj'
14:50.45 
14:50.45 LINK : warning LNK4217: symbol 'PR_CallOnceWithArg' defined in 'prinit.obj' is imported by 'pk11cert.obj' in function 'PK11_FindCertAndKeyByRecipientListNew'
14:50.45 
14:50.45 LINK : warning LNK4286: symbol 'PR_CallOnceWithArg' defined in 'prinit.obj' is imported by 'sslcert.obj'
14:50.45 
14:50.45 LINK : warning LNK4286: symbol 'PR_CallOnceWithArg' defined in 'prinit.obj' is imported by 'sslgrp.obj'
14:50.45 
14:50.45 LINK : warning LNK4286: symbol 'PR_CallOnceWithArg' defined in 'prinit.obj' is imported by 'sslinit.obj'
14:50.45 
14:50.45 LINK : warning LNK4217: symbol 'PR_LoadLibrary' defined in 'prlink.obj' is imported by 'pk11load.obj' in function 'secmod_LoadPKCS11Module'
14:50.45 
14:50.45 LINK : warning LNK4286: symbol 'PR_LoadLibrary' defined in 'prlink.obj' is imported by 'pkix_pl_httpcertstore.obj'
14:50.45 
14:50.45 LINK : warning LNK4217: symbol 'PR_UnloadLibrary' defined in 'prlink.obj' is imported by 'pk11load.obj' in function 'SECMOD_UnloadModule'
14:50.45 
14:50.45 LINK : warning LNK4286: symbol 'PR_UnloadLibrary' defined in 'prlink.obj' is imported by 'pkix_pl_httpcertstore.obj'
14:50.45 
14:50.45 LINK : warning LNK4217: symbol 'PR_FindSymbol' defined in 'prlink.obj' is imported by 'pk11load.obj' in function 'secmod_LoadPKCS11Module'
14:50.45 
14:50.45 LINK : warning LNK4217: symbol 'PR_NewLogModule' defined in 'prlog.obj' is imported by 'pk11load.obj' in function 'nss_InsertDeviceLog'
14:50.45 
14:50.45 LINK : warning LNK4286: symbol 'PR_NewLogModule' defined in 'prlog.obj' is imported by 'pkix_pl_lifecycle.obj'
14:50.45 
14:50.45 LINK : warning LNK4217: symbol 'PR_LogPrint' defined in 'prlog.obj' is imported by 'pk11load.obj' in function 'NSSDBGC_CancelFunction'
14:50.45 
14:50.45 LINK : warning LNK4217: symbol 'PR_IntervalToSeconds' defined in 'prinrval.obj' is imported by 'pk11load.obj' in function 'getPrintTime'
14:50.45 
14:50.45 LINK : warning LNK4217: symbol 'PR_IntervalToMilliseconds' defined in 'prinrval.obj' is imported by 'pk11load.obj' in function 'getPrintTime'
14:50.45 
14:50.45 LINK : warning LNK4217: symbol 'PR_IntervalToMicroseconds' defined in 'prinrval.obj' is imported by 'pk11load.obj' in function 'getPrintTime'
14:50.45 
14:50.45 LINK : warning LNK4217: symbol 'PR_SetEnv' defined in 'prenv.obj' is imported by 'pk11pars.obj' in function 'SECMOD_CreateModuleEx'
14:50.45 
14:50.45 LINK : warning LNK4217: symbol 'PR_Sleep' defined in 'prcthr.obj' is imported by 'pk11slot.obj' in function 'PK11_WaitForTokenEvent'
14:50.45 
14:50.45 LINK : warning LNK4286: symbol 'PR_Sleep' defined in 'prcthr.obj' is imported by 'pk11util.obj'
14:50.45 
14:50.45 LINK : warning LNK4286: symbol 'PR_Sleep' defined in 'prcthr.obj' is imported by 'ssl3con.obj'
14:50.45 
14:50.45 LINK : warning LNK4217: symbol 'PR_SetErrorText' defined in 'prerror.obj' is imported by 'pk11util.obj' in function 'SECMOD_AddNewModuleEx'
14:50.45 
14:53.81 LINK : warning LNK4217: symbol 'PR_NetAddrToString' defined in 'prnetdb.obj' is imported by 'certdb.obj' in function 'cert_GetDNSPatternsFromGeneralNames'
14:53.81 
14:53.81 LINK : warning LNK4217: symbol 'PR_ConvertIPv4AddrToIPv6' defined in 'prnetdb.obj' is imported by 'certdb.obj' in function 'cert_VerifySubjectAltName'
14:53.81 
14:53.81 LINK : warning LNK4286: symbol 'PR_ConvertIPv4AddrToIPv6' defined in 'prnetdb.obj' is imported by 'sslsock.obj'
14:53.81 
14:53.81 LINK : warning LNK4217: symbol 'PR_htonl' defined in 'prnetdb.obj' is imported by 'certdb.obj' in function 'cert_VerifySubjectAltName'
14:53.81 
14:53.81 LINK : warning LNK4217: symbol 'PR_sprintf_append' defined in 'prprf.obj' is imported by 'polcyxtn.obj' in function 'stringFromUserNotice'
14:53.81 
14:53.81 LINK : warning LNK4286: symbol 'PR_sprintf_append' defined in 'prprf.obj' is imported by 'pkix_pl_string.obj'
14:53.81 
14:53.81 LINK : warning LNK4217: symbol 'PR_NewThreadPrivateIndex' defined in 'prtpd.obj' is imported by 'error.obj' in function 'error_once_function'
14:53.81 
14:53.81 LINK : warning LNK4217: symbol 'PR_SetThreadPrivate' defined in 'prtpd.obj' is imported by 'error.obj' in function 'error_get_my_stack'
14:53.81 
14:53.81 LINK : warning LNK4217: symbol 'PR_GetThreadPrivate' defined in 'prtpd.obj' is imported by 'error.obj' in function 'error_get_my_stack'
14:53.81 
14:53.81 LINK : warning LNK4217: symbol 'PR_NewRWLock' defined in 'prrwlock.obj' is imported by 'pkix_pl_rwlock.obj' in function 'PKIX_PL_RWLock_Create'
14:53.81 
14:53.81 LINK : warning LNK4286: symbol 'PR_NewRWLock' defined in 'prrwlock.obj' is imported by 'sslnonce.obj'
14:53.81 
14:53.81 LINK : warning LNK4286: symbol 'PR_NewRWLock' defined in 'prrwlock.obj' is imported by 'sslsnce.obj'
14:53.81 
14:53.81 LINK : warning LNK4217: symbol 'PR_DestroyRWLock' defined in 'prrwlock.obj' is imported by 'pkix_pl_rwlock.obj' in function 'pkix_pl_RWLock_Destroy'
14:53.81 
14:53.81 LINK : warning LNK4286: symbol 'PR_DestroyRWLock' defined in 'prrwlock.obj' is imported by 'sslnonce.obj'
14:53.81 
14:53.81 LINK : warning LNK4286: symbol 'PR_DestroyRWLock' defined in 'prrwlock.obj' is imported by 'sslsnce.obj'
14:53.81 
14:53.81 LINK : warning LNK4217: symbol 'PR_RWLock_Rlock' defined in 'prrwlock.obj' is imported by 'pkix_pl_rwlock.obj' in function 'PKIX_PL_AcquireReaderLock'
14:53.81 
14:53.81 LINK : warning LNK4286: symbol 'PR_RWLock_Rlock' defined in 'prrwlock.obj' is imported by 'ssl3con.obj'
14:53.81 
14:53.81 LINK : warning LNK4286: symbol 'PR_RWLock_Rlock' defined in 'prrwlock.obj' is imported by 'sslsnce.obj'
14:53.81 
14:53.81 LINK : warning LNK4217: symbol 'PR_RWLock_Wlock' defined in 'prrwlock.obj' is imported by 'pkix_pl_rwlock.obj' in function 'PKIX_PL_AcquireWriterLock'
14:53.81 
14:53.81 LINK : warning LNK4286: symbol 'PR_RWLock_Wlock' defined in 'prrwlock.obj' is imported by 'sslnonce.obj'
14:53.81 
14:53.81 LINK : warning LNK4286: symbol 'PR_RWLock_Wlock' defined in 'prrwlock.obj' is imported by 'sslsnce.obj'
14:53.81 
14:53.81 LINK : warning LNK4217: symbol 'PR_RWLock_Unlock' defined in 'prrwlock.obj' is imported by 'pkix_pl_rwlock.obj' in function 'PKIX_PL_ReleaseReaderLock'
14:53.81 
14:53.81 LINK : warning LNK4286: symbol 'PR_RWLock_Unlock' defined in 'prrwlock.obj' is imported by 'ssl3con.obj'
14:53.81 
14:53.81 LINK : warning LNK4286: symbol 'PR_RWLock_Unlock' defined in 'prrwlock.obj' is imported by 'sslnonce.obj'
14:53.81 
14:53.81 LINK : warning LNK4286: symbol 'PR_RWLock_Unlock' defined in 'prrwlock.obj' is imported by 'sslsnce.obj'
14:53.81 
14:53.81 LINK : warning LNK4217: symbol 'PR_Open' defined in 'prfile.obj' is imported by 'pkix_pl_colcertstore.obj' in function 'pkix_pl_CollectionCertStoreContext_CreateCRL'
14:53.81 
14:53.81 LINK : warning LNK4217: symbol 'PR_Read' defined in 'priometh.obj' is imported by 'pkix_pl_colcertstore.obj' in function 'SECU_FileToItem'
14:53.81 
14:53.81 LINK : warning LNK4217: symbol 'PR_GetOpenFileInfo' defined in 'priometh.obj' is imported by 'pkix_pl_colcertstore.obj' in function 'SECU_FileToItem'
14:53.81 
14:53.81 LINK : warning LNK4217: symbol 'PR_OpenDir' defined in 'prdir.obj' is imported by 'pkix_pl_colcertstore.obj' in function 'pkix_pl_CollectionCertStoreContext_PopulateCRL'
14:53.81 
14:53.81 LINK : warning LNK4217: symbol 'PR_ReadDir' defined in 'prdir.obj' is imported by 'pkix_pl_colcertstore.obj' in function 'pkix_pl_CollectionCertStoreContext_PopulateCRL'
14:53.81 
14:53.81 LINK : warning LNK4217: symbol 'PR_CloseDir' defined in 'prdir.obj' is imported by 'pkix_pl_colcertstore.obj' in function 'pkix_pl_CollectionCertStoreContext_PopulateCRL'
14:53.81 
14:53.81 LINK : warning LNK4217: symbol 'PR_FindFunctionSymbol' defined in 'prlink.obj' is imported by 'pkix_pl_httpcertstore.obj' in function 'pkix_getDecodeFunction'
14:53.81 
14:53.81 LINK : warning LNK4217: symbol 'PR_ConnectContinue' defined in 'priometh.obj' is imported by 'pkix_pl_socket.obj' in function 'pkix_pl_Socket_ConnectContinue'
14:53.81 
14:53.81 LINK : warning LNK4217: symbol 'PR_Accept' defined in 'priometh.obj' is imported by 'pkix_pl_socket.obj' in function 'pkix_pl_Socket_Accept'
14:53.81 
14:53.81 LINK : warning LNK4217: symbol 'PR_Bind' defined in 'priometh.obj' is imported by 'pkix_pl_socket.obj' in function 'pkix_pl_Socket_CreateServer'
14:53.81 
14:53.81 LINK : warning LNK4217: symbol 'PR_Listen' defined in 'priometh.obj' is imported by 'pkix_pl_socket.obj' in function 'pkix_pl_Socket_Listen'
14:53.81 
14:53.81 LINK : warning LNK4217: symbol 'PR_Shutdown' defined in 'priometh.obj' is imported by 'pkix_pl_socket.obj' in function 'pkix_pl_Socket_Shutdown'
14:53.81 
14:53.81 LINK : warning LNK4217: symbol 'PR_Send' defined in 'priometh.obj' is imported by 'pkix_pl_socket.obj' in function 'pkix_pl_Socket_Send'
14:53.81 
14:53.81 LINK : warning LNK4217: symbol 'PR_ErrorToString' defined in 'prerrortable.obj' is imported by 'pkix_pl_socket.obj' in function 'pkix_pl_Socket_CreateServer'
14:53.81 
14:53.81 LINK : warning LNK4217: symbol 'PR_htons' defined in 'prnetdb.obj' is imported by 'pkix_pl_socket.obj' in function 'pkix_pl_Socket_CreateByHostAndPort'
14:53.81 
14:53.81 LINK : warning LNK4217: symbol 'PR_MillisecondsToInterval' defined in 'prinrval.obj' is imported by 'dtlscon.obj' in function 'DTLS_GetHandshakeTimeout'
14:53.81 
14:53.81 LINK : warning LNK4217: symbol 'PR_GetMonitorEntryCount' defined in 'prmon.obj' is imported by 'ssl3con.obj' in function 'SSL3_SendAlert'
14:53.81 
14:53.81 LINK : warning LNK4217: symbol 'PR_ntohl' defined in 'prnetdb.obj' is imported by 'ssl3exthandle.obj' in function 'ssl3_ProcessSessionTicketCommon'
14:53.81 
14:53.81 LINK : warning LNK4286: symbol 'PR_ntohl' defined in 'prnetdb.obj' is imported by 'sslbloom.obj'
14:53.81 
14:53.81 LINK : warning LNK4286: symbol 'PR_ntohl' defined in 'prnetdb.obj' is imported by 'tls13con.obj'
14:53.81 
14:53.81 LINK : warning LNK4217: symbol 'PR_ntohl' defined in 'prnetdb.obj' is imported by 'tls13exthandle.obj' in function 'tls13_ClientHandleKeyShareXtnHrr'
14:53.81 
14:53.81 LINK : warning LNK4217: symbol 'PR_PopIOLayer' defined in 'prlayer.obj' is imported by 'ssldef.obj' in function 'ssl_DefClose'
14:53.81 
14:53.81 LINK : warning LNK4217: symbol 'PR_htonll' defined in 'prnetdb.obj' is imported by 'sslencode.obj' in function 'ssl_EncodeUintX'
14:53.81 
14:53.81 LINK : warning LNK4217: symbol 'PR_MemMap' defined in 'prmmap.obj' is imported by 'sslsnce.obj' in function 'InitCache'
14:53.81 
14:53.81 LINK : warning LNK4217: symbol 'PR_MemUnmap' defined in 'prmmap.obj' is imported by 'sslsnce.obj' in function 'CloseCache'
14:53.81 
14:53.81 LINK : warning LNK4217: symbol 'PR_CloseFileMap' defined in 'prmmap.obj' is imported by 'sslsnce.obj' in function 'CloseCache'
14:53.81 
14:53.81 LINK : warning LNK4217: symbol 'PR_OpenAnonFileMap' defined in 'prshma.obj' is imported by 'sslsnce.obj' in function 'InitCache'
14:53.81 
14:53.81 LINK : warning LNK4217: symbol 'PR_ExportFileMapAsString' defined in 'prshma.obj' is imported by 'sslsnce.obj' in function 'ssl_ConfigMPServerSIDCacheWithOpt'
14:53.81 
14:53.81 LINK : warning LNK4217: symbol 'PR_ImportFileMapFromString' defined in 'prshma.obj' is imported by 'sslsnce.obj' in function 'SSL_InheritMPServerSIDCacheInstance'
14:53.81 
14:53.81 LINK : warning LNK4217: symbol 'PR_GetUniqueIdentity' defined in 'prlayer.obj' is imported by 'sslsock.obj' in function 'ssl_InitIOLayer'
14:53.81 
14:53.81 LINK : warning LNK4217: symbol 'PR_GetIdentitiesLayer' defined in 'prlayer.obj' is imported by 'sslsock.obj' in function 'ssl_FindSocket'
14:53.81 
14:53.81 LINK : warning LNK4217: symbol 'PR_GetDefaultIOMethods' defined in 'prlayer.obj' is imported by 'sslsock.obj' in function 'ssl_SetupIOMethods'
14:53.81 
14:53.81 LINK : warning LNK4217: symbol 'PR_CreateIOLayerStub' defined in 'prlayer.obj' is imported by 'sslsock.obj' in function 'ssl_PushIOLayer'
14:53.81 
14:53.81 LINK : warning LNK4217: symbol 'PR_PushIOLayer' defined in 'prlayer.obj' is imported by 'sslsock.obj' in function 'ssl_PushIOLayer'
14:53.81 
14:53.81 LINK : warning LNK4217: symbol 'PR_GetSocketOption' defined in 'priometh.obj' is imported by 'sslsock.obj' in function 'ssl_FdIsBlocking'
14:53.81 
14:53.81 LINK : warning LNK4217: symbol 'PR_CeilingLog2' defined in 'prlog2.obj' is imported by 'plarena.obj' in function 'PL_InitArenaPool'
14:53.81 
14:53.81 LINK : warning LNK4286: symbol 'PR_CeilingLog2' defined in 'prlog2.obj' is imported by 'plhash.obj'
14:53.81 
14:53.81 LINK : warning LNK4217: symbol 'PR_GetSpecialFD' defined in 'prio.obj' is imported by 'plerror.obj' in function 'PL_PrintError'
14:53.81 
14:53.81 LINK : warning LNK4217: symbol 'PR_fprintf' defined in 'prstdio.obj' is imported by 'plerror.obj' in function 'PL_FPrintError'
14:53.81 
14:53.81 LINK : warning LNK4217: symbol 'PR_GetOSError' defined in 'prerror.obj' is imported by 'plerror.obj' in function 'PL_FPrintError'
14:53.81 
14:53.81 LINK : warning LNK4217: symbol 'PR_ErrorToName' defined in 'prerrortable.obj' is imported by 'plerror.obj' in function 'PL_FPrintError'
14:53.81 
14:53.81 LINK : warning LNK4217: symbol 'PR_Assert' defined in 'prlog.obj' is imported by 'strlen.obj' in function 'PL_strlen'
14:53.81 
14:53.81 cd include; c:/Strawberry/c/bin/gmake.EXE libs
14:53.81 crmfenc.c
14:53.81 crypto.c
14:53.81 crmftmpl.c
14:53.81 loader.c
14:53.81 cd src; c:/Strawberry/c/bin/gmake.EXE libs
14:53.81 find.c
14:53.81 crmfreq.c
14:53.81 d:/a/K-Meleon-R/K-Meleon-R/goanna/obj-x64/security/nss/lib/freebl/freebl.lib
14:53.81 hash.c
14:53.81 crmfpop.c
14:53.81 instance.c
14:53.81 db.c
14:53.81 crmfdec.c
14:53.81 h_bigkey.c
14:53.81 crmfget.c
14:53.81 mutex.c
14:53.81 crmfcont.c
14:53.81 h_func.c
14:53.81 object.c
14:53.81 freeblver.c
14:53.81 h_log2.c
14:53.81 ldvector.c
14:53.81 cmmfasn1.c
14:53.81 session.c
14:53.81 h_page.c
14:53.81 sysrand.c
14:53.81 cmmfresp.c
14:53.81 sessobj.c
14:53.81 hash.c
14:53.81 cmmfrec.c
14:53.81 slot.c
14:53.81 cmmfchal.c
14:53.81 sha_fast.c
14:53.81 token.c
14:53.81 md2.c
14:53.81 servget.c
14:53.81 hash_buf.c
14:53.81 md5.c
14:53.81 wrap.c
14:53.81 encutil.c
14:53.81 sha512.c
14:53.81 mktemp.c
14:53.81 respcli.c
14:53.81 mechanism.c
14:53.81 cmac.c
14:53.81 respcmn.c
14:53.81 alghmac.c
14:53.81 d:/a/K-Meleon-R/K-Meleon-R/goanna/obj-x64/security/nss/lib/ckfw/nssckfw.lib
14:53.81 dirent.c
14:53.81 rawhash.c
14:53.81 cd builtins; c:/Strawberry/c/bin/gmake.EXE libs
14:53.81 challcli.c
14:53.81 d:/a/K-Meleon-R/K-Meleon-R/goanna/obj-x64/security/nss/lib/dbm/src/dbm.lib
14:53.81 alg2268.c
14:53.81 asn1cmn.c
14:53.81 arcfour.c
14:53.81 arcfive.c
14:53.81 crypto_primitives.c
14:53.81 d:/a/K-Meleon-R/K-Meleon-R/goanna/obj-x64/security/nss/lib/crmf/crmf.lib
14:53.81 anchor.c
14:53.81 blake2b.c
14:53.81 constants.c
14:53.81 desblapi.c
14:53.81 des.c
14:53.81 drbg.c
14:53.81 bfind.c
14:53.81 binst.c
14:53.81 bobject.c
14:53.81 chacha20poly1305.c
14:53.81 bsession.c
14:53.81 cts.c
14:53.81 bslot.c
14:53.81 ctr.c
14:53.81 btoken.c
14:53.81 blinit.c
14:53.81 fipsfreebl.c
14:53.81 gcm.c
14:53.81 ckbiver.c
14:53.81 Microsoft (R) Windows (R) Resource Compiler Version 10.0.10011.16384
14:53.81 
14:53.81 Copyright (C) Microsoft Corporation.  All rights reserved.
14:53.81 
14:53.81 
15:08.29 d:/a/K-Meleon-R/K-Meleon-R/goanna/obj-x64/security/nss/lib/ckfw/builtins/nssckbi.res finished
15:08.29 certdata.c
15:08.29 hmacct.c
15:08.29 rijndael.c
15:08.29 aeskeywrap.c
15:08.29 camellia.c
15:08.29 dh.c
15:08.29 ec.c
15:08.29    Creating library d:\a\K-Meleon-R\K-Meleon-R\goanna\obj-x64\security\nss\lib\ckfw\builtins\nssckbi.lib and object d:\a\K-Meleon-R\K-Meleon-R\goanna\obj-x64\security\nss\lib\ckfw\builtins\nssckbi.exp
15:08.29 LINK : /LTCG specified but no code generation required; remove /LTCG from the link command line to improve linker performance
15:08.29 ecdecode.c
15:08.29 dsa.c
15:08.29 pqg.c
15:08.29 rsa.c
15:08.29 rsapkcs.c
15:08.29 shvfy.c
15:08.29 cd testlib; c:/Strawberry/c/bin/gmake.EXE libs
15:08.29 seed.c
15:08.29 tlsprfalg.c
15:08.29 jpake.c
15:08.29 mpmontg.c
15:08.29 mpprime.c
15:08.29 mplogic.c
15:08.29 mp_gf2m.c
15:08.29 mpi.c
15:08.29 mpi_amd64.c
15:08.29 mpcpucache.c
15:08.29 ecl.c
15:08.29 Microsoft (R) Windows (R) Resource Compiler Version 10.0.10011.16384
15:08.29 
15:08.29 Copyright (C) Microsoft Corporation.  All rights reserved.
15:08.29 
15:08.29 
15:08.29 ecl_mult.c
15:08.29 d:/a/K-Meleon-R/K-Meleon-R/goanna/obj-x64/security/nss/lib/ckfw/builtins/testlib/nssckbi-testlib.res finished
15:08.29 certdata-testlib.c
15:08.29 ecl_gf.c
15:08.29 ecp_aff.c
15:08.29 ecp_jac.c
15:08.29    Creating library d:\a\K-Meleon-R\K-Meleon-R\goanna\obj-x64\security\nss\lib\ckfw\builtins\testlib\nssckbi-testlib.lib and object d:\a\K-Meleon-R\K-Meleon-R\goanna\obj-x64\security\nss\lib\ckfw\builtins\testlib\nssckbi-testlib.exp
15:08.29 nssckbi-testlib.exp : warning LNK4070: /OUT:nssckbi.dll directive in .EXP differs from output filename 'd:\a\K-Meleon-R\K-Meleon-R\goanna\obj-x64\security\nss\lib\ckfw\builtins\testlib\nssckbi-testlib.dll'; ignoring directive
15:08.29 LINK : /LTCG specified but no code generation required; remove /LTCG from the link command line to improve linker performance
15:08.29 nssckbi-testlib.exp : warning LNK4070: /OUT:nssckbi.dll directive in .EXP differs from output filename 'd:\a\K-Meleon-R\K-Meleon-R\goanna\obj-x64\security\nss\lib\ckfw\builtins\testlib\nssckbi-testlib.dll'; ignoring directive
15:08.29 ecp_mont.c
15:08.29 ec_naf.c
15:08.29 ecp_jm.c
15:08.29 ecp_384.c
15:08.29 ecp_256.c
15:08.29 ecp_521.c
15:08.29 ecp_25519.c
15:08.29 ecp_256_32.c
15:08.29 curve25519_64.c
15:08.29 Hacl_Chacha20.c
15:08.29 Hacl_Chacha20_Vec128.c
15:08.29 Hacl_Curve25519.c
15:08.29 FStar.c
15:08.29 gcm-x86.c
15:08.29 aes-x86.c
15:08.29 intel-gcm-wrap.c
15:08.29 Hacl_Poly1305_32.c
15:08.29  Assembling: arcfour-amd64-masm.asm
15:08.29  Assembling: mpi/mpi_amd64_masm.asm
15:08.29  Assembling: intel-aes-x64-masm.asm
15:08.29  Assembling: mpi/mp_comba_amd64_masm.asm
15:08.29  Assembling: intel-gcm-x64-masm.asm
15:08.29 Microsoft (R) Windows (R) Resource Compiler Version 10.0.10011.16384
15:08.29 
15:08.29 Copyright (C) Microsoft Corporation.  All rights reserved.
15:08.29 
15:08.29 
15:08.29 d:/a/K-Meleon-R/K-Meleon-R/goanna/obj-x64/security/nss/lib/freebl/freebl.res finished
15:08.29    Creating library d:\a\K-Meleon-R\K-Meleon-R\goanna\obj-x64\security\nss\lib\freebl\freebl3.lib and object d:\a\K-Meleon-R\K-Meleon-R\goanna\obj-x64\security\nss\lib\freebl\freebl3.exp
15:08.29 Generating code
15:08.29 Finished generating code
15:08.29 fipstokn.c
15:08.29 fipsaudt.c
15:08.29 fipstest.c
15:08.29 lgglue.c
15:08.29 lowkey.c
15:08.29 lowpbe.c
15:08.29 padbuf.c
15:08.29 pkcs11.c
15:08.29 pkcs11c.c
15:08.29 pkcs11u.c
15:08.29 sdb.c
15:08.29 sftkdb.c
15:08.29 sftkhmac.c
15:08.29 sftkike.c
15:08.29 sftkpars.c
15:08.29 sftkpwd.c
15:08.29 softkver.c
15:08.29 tlsprf.c
15:08.29 jpakesftk.c
15:08.29 Microsoft (R) Windows (R) Resource Compiler Version 10.0.10011.16384
15:08.29 
15:08.29 Copyright (C) Microsoft Corporation.  All rights reserved.
15:08.29 
15:08.29 
15:08.29 d:/a/K-Meleon-R/K-Meleon-R/goanna/obj-x64/security/nss/lib/softoken/softokn.res finished
15:08.29 d:/a/K-Meleon-R/K-Meleon-R/goanna/obj-x64/security/nss/lib/softoken/softokn.lib
15:08.29    Creating library d:\a\K-Meleon-R\K-Meleon-R\goanna\obj-x64\security\nss\lib\softoken\softokn3.lib and object d:\a\K-Meleon-R\K-Meleon-R\goanna\obj-x64\security\nss\lib\softoken\softokn3.exp
15:08.29 Generating code
15:08.29 Finished generating code
15:08.29 cd legacydb; c:/Strawberry/c/bin/gmake.EXE libs
15:08.29 dbmshim.c
15:08.29 keydb.c
15:08.29 lgattr.c
15:08.29 lgcreate.c
15:08.29 lgfips.c
15:08.29 lgdestroy.c
15:08.29 lgfind.c
15:08.29 lginit.c
15:08.29 lowcert.c
15:08.29 lgutil.c
15:08.29 lowkey.c
15:08.29 pcertdb.c
15:08.29 pk11db.c
15:08.29 Microsoft (R) Windows (R) Resource Compiler Version 10.0.10011.16384
15:08.29 
15:08.29 Copyright (C) Microsoft Corporation.  All rights reserved.
15:08.29 
15:08.29 
15:08.29 d:/a/K-Meleon-R/K-Meleon-R/goanna/obj-x64/security/nss/lib/softoken/legacydb/nssdbm.res finished
15:08.29    Creating library d:\a\K-Meleon-R\K-Meleon-R\goanna\obj-x64\security\nss\lib\softoken\legacydb\nssdbm3.lib and object d:\a\K-Meleon-R\K-Meleon-R\goanna\obj-x64\security\nss\lib\softoken\legacydb\nssdbm3.exp
15:08.29 Generating code
15:08.29 d:/a/K-Meleon-R/K-Meleon-R/goanna/obj-x64/security/nss/lib/softoken/legacydb/nssdbm.lib
15:08.29 Finished generating code
15:08.29 secutil.c
15:08.29 basicutil.c
15:08.29 secpwd.c
15:08.29 derprint.c
15:08.29 moreoids.c
15:08.29 pppolicy.c
15:08.29 ffs.c
15:08.29 pk11table.c
15:08.29 d:/a/K-Meleon-R/K-Meleon-R/goanna/obj-x64/security/nss/cmd/lib/sectool.lib
15:08.29 shlibsign.c
15:08.29 cd mangle; c:/Strawberry/c/bin/gmake.EXE libs
15:08.29 mangle.c
15:08.29 sqlite.lib.desc
15:08.29 crmf.lib.desc
15:08.29 nspr.lib.desc
15:08.29 Unified_c_manager_ssl_src0.obj
15:08.29 nsNSSCertificateDB.obj
15:08.29 Unified_cpp_manager_ssl_src0.obj
15:08.29 Unified_cpp_manager_ssl_src1.obj
15:08.29 Unified_c_manager_ssl_src0.c
15:08.29 Unified_cpp_manager_ssl_src2.obj
15:08.29 nsNSSCertificateDB.cpp
15:08.29 RegExp.obj
15:08.29 CTypes.obj
15:08.29 Unified_cpp_manager_ssl_src0.cpp
15:08.29 Library.obj
15:08.29 Unified_cpp_manager_ssl_src2.cpp
15:08.29 Parser.obj
15:08.29 RegExp.cpp
15:08.29 ExecutableAllocatorWin.obj
15:08.29 Library.cpp
15:08.29 jsarray.obj
15:08.29 Unified_cpp_manager_ssl_src1.cpp
15:08.29 security_manager_ssl_src.lib.desc
15:08.29 jsatom.obj
15:08.29 CTypes.cpp
15:08.29 jsmath.obj
15:08.29 ExecutableAllocatorWin.cpp
15:08.29 jsutil.obj
15:08.29 Parser.cpp
15:08.29 d:\a\K-Meleon-R\K-Meleon-R\goanna\js\src\frontend/Parser.h(713): warning C4661: 'js::frontend::SyntaxParseHandler::Node js::frontend::Parser<js::frontend::SyntaxParseHandler>::standaloneFunctionBody(JS::HandleFunction,const js::AutoNameVector &,js::GeneratorKind,js::frontend::Directives,js::frontend::Directives *)': no suitable definition provided for explicit template instantiation request
15:08.29 d:\a\K-Meleon-R\K-Meleon-R\goanna\js\src\frontend/Parser.h(480): note: see declaration of 'js::frontend::Parser<js::frontend::SyntaxParseHandler>::standaloneFunctionBody'
15:08.29 d:\a\K-Meleon-R\K-Meleon-R\goanna\js\src\frontend/Parser.h(713): warning C4661: 'js::frontend::SyntaxParseHandler::Node js::frontend::Parser<js::frontend::SyntaxParseHandler>::standaloneLazyFunction(JS::HandleFunction,unsigned int,bool,js::GeneratorKind)': no suitable definition provided for explicit template instantiation request
15:08.29 d:\a\K-Meleon-R\K-Meleon-R\goanna\js\src\frontend/Parser.h(486): note: see declaration of 'js::frontend::Parser<js::frontend::SyntaxParseHandler>::standaloneLazyFunction'
15:08.29 d:\a\K-Meleon-R\K-Meleon-R\goanna\js\src\frontend/Parser.h(713): warning C4661: 'bool js::frontend::Parser<js::frontend::SyntaxParseHandler>::makeDefIntoUse(js::frontend::Definition *,js::frontend::SyntaxParseHandler::Node,JSAtom *)': no suitable definition provided for explicit template instantiation request
15:08.29 d:\a\K-Meleon-R\K-Meleon-R\goanna\js\src\frontend/Parser.h(643): note: see declaration of 'js::frontend::Parser<js::frontend::SyntaxParseHandler>::makeDefIntoUse'
15:08.29 d:\a\K-Meleon-R\K-Meleon-R\goanna\js\src\frontend/Parser.h(713): warning C4661: 'bool js::frontend::Parser<js::frontend::SyntaxParseHandler>::isValidForStatementLHS(js::frontend::SyntaxParseHandler::Node,JSVersion,bool,bool,js::frontend::ParseNodeKind)': no suitable definition provided for explicit template instantiation request
15:08.29 d:\a\K-Meleon-R\K-Meleon-R\goanna\js\src\frontend/Parser.h(649): note: see declaration of 'js::frontend::Parser<js::frontend::SyntaxParseHandler>::isValidForStatementLHS'
15:08.29 d:\a\K-Meleon-R\K-Meleon-R\goanna\js\src\frontend/Parser.h(713): warning C4661: 'bool js::frontend::Parser<js::frontend::SyntaxParseHandler>::checkForHeadConstInitializers(js::frontend::SyntaxParseHandler::Node)': no suitable definition provided for explicit template instantiation request
15:08.29 d:\a\K-Meleon-R\K-Meleon-R\goanna\js\src\frontend/Parser.h(651): note: see declaration of 'js::frontend::Parser<js::frontend::SyntaxParseHandler>::checkForHeadConstInitializers'
15:08.29 d:\a\K-Meleon-R\K-Meleon-R\goanna\js\src\frontend/Parser.h(713): warning C4661: 'bool js::frontend::Parser<js::frontend::SyntaxParseHandler>::checkAndPrepareLexical(bool,const js::frontend::TokenPos &)': no suitable definition provided for explicit template instantiation request
15:08.29 d:\a\K-Meleon-R\K-Meleon-R\goanna\js\src\frontend/Parser.h(668): note: see declaration of 'js::frontend::Parser<js::frontend::SyntaxParseHandler>::checkAndPrepareLexical'
15:08.29 d:\a\K-Meleon-R\K-Meleon-R\goanna\js\src\frontend/Parser.h(713): warning C4661: 'js::frontend::SyntaxParseHandler::Node js::frontend::Parser<js::frontend::SyntaxParseHandler>::makeInitializedLexicalBinding(js::HandlePropertyName,bool,const js::frontend::TokenPos &)': no suitable definition provided for explicit template instantiation request
15:08.29 d:\a\K-Meleon-R\K-Meleon-R\goanna\js\src\frontend/Parser.h(669): note: see declaration of 'js::frontend::Parser<js::frontend::SyntaxParseHandler>::makeInitializedLexicalBinding'
15:08.29 d:\a\K-Meleon-R\K-Meleon-R\goanna\js\src\frontend/Parser.h(713): warning C4661: 'bool js::frontend::Parser<js::frontend::SyntaxParseHandler>::checkDestructuringObject(js::frontend::BindData<ParseHandler> *,js::frontend::SyntaxParseHandler::Node)': no suitable definition provided for explicit template instantiation request
15:08.29         with
15:08.29         [
15:08.29             ParseHandler=js::frontend::SyntaxParseHandler
15:08.29         ]
15:08.29 d:\a\K-Meleon-R\K-Meleon-R\goanna\js\src\frontend/Parser.h(673): note: see declaration of 'js::frontend::Parser<js::frontend::SyntaxParseHandler>::checkDestructuringObject'
15:08.29 d:\a\K-Meleon-R\K-Meleon-R\goanna\js\src\frontend/Parser.h(713): warning C4661: 'bool js::frontend::Parser<js::frontend::SyntaxParseHandler>::checkDestructuringArray(js::frontend::BindData<ParseHandler> *,js::frontend::SyntaxParseHandler::Node)': no suitable definition provided for explicit template instantiation request
15:08.29         with
15:08.29         [
15:08.29             ParseHandler=js::frontend::SyntaxParseHandler
15:08.29         ]
15:08.29 d:\a\K-Meleon-R\K-Meleon-R\goanna\js\src\frontend/Parser.h(674): note: see declaration of 'js::frontend::Parser<js::frontend::SyntaxParseHandler>::checkDestructuringArray'
15:08.29 d:\a\K-Meleon-R\K-Meleon-R\goanna\js\src\frontend/Parser.h(713): warning C4661: 'bool js::frontend::Parser<js::frontend::SyntaxParseHandler>::bindInitialized(js::frontend::BindData<ParseHandler> *,js::frontend::SyntaxParseHandler::Node)': no suitable definition provided for explicit template instantiation request
15:08.29         with
15:08.29         [
15:08.29             ParseHandler=js::frontend::SyntaxParseHandler
15:08.29         ]
15:08.29 d:\a\K-Meleon-R\K-Meleon-R\goanna\js\src\frontend/Parser.h(675): note: see declaration of 'js::frontend::Parser<js::frontend::SyntaxParseHandler>::bindInitialized'
15:10.42 d:\a\K-Meleon-R\K-Meleon-R\goanna\js\src\frontend/Parser.h(713): warning C4661: 'bool js::frontend::Parser<js::frontend::SyntaxParseHandler>::bindDestructuringLHS(js::frontend::SyntaxParseHandler::Node)': no suitable definition provided for explicit template instantiation request
15:10.42 d:\a\K-Meleon-R\K-Meleon-R\goanna\js\src\frontend/Parser.h(676): note: see declaration of 'js::frontend::Parser<js::frontend::SyntaxParseHandler>::bindDestructuringLHS'
15:10.42 d:\a\K-Meleon-R\K-Meleon-R\goanna\js\src\frontend/Parser.h(713): warning C4661: 'bool js::frontend::Parser<js::frontend::SyntaxParseHandler>::makeSetCall(js::frontend::SyntaxParseHandler::Node,unsigned int)': no suitable definition provided for explicit template instantiation request
15:10.42 d:\a\K-Meleon-R\K-Meleon-R\goanna\js\src\frontend/Parser.h(677): note: see declaration of 'js::frontend::Parser<js::frontend::SyntaxParseHandler>::makeSetCall'
15:10.42 d:\a\K-Meleon-R\K-Meleon-R\goanna\js\src\frontend/Parser.h(713): warning C4661: 'js::frontend::SyntaxParseHandler::Node js::frontend::Parser<js::frontend::SyntaxParseHandler>::cloneDestructuringDefault(js::frontend::SyntaxParseHandler::Node)': no suitable definition provided for explicit template instantiation request
15:10.42 d:\a\K-Meleon-R\K-Meleon-R\goanna\js\src\frontend/Parser.h(678): note: see declaration of 'js::frontend::Parser<js::frontend::SyntaxParseHandler>::cloneDestructuringDefault'
15:10.42 d:\a\K-Meleon-R\K-Meleon-R\goanna\js\src\frontend/Parser.h(713): warning C4661: 'js::frontend::SyntaxParseHandler::Node js::frontend::Parser<js::frontend::SyntaxParseHandler>::cloneLeftHandSide(js::frontend::SyntaxParseHandler::Node)': no suitable definition provided for explicit template instantiation request
15:10.42 d:\a\K-Meleon-R\K-Meleon-R\goanna\js\src\frontend/Parser.h(679): note: see declaration of 'js::frontend::Parser<js::frontend::SyntaxParseHandler>::cloneLeftHandSide'
15:10.42 d:\a\K-Meleon-R\K-Meleon-R\goanna\js\src\frontend/Parser.h(713): warning C4661: 'js::frontend::SyntaxParseHandler::Node js::frontend::Parser<js::frontend::SyntaxParseHandler>::cloneParseTree(js::frontend::SyntaxParseHandler::Node)': no suitable definition provided for explicit template instantiation request
15:10.42 d:\a\K-Meleon-R\K-Meleon-R\goanna\js\src\frontend/Parser.h(680): note: see declaration of 'js::frontend::Parser<js::frontend::SyntaxParseHandler>::cloneParseTree'
15:10.42 d:\a\K-Meleon-R\K-Meleon-R\goanna\js\src\frontend/Parser.h(713): warning C4661: 'bool js::frontend::Parser<js::frontend::FullParseHandler>::bindDestructuringLHS(js::frontend::ParseNode *)': no suitable definition provided for explicit template instantiation request
15:10.42 d:\a\K-Meleon-R\K-Meleon-R\goanna\js\src\frontend/Parser.h(676): note: see declaration of 'js::frontend::Parser<js::frontend::FullParseHandler>::bindDestructuringLHS'
15:10.42 d:\a\K-Meleon-R\K-Meleon-R\goanna\js\src\frontend/Parser.h(713): warning C4661: 'js::frontend::ParseNode *js::frontend::Parser<js::frontend::FullParseHandler>::cloneDestructuringDefault(js::frontend::ParseNode *)': no suitable definition provided for explicit template instantiation request
15:10.42 d:\a\K-Meleon-R\K-Meleon-R\goanna\js\src\frontend/Parser.h(678): note: see declaration of 'js::frontend::Parser<js::frontend::FullParseHandler>::cloneDestructuringDefault'
15:10.42 d:\a\K-Meleon-R\K-Meleon-R\goanna\js\src\frontend/Parser.h(713): warning C4661: 'js::frontend::ParseNode *js::frontend::Parser<js::frontend::FullParseHandler>::cloneLeftHandSide(js::frontend::ParseNode *)': no suitable definition provided for explicit template instantiation request
15:10.42 d:\a\K-Meleon-R\K-Meleon-R\goanna\js\src\frontend/Parser.h(679): note: see declaration of 'js::frontend::Parser<js::frontend::FullParseHandler>::cloneLeftHandSide'
15:10.42 d:\a\K-Meleon-R\K-Meleon-R\goanna\js\src\frontend/Parser.h(713): warning C4661: 'js::frontend::ParseNode *js::frontend::Parser<js::frontend::FullParseHandler>::cloneParseTree(js::frontend::ParseNode *)': no suitable definition provided for explicit template instantiation request
15:10.42 d:\a\K-Meleon-R\K-Meleon-R\goanna\js\src\frontend/Parser.h(680): note: see declaration of 'js::frontend::Parser<js::frontend::FullParseHandler>::cloneParseTree'
15:10.42 d:/a/K-Meleon-R/K-Meleon-R/goanna/js/src/frontend/Parser.cpp(423): warning C4661: 'js::frontend::SyntaxParseHandler::Node js::frontend::Parser<js::frontend::SyntaxParseHandler>::standaloneFunctionBody(JS::HandleFunction,const js::AutoNameVector &,js::GeneratorKind,js::frontend::Directives,js::frontend::Directives *)': no suitable definition provided for explicit template instantiation request
15:10.42 d:\a\K-Meleon-R\K-Meleon-R\goanna\js\src\frontend/Parser.h(480): note: see declaration of 'js::frontend::Parser<js::frontend::SyntaxParseHandler>::standaloneFunctionBody'
15:10.42 d:/a/K-Meleon-R/K-Meleon-R/goanna/js/src/frontend/Parser.cpp(423): warning C4661: 'js::frontend::SyntaxParseHandler::Node js::frontend::Parser<js::frontend::SyntaxParseHandler>::standaloneLazyFunction(JS::HandleFunction,unsigned int,bool,js::GeneratorKind)': no suitable definition provided for explicit template instantiation request
15:10.42 d:\a\K-Meleon-R\K-Meleon-R\goanna\js\src\frontend/Parser.h(486): note: see declaration of 'js::frontend::Parser<js::frontend::SyntaxParseHandler>::standaloneLazyFunction'
15:10.42 d:/a/K-Meleon-R/K-Meleon-R/goanna/js/src/frontend/Parser.cpp(423): warning C4661: 'bool js::frontend::Parser<js::frontend::SyntaxParseHandler>::makeDefIntoUse(js::frontend::Definition *,js::frontend::SyntaxParseHandler::Node,JSAtom *)': no suitable definition provided for explicit template instantiation request
15:10.42 d:\a\K-Meleon-R\K-Meleon-R\goanna\js\src\frontend/Parser.h(643): note: see declaration of 'js::frontend::Parser<js::frontend::SyntaxParseHandler>::makeDefIntoUse'
15:10.42 d:/a/K-Meleon-R/K-Meleon-R/goanna/js/src/frontend/Parser.cpp(423): warning C4661: 'bool js::frontend::Parser<js::frontend::SyntaxParseHandler>::isValidForStatementLHS(js::frontend::SyntaxParseHandler::Node,JSVersion,bool,bool,js::frontend::ParseNodeKind)': no suitable definition provided for explicit template instantiation request
15:10.42 d:\a\K-Meleon-R\K-Meleon-R\goanna\js\src\frontend/Parser.h(649): note: see declaration of 'js::frontend::Parser<js::frontend::SyntaxParseHandler>::isValidForStatementLHS'
15:10.42 d:/a/K-Meleon-R/K-Meleon-R/goanna/js/src/frontend/Parser.cpp(423): warning C4661: 'bool js::frontend::Parser<js::frontend::SyntaxParseHandler>::checkForHeadConstInitializers(js::frontend::SyntaxParseHandler::Node)': no suitable definition provided for explicit template instantiation request
15:10.42 d:\a\K-Meleon-R\K-Meleon-R\goanna\js\src\frontend/Parser.h(651): note: see declaration of 'js::frontend::Parser<js::frontend::SyntaxParseHandler>::checkForHeadConstInitializers'
15:10.42 d:/a/K-Meleon-R/K-Meleon-R/goanna/js/src/frontend/Parser.cpp(423): warning C4661: 'bool js::frontend::Parser<js::frontend::SyntaxParseHandler>::checkAndPrepareLexical(bool,const js::frontend::TokenPos &)': no suitable definition provided for explicit template instantiation request
15:10.42 d:\a\K-Meleon-R\K-Meleon-R\goanna\js\src\frontend/Parser.h(668): note: see declaration of 'js::frontend::Parser<js::frojsatom.cpp
15:10.42 pm_stub.obj
15:10.42 jsarray.cpp
15:10.42 TraceLogging.obj
15:10.42 ntend::SyntaxParseHandler>::checkAndPrepareLexical'
15:10.42 d:/a/K-Meleon-R/K-Meleon-R/goanna/js/src/frontend/Parser.cpp(423): warning C4661: 'js::frontend::SyntaxParseHandler::Node js::frontend::Parser<js::frontend::SyntaxParseHandler>::makeInitializedLexicalBinding(js::HandlePropertyName,bool,const js::frontend::TokenPos &)': no suitable definition provided for explicit template instantiation request
15:10.42 d:\a\K-Meleon-R\K-Meleon-R\goanna\js\src\frontend/Parser.h(669): note: see declaration of 'js::frontend::Parser<js::frontend::SyntaxParseHandler>::makeInitializedLexicalBinding'
15:10.42 d:/a/K-Meleon-R/K-Meleon-R/goanna/js/src/frontend/Parser.cpp(423): warning C4661: 'bool js::frontend::Parser<js::frontend::SyntaxParseHandler>::checkDestructuringObject(js::frontend::BindData<ParseHandler> *,js::frontend::SyntaxParseHandler::Node)': no suitable definition provided for explicit template instantiation request
15:10.42         with
15:10.42         [
15:10.42             ParseHandler=js::frontend::SyntaxParseHandler
15:10.42         ]
15:10.42 d:\a\K-Meleon-R\K-Meleon-R\goanna\js\src\frontend/Parser.h(673): note: see declaration of 'js::frontend::Parser<js::frontend::SyntaxParseHandler>::checkDestructuringObject'
15:10.42 d:/a/K-Meleon-R/K-Meleon-R/goanna/js/src/frontend/Parser.cpp(423): warning C4661: 'bool js::frontend::Parser<js::frontend::SyntaxParseHandler>::checkDestructuringArray(js::frontend::BindData<ParseHandler> *,js::frontend::SyntaxParseHandler::Node)': no suitable definition provided for explicit template instantiation request
15:10.42         with
15:10.42         [
15:10.42             ParseHandler=js::frontend::SyntaxParseHandler
15:10.42         ]
15:10.42 d:\a\K-Meleon-R\K-Meleon-R\goanna\js\src\frontend/Parser.h(674): note: see declaration of 'js::frontend::Parser<js::frontend::SyntaxParseHandler>::checkDestructuringArray'
15:10.42 d:/a/K-Meleon-R/K-Meleon-R/goanna/js/src/frontend/Parser.cpp(423): warning C4661: 'bool js::frontend::Parser<js::frontend::SyntaxParseHandler>::bindInitialized(js::frontend::BindData<ParseHandler> *,js::frontend::SyntaxParseHandler::Node)': no suitable definition provided for explicit template instantiation request
15:10.42         with
15:10.42         [
15:10.42             ParseHandler=js::frontend::SyntaxParseHandler
15:10.42         ]
15:10.42 d:\a\K-Meleon-R\K-Meleon-R\goanna\js\src\frontend/Parser.h(675): note: see declaration of 'js::frontend::Parser<js::frontend::SyntaxParseHandler>::bindInitialized'
15:10.42 d:/a/K-Meleon-R/K-Meleon-R/goanna/js/src/frontend/Parser.cpp(423): warning C4661: 'bool js::frontend::Parser<js::frontend::SyntaxParseHandler>::bindDestructuringLHS(js::frontend::SyntaxParseHandler::Node)': no suitable definition provided for explicit template instantiation request
15:10.42 d:\a\K-Meleon-R\K-Meleon-R\goanna\js\src\frontend/Parser.h(676): note: see declaration of 'js::frontend::Parser<js::frontend::SyntaxParseHandler>::bindDestructuringLHS'
15:10.42 d:/a/K-Meleon-R/K-Meleon-R/goanna/js/src/frontend/Parser.cpp(423): warning C4661: 'bool js::frontend::Parser<js::frontend::SyntaxParseHandler>::makeSetCall(js::frontend::SyntaxParseHandler::Node,unsigned int)': no suitable definition provided for explicit template instantiation request
15:10.42 d:\a\K-Meleon-R\K-Meleon-R\goanna\js\src\frontend/Parser.h(677): note: see declaration of 'js::frontend::Parser<js::frontend::SyntaxParseHandler>::makeSetCall'
15:31.77 d:/a/K-Meleon-R/K-Meleon-R/goanna/js/src/frontend/Parser.cpp(423): warning C4661: 'js::frontend::SyntaxParseHandler::Node js::frontend::Parser<js::frontend::SyntaxParseHandler>::cloneDestructuringDefault(js::frontend::SyntaxParseHandler::Node)': no suitable definition provided for explicit template instantiation request
15:31.77 d:\a\K-Meleon-R\K-Meleon-R\goanna\js\src\frontend/Parser.h(678): note: see declaration of 'js::frontend::Parser<js::frontend::SyntaxParseHandler>::cloneDestructuringDefault'
15:31.77 d:/a/K-Meleon-R/K-Meleon-R/goanna/js/src/frontend/Parser.cpp(423): warning C4661: 'js::frontend::SyntaxParseHandler::Node js::frontend::Parser<js::frontend::SyntaxParseHandler>::cloneLeftHandSide(js::frontend::SyntaxParseHandler::Node)': no suitable definition provided for explicit template instantiation request
15:31.77 d:\a\K-Meleon-R\K-Meleon-R\goanna\js\src\frontend/Parser.h(679): note: see declaration of 'js::frontend::Parser<js::frontend::SyntaxParseHandler>::cloneLeftHandSide'
15:31.77 d:/a/K-Meleon-R/K-Meleon-R/goanna/js/src/frontend/Parser.cpp(423): warning C4661: 'js::frontend::SyntaxParseHandler::Node js::frontend::Parser<js::frontend::SyntaxParseHandler>::cloneParseTree(js::frontend::SyntaxParseHandler::Node)': no suitable definition provided for explicit template instantiation request
15:31.77 d:\a\K-Meleon-R\K-Meleon-R\goanna\js\src\frontend/Parser.h(680): note: see declaration of 'js::frontend::Parser<js::frontend::SyntaxParseHandler>::cloneParseTree'
15:31.77 d:/a/K-Meleon-R/K-Meleon-R/goanna/js/src/frontend/Parser.cpp(423): warning C4661: 'bool js::frontend::Parser<js::frontend::FullParseHandler>::bindDestructuringLHS(js::frontend::ParseNode *)': no suitable definition provided for explicit template instantiation request
15:31.77 d:\a\K-Meleon-R\K-Meleon-R\goanna\js\src\frontend/Parser.h(676): note: see declaration of 'js::frontend::Parser<js::frontend::FullParseHandler>::bindDestructuringLHS'
15:31.77 d:/a/K-Meleon-R/K-Meleon-R/goanna/js/src/frontend/Parser.cpp(423): warning C4661: 'js::frontend::ParseNode *js::frontend::Parser<js::frontend::FullParseHandler>::cloneDestructuringDefault(js::frontend::ParseNode *)': no suitable definition provided for explicit template instantiation request
15:31.77 d:\a\K-Meleon-R\K-Meleon-R\goanna\js\src\frontend/Parser.h(678): note: see declaration of 'js::frontend::Parser<js::frontend::FullParseHandler>::cloneDestructuringDefault'
15:31.77 d:/a/K-Meleon-R/K-Meleon-R/goanna/js/src/frontend/Parser.cpp(423): warning C4661: 'js::frontend::ParseNode *js::frontend::Parser<js::frontend::FullParseHandler>::cloneLeftHandSide(js::frontend::ParseNode *)': no suitable definition provided for explicit template instantiation request
15:31.77 d:\a\K-Meleon-R\K-Meleon-R\goanna\js\src\frontend/Parser.h(679): note: see declaration of 'js::frontend::Parser<js::frontend::FullParseHandler>::cloneLeftHandSide'
15:31.77 d:/a/K-Meleon-R/K-Meleon-R/goanna/js/src/frontend/Parser.cpp(423): warning C4661: 'js::frontend::ParseNode *js::frontend::Parser<js::frontend::FullParseHandler>::cloneParseTree(js::frontend::ParseNode *)': no suitable definition provided for explicit template instantiation request
15:31.77 d:\a\K-Meleon-R\K-Meleon-R\goanna\js\src\frontend/Parser.h(680): note: see declaration of 'js::frontend::Parser<js::frontend::FullParseHandler>::cloneParseTree'
15:31.77 d:\a\K-Meleon-R\K-Meleon-R\goanna\js\src\frontend/FullParseHandler.h(172): warning C4661: 'bool js::frontend::Parser<js::frontend::FullParseHandler>::bindDestructuringLHS(js::frontend::ParseNode *)': no suitable definition provided for explicit template instantiation request
15:31.77 d:\a\K-Meleon-R\K-Meleon-R\goanna\js\src\frontend/Parser.h(676): note: see declaration of 'js::frontend::Parser<js::frontend::FullParseHandler>::bindDestructuringLHS'
15:31.77 d:\a\K-Meleon-R\K-Meleon-R\goanna\js\src\frontend/FullParseHandler.h(172): warning C4661: 'js::frontend::ParseNode *js::frontend::Parser<js::frontend::FullParseHandler>::cloneDestructuringDefault(js::frontend::ParseNode *)': no suitable definition provided for explicit template instantiation request
15:31.77 d:\a\K-Meleon-R\K-Meleon-R\goanna\js\src\frontend/Parser.h(678): note: see declaration of 'js::frontend::Parser<js::frontend::FullParseHandler>::cloneDestructuringDefault'
15:31.77 d:\a\K-Meleon-R\K-Meleon-R\goanna\js\src\frontend/FullParseHandler.h(172): warning C4661: 'js::frontend::ParseNode *js::frontend::Parser<js::frontend::FullParseHandler>::cloneLeftHandSide(js::frontend::ParseNode *)': no suitable definition provided for explicit template instantiation request
15:31.77 d:\a\K-Meleon-R\K-Meleon-R\goanna\js\src\frontend/Parser.h(679): note: see declaration of 'js::frontend::Parser<js::frontend::FullParseHandler>::cloneLeftHandSide'
15:31.77 d:\a\K-Meleon-R\K-Meleon-R\goanna\js\src\frontend/FullParseHandler.h(172): warning C4661: 'js::frontend::ParseNode *js::frontend::Parser<js::frontend::FullParseHandler>::cloneParseTree(js::frontend::ParseNode *)': no suitable definition provided for explicit template instantiation request
15:31.77 d:\a\K-Meleon-R\K-Meleon-R\goanna\js\src\frontend/Parser.h(680): note: see declaration of 'js::frontend::Parser<js::frontend::FullParseHandler>::cloneParseTree'
15:31.77 TraceLoggingGraph.obj
15:31.77 pm_stub.cpp
15:31.77 TraceLoggingTypes.obj
15:31.77 jsutil.cpp
15:31.77 Unified_cpp_js_src0.obj
15:31.77 jsmath.cpp
15:31.77 d:/a/K-Meleon-R/K-Meleon-R/goanna/js/src/jsmath.cpp(1042): warning C4273: 'log2': inconsistent dll linkage
15:31.77 C:\Program Files (x86)\Windows Kits\10\include\10.0.26100.0\ucrt\corecrt_math.h(552): note: see previous definition of 'log2'
15:31.77 d:/a/K-Meleon-R/K-Meleon-R/goanna/js/src/jsmath.cpp(1067): warning C4273: 'log1p': inconsistent dll linkage
15:31.77 C:\Program Files (x86)\Windows Kits\10\include\10.0.26100.0\ucrt\corecrt_math.h(551): note: see previous definition of 'log1p'
15:31.77 d:/a/K-Meleon-R/K-Meleon-R/goanna/js/src/jsmath.cpp(1113): warning C4273: 'expm1': inconsistent dll linkage
15:31.77 C:\Program Files (x86)\Windows Kits\10\include\10.0.26100.0\ucrt\corecrt_math.h(537): note: see previous definition of 'expm1'
15:31.77 d:/a/K-Meleon-R/K-Meleon-R/goanna/js/src/jsmath.cpp(1217): warning C4273: 'acosh': inconsistent dll linkage
15:31.77 C:\Program Files (x86)\Windows Kits\10\include\10.0.26100.0\ucrt\corecrt_math.h(523): note: see previous definition of 'acosh'
15:31.77 d:/a/K-Meleon-R/K-Meleon-R/goanna/js/src/jsmath.cpp(1327): warning C4273: 'atanh': inconsistent dll linkage
15:31.77 C:\Program Files (x86)\Windows Kits\10\include\10.0.26100.0\ucrt\corecrt_math.h(525): note: see previous definition of 'atanh'
15:31.77 d:/a/K-Meleon-R/K-Meleon-R/goanna/js/src/jsmath.cpp(1483): warning C4273: 'trunc': inconsistent dll linkage
15:31.77 C:\Program Files (x86)\Windows Kits\10\include\10.0.26100.0\ucrt\corecrt_math.h(571): note: see previous definition of 'trunc'
15:31.77 d:/a/K-Meleon-R/K-Meleon-R/goanna/js/src/jsmath.cpp(1534): warning C4273: 'cbrt': inconsistent dll linkage
15:31.77 C:\Program Files (x86)\Windows Kits\10\include\10.0.26100.0\ucrt\corecrt_math.h(529): note: see previous definition of 'cbrt'
15:31.77 Unified_cpp_js_src1.obj
15:31.77 TraceLoggingTypes.cpp
15:31.77 TraceLoggingGraph.cpp
15:31.77 Unified_cpp_js_src10.obj
15:31.77 Unified_cpp_js_src11.obj
15:31.77 TraceLogging.cpp
15:31.77 Unified_cpp_js_src12.obj
15:31.77 Unified_cpp_js_src1.cpp
15:31.77 d:\a\K-Meleon-R\K-Meleon-R\goanna\js\src\frontend/BytecodeEmitter.cpp(7307): warning C4018: '<': signed/unsigned mismatch
15:31.77 Unified_cpp_js_src2.obj
15:31.77 Unified_cpp_js_src0.cpp
15:31.77 d:\a\K-Meleon-R\K-Meleon-R\goanna\js\src\asmjs/AsmJSModule.cpp(857): warning C4146: unary minus operator applied to unsigned type, result still unsigned
15:31.77 d:\a\K-Meleon-R\K-Meleon-R\goanna\js\src\asmjs/AsmJSSignalHandlers.cpp(586): warning C4334: '<<': result of 32-bit shift implicitly converted to 64 bits (was 64-bit shift intended?)
15:31.77 d:\a\K-Meleon-R\K-Meleon-R\goanna\js\src\builtin/MapObject.cpp(630): warning C4334: '<<': result of 32-bit shift implicitly converted to 64 bits (was 64-bit shift intended?)
15:31.77 d:\a\K-Meleon-R\K-Meleon-R\goanna\js\src\builtin/MapObject.cpp(622): note: while compiling class template member function 'bool js::detail::OrderedHashTable<T,js::OrderedHashSet<T,js::HashableValue::Hasher,js::RuntimeAllocPolicy>::SetOps,AllocPolicy>::rehash(uint32_t)'
15:31.77         with
15:31.77         [
15:31.77             T=js::HashableValue,
15:31.77             AllocPolicy=js::RuntimeAllocPolicy
15:31.77         ]
15:31.77 d:\a\K-Meleon-R\K-Meleon-R\goanna\js\src\builtin/MapObject.cpp(231): note: see reference to function template instantiation 'bool js::detail::OrderedHashTable<T,js::OrderedHashSet<T,js::HashableValue::Hasher,js::RuntimeAllocPolicy>::SetOps,AllocPolicy>::rehash(uint32_t)' being compiled
15:31.77         with
15:31.77         [
15:31.77             T=js::HashableValue,
15:31.77             AllocPolicy=js::RuntimeAllocPolicy
15:31.77         ]
15:31.77 d:\a\K-Meleon-R\K-Meleon-R\goanna\js\src\builtin/MapObject.cpp(755): note: see reference to class template instantiation 'js::detail::OrderedHashTable<T,js::OrderedHashSet<T,js::HashableValue::Hasher,js::RuntimeAllocPolicy>::SetOps,AllocPolicy>' being compiled
15:31.77         with
15:31.77         [
15:31.77             T=js::HashableValue,
15:31.77             AllocPolicy=js::RuntimeAllocPolicy
15:31.77         ]
15:31.77 d:\a\K-Meleon-R\K-Meleon-R\goanna\js\src\builtin/MapObject.cpp(1161): note: see reference to class template instantiation 'js::OrderedHashSet<js::HashableValue,js::HashableValue::Hasher,js::RuntimeAllocPolicy>' being compiled
15:31.77 Unified_cpp_js_src3.obj
15:31.77 Unified_cpp_js_src11.cpp
15:31.77 d:\a\K-Meleon-R\K-Meleon-R\goanna\js\src\jit/JitcodeMap.h(248): warning C4200: nonstandard extension used: zero-sized array in struct/union
15:31.77 d:\a\K-Meleon-R\K-Meleon-R\goanna\js\src\jit/JitcodeMap.h(248): note: This member will be ignored by a defaulted constructor or copy/move assignment operator
15:31.77 Unified_cpp_js_src4.obj
15:31.77 Unified_cpp_js_src12.cpp
15:31.77 Unified_cpp_js_src5.obj
15:31.77 Unified_cpp_js_src2.cpp
15:31.77 d:\a\K-Meleon-R\K-Meleon-R\goanna\js\src\jit/AlignmentMaskAnalysis.cpp(18): warning C4146: unary minus operator applied to unsigned type, result still unsigned
15:31.77 d:\a\K-Meleon-R\K-Meleon-R\goanna\js\src\irregexp/RegExpParser.cpp(999): warning C4661: 'js::irregexp::RegExpTree *js::irregexp::RegExpParser<JS::Latin1Char>::ParseGroup(void)': no suitable definition provided for explicit template instantiation request
15:31.77 d:\a\K-Meleon-R\K-Meleon-R\goanna\js\src\irregexp/RegExpParser.h(181): note: see declaration of 'js::irregexp::RegExpParser<JS::Latin1Char>::ParseGroup'
16:24.09 d:\a\K-Meleon-R\K-Meleon-R\goanna\js\src\irregexp/RegExpParser.cpp(1000): warning C4661: 'js::irregexp::RegExpTree *js::irregexp::RegExpParser<char16_t>::ParseGroup(void)': no suitable definition provided for explicit template instantiation request
16:24.09 d:\a\K-Meleon-R\K-Meleon-R\goanna\js\src\irregexp/RegExpParser.h(181): note: see declaration of 'js::irregexp::RegExpParser<char16_t>::ParseGroup'
16:24.09 d:\a\K-Meleon-R\K-Meleon-R\goanna\js\src\irregexp/RegExpParser.cpp(214): warning C4661: 'js::irregexp::RegExpTree *js::irregexp::RegExpParser<JS::Latin1Char>::ParseGroup(void)': no suitable definition provided for explicit template instantiation request
16:24.09 d:\a\K-Meleon-R\K-Meleon-R\goanna\js\src\irregexp/RegExpParser.h(181): note: see declaration of 'js::irregexp::RegExpParser<JS::Latin1Char>::ParseGroup'
16:24.09 d:\a\K-Meleon-R\K-Meleon-R\goanna\js\src\irregexp/RegExpParser.cpp(214): warning C4661: 'js::irregexp::RegExpTree *js::irregexp::RegExpParser<char16_t>::ParseGroup(void)': no suitable definition provided for explicit template instantiation request
16:24.09 d:\a\K-Meleon-R\K-Meleon-R\goanna\js\src\irregexp/RegExpParser.h(181): note: see declaration of 'js::irregexp::RegExpParser<char16_t>::ParseGroup'
16:24.09 d:\a\K-Meleon-R\K-Meleon-R\goanna\js\src\ds/LifoAlloc.h(409): warning C4661: 'js::irregexp::RegExpTree *js::irregexp::RegExpParser<JS::Latin1Char>::ParseGroup(void)': no suitable definition provided for explicit template instantiation request
16:24.09 d:\a\K-Meleon-R\K-Meleon-R\goanna\js\src\irregexp/RegExpParser.h(181): note: see declaration of 'js::irregexp::RegExpParser<JS::Latin1Char>::ParseGroup'
16:24.09 d:\a\K-Meleon-R\K-Meleon-R\goanna\js\src\ds/LifoAlloc.h(409): warning C4661: 'js::irregexp::RegExpTree *js::irregexp::RegExpParser<char16_t>::ParseGroup(void)': no suitable definition provided for explicit template instantiation request
16:24.09 d:\a\K-Meleon-R\K-Meleon-R\goanna\js\src\irregexp/RegExpParser.h(181): note: see declaration of 'js::irregexp::RegExpParser<char16_t>::ParseGroup'
16:24.09 Unified_cpp_js_src6.obj
16:24.09 Unified_cpp_js_src4.cpp
16:24.09 d:\a\K-Meleon-R\K-Meleon-R\goanna\js\src\jit/JitcodeMap.h(248): warning C4200: nonstandard extension used: zero-sized array in struct/union
16:24.09 d:\a\K-Meleon-R\K-Meleon-R\goanna\js\src\jit/JitcodeMap.h(248): note: This member will be ignored by a defaulted constructor or copy/move assignment operator
16:24.09 Unified_cpp_js_src7.obj
16:24.09 Unified_cpp_js_src3.cpp
16:24.09 d:\a\K-Meleon-R\K-Meleon-R\goanna\js\src\jit/JitcodeMap.h(248): warning C4200: nonstandard extension used: zero-sized array in struct/union
16:24.09 d:\a\K-Meleon-R\K-Meleon-R\goanna\js\src\jit/JitcodeMap.h(248): note: This member will be ignored by a defaulted constructor or copy/move assignment operator
16:24.09 d:\a\K-Meleon-R\K-Meleon-R\goanna\js\src\jit/BaselineCompiler.cpp(1010): warning C4146: unary minus operator applied to unsigned type, result still unsigned
16:24.09 d:\a\K-Meleon-R\K-Meleon-R\goanna\js\src\jit/CodeGenerator.cpp(6146): warning C4146: unary minus operator applied to unsigned type, result still unsigned
16:24.09 Unified_cpp_js_src8.obj
16:24.09 Unified_cpp_js_src5.cpp
16:24.09 d:\a\K-Meleon-R\K-Meleon-R\goanna\js\src\jit/JitcodeMap.h(248): warning C4200: nonstandard extension used: zero-sized array in struct/union
16:24.09 d:\a\K-Meleon-R\K-Meleon-R\goanna\js\src\jit/JitcodeMap.h(248): note: This member will be ignored by a defaulted constructor or copy/move assignment operator
16:24.09 Unified_cpp_js_src9.obj
16:24.09 Unified_cpp_js_src6.cpp
16:24.09 d:\a\K-Meleon-R\K-Meleon-R\goanna\js\src\jit/JitcodeMap.h(248): warning C4200: nonstandard extension used: zero-sized array in struct/union
16:24.09 d:\a\K-Meleon-R\K-Meleon-R\goanna\js\src\jit/JitcodeMap.h(248): note: This member will be ignored by a defaulted constructor or copy/move assignment operator
16:24.09 d:\a\K-Meleon-R\K-Meleon-R\goanna\js\src\jit/shared/CodeGenerator-x86-shared.cpp(375): warning C4146: unary minus operator applied to unsigned type, result still unsigned
16:24.09 Unified_cpp_js_src7.cpp
16:24.09 Unified_cpp_js_src8.cpp
16:24.09 d:\a\K-Meleon-R\K-Meleon-R\goanna\js\src\jit/JitcodeMap.h(248): warning C4200: nonstandard extension used: zero-sized array in struct/union
16:24.09 d:\a\K-Meleon-R\K-Meleon-R\goanna\js\src\jit/JitcodeMap.h(248): note: This member will be ignored by a defaulted constructor or copy/move assignment operator
16:24.09 Unified_cpp_js_src9.cpp
16:24.09 Unified_cpp_js_src10.cpp
16:24.09 d:\a\K-Meleon-R\K-Meleon-R\goanna\js\src\vm/MemoryMetrics.cpp(565): warning C4146: unary minus operator applied to unsigned type, result still unsigned
16:24.09 d:\a\K-Meleon-R\K-Meleon-R\goanna\js\src\vm/MemoryMetrics.cpp(723): note: see reference to function template instantiation 'void StatsCellCallback<FineGrained>(JSRuntime *,void *,void *,JSGCTraceKind,size_t)' being compiled
16:24.09 js_static.lib
16:24.09 Unified_cpp_js_src_shell0.obj
16:24.09 Unified_cpp_js_src_shell0.cpp
16:24.09 d:\a\K-Meleon-R\K-Meleon-R\goanna\js\src\jit/shared/Assembler-x86-shared.h(2729): warning C4805: '|': unsafe mix of type 'bool' and type 'int' in operation
16:24.09 d:\a\K-Meleon-R\K-Meleon-R\goanna\js\src\jit/JitcodeMap.h(248): warning C4200: nonstandard extension used: zero-sized array in struct/union
16:24.09 d:\a\K-Meleon-R\K-Meleon-R\goanna\js\src\jit/JitcodeMap.h(248): note: This member will be ignored by a defaulted constructor or copy/move assignment operator
16:24.09 js.exe
16:24.09    Creating library js.lib and object js.exp
16:24.09 
16:24.09 gmake.EXE[4]: Target 'recurse_compile' not remade because of errors.
16:24.09 gmake.EXE[3]: *** [d:/a/K-Meleon-R/K-Meleon-R/goanna/config/recurse.mk:33: compile] Error 2
16:24.09 gmake.EXE[2]: *** [d:/a/K-Meleon-R/K-Meleon-R/goanna/config/rules.mk:537: default] Error 2
16:24.09 gmake.EXE[1]: *** [d:/a/K-Meleon-R/K-Meleon-R/goanna/client.mk:399: realbuild] Error 2
16:24.09 gmake.EXE: *** [client.mk:171: build] Error 2
16:24.10 9 compiler warnings present.
2
=== BUILD FAILED, isolating errors with -j1 ===
=== retry js/ipc ===
 0:05.16     ..\..\xpcom\base\ErrorNames.obj
 0:05.16     ..\..\xpcom\base\nsErrorService.obj
 0:05.17 LINK : fatal error LNK1181: cannot open input file '..\..\layout\media\gkmedias.lib'
 0:05.17 gmake.EXE[1]: *** [d:/a/K-Meleon-R/K-Meleon-R/goanna/config/rules.mk:815: xul.dll] Error 1181
 0:05.17 gmake.EXE: *** [d:/a/K-Meleon-R/K-Meleon-R/goanna/config/rules.mk:537: default] Error 2
=== asm diagnostics ===
x86inc.obj
/c/mozilla-build/yasm/yasm.exe -o x86inc.obj  -Zi -f x64 -rnasm -pnasm -I. -Id:/a/K-Meleon-R/K-Meleon-R/goanna/media/libvpx/ -Id:/a/K-Meleon-R/K-Meleon-R/goanna/media/libvpx/vpx_ports/    d:/a/K-Meleon-R/K-Meleon-R/goanna/media/libvpx/third_party/x86inc/x86inc.asm
d:/a/K-Meleon-R/K-Meleon-R/goanna/config/rules.mk:923: recipe for target 'x86inc.obj' failed
mozmake: *** [x86inc.obj] Error -1073741515
Makefile:AS=$(VPX_AS)
../../config/autoconf.mk:AS = ml64.exe
../../config/autoconf.mk:AS_DASH_C_FLAG = -c
AS = ml64.exe
