MozillaBuild Install Directory: C:\mozilla-build
Python 2.7.11
/c/mozilla-build/yasm/yasm.exe
yasm-rc=53
yasm2-rc=0
total 622
drwxr-xr-x  2 runneradmin Administrators      0 Oct  8 18:16 .
drwxr-xr-x 43 runneradmin Administrators  12288 Oct  8 18:16 ..
-rwxr-xr-x  1 runneradmin Administrators 624640 Oct  8 18:16 yasm.exe
PATH=/local/bin
/c/mozilla-build/7zip
/c/mozilla-build/info-zip
/c/mozilla-build/kdiff3
/c/mozilla-build/mozmake
/c/mozilla-build/nsis-3.0b3
/c/mozilla-build/nsis-3.0b1
/c/mozilla-build/nsis-2.46u
/c/mozilla-build/python
/c/mozilla-build/python/Scripts
/c/mozilla-build/upx391w
/c/mozilla-build/watchman
/c/mozilla-build/wget
/c/mozilla-build/yasm
.
/usr/local/bin
/mingw/bin
/bin
/c/mozilla-build/moztools-x64/bin
/c/yasm
/c/mozilla-build/yasm
/c/mozilla-build/python
/c/mozilla-build/python27
/c/Program Files/Microsoft Visual Studio/2022/Enterprise/VC/Tools/MSVC/14.29.30133/bin/HostX64/x64
/c/Program Files/Microsoft Visual Studio/2022/Enterprise/Common7/IDE/VC/VCPackages
/c/Program Files/Microsoft Visual Studio/2022/Enterprise/Common7/IDE/CommonExtensions/Microsoft/TestWindow
/c/Program Files/Microsoft Visual Studio/2022/Enterprise/Common7/IDE/CommonExtensions/Microsoft/TeamFoundation/Team Explorer
/c/Program Files/Microsoft Visual Studio/2022/Enterprise/MSBuild/Current/bin/Roslyn
/c/Program Files (x86)/Microsoft SDKs/Windows/v10.0A/bin/NETFX 4.8 Tools/x64/
/c/Program Files (x86)/HTML Help Workshop
 0:01.45 c:\Strawberry\c\bin\gmake.EXE -f client.mk -k MOZ_PARALLEL_BUILD=4 -s
 0:58.40 Clobber not needed.
 0:58.40 Adding client.mk options from D:/a/K-Meleon-R/K-Meleon-R/goanna/mozconfig:
 0:58.40     CONFIG_GUESS=x86_64-pc-mingw32
 0:58.40     MOZ_MAKE_FLAGS=-j4 -k
 0:58.40     MOZ_OBJDIR=d:/a/K-Meleon-R/K-Meleon-R/goanna/obj-x64
 0:58.40     OBJDIR=d:/a/K-Meleon-R/K-Meleon-R/goanna/obj-x64
 0:58.40     FOUND_MOZCONFIG=D:/a/K-Meleon-R/K-Meleon-R/goanna/mozconfig
 0:58.40 Generating d:/a/K-Meleon-R/K-Meleon-R/goanna/configure using autoconf
 0:58.40 Generating d:/a/K-Meleon-R/K-Meleon-R/goanna/js/src/configure using autoconf
 0:58.40 cd d:/a/K-Meleon-R/K-Meleon-R/goanna/obj-x64
 0:58.40 d:/a/K-Meleon-R/K-Meleon-R/goanna/configure
 0:58.40 Adding configure options from D:/a/K-Meleon-R/K-Meleon-R/goanna/mozconfig
 0:58.40   --enable-application=xulrunner
 0:58.40   --target=x86_64-pc-mingw32
 0:58.40   --host=x86_64-pc-mingw32
 0:58.40   --enable-optimize
 0:58.40   --disable-debug
 0:58.40   --disable-tests
 0:58.40   --disable-updater
 0:58.40   --disable-crashreporter
 0:58.40   --disable-maintenance-service
 0:58.40   --disable-installer
 0:58.40   --disable-webrtc
 0:58.40   --disable-require-d3d-compilers
 0:58.40 creating cache ./config.cache
 0:58.40 checking host system type... x86_64-pc-mingw32
 0:58.40 checking target system type... x86_64-pc-mingw32
 0:58.40 checking build system type... x86_64-pc-mingw32
 0:58.40 checking for mawk... no
 0:58.40 checking for gawk... gawk
 0:58.40 checking for python2.7... /c/mozilla-build/python/python2.7
 0:58.40 Creating Python environment
 0:58.40 New python executable in d:/a/K-Meleon-R/K-Meleon-R/goanna/obj-x64/_virtualenv\Scripts\python2.7.exe
 0:58.40 Also creating executable in d:/a/K-Meleon-R/K-Meleon-R/goanna/obj-x64/_virtualenv\Scripts\python.exe
 0:58.40 Installing setuptools, pip...done.
 0:58.40 running build_ext
 0:58.40 
 0:58.40 building '_psutil_windows' extension
 0:58.40 
 0:58.40 error: Microsoft Visual C++ 9.0 is required (Unable to find vcvarsall.bat). Get it from http://aka.ms/vcpython27
 0:58.40 
 0:58.40 
 0:58.40 Error processing command. Ignoring because optional. (optional:setup.py:python/psutil:build_ext:--inplace)
 0:58.40 d:/a/K-Meleon-R/K-Meleon-R/goanna/python/mozbuild/mozbuild/virtualenv.py:318: UserWarning: Hacking environment to allow binary Python extensions to build. You can make this warning go away by installing Visual Studio 2008. You can download the Express Edition installer from http://go.microsoft.com/?linkid=7729279
 0:58.40   warnings.warn('Hacking environment to allow binary Python '
 0:58.40 checking Python environment is Mozilla virtualenv... yes
 0:58.40 checking for perl5... no
 0:58.40 checking for perl... /usr/bin/perl
 0:58.40 checking for gcc... cl
 0:58.40 checking whether the C compiler (cl -DNOMINMAX ) works... yes
 0:58.40 checking whether the C compiler (cl -DNOMINMAX ) is a cross-compiler... no
 0:58.40 checking whether we are using GNU C... no
 0:58.40 checking whether cl accepts -g... no
 0:58.40 checking for c++... cl
 0:58.40 checking whether the C++ compiler (cl -DNOMINMAX ) works... yes
 0:58.40 checking whether the C++ compiler (cl -DNOMINMAX ) is a cross-compiler... no
 0:58.40 checking whether we are using GNU C++... no
 0:58.40 checking whether cl accepts -g... no
 0:58.40 checking for ranlib... ranlib
 0:58.40 checking for ml64... /c/Program Files/Microsoft Visual Studio/2022/Enterprise/VC/Tools/MSVC/14.29.30133/bin/HostX64/x64/ml64
 0:58.40 checking for ar... ar
 0:58.40 checking for ld... link
 0:58.40 checking for strip... strip
 0:58.40 checking for windres... windres
 0:58.40 checking for otool... no
 0:58.40 checking for midl... midl
 0:58.40 configure: warning: Unknown version of the Microsoft (R) Manifest Tool.
 0:58.40 checking for std::_Throw... no
 0:58.40 checking for overridable _RAISE... no
 0:58.40 configure: warning: exception wrapping disabled
 0:58.40 checking for highest Windows version supported by this SDK... 0x0A00
 0:58.40 checking for Windows SDK being recent enough... yes
 0:58.40 checking how to run the C preprocessor... cl -E -nologo
 0:58.40 checking how to run the C++ preprocessor... cl -TP -E -nologo
 0:58.40 checking for a BSD compatible install... /usr/bin/install -c
 0:58.40 checking whether ln -s works... no
 0:58.40 checking for minimum required perl version >= 5.006... 5.008008
 0:58.40 checking for full perl installation... yes
 0:58.40 checking for doxygen... :
 0:58.40 checking for autoconf... /usr/bin/autoconf
 0:58.40 checking for unzip... /c/mozilla-build/info-zip/unzip
 0:58.40 checking for zip... /c/mozilla-build/info-zip/zip
 0:58.40 checking for xargs... /usr/bin/xargs
 0:58.40 checking for rpmbuild... :
 0:58.40 checking for c:/Strawberry/c/bin/gmake.EXE... d:/a/K-Meleon-R/K-Meleon-R/goanna/configure: line 5460: test: /usr/local/bin/c: binary operator expected
 0:58.40 d:/a/K-Meleon-R/K-Meleon-R/goanna/configure: line 5460: test: /c/mozilla-build/7zip/c: binary operator expected
 0:58.40 d:/a/K-Meleon-R/K-Meleon-R/goanna/configure: line 5460: test: /c/mozilla-build/info-zip/c: binary operator expected
 0:58.40 d:/a/K-Meleon-R/K-Meleon-R/goanna/configure: line 5460: test: /c/mozilla-build/kdiff3/c: binary operator expected
 0:58.40 d:/a/K-Meleon-R/K-Meleon-R/goanna/configure: line 5460: test: /c/mozilla-build/mozmake/c: binary operator expected
 0:58.40 d:/a/K-Meleon-R/K-Meleon-R/goanna/configure: line 5460: test: /c/mozilla-build/nsis-3.0b3/c: binary operator expected
 0:58.40 d:/a/K-Meleon-R/K-Meleon-R/goanna/configure: line 5460: test: /c/mozilla-build/nsis-3.0b1/c: binary operator expected
 0:58.40 d:/a/K-Meleon-R/K-Meleon-R/goanna/configure: line 5460: test: /c/mozilla-build/nsis-2.46u/c: binary operator expected
 0:58.40 d:/a/K-Meleon-R/K-Meleon-R/goanna/configure: line 5460: test: /c/mozilla-build/python/c: binary operator expected
 0:58.40 d:/a/K-Meleon-R/K-Meleon-R/goanna/configure: line 5460: test: /c/mozilla-build/python/Scripts/c: binary operator expected
 0:58.40 d:/a/K-Meleon-R/K-Meleon-R/goanna/configure: line 5460: test: /c/mozilla-build/upx391w/c: binary operator expected
 0:58.40 d:/a/K-Meleon-R/K-Meleon-R/goanna/configure: line 5460: test: /c/mozilla-build/watchman/c: binary operator expected
 0:58.40 d:/a/K-Meleon-R/K-Meleon-R/goanna/configure: line 5460: test: /c/mozilla-build/wget/c: binary operator expected
 0:58.40 d:/a/K-Meleon-R/K-Meleon-R/goanna/configure: line 5460: test: /c/mozilla-build/yasm/c: binary operator expected
 0:58.40 d:/a/K-Meleon-R/K-Meleon-R/goanna/configure: line 5460: test: ./c: binary operator expected
 0:58.40 d:/a/K-Meleon-R/K-Meleon-R/goanna/configure: line 5460: test: /usr/local/bin/c: binary operator expected
 0:58.40 d:/a/K-Meleon-R/K-Meleon-R/goanna/configure: line 5460: test: /usr/mingw/bin/c: binary operator expected
 0:58.40 d:/a/K-Meleon-R/K-Meleon-R/goanna/configure: line 5460: test: /usr/bin/c: binary operator expected
 0:58.40 d:/a/K-Meleon-R/K-Meleon-R/goanna/configure: line 5460: test: /c/mozilla-build/moztools-x64/bin/c: binary operator expected
 0:58.40 d:/a/K-Meleon-R/K-Meleon-R/goanna/configure: line 5460: test: /c/yasm/c: binary operator expected
 0:58.40 d:/a/K-Meleon-R/K-Meleon-R/goanna/configure: line 5460: test: /c/mozilla-build/yasm/c: binary operator expected
 0:58.40 d:/a/K-Meleon-R/K-Meleon-R/goanna/configure: line 5460: test: /c/mozilla-build/python/c: binary operator expected
 0:58.40 d:/a/K-Meleon-R/K-Meleon-R/goanna/configure: line 5460: test: /c/mozilla-build/python27/c: binary operator expected
 0:58.40 d:/a/K-Meleon-R/K-Meleon-R/goanna/configure: line 5460: test: /c/Program Files/Microsoft Visual Studio/2022/Enterprise/VC/Tools/MSVC/14.29.30133/bin/HostX64/x64/c: binary operator expected
 0:58.40 d:/a/K-Meleon-R/K-Meleon-R/goanna/configure: line 5460: test: /c/Program Files/Microsoft Visual Studio/2022/Enterprise/Common7/IDE/VC/VCPackages/c: binary operator expected
 0:58.40 d:/a/K-Meleon-R/K-Meleon-R/goanna/configure: line 5460: test: /c/Program Files/Microsoft Visual Studio/2022/Enterprise/Common7/IDE/CommonExtensions/Microsoft/TestWindow/c: binary operator expected
 0:58.40 d:/a/K-Meleon-R/K-Meleon-R/goanna/configure: line 5460: test: /c/Program Files/Microsoft Visual Studio/2022/Enterprise/Common7/IDE/CommonExtensions/Microsoft/TeamFoundation/Team Explorer/c: binary operator expected
 0:58.40 d:/a/K-Meleon-R/K-Meleon-R/goanna/configure: line 5460: test: /c/Program Files/Microsoft Visual Studio/2022/Enterprise/MSBuild/Current/bin/Roslyn/c: binary operator expected
 0:58.40 d:/a/K-Meleon-R/K-Meleon-R/goanna/configure: line 5460: test: /c/Program Files (x86)/Microsoft SDKs/Windows/v10.0A/bin/NETFX 4.8 Tools/x64//c: binary operator expected
 0:58.40 d:/a/K-Meleon-R/K-Meleon-R/goanna/configure: line 5460: test: /c/Program Files (x86)/HTML Help Workshop/c: binary operator expected
 0:58.40 d:/a/K-Meleon-R/K-Meleon-R/goanna/configure: line 5460: test: /c/Program Files/Microsoft Visual Studio/2022/Enterprise/Common7/IDE/CommonExtensions/Microsoft/FSharp/Tools/c: binary operator expected
 0:58.40 d:/a/K-Meleon-R/K-Meleon-R/goanna/configure: line 5460: test: /c/Program Files/Microsoft Visual Studio/2022/Enterprise/Team Tools/DiagnosticsHub/Collector/c: binary operator expected
 0:58.40 d:/a/K-Meleon-R/K-Meleon-R/goanna/configure: line 5460: test: /c/Program Files/Microsoft Visual Studio/2022/Enterprise/Common7/IDE/Extensions/Microsoft/CodeCoverage.Console/c: binary operator expected
 0:58.40 d:/a/K-Meleon-R/K-Meleon-R/goanna/configure: line 5460: test: /c/Program Files/Microsoft Visual Studio/2022/Enterprise/VC/Tools/Llvm/x64/bin/c: binary operator expected
 0:58.40 d:/a/K-Meleon-R/K-Meleon-R/goanna/configure: line 5460: test: /c/Program Files (x86)/Windows Kits/10/bin/10.0.26100.0/x64/c: binary operator expected
 0:58.40 d:/a/K-Meleon-R/K-Meleon-R/goanna/configure: line 5460: test: /c/Program Files (x86)/Windows Kits/10/bin/x64/c: binary operator expected
 0:58.40 d:/a/K-Meleon-R/K-Meleon-R/goanna/configure: line 5460: test: /c/Program Files/Microsoft Visual Studio/2022/Enterprise/MSBuild/Current/Bin/amd64/c: binary operator expected
 0:58.40 d:/a/K-Meleon-R/K-Meleon-R/goanna/configure: line 5460: test: /c/Windows/Microsoft.NET/Framework64/v4.0.30319/c: binary operator expected
 0:58.40 d:/a/K-Meleon-R/K-Meleon-R/goanna/configure: line 5460: test: /c/Program Files/Microsoft Visual Studio/2022/Enterprise/Common7/IDE//c: binary operator expected
 0:58.40 d:/a/K-Meleon-R/K-Meleon-R/goanna/configure: line 5460: test: /c/Program Files/Microsoft Visual Studio/2022/Enterprise/Common7/Tools//c: binary operator expected
 0:58.40 d:/a/K-Meleon-R/K-Meleon-R/goanna/configure: line 5460: test: /c/Program Files/MongoDB/Server/7.0/bin/c: binary operator expected
 0:58.40 d:/a/K-Meleon-R/K-Meleon-R/goanna/configure: line 5460: test: /c/aliyun-cli/c: binary operator expected
 0:58.40 d:/a/K-Meleon-R/K-Meleon-R/goanna/configure: line 5460: test: /c/vcpkg/c: binary operator expected
 0:58.40 d:/a/K-Meleon-R/K-Meleon-R/goanna/configure: line 5460: test: /c/Program Files (x86)/NSIS//c: binary operator expected
 0:58.40 d:/a/K-Meleon-R/K-Meleon-R/goanna/configure: line 5460: test: /c/tools/zstd/c: binary operator expected
 0:58.40 d:/a/K-Meleon-R/K-Meleon-R/goanna/configure: line 5460: test: /c/Program Files/Mercurial//c: binary operator expected
 0:58.40 d:/a/K-Meleon-R/K-Meleon-R/goanna/configure: line 5460: test: /c/hostedtoolcache/windows/stack/3.11.1/x64/c: binary operator expected
 0:58.40 d:/a/K-Meleon-R/K-Meleon-R/goanna/configure: line 5460: test: /c/cabal/bin/c: binary operator expected
 0:58.40 d:/a/K-Meleon-R/K-Meleon-R/goanna/configure: line 5460: test: /c/ghcup/bin/c: binary operator expected
 0:58.40 d:/a/K-Meleon-R/K-Meleon-R/goanna/configure: line 5460: test: /c/mingw64/bin/c: binary operator expected
 0:58.40 d:/a/K-Meleon-R/K-Meleon-R/goanna/configure: line 5460: test: /c/Program Files/dotnet/c: binary operator expected
 0:58.40 d:/a/K-Meleon-R/K-Meleon-R/goanna/configure: line 5460: test: /c/Program Files/MySQL/MySQL Server 8.0/bin/c: binary operator expected
 0:58.40 d:/a/K-Meleon-R/K-Meleon-R/goanna/configure: line 5460: test: /c/Program Files/R/R-4.6.1/bin/x64/c: binary operator expected
 0:58.40 d:/a/K-Meleon-R/K-Meleon-R/goanna/configure: line 5460: test: /c/SeleniumWebDrivers/GeckoDriver/c: binary operator expected
 0:58.40 d:/a/K-Meleon-R/K-Meleon-R/goanna/configure: line 5460: test: /c/SeleniumWebDrivers/EdgeDriver//c: binary operator expected
 0:58.40 d:/a/K-Meleon-R/K-Meleon-R/goanna/configure: line 5460: test: /c/SeleniumWebDrivers/ChromeDriver/c: binary operator expected
 0:58.40 d:/a/K-Meleon-R/K-Meleon-R/goanna/configure: line 5460: test: /c/Program Files (x86)/sbt/bin/c: binary operator expected
 0:58.40 d:/a/K-Meleon-R/K-Meleon-R/goanna/configure: line 5460: test: /c/Program Files (x86)/GitHub CLI/c: binary operator expected
 0:58.40 d:/a/K-Meleon-R/K-Meleon-R/goanna/configure: line 5460: test: /c/Program Files/Git/bin/c: binary operator expected
 0:58.40 d:/a/K-Meleon-R/K-Meleon-R/goanna/configure: line 5460: test: /c/Program Files (x86)/pipx_bin/c: binary operator expected
 0:58.40 d:/a/K-Meleon-R/K-Meleon-R/goanna/configure: line 5460: test: /c/npm/prefix/c: binary operator expected
 0:58.40 d:/a/K-Meleon-R/K-Meleon-R/goanna/configure: line 5460: test: /c/hostedtoolcache/windows/go/1.24.13/x64/bin/c: binary operator expected
 0:58.40 d:/a/K-Meleon-R/K-Meleon-R/goanna/configure: line 5460: test: /c/hostedtoolcache/windows/Python/3.12.10/x64/Scripts/c: binary operator expected
 0:58.40 d:/a/K-Meleon-R/K-Meleon-R/goanna/configure: line 5460: test: /c/hostedtoolcache/windows/Python/3.12.10/x64/c: binary operator expected
 0:58.40 d:/a/K-Meleon-R/K-Meleon-R/goanna/configure: line 5460: test: /c/hostedtoolcache/windows/Ruby/3.3.12/x64/bin/c: binary operator expected
 0:58.40 d:/a/K-Meleon-R/K-Meleon-R/goanna/configure: line 5460: test: /c/Program Files/OpenSSL/bin/c: binary operator expected
 0:58.40 d:/a/K-Meleon-R/K-Meleon-R/goanna/configure: line 5460: test: /c/tools/kotlinc/bin/c: binary operator expected
 0:58.40 d:/a/K-Meleon-R/K-Meleon-R/goanna/configure: line 5460: test: /c/hostedtoolcache/windows/Java_Temurin-Hotspot_jdk/8.0.504-1/x64/bin/c: binary operator expected
 0:58.40 d:/a/K-Meleon-R/K-Meleon-R/goanna/configure: line 5460: test: /c/Program Files/ImageMagick-7.1.2-Q16-HDRI/c: binary operator expected
 0:58.40 d:/a/K-Meleon-R/K-Meleon-R/goanna/configure: line 5460: test: /c/Program Files/Microsoft SDKs/Azure/CLI2/wbin/c: binary operator expected
 0:58.40 d:/a/K-Meleon-R/K-Meleon-R/goanna/configure: line 5460: test: /c/ProgramData/kind/c: binary operator expected
 0:58.40 d:/a/K-Meleon-R/K-Meleon-R/goanna/configure: line 5460: test: /c/ProgramData/Chocolatey/bin/c: binary operator expected
 0:58.40 d:/a/K-Meleon-R/K-Meleon-R/goanna/configure: line 5460: test: /c/Windows/system32/c: binary operator expected
 0:58.40 d:/a/K-Meleon-R/K-Meleon-R/goanna/configure: line 5460: test: /c/Windows/c: binary operator expected
 0:58.40 d:/a/K-Meleon-R/K-Meleon-R/goanna/configure: line 5460: test: /c/Windows/System32/Wbem/c: binary operator expected
 0:58.40 d:/a/K-Meleon-R/K-Meleon-R/goanna/configure: line 5460: test: /c/Windows/System32/WindowsPowerShell/v1.0//c: binary operator expected
 0:58.40 d:/a/K-Meleon-R/K-Meleon-R/goanna/configure: line 5460: test: /c/Windows/System32/OpenSSH//c: binary operator expected
 0:58.40 d:/a/K-Meleon-R/K-Meleon-R/goanna/configure: line 5460: test: /c/Program Files/dotnet//c: binary operator expected
 0:58.40 d:/a/K-Meleon-R/K-Meleon-R/goanna/configure: line 5460: test: /c/Program Files/PowerShell/7//c: binary operator expected
 0:58.40 d:/a/K-Meleon-R/K-Meleon-R/goanna/configure: line 5460: test: /c/Program Files/Microsoft/Web Platform Installer//c: binary operator expected
 0:58.40 d:/a/K-Meleon-R/K-Meleon-R/goanna/configure: line 5460: test: /c/Program Files/TortoiseSVN/bin/c: binary operator expected
 0:58.40 d:/a/K-Meleon-R/K-Meleon-R/goanna/configure: line 5460: test: /c/Program Files/Microsoft SQL Server/Client SDK/ODBC/170/Tools/Binn//c: binary operator expected
 0:58.40 d:/a/K-Meleon-R/K-Meleon-R/goanna/configure: line 5460: test: /c/Program Files/Microsoft SQL Server/150/Tools/Binn//c: binary operator expected
 0:58.40 d:/a/K-Meleon-R/K-Meleon-R/goanna/configure: line 5460: test: /c/Program Files (x86)/Windows Kits/10/Windows Performance Toolkit//c: binary operator expected
 0:58.40 d:/a/K-Meleon-R/K-Meleon-R/goanna/configure: line 5460: test: /c/Program Files (x86)/WiX Toolset v3.14/bin/c: binary operator expected
 0:58.40 d:/a/K-Meleon-R/K-Meleon-R/goanna/configure: line 5460: test: /c/Program Files/Microsoft SQL Server/130/DTS/Binn//c: binary operator expected
 0:58.40 d:/a/K-Meleon-R/K-Meleon-R/goanna/configure: line 5460: test: /c/Program Files/Microsoft SQL Server/140/DTS/Binn//c: binary operator expected
 0:58.40 d:/a/K-Meleon-R/K-Meleon-R/goanna/configure: line 5460: test: /c/Program Files/Microsoft SQL Server/150/DTS/Binn//c: binary operator expected
 0:58.40 d:/a/K-Meleon-R/K-Meleon-R/goanna/configure: line 5460: test: /c/Program Files/Microsoft SQL Server/160/DTS/Binn//c: binary operator expected
 0:58.40 d:/a/K-Meleon-R/K-Meleon-R/goanna/configure: line 5460: test: /c/Program Files/Microsoft SQL Server/170/DTS/Binn//c: binary operator expected
 0:58.40 d:/a/K-Meleon-R/K-Meleon-R/goanna/configure: line 5460: test: /c/Strawberry/c/bin/c: binary operator expected
 0:58.40 d:/a/K-Meleon-R/K-Meleon-R/goanna/configure: line 5460: test: /c/Strawberry/perl/site/bin/c: binary operator expected
 0:58.40 d:/a/K-Meleon-R/K-Meleon-R/goanna/configure: line 5460: test: /c/Strawberry/perl/bin/c: binary operator expected
 0:58.40 d:/a/K-Meleon-R/K-Meleon-R/goanna/configure: line 5460: test: /c/ProgramData/chocolatey/lib/pulumi/tools/Pulumi/bin/c: binary operator expected
 0:58.40 d:/a/K-Meleon-R/K-Meleon-R/goanna/configure: line 5460: test: /c/Program Files/CMake/bin/c: binary operator expected
 0:58.40 d:/a/K-Meleon-R/K-Meleon-R/goanna/configure: line 5460: test: /c/ProgramData/chocolatey/lib/maven/apache-maven-3.9.16/bin/c: binary operator expected
 0:58.40 d:/a/K-Meleon-R/K-Meleon-R/goanna/configure: line 5460: test: /c/Program Files/Microsoft Service Fabric/bin/Fabric/Fabric.Code/c: binary operator expected
 0:58.40 d:/a/K-Meleon-R/K-Meleon-R/goanna/configure: line 5460: test: /c/Program Files/Microsoft SDKs/Service Fabric/Tools/ServiceFabricLocalClusterManager/c: binary operator expected
 0:58.40 d:/a/K-Meleon-R/K-Meleon-R/goanna/configure: line 5460: test: /c/Program Files/nodejs//c: binary operator expected
 0:58.40 d:/a/K-Meleon-R/K-Meleon-R/goanna/configure: line 5460: test: /c/Program Files/Git/cmd/c: binary operator expected
 0:58.40 d:/a/K-Meleon-R/K-Meleon-R/goanna/configure: line 5460: test: /c/Program Files/Git/ucrt64/bin/c: binary operator expected
 0:58.40 d:/a/K-Meleon-R/K-Meleon-R/goanna/configure: line 5460: test: /c/Program Files/Git/usr/bin/c: binary operator expected
 0:58.40 d:/a/K-Meleon-R/K-Meleon-R/goanna/configure: line 5460: test: /c/Program Files/GitHub CLI//c: binary operator expected
 0:58.40 d:/a/K-Meleon-R/K-Meleon-R/goanna/configure: line 5460: test: /c/tools/php/c: binary operator expected
 0:58.40 d:/a/K-Meleon-R/K-Meleon-R/goanna/configure: line 5460: test: /c/Program Files (x86)/sbt/bin/c: binary operator expected
 0:58.40 d:/a/K-Meleon-R/K-Meleon-R/goanna/configure: line 5460: test: /c/Program Files/Amazon/AWSCLIV2//c: binary operator expected
 0:58.40 d:/a/K-Meleon-R/K-Meleon-R/goanna/configure: line 5460: test: /c/Program Files/Amazon/SessionManagerPlugin/bin//c: binary operator expected
 0:58.40 d:/a/K-Meleon-R/K-Meleon-R/goanna/configure: line 5460: test: /c/Program Files/Amazon/AWSSAMCLI/bin//c: binary operator expected
 0:58.40 d:/a/K-Meleon-R/K-Meleon-R/goanna/configure: line 5460: test: /c/Program Files/Microsoft SQL Server/130/Tools/Binn//c: binary operator expected
 0:58.40 d:/a/K-Meleon-R/K-Meleon-R/goanna/configure: line 5460: test: /c/Program Files/mongosh//c: binary operator expected
 0:58.40 d:/a/K-Meleon-R/K-Meleon-R/goanna/configure: line 5460: test: /c/Program Files/LLVM/bin/c: binary operator expected
 1:55.27 d:/a/K-Meleon-R/K-Meleon-R/goanna/configure: line 5460: test: /c/Program Files (x86)/LLVM/bin/c: binary operator expected
 1:55.27 d:/a/K-Meleon-R/K-Meleon-R/goanna/configure: line 5460: test: /c/Users/runneradmin/.dotnet/tools/c: binary operator expected
 1:55.27 d:/a/K-Meleon-R/K-Meleon-R/goanna/configure: line 5460: test: /c/Users/runneradmin/.cargo/bin/c: binary operator expected
 1:55.27 d:/a/K-Meleon-R/K-Meleon-R/goanna/configure: line 5460: test: /c/Users/runneradmin/AppData/Local/Microsoft/WindowsApps/c: binary operator expected
 1:55.27 d:/a/K-Meleon-R/K-Meleon-R/goanna/configure: line 5460: test: /c/Program Files/Microsoft Visual Studio/2022/Enterprise/Common7/IDE/CommonExtensions/Microsoft/CMake/CMake/bin/c: binary operator expected
 1:55.27 d:/a/K-Meleon-R/K-Meleon-R/goanna/configure: line 5460: test: /c/Program Files/Microsoft Visual Studio/2022/Enterprise/Common7/IDE/CommonExtensions/Microsoft/CMake/Ninja/c: binary operator expected
 1:55.27 d:/a/K-Meleon-R/K-Meleon-R/goanna/configure: line 5460: test: /c/Program Files/Microsoft Visual Studio/2022/Enterprise/Common7/IDE/VC/Linux/bin/ConnectionManagerExe/c: binary operator expected
 1:55.27 d:/a/K-Meleon-R/K-Meleon-R/goanna/configure: line 5460: test: /c/Program Files/Microsoft Visual Studio/2022/Enterprise/VC/vcpkg/c: binary operator expected
 1:55.27 d:/a/K-Meleon-R/K-Meleon-R/goanna/configure: line 5460: test: /c/mozilla-build/python/c: binary operator expected
 1:55.27 d:/a/K-Meleon-R/K-Meleon-R/goanna/configure: line 5460: test: /c/mozilla-build/python27/c: binary operator expected
 1:55.27 no
 1:55.27 checking for make... /usr/local/bin/make
 1:55.27 checking for X... no
 1:55.27 checking that static assertion macros used in autoconf tests work... yes
 1:55.27 d:/a/K-Meleon-R/K-Meleon-R/goanna/configure: line 8159: test: : integer expression expected
 1:55.27 checking for 64-bit OS... yes
 1:55.27 checking whether the C++ compiler (cl -DNOMINMAX -TP -nologo -Wv:18 -wd4091 -D_HAS_EXCEPTIONS=0 -W3 -Gy -FS -wd4251 -wd4244 -wd4267 -wd4345 -wd4351 -wd4482 -wd4800 -wd4819 -we4553 -GR-  -LARGEADDRESSAWARE -NXCOMPAT -OPT:REF -OPT:ICF=15 -DYNAMICBASE) actually is a C++ compiler... yes
 1:55.27 checking NSPR selection... source-tree
 1:55.27 checking for YASM assembler... checking for yasm... /c/mozilla-build/yasm/yasm.exe
 1:55.27 checking for application to build... xulrunner
 1:55.27 checking if app-specific confvars.sh exists... d:/a/K-Meleon-R/K-Meleon-R/goanna/xulrunner/confvars.sh
 1:55.27 checking __attribute__ ((aligned ())) support... trying 64
 1:55.27 trying 32
 1:55.27 trying 16
 1:55.27 trying 8
 1:55.27 0
 1:55.27 d:/a/K-Meleon-R/K-Meleon-R/goanna/configure: line 19664: test: too many arguments
 1:55.27 checking for java... /c/hostedtoolcache/windows/Java_Temurin-Hotspot_jdk/8.0.504-1/x64/bin/java
 1:55.27 checking for javac... /c/hostedtoolcache/windows/Java_Temurin-Hotspot_jdk/8.0.504-1/x64/bin/javac
 1:55.27 checking for javah... /c/hostedtoolcache/windows/Java_Temurin-Hotspot_jdk/8.0.504-1/x64/bin/javah
 1:55.27 checking for jar... /c/hostedtoolcache/windows/Java_Temurin-Hotspot_jdk/8.0.504-1/x64/bin/jar
 1:55.27 checking for jarsigner... /c/hostedtoolcache/windows/Java_Temurin-Hotspot_jdk/8.0.504-1/x64/bin/jarsigner
 1:55.27 checking for keytool... /c/hostedtoolcache/windows/Java_Temurin-Hotspot_jdk/8.0.504-1/x64/bin/keytool
 1:55.27 ERROR: Invalid key name.
 1:55.27 Type "REG QUERY /?" for usage.
 1:55.27 DirectX SDK not found.
 1:55.27 Couldn't find an acceptable DirectX SDK for ANGLE, needed for d3dcompiler_43.
 1:55.27 d:/a/K-Meleon-R/K-Meleon-R/goanna/configure: line 21332: test: : integer expression expected
 1:55.27 checking for makensisu-3.0a2.exe... no
 1:55.27 checking for makensisu-2.46.exe... /c/mozilla-build/nsis-2.46u/makensisu-2.46.exe
 1:55.27 yes
 1:55.27 checking for Unicode NSIS version 2.46 or greater... yes
 1:55.27 checking for gnutar... no
 1:55.27 checking for gtar... no
 1:55.27 checking for tar... tar
 1:55.27 checking for wget... wget
 1:55.27 checking for valid optimization flags... yes
 1:55.27 LINK : fatal error LNK1146: no argument specified with option '/EXTRACT:'
 1:55.27 grep: crtdll.obj: No such file or directory
 1:55.27 cannot get attributes for "d:\a\K-Meleon-R\K-Meleon-R\goanna\obj-x64\crtdll.obj": The system cannot find the file specified.
 1:55.27 
 1:55.27 checking what kind of list files are supported by the linker... list
 1:55.27 checking for stdint.h... yes
 1:55.27 checking for inttypes.h... yes
 1:55.27 checking for sys/int_types.h... no
 1:55.27 checking for d3d9.h... yes
 1:55.27 checking for d3d10.h... yes
 1:55.27 checking for posix_fadvise... no
 1:55.27 checking for posix_fallocate... no
 1:55.27 updating cache ./config.cache
 1:55.27 creating ./config.status
 1:55.27 intl\icu\target> configuring
 1:55.27 intl\icu\target> running C:/mozilla-build/msys/bin/sh d:/a/K-Meleon-R/K-Meleon-R/goanna/intl/icu/source/configure --build=x86_64-pc-mingw32 --host=x86_64-pc-mingw32 --disable-static --enable-shared --disable-extras --disable-icuio --disable-layout --disable-tests --disable-samples --cache-file=d:/a/K-Meleon-R/K-Meleon-R/goanna/obj-x64/intl/icu/target/config.cache
 1:55.27 js\src\ctypes\libffi> configuring
 1:55.27 js\src\ctypes\libffi> running C:/mozilla-build/msys/bin/sh d:/a/K-Meleon-R/K-Meleon-R/goanna/js/src/ctypes/libffi/configure --build=x86_64-pc-mingw32 --host=x86_64-pc-mingw32 --disable-shared --enable-static --disable-raw-api AS=ml64.exe CC=cl CXX=cl CPP=cl -E -nologo LD=link AR=lib RANLIB=echo not_ranlib STRIP=echo not_strip LD=link CPP=cl -nologo -EP CXXCPP=cl -nologo -EP SHELL=sh.exe CC=/d/a/K-Meleon-R/K-Meleon-R/goanna/js/src/ctypes/libffi/msvcc.sh -m64 CXX=/d/a/K-Meleon-R/K-Meleon-R/goanna/js/src/ctypes/libffi/msvcc.sh -m64 --cache-file=d:/a/K-Meleon-R/K-Meleon-R/goanna/obj-x64/js/src/ctypes/libffi/config.cache
 1:55.27 nsprpub> configuring
 1:55.27 nsprpub> running C:/mozilla-build/msys/bin/sh d:/a/K-Meleon-R/K-Meleon-R/goanna/nsprpub/configure --target=x86_64-pc-mingw32 --build=x86_64-pc-mingw32 --host=x86_64-pc-mingw32 --enable-application=xulrunner --enable-optimize --disable-debug --disable-tests --disable-updater --disable-crashreporter --disable-maintenance-service --disable-installer --disable-webrtc --disable-require-d3d-compilers --with-dist-prefix=d:/a/K-Meleon-R/K-Meleon-R/goanna/obj-x64/dist --with-mozilla --disable-debug --enable-optimize --enable-64bit AS=ml64.exe CC= CXX= CPP=cl -E -nologo LD=link AR=lib RANLIB=echo not_ranlib STRIP=echo not_strip --cache-file=d:/a/K-Meleon-R/K-Meleon-R/goanna/obj-x64/nsprpub/config.cache
 1:55.27 js\src> configuring
 1:55.27 js\src> running C:/mozilla-build/msys/bin/sh d:/a/K-Meleon-R/K-Meleon-R/goanna/js/src/configure --target=x86_64-pc-mingw32 --host=x86_64-pc-mingw32 --enable-application=xulrunner --enable-optimize --disable-debug --disable-tests --disable-updater --disable-crashreporter --disable-maintenance-service --disable-installer --disable-webrtc --disable-require-d3d-compilers --enable-threadsafe --enable-ctypes --disable-shared-js --disable-export-js --with-nspr-cflags=-Id:/a/K-Meleon-R/K-Meleon-R/goanna/obj-x64/dist/include/nspr --with-nspr-libs=d:/a/K-Meleon-R/K-Meleon-R/goanna/obj-x64/dist/lib/nspr4.lib d:/a/K-Meleon-R/K-Meleon-R/goanna/obj-x64/dist/lib/plc4.lib d:/a/K-Meleon-R/K-Meleon-R/goanna/obj-x64/dist/lib/plds4.lib  --prefix=d:/a/K-Meleon-R/K-Meleon-R/goanna/obj-x64/dist --enable-jemalloc --cache-file=d:/a/K-Meleon-R/K-Meleon-R/goanna/obj-x64/js/src/config.cache
 1:55.27 js\src> creating cache d:/a/K-Meleon-R/K-Meleon-R/goanna/obj-x64/js/src/config.cache
 1:55.27 js\src> checking host system type... x86_64-pc-mingw32
 1:55.27 js\src> checking target system type... x86_64-pc-mingw32
 1:55.27 js\src> checking build system type... x86_64-pc-mingw32
 1:55.27 js\src> checking for mawk... no
 1:55.27 js\src> checking for gawk... gawk
 1:55.27 js\src> checking for perl5... no
 1:55.27 js\src> checking for perl... /usr/bin/perl
 1:55.27 js\src> checking for gcc... cl
 1:55.27 js\src> checking whether the C compiler (cl -DNOMINMAX ) works... yes
 1:55.27 js\src> checking whether the C compiler (cl -DNOMINMAX ) is a cross-compiler... no
 1:55.27 js\src> checking whether we are using GNU C... no
 1:55.27 js\src> checking whether cl accepts -g... no
 1:55.27 js\src> checking for c++... cl
 1:55.27 js\src> checking whether the C++ compiler (cl -DNOMINMAX ) works... yes
 1:55.27 js\src> checking whether the C++ compiler (cl -DNOMINMAX ) is a cross-compiler... no
 1:55.27 js\src> checking whether we are using GNU C++... no
 1:55.27 js\src> checking whether cl accepts -g... no
 1:55.27 js\src> checking for ranlib... ranlib
 1:55.27 js\src> checking for ml64... /c/Program Files/Microsoft Visual Studio/2022/Enterprise/VC/Tools/MSVC/14.29.30133/bin/HostX64/x64/ml64
 1:55.27 js\src> checking for ar... ar
 1:55.27 js\src> checking for ld... link
 1:55.27 js\src> checking for strip... strip
 1:55.27 js\src> checking for windres... windres
 1:55.27 js\src> configure: warning: Unknown version of the Microsoft (R) Manifest Tool.
 1:55.27 js\src> checking for highest Windows version supported by this SDK... 0x0A00
 1:55.27 js\src> checking for Windows SDK being recent enough... yes
 1:55.27 js\src> checking how to run the C preprocessor... cl -E -nologo
 1:55.27 js\src> checking how to run the C++ preprocessor... cl -TP -E -nologo
 1:55.27 js\src> checking for _getc_nolock... yes
 1:55.27 js\src> checking for sb-conf... no
 1:55.27 js\src> checking for ve... no
 1:55.27 js\src> checking for a BSD compatible install... /usr/bin/install -c
 1:55.27 js\src> checking whether ln -s works... no
 1:55.27 js\src> checking for tar archiver... checking for gnutar... no
 1:55.27 js\src> checking for gtar... no
 1:55.27 js\src> checking for tar... tar
 1:55.27 js\src> tar
 1:55.27 js\src> checking for minimum required perl version >= 5.006... 5.008008
 1:55.27 js\src> checking for full perl installation... yes
 1:55.27 js\src> Using Python from environment variable $PYTHON
 1:55.27 js\src> checking Python environment is Mozilla virtualenv... yes
 1:55.27 js\src> checking for doxygen... :
 1:55.27 js\src> checking for autoconf... /usr/bin/autoconf
 1:55.27 js\src> checking for xargs... /usr/bin/xargs
 1:55.27 js\src> checking for c:/Strawberry/c/bin/gmake.EXE... d:/a/K-Meleon-R/K-Meleon-R/goanna/js/src/configure: line 4641: test: /usr/local/bin/c: binary operator expected
 1:55.27 js\src> d:/a/K-Meleon-R/K-Meleon-R/goanna/js/src/configure: line 4641: test: /c/mozilla-build/7zip/c: binary operator expected
 1:55.27 js\src> d:/a/K-Meleon-R/K-Meleon-R/goanna/js/src/configure: line 4641: test: /c/mozilla-build/info-zip/c: binary operator expected
 1:55.27 js\src> d:/a/K-Meleon-R/K-Meleon-R/goanna/js/src/configure: line 4641: test: /c/mozilla-build/kdiff3/c: binary operator expected
 1:55.27 js\src> d:/a/K-Meleon-R/K-Meleon-R/goanna/js/src/configure: line 4641: test: /c/mozilla-build/mozmake/c: binary operator expected
 1:55.27 js\src> d:/a/K-Meleon-R/K-Meleon-R/goanna/js/src/configure: line 4641: test: /c/mozilla-build/nsis-3.0b3/c: binary operator expected
 1:55.27 js\src> d:/a/K-Meleon-R/K-Meleon-R/goanna/js/src/configure: line 4641: test: /c/mozilla-build/nsis-3.0b1/c: binary operator expected
 1:55.27 js\src> d:/a/K-Meleon-R/K-Meleon-R/goanna/js/src/configure: line 4641: test: /c/mozilla-build/nsis-2.46u/c: binary operator expected
 1:55.27 js\src> d:/a/K-Meleon-R/K-Meleon-R/goanna/js/src/configure: line 4641: test: /c/mozilla-build/python/c: binary operator expected
 1:55.27 js\src> d:/a/K-Meleon-R/K-Meleon-R/goanna/js/src/configure: line 4641: test: /c/mozilla-build/python/Scripts/c: binary operator expected
 1:55.27 js\src> d:/a/K-Meleon-R/K-Meleon-R/goanna/js/src/configure: line 4641: test: /c/mozilla-build/upx391w/c: binary operator expected
 1:55.27 js\src> d:/a/K-Meleon-R/K-Meleon-R/goanna/js/src/configure: line 4641: test: /c/mozilla-build/watchman/c: binary operator expected
 1:55.27 js\src> d:/a/K-Meleon-R/K-Meleon-R/goanna/js/src/configure: line 4641: test: /c/mozilla-build/wget/c: binary operator expected
 1:55.27 js\src> d:/a/K-Meleon-R/K-Meleon-R/goanna/js/src/configure: line 4641: test: /c/mozilla-build/yasm/c: binary operator expected
 1:55.27 js\src> d:/a/K-Meleon-R/K-Meleon-R/goanna/js/src/configure: line 4641: test: ./c: binary operator expected
 1:55.27 js\src> d:/a/K-Meleon-R/K-Meleon-R/goanna/js/src/configure: line 4641: test: /usr/local/bin/c: binary operator expected
 1:55.27 js\src> d:/a/K-Meleon-R/K-Meleon-R/goanna/js/src/configure: line 4641: test: /usr/mingw/bin/c: binary operator expected
 1:55.27 js\src> d:/a/K-Meleon-R/K-Meleon-R/goanna/js/src/configure: line 4641: test: /usr/bin/c: binary operator expected
 1:55.27 js\src> d:/a/K-Meleon-R/K-Meleon-R/goanna/js/src/configure: line 4641: test: /c/mozilla-build/moztools-x64/bin/c: binary operator expected
 1:55.27 js\src> d:/a/K-Meleon-R/K-Meleon-R/goanna/js/src/configure: line 4641: test: /c/yasm/c: binary operator expected
 1:55.27 js\src> d:/a/K-Meleon-R/K-Meleon-R/goanna/js/src/configure: line 4641: test: /c/mozilla-build/yasm/c: binary operator expected
 1:55.27 js\src> d:/a/K-Meleon-R/K-Meleon-R/goanna/js/src/configure: line 4641: test: /c/mozilla-build/python/c: binary operator expected
 1:55.27 js\src> d:/a/K-Meleon-R/K-Meleon-R/goanna/js/src/configure: line 4641: test: /c/mozilla-build/python27/c: binary operator expected
 1:55.27 js\src> d:/a/K-Meleon-R/K-Meleon-R/goanna/js/src/configure: line 4641: test: /c/Program Files/Microsoft Visual Studio/2022/Enterprise/VC/Tools/MSVC/14.29.30133/bin/HostX64/x64/c: binary operator expected
 1:55.27 js\src> d:/a/K-Meleon-R/K-Meleon-R/goanna/js/src/configure: line 4641: test: /c/Program Files/Microsoft Visual Studio/2022/Enterprise/Common7/IDE/VC/VCPackages/c: binary operator expected
 1:55.27 js\src> d:/a/K-Meleon-R/K-Meleon-R/goanna/js/src/configure: line 4641: test: /c/Program Files/Microsoft Visual Studio/2022/Enterprise/Common7/IDE/CommonExtensions/Microsoft/TestWindow/c: binary operator expected
 1:55.27 js\src> d:/a/K-Meleon-R/K-Meleon-R/goanna/js/src/configure: line 4641: test: /c/Program Files/Microsoft Visual Studio/2022/Enterprise/Common7/IDE/CommonExtensions/Microsoft/TeamFoundation/Team Explorer/c: binary operator expected
 1:55.27 js\src> d:/a/K-Meleon-R/K-Meleon-R/goanna/js/src/configure: line 4641: test: /c/Program Files/Microsoft Visual Studio/2022/Enterprise/MSBuild/Current/bin/Roslyn/c: binary operator expected
 1:55.27 js\src> d:/a/K-Meleon-R/K-Meleon-R/goanna/js/src/configure: line 4641: test: /c/Program Files (x86)/Microsoft SDKs/Windows/v10.0A/bin/NETFX 4.8 Tools/x64//c: binary operator expected
 1:55.27 js\src> d:/a/K-Meleon-R/K-Meleon-R/goanna/js/src/configure: line 4641: test: /c/Program Files (x86)/HTML Help Workshop/c: binary operator expected
 1:55.27 js\src> d:/a/K-Meleon-R/K-Meleon-R/goanna/js/src/configure: line 4641: test: /c/Program Files/Microsoft Visual Studio/2022/Enterprise/Common7/IDE/CommonExtensions/Microsoft/FSharp/Tools/c: binary operator expected
 1:55.27 js\src> d:/a/K-Meleon-R/K-Meleon-R/goanna/js/src/configure: line 4641: test: /c/Program Files/Microsoft Visual Studio/2022/Enterprise/Team Tools/DiagnosticsHub/Collector/c: binary operator expected
 1:55.27 js\src> d:/a/K-Meleon-R/K-Meleon-R/goanna/js/src/configure: line 4641: test: /c/Program Files/Microsoft Visual Studio/2022/Enterprise/Common7/IDE/Extensions/Microsoft/CodeCoverage.Console/c: binary operator expected
 1:55.27 js\src> d:/a/K-Meleon-R/K-Meleon-R/goanna/js/src/configure: line 4641: test: /c/Program Files/Microsoft Visual Studio/2022/Enterprise/VC/Tools/Llvm/x64/bin/c: binary operator expected
 1:55.27 js\src> d:/a/K-Meleon-R/K-Meleon-R/goanna/js/src/configure: line 4641: test: /c/Program Files (x86)/Windows Kits/10/bin/10.0.26100.0/x64/c: binary operator expected
 1:55.27 js\src> d:/a/K-Meleon-R/K-Meleon-R/goanna/js/src/configure: line 4641: test: /c/Program Files (x86)/Windows Kits/10/bin/x64/c: binary operator expected
 1:55.27 js\src> d:/a/K-Meleon-R/K-Meleon-R/goanna/js/src/configure: line 4641: test: /c/Program Files/Microsoft Visual Studio/2022/Enterprise/MSBuild/Current/Bin/amd64/c: binary operator expected
 1:55.27 js\src> d:/a/K-Meleon-R/K-Meleon-R/goanna/js/src/configure: line 4641: test: /c/Windows/Microsoft.NET/Framework64/v4.0.30319/c: binary operator expected
 1:55.27 js\src> d:/a/K-Meleon-R/K-Meleon-R/goanna/js/src/configure: line 4641: test: /c/Program Files/Microsoft Visual Studio/2022/Enterprise/Common7/IDE//c: binary operator expected
 1:55.27 js\src> d:/a/K-Meleon-R/K-Meleon-R/goanna/js/src/configure: line 4641: test: /c/Program Files/Microsoft Visual Studio/2022/Enterprise/Common7/Tools//c: binary operator expected
 1:55.27 js\src> d:/a/K-Meleon-R/K-Meleon-R/goanna/js/src/configure: line 4641: test: /c/Program Files/MongoDB/Server/7.0/bin/c: binary operator expected
 1:55.29 js\src> d:/a/K-Meleon-R/K-Meleon-R/goanna/js/src/configure: line 4641: test: /c/aliyun-cli/c: binary operator expected
 1:55.29 js\src> d:/a/K-Meleon-R/K-Meleon-R/goanna/js/src/configure: line 4641: test: /c/vcpkg/c: binary operator expected
 1:55.29 js\src> d:/a/K-Meleon-R/K-Meleon-R/goanna/js/src/configure: line 4641: test: /c/Program Files (x86)/NSIS//c: binary operator expected
 1:55.29 js\src> d:/a/K-Meleon-R/K-Meleon-R/goanna/js/src/configure: line 4641: test: /c/tools/zstd/c: binary operator expected
 1:55.29 js\src> d:/a/K-Meleon-R/K-Meleon-R/goanna/js/src/configure: line 4641: test: /c/Program Files/Mercurial//c: binary operator expected
 1:55.29 js\src> d:/a/K-Meleon-R/K-Meleon-R/goanna/js/src/configure: line 4641: test: /c/hostedtoolcache/windows/stack/3.11.1/x64/c: binary operator expected
 1:55.29 js\src> d:/a/K-Meleon-R/K-Meleon-R/goanna/js/src/configure: line 4641: test: /c/cabal/bin/c: binary operator expected
 1:55.29 js\src> d:/a/K-Meleon-R/K-Meleon-R/goanna/js/src/configure: line 4641: test: /c/ghcup/bin/c: binary operator expected
 1:55.29 js\src> d:/a/K-Meleon-R/K-Meleon-R/goanna/js/src/configure: line 4641: test: /c/mingw64/bin/c: binary operator expected
 1:55.29 js\src> d:/a/K-Meleon-R/K-Meleon-R/goanna/js/src/configure: line 4641: test: /c/Program Files/dotnet/c: binary operator expected
 1:55.29 js\src> d:/a/K-Meleon-R/K-Meleon-R/goanna/js/src/configure: line 4641: test: /c/Program Files/MySQL/MySQL Server 8.0/bin/c: binary operator expected
 1:55.29 js\src> d:/a/K-Meleon-R/K-Meleon-R/goanna/js/src/configure: line 4641: test: /c/Program Files/R/R-4.6.1/bin/x64/c: binary operator expected
 1:55.29 js\src> d:/a/K-Meleon-R/K-Meleon-R/goanna/js/src/configure: line 4641: test: /c/SeleniumWebDrivers/GeckoDriver/c: binary operator expected
 1:55.29 js\src> d:/a/K-Meleon-R/K-Meleon-R/goanna/js/src/configure: line 4641: test: /c/SeleniumWebDrivers/EdgeDriver//c: binary operator expected
 1:55.29 js\src> d:/a/K-Meleon-R/K-Meleon-R/goanna/js/src/configure: line 4641: test: /c/SeleniumWebDrivers/ChromeDriver/c: binary operator expected
 1:55.29 js\src> d:/a/K-Meleon-R/K-Meleon-R/goanna/js/src/configure: line 4641: test: /c/Program Files (x86)/sbt/bin/c: binary operator expected
 1:55.29 js\src> d:/a/K-Meleon-R/K-Meleon-R/goanna/js/src/configure: line 4641: test: /c/Program Files (x86)/GitHub CLI/c: binary operator expected
 1:55.29 js\src> d:/a/K-Meleon-R/K-Meleon-R/goanna/js/src/configure: line 4641: test: /c/Program Files/Git/bin/c: binary operator expected
 1:55.29 js\src> d:/a/K-Meleon-R/K-Meleon-R/goanna/js/src/configure: line 4641: test: /c/Program Files (x86)/pipx_bin/c: binary operator expected
 1:55.29 js\src> d:/a/K-Meleon-R/K-Meleon-R/goanna/js/src/configure: line 4641: test: /c/npm/prefix/c: binary operator expected
 1:55.29 js\src> d:/a/K-Meleon-R/K-Meleon-R/goanna/js/src/configure: line 4641: test: /c/hostedtoolcache/windows/go/1.24.13/x64/bin/c: binary operator expected
 1:55.29 js\src> d:/a/K-Meleon-R/K-Meleon-R/goanna/js/src/configure: line 4641: test: /c/hostedtoolcache/windows/Python/3.12.10/x64/Scripts/c: binary operator expected
 1:55.29 js\src> d:/a/K-Meleon-R/K-Meleon-R/goanna/js/src/configure: line 4641: test: /c/hostedtoolcache/windows/Python/3.12.10/x64/c: binary operator expected
 1:55.29 js\src> d:/a/K-Meleon-R/K-Meleon-R/goanna/js/src/configure: line 4641: test: /c/hostedtoolcache/windows/Ruby/3.3.12/x64/bin/c: binary operator expected
 1:55.29 js\src> d:/a/K-Meleon-R/K-Meleon-R/goanna/js/src/configure: line 4641: test: /c/Program Files/OpenSSL/bin/c: binary operator expected
 1:55.29 js\src> d:/a/K-Meleon-R/K-Meleon-R/goanna/js/src/configure: line 4641: test: /c/tools/kotlinc/bin/c: binary operator expected
 1:55.29 js\src> d:/a/K-Meleon-R/K-Meleon-R/goanna/js/src/configure: line 4641: test: /c/hostedtoolcache/windows/Java_Temurin-Hotspot_jdk/8.0.504-1/x64/bin/c: binary operator expected
 1:55.29 js\src> d:/a/K-Meleon-R/K-Meleon-R/goanna/js/src/configure: line 4641: test: /c/Program Files/ImageMagick-7.1.2-Q16-HDRI/c: binary operator expected
 1:55.29 js\src> d:/a/K-Meleon-R/K-Meleon-R/goanna/js/src/configure: line 4641: test: /c/Program Files/Microsoft SDKs/Azure/CLI2/wbin/c: binary operator expected
 1:55.29 js\src> d:/a/K-Meleon-R/K-Meleon-R/goanna/js/src/configure: line 4641: test: /c/ProgramData/kind/c: binary operator expected
 1:55.29 js\src> d:/a/K-Meleon-R/K-Meleon-R/goanna/js/src/configure: line 4641: test: /c/ProgramData/Chocolatey/bin/c: binary operator expected
 1:55.29 js\src> d:/a/K-Meleon-R/K-Meleon-R/goanna/js/src/configure: line 4641: test: /c/Windows/system32/c: binary operator expected
 1:55.29 js\src> d:/a/K-Meleon-R/K-Meleon-R/goanna/js/src/configure: line 4641: test: /c/Windows/c: binary operator expected
 1:55.29 js\src> d:/a/K-Meleon-R/K-Meleon-R/goanna/js/src/configure: line 4641: test: /c/Windows/System32/Wbem/c: binary operator expected
 1:55.29 js\src> d:/a/K-Meleon-R/K-Meleon-R/goanna/js/src/configure: line 4641: test: /c/Windows/System32/WindowsPowerShell/v1.0//c: binary operator expected
 1:55.29 js\src> d:/a/K-Meleon-R/K-Meleon-R/goanna/js/src/configure: line 4641: test: /c/Windows/System32/OpenSSH//c: binary operator expected
 1:58.54 js\src> d:/a/K-Meleon-R/K-Meleon-R/goanna/js/src/configure: line 4641: test: /c/Program Files/dotnet//c: binary operator expected
 1:58.54 js\src> d:/a/K-Meleon-R/K-Meleon-R/goanna/js/src/configure: line 4641: test: /c/Program Files/PowerShell/7//c: binary operator expected
 1:58.54 js\src> d:/a/K-Meleon-R/K-Meleon-R/goanna/js/src/configure: line 4641: test: /c/Program Files/Microsoft/Web Platform Installer//c: binary operator expected
 1:58.54 js\src> d:/a/K-Meleon-R/K-Meleon-R/goanna/js/src/configure: line 4641: test: /c/Program Files/TortoiseSVN/bin/c: binary operator expected
 1:58.54 js\src> d:/a/K-Meleon-R/K-Meleon-R/goanna/js/src/configure: line 4641: test: /c/Program Files/Microsoft SQL Server/Client SDK/ODBC/170/Tools/Binn//c: binary operator expected
 1:58.54 js\src> d:/a/K-Meleon-R/K-Meleon-R/goanna/js/src/configure: line 4641: test: /c/Program Files/Microsoft SQL Server/150/Tools/Binn//c: binary operator expected
 1:58.54 js\src> d:/a/K-Meleon-R/K-Meleon-R/goanna/js/src/configure: line 4641: test: /c/Program Files (x86)/Windows Kits/10/Windows Performance Toolkit//c: binary operator expected
 1:58.54 js\src> d:/a/K-Meleon-R/K-Meleon-R/goanna/js/src/configure: line 4641: test: /c/Program Files (x86)/WiX Toolset v3.14/bin/c: binary operator expected
 1:58.54 js\src> d:/a/K-Meleon-R/K-Meleon-R/goanna/js/src/configure: line 4641: test: /c/Program Files/Microsoft SQL Server/130/DTS/Binn//c: binary operator expected
 1:58.54 js\src> d:/a/K-Meleon-R/K-Meleon-R/goanna/js/src/configure: line 4641: test: /c/Program Files/Microsoft SQL Server/140/DTS/Binn//c: binary operator expected
 1:58.54 js\src> d:/a/K-Meleon-R/K-Meleon-R/goanna/js/src/configure: line 4641: test: /c/Program Files/Microsoft SQL Server/150/DTS/Binn//c: binary operator expected
 1:58.54 js\src> d:/a/K-Meleon-R/K-Meleon-R/goanna/js/src/configure: line 4641: test: /c/Program Files/Microsoft SQL Server/160/DTS/Binn//c: binary operator expected
 1:58.54 js\src> d:/a/K-Meleon-R/K-Meleon-R/goanna/js/src/configure: line 4641: test: /c/Program Files/Microsoft SQL Server/170/DTS/Binn//c: binary operator expected
 1:58.54 js\src> d:/a/K-Meleon-R/K-Meleon-R/goanna/js/src/configure: line 4641: test: /c/Strawberry/c/bin/c: binary operator expected
 1:58.54 js\src> d:/a/K-Meleon-R/K-Meleon-R/goanna/js/src/configure: line 4641: test: /c/Strawberry/perl/site/bin/c: binary operator expected
 1:58.54 js\src> d:/a/K-Meleon-R/K-Meleon-R/goanna/js/src/configure: line 4641: test: /c/Strawberry/perl/bin/c: binary operator expected
 1:58.54 js\src> d:/a/K-Meleon-R/K-Meleon-R/goanna/js/src/configure: line 4641: test: /c/ProgramData/chocolatey/lib/pulumi/tools/Pulumi/bin/c: binary operator expected
 1:58.54 js\src> d:/a/K-Meleon-R/K-Meleon-R/goanna/js/src/configure: line 4641: test: /c/Program Files/CMake/bin/c: binary operator expected
 1:58.54 js\src> d:/a/K-Meleon-R/K-Meleon-R/goanna/js/src/configure: line 4641: test: /c/ProgramData/chocolatey/lib/maven/apache-maven-3.9.16/bin/c: binary operator expected
 1:58.54 js\src> d:/a/K-Meleon-R/K-Meleon-R/goanna/js/src/configure: line 4641: test: /c/Program Files/Microsoft Service Fabric/bin/Fabric/Fabric.Code/c: binary operator expected
 1:58.54 js\src> d:/a/K-Meleon-R/K-Meleon-R/goanna/js/src/configure: line 4641: test: /c/Program Files/Microsoft SDKs/Service Fabric/Tools/ServiceFabricLocalClusterManager/c: binary operator expected
 1:58.54 js\src> d:/a/K-Meleon-R/K-Meleon-R/goanna/js/src/configure: line 4641: test: /c/Program Files/nodejs//c: binary operator expected
 1:58.54 js\src> d:/a/K-Meleon-R/K-Meleon-R/goanna/js/src/configure: line 4641: test: /c/Program Files/Git/cmd/c: binary operator expected
 1:58.54 js\src> d:/a/K-Meleon-R/K-Meleon-R/goanna/js/src/configure: line 4641: test: /c/Program Files/Git/ucrt64/bin/c: binary operator expected
 1:58.54 js\src> d:/a/K-Meleon-R/K-Meleon-R/goanna/js/src/configure: line 4641: test: /c/Program Files/Git/usr/bin/c: binary operator expected
 1:58.54 js\src> d:/a/K-Meleon-R/K-Meleon-R/goanna/js/src/configure: line 4641: test: /c/Program Files/GitHub CLI//c: binary operator expected
 1:58.54 js\src> d:/a/K-Meleon-R/K-Meleon-R/goanna/js/src/configure: line 4641: test: /c/tools/php/c: binary operator expected
 1:58.54 js\src> d:/a/K-Meleon-R/K-Meleon-R/goanna/js/src/configure: line 4641: test: /c/Program Files (x86)/sbt/bin/c: binary operator expected
 1:58.54 js\src> d:/a/K-Meleon-R/K-Meleon-R/goanna/js/src/configure: line 4641: test: /c/Program Files/Amazon/AWSCLIV2//c: binary operator expected
 1:58.54 js\src> d:/a/K-Meleon-R/K-Meleon-R/goanna/js/src/configure: line 4641: test: /c/Program Files/Amazon/SessionManagerPlugin/bin//c: binary operator expected
 1:58.54 js\src> d:/a/K-Meleon-R/K-Meleon-R/goanna/js/src/configure: line 4641: test: /c/Program Files/Amazon/AWSSAMCLI/bin//c: binary operator expected
 1:58.54 js\src> d:/a/K-Meleon-R/K-Meleon-R/goanna/js/src/configure: line 4641: test: /c/Program Files/Microsoft SQL Server/130/Tools/Binn//c: binary operator expected
 1:58.54 js\src> d:/a/K-Meleon-R/K-Meleon-R/goanna/js/src/configure: line 4641: test: /c/Program Files/mongosh//c: binary operator expected
 1:58.54 js\src> d:/a/K-Meleon-R/K-Meleon-R/goanna/js/src/configure: line 4641: test: /c/Program Files/LLVM/bin/c: binary operator expected
 1:58.54 js\src> d:/a/K-Meleon-R/K-Meleon-R/goanna/js/src/configure: line 4641: test: /c/Program Files (x86)/LLVM/bin/c: binary operator expected
 1:58.54 js\src> d:/a/K-Meleon-R/K-Meleon-R/goanna/js/src/configure: line 4641: test: /c/Users/runneradmin/.dotnet/tools/c: binary operator expected
 1:58.54 js\src> d:/a/K-Meleon-R/K-Meleon-R/goanna/js/src/configure: line 4641: test: /c/Users/runneradmin/.cargo/bin/c: binary operator expected
 1:58.54 js\src> d:/a/K-Meleon-R/K-Meleon-R/goanna/js/src/configure: line 4641: test: /c/Users/runneradmin/AppData/Local/Microsoft/WindowsApps/c: binary operator expected
 1:58.54 js\src> d:/a/K-Meleon-R/K-Meleon-R/goanna/js/src/configure: line 4641: test: /c/Program Files/Microsoft Visual Studio/2022/Enterprise/Common7/IDE/CommonExtensions/Microsoft/CMake/CMake/bin/c: binary operator expected
 1:58.54 js\src> d:/a/K-Meleon-R/K-Meleon-R/goanna/js/src/configure: line 4641: test: /c/Program Files/Microsoft Visual Studio/2022/Enterprise/Common7/IDE/CommonExtensions/Microsoft/CMake/Ninja/c: binary operator expected
 1:58.54 js\src> d:/a/K-Meleon-R/K-Meleon-R/goanna/js/src/configure: line 4641: test: /c/Program Files/Microsoft Visual Studio/2022/Enterprise/Common7/IDE/VC/Linux/bin/ConnectionManagerExe/c: binary operator expected
 1:58.54 js\src> d:/a/K-Meleon-R/K-Meleon-R/goanna/js/src/configure: line 4641: test: /c/Program Files/Microsoft Visual Studio/2022/Enterprise/VC/vcpkg/c: binary operator expected
 1:58.54 js\src> d:/a/K-Meleon-R/K-Meleon-R/goanna/js/src/configure: line 4641: test: /c/mozilla-build/python/c: binary operator expected
 1:58.54 js\src> d:/a/K-Meleon-R/K-Meleon-R/goanna/js/src/configure: line 4641: test: /c/mozilla-build/python27/c: binary operator expected
 1:58.54 js\src> no
 1:58.54 js\src> checking for make... /usr/local/bin/make
 1:58.54 js\src> checking for X... no
 1:58.54 js\src> checking that static assertion macros used in autoconf tests work... yes
 1:58.54 js\src> checking for 64-bit OS... yes
 1:58.54 js\src> checking whether the C++ compiler (cl -DNOMINMAX -TP -nologo -wd4345 -wd4351 -wd4800 -D_CRT_SECURE_NO_WARNINGS -Wv:18 -D_HAS_EXCEPTIONS=0 -W3 -Gy -FS -wd4244 -wd4267 -wd4251 -we4553 -GR-  -LARGEADDRESSAWARE -NXCOMPAT -DYNAMICBASE) actually is a C++ compiler... yes
 1:58.54 js\src> checking NSPR selection... command-line
 1:58.54 js\src> checking for valid optimization flags... yes
 1:58.54 js\src> checking what kind of list files are supported by the linker... list
 1:58.54 js\src> checking for posix_fadvise... no
 1:58.54 js\src> checking for posix_fallocate... no
 1:58.54 js\src> checking for malloc.h... yes
 1:58.54 js\src> checking for setlocale... no
 1:58.54 js\src> checking for localeconv... no
 1:58.54 js\src> checking for malloc_size... no
 1:58.54 js\src> checking for malloc_usable_size... no
 1:58.54 js\src> updating cache d:/a/K-Meleon-R/K-Meleon-R/goanna/obj-x64/js/src/config.cache
 1:58.54 js\src> creating ./config.status
 1:58.54 
 1:58.54 nsprpub> configure: WARNING: unrecognized options: --enable-application, --disable-tests, --disable-updater, --disable-crashreporter, --disable-maintenance-service, --disable-installer, --disable-webrtc, --disable-require-d3d-compilers
 1:58.54 nsprpub> configure: creating cache d:/a/K-Meleon-R/K-Meleon-R/goanna/obj-x64/nsprpub/config.cache
 1:58.54 nsprpub> checking build system type... x86_64-pc-mingw32
 1:58.54 nsprpub> checking host system type... x86_64-pc-mingw32
 1:58.54 nsprpub> checking target system type... x86_64-pc-mingw32
 1:58.54 nsprpub> checking for cl... cl
 1:58.54 nsprpub> configure: WARNING: Unknown version of the Microsoft (R) Manifest Tool.
 1:58.54 nsprpub> configure: updating cache d:/a/K-Meleon-R/K-Meleon-R/goanna/obj-x64/nsprpub/config.cache
 1:58.54 nsprpub> configure: creating ./config.status
 1:58.54 nsprpub> configure: WARNING: unrecognized options: --enable-application, --disable-tests, --disable-updater, --disable-crashreporter, --disable-maintenance-service, --disable-installer, --disable-webrtc, --disable-require-d3d-compilers
 1:58.54 nsprpub> config.status: creating Makefile
 1:58.54 nsprpub> config.status: creating config/Makefile
 1:58.54 nsprpub> config.status: creating config/autoconf.mk
 1:58.54 nsprpub> config.status: creating config/nsprincl.mk
 1:58.54 nsprpub> config.status: creating config/nsprincl.sh
 1:58.54 nsprpub> config.status: creating config/nspr-config
 1:58.54 nsprpub> config.status: creating config/nspr.pc
 1:58.54 nsprpub> config.status: creating lib/Makefile
 1:58.54 nsprpub> config.status: creating lib/ds/Makefile
 1:58.54 nsprpub> config.status: creating lib/libc/Makefile
 1:58.54 nsprpub> config.status: creating lib/libc/include/Makefile
 1:58.54 nsprpub> config.status: creating lib/libc/src/Makefile
 1:58.54 nsprpub> config.status: creating lib/tests/Makefile
 1:58.54 nsprpub> config.status: creating pkg/Makefile
 1:58.54 nsprpub> config.status: creating pr/Makefile
 1:58.54 nsprpub> config.status: creating pr/include/Makefile
 1:58.54 nsprpub> config.status: creating pr/include/md/Makefile
 1:58.54 nsprpub> config.status: creating pr/include/obsolete/Makefile
 1:58.54 nsprpub> config.status: creating pr/include/private/Makefile
 1:58.54 nsprpub> config.status: creating pr/src/Makefile
 1:58.54 nsprpub> config.status: creating pr/src/io/Makefile
 1:58.54 nsprpub> config.status: creating pr/src/linking/Makefile
 1:58.54 nsprpub> config.status: creating pr/src/malloc/Makefile
 1:58.54 nsprpub> config.status: creating pr/src/md/Makefile
 1:58.54 nsprpub> config.status: creating pr/src/md/windows/Makefile
 1:58.54 nsprpub> config.status: creating pr/src/memory/Makefile
 1:58.54 nsprpub> config.status: creating pr/src/misc/Makefile
 1:58.54 nsprpub> config.status: creating pr/src/threads/Makefile
 1:58.54 nsprpub> config.status: creating pr/tests/Makefile
 1:58.54 nsprpub> config.status: creating pr/tests/dll/Makefile
 2:44.52 nsprpub> config.status: creating pr/src/threads/combined/Makefile
 2:44.52 nsprpub> config.status: executing default commands
 2:44.52 
 2:44.52 intl\icu\target> configure: creating cache d:/a/K-Meleon-R/K-Meleon-R/goanna/obj-x64/intl/icu/target/config.cache
 2:44.52 intl\icu\target> checking for ICU version numbers... release 58.3, library 58.3, unicode version 9.0
 2:44.52 intl\icu\target> checking build system type... x86_64-pc-mingw32
 2:44.52 intl\icu\target> checking host system type... x86_64-pc-mingw32
 2:44.52 intl\icu\target> checking whether to build debug libraries... no
 2:44.52 intl\icu\target> checking whether to build release libraries... yes
 2:44.52 intl\icu\target> checking for x86_64-pc-mingw32-clang... cl
 2:44.52 intl\icu\target> checking whether the C compiler works... yes
 2:44.52 intl\icu\target> checking for C compiler default output file name... conftest.exe
 2:44.52 intl\icu\target> checking for suffix of executables... .exe
 2:44.52 intl\icu\target> checking whether we are cross compiling... no
 2:44.52 intl\icu\target> checking for suffix of object files... obj
 2:44.52 intl\icu\target> checking whether we are using the GNU C compiler... no
 2:44.52 intl\icu\target> checking whether cl accepts -g... yes
 2:44.52 intl\icu\target> checking for cl option to accept ISO C89... none needed
 2:44.52 intl\icu\target> checking whether we are using the GNU C++ compiler... no
 2:44.52 intl\icu\target> checking whether cl accepts -g... yes
 2:44.52 intl\icu\target> checking for x86_64-pc-mingw32-pkg-config... no
 2:44.52 intl\icu\target> checking for pkg-config... /c/Strawberry/perl/bin/pkg-config
 2:44.52 intl\icu\target> checking pkg-config is at least version 0.20... yes
 2:44.52 intl\icu\target> checking for ICULEHB... no
 2:44.52 intl\icu\target> checking how to run the C preprocessor... cl -E
 2:44.52 intl\icu\target> checking for a BSD-compatible install... /usr/bin/install -c
 2:44.52 intl\icu\target> checking for gmake... /c/Strawberry/c/bin/gmake
 2:44.52 intl\icu\target> checking for doxygen... no
 2:44.52 intl\icu\target> checking checking for executable suffix... .exe
 2:44.52 intl\icu\target> checking whether strict compiling is on... yes
 2:44.52 intl\icu\target> checking for grep that handles long lines and -e... /usr/bin/grep
 2:44.52 intl\icu\target> checking for egrep... /usr/bin/grep -E
 2:44.52 intl\icu\target> checking for ANSI C header files... yes
 2:44.52 intl\icu\target> checking for sys/types.h... yes
 2:44.52 intl\icu\target> checking for sys/stat.h... yes
 2:44.52 intl\icu\target> checking for stdlib.h... yes
 2:44.52 intl\icu\target> checking for string.h... yes
 2:44.52 intl\icu\target> checking for memory.h... yes
 2:44.52 intl\icu\target> checking for strings.h... no
 2:44.52 intl\icu\target> checking for inttypes.h... yes
 2:44.52 intl\icu\target> checking for stdint.h... yes
 2:44.52 intl\icu\target> checking for unistd.h... no
 2:44.52 intl\icu\target> checking size of void *... 8
 2:44.52 intl\icu\target> checking whether runnable 64 bit binaries are built by default... yes
 2:44.52 intl\icu\target> checking which Makefile fragment to use for x86_64-pc-mingw32... mh-msys-msvc
 2:44.52 intl\icu\target> checking for floor in -lm... no
 2:44.52 intl\icu\target> checking whether to build shared libraries... yes
 2:44.52 intl\icu\target> checking whether to build static libraries... no
 2:44.52 intl\icu\target> checking whether to enable auto cleanup of libraries... no
 2:44.52 intl\icu\target> checking whether to enable draft APIs... yes
 2:44.52 intl\icu\target> checking for x86_64-pc-mingw32-ranlib... no
 2:44.52 intl\icu\target> checking for ranlib... ranlib
 2:44.52 intl\icu\target> checking for x86_64-pc-mingw32-ar... lib
 2:44.52 intl\icu\target> checking whether to enable renaming of symbols... yes
 2:44.52 intl\icu\target> checking whether to enable function and data tracing... no
 2:44.52 intl\icu\target> checking elf.h usability... no
 2:44.52 intl\icu\target> checking elf.h presence... no
 2:44.52 intl\icu\target> checking for elf.h... no
 2:44.52 intl\icu\target> checking whether to enable dynamic loading of plugins. Ignored if plugins disabled.... yes
 2:44.52 intl\icu\target> checking dlfcn.h usability... no
 2:44.52 intl\icu\target> checking dlfcn.h presence... no
 2:44.52 intl\icu\target> checking for dlfcn.h... no
 2:44.52 intl\icu\target> checking for library containing dlopen... no
 2:44.52 intl\icu\target> checking for dlopen... no
 2:44.52 intl\icu\target> checking for gettimeofday... no
 2:44.52 intl\icu\target> checking if we have a C++ compiler... Good
 2:44.52 intl\icu\target> checking if #include <string> works... yes
 2:44.52 intl\icu\target> checking if #include <atomic> works... yes
 2:44.52 intl\icu\target> checking for pthread_attr_init in -lpthread... no
 2:44.52 intl\icu\target> checking for library containing pthread_mutex_destroy... no
 2:44.52 intl\icu\target> checking for pthread_mutex_init in -lpthread... no
 2:44.52 intl\icu\target> checking for pthread_mutex_lock... no
 2:44.52 intl\icu\target> checking for mmap... no
 2:44.52 intl\icu\target> checking for genccode assembly...
 2:44.52 intl\icu\target> checking for inttypes.h... (cached) yes
 2:44.52 intl\icu\target> checking dirent.h usability... no
 2:44.52 intl\icu\target> checking dirent.h presence... no
 2:44.52 intl\icu\target> checking for dirent.h... no
 2:44.52 intl\icu\target> checking whether byte ordering is bigendian... no
 2:44.52 intl\icu\target> checking for nl_langinfo... no
 2:44.52 intl\icu\target> checking for namespace support... yes
 2:44.52 intl\icu\target> checking for properly overriding new and delete... yes
 2:44.52 intl\icu\target> checking for placement new and delete... yes
 2:44.52 intl\icu\target> checking for popen... no
 2:44.52 intl\icu\target> checking for tzset... yes
 2:44.52 intl\icu\target> checking for tzname... no
 2:44.52 intl\icu\target> checking for _tzname... no
 2:44.52 intl\icu\target> checking for timezone... no
 2:44.52 intl\icu\target> checking for __timezone... no
 2:44.52 intl\icu\target> checking for _timezone... yes
 2:44.52 intl\icu\target> checking for strtod_l... no
 2:44.52 intl\icu\target> checking for int8_t... yes
 2:44.52 intl\icu\target> checking for uint8_t... yes
 2:44.52 intl\icu\target> checking for int16_t... yes
 2:44.52 intl\icu\target> checking for uint16_t... yes
 2:44.52 intl\icu\target> checking for int32_t... yes
 2:44.52 intl\icu\target> checking for uint32_t... yes
 2:44.52 intl\icu\target> checking for int64_t... yes
 2:44.52 intl\icu\target> checking for uint64_t... yes
 2:44.52 intl\icu\target> checking wchar.h usability... yes
 2:44.52 intl\icu\target> checking wchar.h presence... yes
 2:44.52 intl\icu\target> checking for wchar.h... yes
 2:44.52 intl\icu\target> checking for library containing wcscpy... no
 2:44.52 intl\icu\target> checking size of wchar_t... 2
 2:44.52 intl\icu\target> checking for UTF-16 string literal support... unknown
 2:44.52 intl\icu\target> checking for a library suffix to use... none
 2:44.52 intl\icu\target> CPPFLAGS= -DU_USING_ICU_NAMESPACE=0 -DU_NO_DEFAULT_INCLUDE_UTF_HEADERS=1 -DUCONFIG_NO_LEGACY_CONVERSION -DUCONFIG_NO_TRANSLITERATION -DUCONFIG_NO_REGULAR_EXPRESSIONS -DUCONFIG_NO_BREAK_ITERATION -DUCONFIG_NO_IDNA -DU_CHARSET_IS_UTF8 -I/d/a/K-Meleon-R/K-Meleon-R/goanna/intl/icu/source/common -I/d/a/K-Meleon-R/K-Meleon-R/goanna/intl/icu/source/i18n  $(THREADSCPPFLAGS)  -DHAVE_DLOPEN=0 -DU_HAVE_ATOMIC=1 -DU_HAVE_MMAP=0 -DU_HAVE_DIRENT_H=0 -DU_HAVE_POPEN=0 -DU_HAVE_TZNAME=0 -DU_HAVE_STRTOD_L=0 -DU_HAVE_WCSCPY=0
 2:44.52 intl\icu\target> CFLAGS= -DNOMINMAX -TC -nologo -Wv:18 -wd4091 -D_HAS_EXCEPTIONS=0 -W3 -Gy -FS -wd4244 -wd4267 -wd4819 -we4553 -Zi -UDEBUG -DNDEBUG -O1 -Oi -MD -W4 -W4 $(THREADSCFLAGS)
 2:44.52 intl\icu\target> CXXFLAGS=-DNOMINMAX -TP -nologo -Wv:18 -wd4091 -D_HAS_EXCEPTIONS=0 -W3 -Gy -FS -wd4251 -wd4244 -wd4267 -wd4345 -wd4351 -wd4482 -wd4800 -wd4819 -we4553 -GR -Zi -UDEBUG -DNDEBUG -O1 -Oi -MD $(THREADSCXXFLAGS)
 2:44.52 intl\icu\target> configure: updating cache d:/a/K-Meleon-R/K-Meleon-R/goanna/obj-x64/intl/icu/target/config.cache
 2:44.52 intl\icu\target> configure: creating ./config.status
 2:44.52 intl\icu\target>
 2:44.52 intl\icu\target> ICU for C/C++ 58.3 is ready to be built.
 2:44.52 intl\icu\target> === Important Notes: ===
 2:44.52 intl\icu\target> Data Packaging: library
 2:44.52 intl\icu\target>  This means: ICU data will be linked with ICU. A shared data library will be built.
 2:44.52 intl\icu\target>  To locate data: ICU will use the linked data library. If linked with the stub library located in stubdata/, the application can use udata_setCommonData() or set a data path to override.
 2:44.52 intl\icu\target> Building ICU: Use a GNU make such as /c/Strawberry/c/bin/gmake to build ICU.
 2:44.52 intl\icu\target> checking the version of "/c/Strawberry/c/bin/gmake"... gmake[3]: Entering directory 'd:/a/K-Meleon-R/K-Meleon-R/goanna/obj-x64/intl/icu/target'
 2:44.52 
 2:44.52 intl\icu\target> 4.2.1 (we wanted at least 3.80)
 2:44.52 intl\icu\target> gmake[3]: Leaving directory 'd:/a/K-Meleon-R/K-Meleon-R/goanna/obj-x64/intl/icu/target'
 2:44.52 
 2:44.52 intl\icu\target> ok
 2:44.52 intl\icu\target> config.status: creating icudefs.mk
 2:44.52 intl\icu\target> config.status: creating Makefile
 2:44.52 intl\icu\target> config.status: creating data/pkgdataMakefile
 2:44.52 intl\icu\target> config.status: creating config/Makefile.inc
 2:44.52 intl\icu\target> config.status: creating config/icu.pc
 2:44.52 intl\icu\target> config.status: creating config/pkgdataMakefile
 2:44.52 intl\icu\target> config.status: creating data/Makefile
 2:44.52 intl\icu\target> config.status: creating stubdata/Makefile
 2:44.52 intl\icu\target> config.status: creating common/Makefile
 2:44.52 intl\icu\target> config.status: creating i18n/Makefile
 2:44.52 intl\icu\target> config.status: creating layoutex/Makefile
 2:44.52 intl\icu\target> config.status: creating io/Makefile
 2:44.52 intl\icu\target> config.status: creating extra/Makefile
 2:44.52 intl\icu\target> config.status: creating extra/uconv/Makefile
 2:44.52 intl\icu\target> config.status: creating extra/uconv/pkgdataMakefile
 2:44.52 intl\icu\target> config.status: creating extra/scrptrun/Makefile
 2:44.52 intl\icu\target> config.status: creating tools/Makefile
 2:44.52 intl\icu\target> config.status: creating tools/ctestfw/Makefile
 2:44.52 intl\icu\target> config.status: creating tools/toolutil/Makefile
 2:44.52 intl\icu\target> config.status: creating tools/makeconv/Makefile
 2:44.52 intl\icu\target> config.status: creating tools/genrb/Makefile
 2:44.52 intl\icu\target> config.status: creating tools/genccode/Makefile
 2:44.52 intl\icu\target> config.status: creating tools/gencmn/Makefile
 2:44.52 intl\icu\target> config.status: creating tools/gencnval/Makefile
 2:44.52 intl\icu\target> config.status: creating tools/gendict/Makefile
 2:44.52 intl\icu\target> config.status: creating tools/gentest/Makefile
 2:44.52 intl\icu\target> config.status: creating tools/gennorm2/Makefile
 2:44.52 intl\icu\target> config.status: creating tools/genbrk/Makefile
 2:44.52 intl\icu\target> config.status: creating tools/gensprep/Makefile
 2:44.52 intl\icu\target> config.status: creating tools/icuinfo/Makefile
 2:44.52 intl\icu\target> config.status: creating tools/icupkg/Makefile
 2:44.52 intl\icu\target> config.status: creating tools/icuswap/Makefile
 2:44.52 intl\icu\target> config.status: creating tools/pkgdata/Makefile
 2:44.52 intl\icu\target> config.status: creating tools/tzcode/Makefile
 2:44.52 intl\icu\target> config.status: creating tools/gencfu/Makefile
 2:54.10 intl\icu\target> config.status: creating test/Makefile
 2:54.10 intl\icu\target> config.status: creating test/compat/Makefile
 2:54.10 intl\icu\target> config.status: creating test/testdata/Makefile
 2:54.10 intl\icu\target> config.status: creating test/testdata/pkgdataMakefile
 2:54.10 intl\icu\target> config.status: creating test/hdrtst/Makefile
 2:54.10 intl\icu\target> config.status: creating test/intltest/Makefile
 2:54.10 intl\icu\target> config.status: creating test/cintltst/Makefile
 2:54.10 intl\icu\target> config.status: creating test/iotest/Makefile
 2:54.10 intl\icu\target> config.status: creating test/letest/Makefile
 2:54.10 intl\icu\target> config.status: creating test/perf/Makefile
 2:54.10 intl\icu\target> config.status: creating test/perf/collationperf/Makefile
 2:54.10 intl\icu\target> config.status: creating test/perf/collperf/Makefile
 2:54.10 intl\icu\target> config.status: creating test/perf/collperf2/Makefile
 2:54.10 intl\icu\target> config.status: creating test/perf/dicttrieperf/Makefile
 2:54.10 intl\icu\target> config.status: creating test/perf/ubrkperf/Makefile
 2:54.10 intl\icu\target> config.status: creating test/perf/charperf/Makefile
 2:54.10 intl\icu\target> config.status: creating test/perf/convperf/Makefile
 2:54.10 intl\icu\target> config.status: creating test/perf/normperf/Makefile
 2:54.10 intl\icu\target> config.status: creating test/perf/DateFmtPerf/Makefile
 2:54.10 intl\icu\target> config.status: creating test/perf/howExpensiveIs/Makefile
 2:54.10 intl\icu\target> config.status: creating test/perf/strsrchperf/Makefile
 2:54.10 intl\icu\target> config.status: creating test/perf/unisetperf/Makefile
 2:54.10 intl\icu\target> config.status: creating test/perf/usetperf/Makefile
 2:54.10 intl\icu\target> config.status: creating test/perf/ustrperf/Makefile
 2:54.10 intl\icu\target> config.status: creating test/perf/utfperf/Makefile
 2:54.10 intl\icu\target> config.status: creating test/perf/utrie2perf/Makefile
 2:54.10 intl\icu\target> config.status: creating test/perf/leperf/Makefile
 2:54.10 intl\icu\target> config.status: creating samples/Makefile
 2:54.10 intl\icu\target> config.status: creating samples/date/Makefile
 2:54.10 intl\icu\target> config.status: creating samples/cal/Makefile
 2:54.10 intl\icu\target> config.status: creating samples/layout/Makefile
 2:54.10 
 2:54.10 js\src\ctypes\libffi> configure: creating cache d:/a/K-Meleon-R/K-Meleon-R/goanna/obj-x64/js/src/ctypes/libffi/config.cache
 2:54.10 js\src\ctypes\libffi> checking build system type... x86_64-pc-mingw32
 2:54.10 js\src\ctypes\libffi> checking host system type... x86_64-pc-mingw32
 2:54.10 js\src\ctypes\libffi> checking target system type... x86_64-pc-mingw32
 2:54.10 js\src\ctypes\libffi> checking for gsed... sed
 2:54.10 js\src\ctypes\libffi> checking for a BSD-compatible install... /usr/bin/install -c
 2:54.10 js\src\ctypes\libffi> checking whether build environment is sane... yes
 2:54.10 js\src\ctypes\libffi> checking for a thread-safe mkdir -p... /usr/bin/mkdir -p
 2:54.10 js\src\ctypes\libffi> checking for gawk... gawk
 2:54.10 js\src\ctypes\libffi> checking whether c:/Strawberry/c/bin/gmake.EXE sets $(MAKE)... yes
 2:54.10 js\src\ctypes\libffi> checking whether c:/Strawberry/c/bin/gmake.EXE supports nested variables... yes
 2:54.10 js\src\ctypes\libffi> checking for x86_64-pc-mingw32-gcc... /d/a/K-Meleon-R/K-Meleon-R/goanna/js/src/ctypes/libffi/msvcc.sh -m64
 2:54.10 js\src\ctypes\libffi> checking whether the C compiler works... yes
 2:54.10 js\src\ctypes\libffi> checking for C compiler default output file name... conftest.exe
 2:54.10 js\src\ctypes\libffi> checking for suffix of executables... .exe
 2:54.10 js\src\ctypes\libffi> checking whether we are cross compiling... no
 2:54.10 js\src\ctypes\libffi> checking for suffix of object files... obj
 2:54.10 js\src\ctypes\libffi> checking whether we are using the GNU C compiler... no
 2:54.10 js\src\ctypes\libffi> checking whether /d/a/K-Meleon-R/K-Meleon-R/goanna/js/src/ctypes/libffi/msvcc.sh -m64 accepts -g... yes
 2:54.10 js\src\ctypes\libffi> checking for /d/a/K-Meleon-R/K-Meleon-R/goanna/js/src/ctypes/libffi/msvcc.sh -m64 option to accept ISO C89... none needed
 2:54.10 js\src\ctypes\libffi> checking whether /d/a/K-Meleon-R/K-Meleon-R/goanna/js/src/ctypes/libffi/msvcc.sh -m64 understands -c and -o together... yes
 2:54.10 js\src\ctypes\libffi> checking for style of include used by c:/Strawberry/c/bin/gmake.EXE... GNU
 2:54.10 js\src\ctypes\libffi> checking dependency style of /d/a/K-Meleon-R/K-Meleon-R/goanna/js/src/ctypes/libffi/msvcc.sh -m64... msvc7
 2:54.10 js\src\ctypes\libffi> checking whether we are using the GNU C++ compiler... no
 2:54.10 js\src\ctypes\libffi> checking whether /d/a/K-Meleon-R/K-Meleon-R/goanna/js/src/ctypes/libffi/msvcc.sh -m64 accepts -g... yes
 2:54.10 js\src\ctypes\libffi> checking dependency style of /d/a/K-Meleon-R/K-Meleon-R/goanna/js/src/ctypes/libffi/msvcc.sh -m64... msvc7
 2:54.10 js\src\ctypes\libffi> checking dependency style of /d/a/K-Meleon-R/K-Meleon-R/goanna/js/src/ctypes/libffi/msvcc.sh -m64... msvc7
 2:54.10 js\src\ctypes\libffi> checking how to print strings... printf
 2:54.10 js\src\ctypes\libffi> checking for a sed that does not truncate output... /usr/bin/sed
 2:54.10 js\src\ctypes\libffi> checking for grep that handles long lines and -e... /usr/bin/grep
 2:54.10 js\src\ctypes\libffi> checking for egrep... /usr/bin/grep -E
 2:54.10 js\src\ctypes\libffi> checking for fgrep... /usr/bin/grep -F
 2:54.10 js\src\ctypes\libffi> checking for non-GNU ld... link
 2:54.10 js\src\ctypes\libffi> checking if the linker (link) is GNU ld... no
 2:54.10 js\src\ctypes\libffi> checking for BSD- or MS-compatible name lister (nm)... /c/mingw64/bin/nm -B
 2:54.10 js\src\ctypes\libffi> checking the name lister (/c/mingw64/bin/nm -B) interface... BSD nm
 2:54.10 js\src\ctypes\libffi> checking whether ln -s works... no, using cp -pR
 2:54.10 js\src\ctypes\libffi> checking the maximum length of command line arguments... 8192
 2:54.10 js\src\ctypes\libffi> checking whether the shell understands some XSI constructs... yes
 2:54.10 js\src\ctypes\libffi> checking whether the shell understands "+="... yes
 2:54.10 js\src\ctypes\libffi> checking how to convert x86_64-pc-mingw32 file names to x86_64-pc-mingw32 format... func_convert_file_msys_to_w32
 2:54.10 js\src\ctypes\libffi> checking how to convert x86_64-pc-mingw32 file names to toolchain format... func_convert_file_msys_to_w32
 2:54.10 js\src\ctypes\libffi> checking for link option to reload object files... -r
 2:54.10 js\src\ctypes\libffi> checking for x86_64-pc-mingw32-objdump... no
 2:54.10 js\src\ctypes\libffi> checking for objdump... objdump
 2:54.10 js\src\ctypes\libffi> checking how to recognize dependent libraries... file_magic ^x86 archive import|^x86 DLL
 2:54.10 js\src\ctypes\libffi> checking for x86_64-pc-mingw32-dlltool... no
 2:54.10 js\src\ctypes\libffi> checking for dlltool... dlltool
 2:54.10 js\src\ctypes\libffi> checking how to associate runtime and link libraries... func_cygming_dll_for_implib
 2:54.10 js\src\ctypes\libffi> checking for x86_64-pc-mingw32-ar... lib
 2:54.10 js\src\ctypes\libffi> checking for archiver @FILE support... no
 2:54.10 js\src\ctypes\libffi> checking for x86_64-pc-mingw32-strip... echo not_strip
 2:54.10 js\src\ctypes\libffi> checking for x86_64-pc-mingw32-ranlib... echo not_ranlib
 2:54.10 js\src\ctypes\libffi> checking command to parse /c/mingw64/bin/nm -B output from /d/a/K-Meleon-R/K-Meleon-R/goanna/js/src/ctypes/libffi/msvcc.sh -m64 object... ok
 2:54.10 js\src\ctypes\libffi> checking for sysroot... no
 2:54.10 js\src\ctypes\libffi> checking for x86_64-pc-mingw32-mt... no
 2:54.10 js\src\ctypes\libffi> checking for mt... mt
 2:54.10 js\src\ctypes\libffi> checking if mt is a manifest tool... yes
 2:54.10 js\src\ctypes\libffi> checking how to run the C preprocessor... cl -nologo -EP
 2:54.10 js\src\ctypes\libffi> checking for ANSI C header files... yes
 2:54.10 js\src\ctypes\libffi> checking for sys/types.h... yes
 2:54.10 js\src\ctypes\libffi> checking for sys/stat.h... yes
 2:54.10 js\src\ctypes\libffi> checking for stdlib.h... yes
 2:54.10 js\src\ctypes\libffi> checking for string.h... yes
 2:54.10 js\src\ctypes\libffi> checking for memory.h... yes
 2:54.10 js\src\ctypes\libffi> checking for strings.h... no
 2:54.10 js\src\ctypes\libffi> checking for inttypes.h... yes
 2:54.10 js\src\ctypes\libffi> checking for stdint.h... yes
 2:54.10 js\src\ctypes\libffi> checking for unistd.h... no
 2:54.10 js\src\ctypes\libffi> checking for dlfcn.h... no
 2:54.10 js\src\ctypes\libffi> checking for objdir... .libs
 2:54.10 js\src\ctypes\libffi> checking for /d/a/K-Meleon-R/K-Meleon-R/goanna/js/src/ctypes/libffi/msvcc.sh -m64 option to produce PIC... -DDLL_EXPORT -DPIC
 2:54.10 js\src\ctypes\libffi> checking if /d/a/K-Meleon-R/K-Meleon-R/goanna/js/src/ctypes/libffi/msvcc.sh -m64 PIC flag -DDLL_EXPORT -DPIC works... yes
 2:54.10 js\src\ctypes\libffi> checking if /d/a/K-Meleon-R/K-Meleon-R/goanna/js/src/ctypes/libffi/msvcc.sh -m64 static flag  works... yes
 2:54.10 js\src\ctypes\libffi> checking if /d/a/K-Meleon-R/K-Meleon-R/goanna/js/src/ctypes/libffi/msvcc.sh -m64 supports -c -o file.obj... yes
 2:54.10 js\src\ctypes\libffi> checking if /d/a/K-Meleon-R/K-Meleon-R/goanna/js/src/ctypes/libffi/msvcc.sh -m64 supports -c -o file.obj... (cached) yes
 2:54.10 js\src\ctypes\libffi> checking whether the /d/a/K-Meleon-R/K-Meleon-R/goanna/js/src/ctypes/libffi/msvcc.sh -m64 linker (link) supports shared libraries... yes
 2:54.10 js\src\ctypes\libffi> checking dynamic linker characteristics... Win32 ld.exe
 2:54.10 js\src\ctypes\libffi> checking how to hardcode library paths into programs... immediate
 2:54.10 js\src\ctypes\libffi> checking whether stripping libraries is possible... no
 2:54.10 js\src\ctypes\libffi> checking if libtool supports shared libraries... yes
 2:54.10 js\src\ctypes\libffi> checking whether to build shared libraries... no
 2:54.10 js\src\ctypes\libffi> checking whether to build static libraries... yes
 2:54.10 js\src\ctypes\libffi> checking how to run the C++ preprocessor... cl -nologo -EP
 2:54.10 js\src\ctypes\libffi> checking whether the /d/a/K-Meleon-R/K-Meleon-R/goanna/js/src/ctypes/libffi/msvcc.sh -m64 linker (link) supports shared libraries... no
 2:54.10 js\src\ctypes\libffi> checking for /d/a/K-Meleon-R/K-Meleon-R/goanna/js/src/ctypes/libffi/msvcc.sh -m64 option to produce PIC... -DDLL_EXPORT -DPIC
 2:54.10 js\src\ctypes\libffi> checking if /d/a/K-Meleon-R/K-Meleon-R/goanna/js/src/ctypes/libffi/msvcc.sh -m64 PIC flag -DDLL_EXPORT -DPIC works... yes
 2:54.10 js\src\ctypes\libffi> checking if /d/a/K-Meleon-R/K-Meleon-R/goanna/js/src/ctypes/libffi/msvcc.sh -m64 static flag  works... yes
 2:54.10 js\src\ctypes\libffi> checking if /d/a/K-Meleon-R/K-Meleon-R/goanna/js/src/ctypes/libffi/msvcc.sh -m64 supports -c -o file.obj... yes
 2:54.10 js\src\ctypes\libffi> checking if /d/a/K-Meleon-R/K-Meleon-R/goanna/js/src/ctypes/libffi/msvcc.sh -m64 supports -c -o file.obj... (cached) yes
 2:54.10 js\src\ctypes\libffi> checking whether the /d/a/K-Meleon-R/K-Meleon-R/goanna/js/src/ctypes/libffi/msvcc.sh -m64 linker (link) supports shared libraries... no
 2:54.10 js\src\ctypes\libffi> checking dynamic linker characteristics... Win32 ld.exe
 3:13.43 js\src\ctypes\libffi> checking how to hardcode library paths into programs... immediate
 3:13.43 js\src\ctypes\libffi> checking size of size_t... 8
 3:13.43 js\src\ctypes\libffi> checking for C compiler vendor... microsoft
 3:13.43 js\src\ctypes\libffi> checking CFLAGS for maximum warnings... -Wall
 3:13.43 js\src\ctypes\libffi> checking whether to enable maintainer-specific portions of Makefiles... no
 3:13.43 js\src\ctypes\libffi> checking sys/mman.h usability... no
 3:13.43 js\src\ctypes\libffi> checking sys/mman.h presence... no
 3:13.43 js\src\ctypes\libffi> checking for sys/mman.h... no
 3:13.43 js\src\ctypes\libffi> checking for mmap... no
 3:13.43 js\src\ctypes\libffi> checking for sys/mman.h... (cached) no
 3:13.43 js\src\ctypes\libffi> checking for mmap... (cached) no
 3:13.43 js\src\ctypes\libffi> checking for ANSI C header files... (cached) yes
 3:13.43 js\src\ctypes\libffi> checking for memcpy... yes
 3:13.43 js\src\ctypes\libffi> checking for size_t... yes
 3:13.43 js\src\ctypes\libffi> checking for working alloca.h... no
 3:13.43 js\src\ctypes\libffi> checking for alloca... yes
 3:13.43 js\src\ctypes\libffi> checking size of double... 8
 3:13.43 js\src\ctypes\libffi> checking size of long double... 8
 3:13.43 js\src\ctypes\libffi> checking whether byte ordering is bigendian... no
 3:13.43 js\src\ctypes\libffi> checking assembler .cfi pseudo-op support... no
 3:13.43 js\src\ctypes\libffi> checking for _ prefix in compiled symbols... no
 3:13.43 js\src\ctypes\libffi> configure: updating cache d:/a/K-Meleon-R/K-Meleon-R/goanna/obj-x64/js/src/ctypes/libffi/config.cache
 3:13.43 js\src\ctypes\libffi> checking that generated files are newer than configure... done
 3:13.43 js\src\ctypes\libffi> configure: creating ./config.status
 3:13.43 js\src\ctypes\libffi> config.status: creating include/Makefile
 3:13.43 js\src\ctypes\libffi> config.status: creating include/ffi.h
 3:13.43 js\src\ctypes\libffi> config.status: creating Makefile
 3:13.43 js\src\ctypes\libffi> config.status: creating testsuite/Makefile
 3:13.43 js\src\ctypes\libffi> config.status: creating man/Makefile
 3:13.43 js\src\ctypes\libffi> config.status: creating libffi.pc
 3:13.43 js\src\ctypes\libffi> config.status: creating fficonfig.h
 3:13.43 js\src\ctypes\libffi> config.status: linking d:/a/K-Meleon-R/K-Meleon-R/goanna/js/src/ctypes/libffi/src/x86/ffitarget.h to include/ffitarget.h
 3:13.43 js\src\ctypes\libffi> config.status: executing buildir commands
 3:13.43 js\src\ctypes\libffi> config.status: skipping top_srcdir/Makefile - not created
 3:13.43 js\src\ctypes\libffi> config.status: executing depfiles commands
 3:13.43 js\src\ctypes\libffi> config.status: executing libtool commands
 3:13.43 js\src\ctypes\libffi> config.status: executing include commands
 3:13.43 js\src\ctypes\libffi> config.status: executing src commands
 3:13.43 
 3:13.43 Walking the dog...
 3:13.43 Finished reading 771 moz.build files in 0.99s
 3:13.43 Processed into 5538 build config descriptors in 1.52s
 3:13.43 Backend executed in 2.43s
 3:13.43 1605 total backend files; 1605 created; 0 updated; 0 unchanged; 0 deleted; 77 -> 568 Makefile
 3:13.43 Total wall time: 5.24s; CPU time: 5.24s; Efficiency: 100%; Untracked: 0.30s
 3:13.43 From dist/branding: Kept 0 existing; Added/updated 0; Removed 0 files and 0 directories.
 3:13.43 From dist/bin: Kept 168 existing; Added/updated 55; Removed 0 files and 0 directories.
 3:13.43 d:/a/K-Meleon-R/K-Meleon-R/goanna/layout/mathml/mathfont.properties: WARNING: no preprocessor directives found
 3:13.43 From dist/public: Kept 0 existing; Added/updated 0; Removed 0 files and 0 directories.
 3:13.43 From dist/private: Kept 0 existing; Added/updated 0; Removed 0 files and 0 directories.
 3:13.43 From dist/sdk: Kept 0 existing; Added/updated 0; Removed 0 files and 0 directories.
 3:13.43 From dist/xpi-stage: Kept 1 existing; Added/updated 0; Removed 0 files and 0 directories.
 3:13.43 From dist/idl: Kept 0 existing; Added/updated 1071; Removed 0 files and 0 directories.
 3:13.43 From dist/include: Kept 1765 existing; Added/updated 2339; Removed 0 files and 0 directories.
 3:13.43 From _tests: Kept 6 existing; Added/updated 7580; Removed 0 files and 0 directories.
 3:13.43 now.c
 3:13.43 Microsoft (R) C/C++ Optimizing Compiler Version 19.29.30159 for x64
 3:13.43 Copyright (C) Microsoft Corporation.  All rights reserved.
 3:13.43 
 3:13.43 cl : Command line warning D9002 : ignoring unknown option '-OP'
 3:13.43 cl : Command line warning D9002 : ignoring unknown option '-OT'
 3:13.43 cl : Command line warning D9002 : ignoring unknown option '-O:'
 3:13.43 cl : Command line warning D9002 : ignoring unknown option '-OR'
 3:13.43 cl : Command line warning D9002 : ignoring unknown option '-OE'
 3:13.43 cl : Command line warning D9002 : ignoring unknown option '-OF'
 3:13.43 Microsoft (R) Incremental Linker Version 14.29.30159.0
 3:13.43 Copyright (C) Microsoft Corporation.  All rights reserved.
 3:13.43 
 3:13.43 /out:now.exe
 3:13.43 now.obj
 3:13.43 WARNING: Token 'INFINITY' defined, but not used
 3:13.43 WARNING: There is 1 unused token
 3:13.43 Microsoft (R) C/C++ Optimizing Compiler Version 19.29.30159 for x64
 3:13.43 Copyright (C) Microsoft Corporation.  All rights reserved.
 3:13.43 
 3:13.43 self-hosting-cpp-input.cpp
 3:13.43 d:/a/K-Meleon-R/K-Meleon-R/goanna/obj-x64/_virtualenv/Scripts/python.exe -m mozbuild.action.cl cl -P -Fiself-hosting-preprocessed.pp -DZLIB_IN_MOZGLUE=1 -DNS_WARN_UNUSED_RESULT= -DHAVE__GETC_NOLOCK=1 -DAB_CD= -DHAVE_64BIT_BUILD=1 -DCPP_THROW_NEW=throw() -D_WIN32_WINNT=0x600 -DNO_X11=1 -DHAVE_SNPRINTF=1 -DJS_PUNBOX64=1 -DMOZILLA_UAVERSION="3.4" -DNO_NSPR_10_SUPPORT=1 -DEXPOSE_INTL_API=1 -DASMJS_MAY_USE_SIGNAL_HANDLERS_FOR_OOB=1 -DXP_WIN32=1 -DDLL_SUFFIX=".dll" -DMOZ_DLL_SUFFIX=".dll" -DDLL_PREFIX="" -D_CRT_RAND_S=1 -DMOZ_NTDDI_WIN7=0x06010000 -DHAVE_FORCEINLINE=1 -DHAVE_HYPOT=1 -DFFI_BUILDING=1 -DMOZILLA_VERSION="3.4.5" -DNS_ATTR_MALLOC= -DSTATIC_JS_API=1 -DJS_HAS_CTYPES=1 -DENABLE_INTL_API=1 -DMALLOC_H=<malloc.h> -DSTDC_HEADERS=1 -DJS_CPU_X64=1 -DMOZ_MEMORY_WINDOWS=1 -DWIN32_LEAN_AND_MEAN=1 -DMOZ_WINSDK_TARGETVER=0x06030000 -DEXPORT_JS_API=1 -DNDEBUG=1 -D_AMD64_=1 -D_CRT_NONSTDC_NO_WARNINGS=1 -DMOZJS_MINOR_VERSION=4 -DWIN32=1 -DTRIMMED=1 -DRELEASE_BUILD=1 -DJS_TRACE_LOGGING=1 -DHAVE_LOCALECONV=1 -DHW_THREADS=1 -D_WIN32_IE=0x0603 -DJS_CODEGEN_X64=1 -DD_INO=d_ino -DWINVER=0x600 -DU_USING_ICU_NAMESPACE=0 -DMOZILLA_VERSION_U=3.4.5 -D_CRT_SECURE_NO_WARNINGS=1 -DJS_DEFAULT_JITREPORT_GRANULARITY=3 -DMOZ_DEBUG_SYMBOLS=1 -DMOZ_UPDATE_CHANNEL=default -DMOZJS_MAJOR_VERSION=3 -DU_STATIC_IMPLEMENTATION=1 -DXP_WIN=1 -DMOZ_MEMORY=1 -DX_DISPLAY_MISSING=1 -DHAVE__MSIZE=1 -D_WINDOWS=1 self-hosting-cpp-input.cpp
 3:13.43 cd include; c:/Strawberry/c/bin/gmake.EXE private_export
 3:13.43 prfdcach.c
 3:13.43 From ../../dist/idl: Kept 1071 existing; Added/updated 0; Removed 0 files and 0 directories.
 3:13.43 Creating d:/a/K-Meleon-R/K-Meleon-R/goanna/obj-x64/dist/private/nss
 3:13.43 Creating d:/a/K-Meleon-R/K-Meleon-R/goanna/obj-x64/dist/private/dbm
 3:13.43 alerts.xpt
 3:13.43 cd src; c:/Strawberry/c/bin/gmake.EXE private_export
 3:13.43 appshell.xpt
 3:13.43 appstartup.xpt
 3:13.43 prmwait.c
 3:13.43 autocomplete.xpt
 3:13.43 There are no private exports.
 3:13.43 There are no private exports.
 3:13.43 autoconfig.xpt
 3:13.43 browser-element.xpt
 3:13.43 caps.xpt
 3:13.43 cd mangle; c:/Strawberry/c/bin/gmake.EXE private_export
 3:13.43 chrome.xpt
 3:13.43 commandhandler.xpt
 3:13.43 commandlines.xpt
 3:13.43 There are no private exports.
 3:13.43 compartments.xpt
 3:13.43 There are no private exports.
 3:13.43 composer.xpt
 3:13.43 d:/a/K-Meleon-R/K-Meleon-R/goanna/nsprpub/pr/src/io/prmwait.c(477): warning C4267: 'function': conversion from 'size_t' to 'PRUint32', possible loss of data
 3:13.43 content_events.xpt
 3:13.43 d:/a/K-Meleon-R/K-Meleon-R/goanna/nsprpub/pr/src/io/prmwait.c(648): warning C4267: 'function': conversion from 'size_t' to 'PRInt32', possible loss of data
 3:13.43 content_geckomediaplugins.xpt
 3:13.43 priometh.c
 3:13.43 content_html.xpt
 3:13.43 content_webrtc.xpt
 3:13.43 content_xslt.xpt
 3:13.43 d:/a/K-Meleon-R/K-Meleon-R/goanna/nsprpub/pr/src/io/priometh.c(347): warning C4267: '=': conversion from 'size_t' to 'PRInt32', possible loss of data
 3:13.43 cookie.xpt
 3:13.43 pripv6.c
 3:13.43 devtools_security.xpt
 3:13.43 directory.xpt
 3:13.43 prmapopt.c
 3:13.43 diskspacewatcher.xpt
 3:13.43 docshell.xpt
 3:13.43 d:/a/K-Meleon-R/K-Meleon-R/goanna/nsprpub/pr/src/io/prmapopt.c(262): warning C4267: 'initializing': conversion from 'size_t' to 'PRIntn', possible loss of data
 3:13.43 prlayer.c
 3:13.43 dom.xpt
 3:13.43 prlog.c
 3:13.43 d:/a/K-Meleon-R/K-Meleon-R/goanna/nsprpub/pr/src/io/prlayer.c(623): warning C4267: 'function': conversion from 'size_t' to 'PRUint32', possible loss of data
 3:13.43 dom_activities.xpt
 3:13.43 warning: interface 'nsISelectionPrivate' is scriptable but derives from non-scriptable 'nsISelection', ../../../dist/idl\nsISelectionPrivate.idl line 31:0
 3:13.43 interface nsISelectionPrivate : nsISelection
 3:13.43 ^
 3:13.43 dom_alarm.xpt
 3:13.43 d:/a/K-Meleon-R/K-Meleon-R/goanna/nsprpub/pr/src/io/prlog.c(198): warning C4267: 'initializing': conversion from 'size_t' to 'PRIntn', possible loss of data
 3:13.43 d:/a/K-Meleon-R/K-Meleon-R/goanna/nsprpub/pr/src/io/prlog.c(322): warning C4267: 'initializing': conversion from 'size_t' to 'PRIntn', possible loss of data
 3:13.43 d:/a/K-Meleon-R/K-Meleon-R/goanna/nsprpub/pr/src/io/prlog.c(492): warning C4267: '=': conversion from 'size_t' to 'PRUint32', possible loss of data
 3:13.43 dom_apps.xpt
 3:13.43 prmmap.c
 3:13.43 dom_audiochannel.xpt
 3:13.43 dom_base.xpt
 3:13.43 prpolevt.c
 3:13.43 dom_canvas.xpt
 3:13.43 prprf.c
 3:13.43 d:/a/K-Meleon-R/K-Meleon-R/goanna/nsprpub/pr/src/io/prprf.c(346): warning C4267: 'function': conversion from 'size_t' to 'PRUint32', possible loss of data
 3:13.43 d:/a/K-Meleon-R/K-Meleon-R/goanna/nsprpub/pr/src/io/prprf.c(321): warning C4244: 'initializing': conversion from '__int64' to 'int', possible loss of data
 3:13.43 d:/a/K-Meleon-R/K-Meleon-R/goanna/nsprpub/pr/src/io/prprf.c(373): warning C4244: '=': conversion from '__int64' to 'int', possible loss of data
 3:13.43 d:/a/K-Meleon-R/K-Meleon-R/goanna/nsprpub/pr/src/io/prprf.c(375): warning C4267: '=': conversion from 'size_t' to 'int', possible loss of data
 3:13.43 d:/a/K-Meleon-R/K-Meleon-R/goanna/nsprpub/pr/src/io/prprf.c(948): warning C4244: '=': conversion from '__int64' to 'int', possible loss of data
 3:13.43 d:/a/K-Meleon-R/K-Meleon-R/goanna/nsprpub/pr/src/io/prprf.c(1052): warning C4244: '=': conversion from '__int64' to 'int', possible loss of data
 3:13.43 d:/a/K-Meleon-R/K-Meleon-R/goanna/nsprpub/pr/src/io/prprf.c(1224): warning C4244: 'initializing': conversion from '__int64' to 'PRUint32', possible loss of data
 3:13.43 dom_cellbroadcast.xpt
 3:13.43 d:/a/K-Meleon-R/K-Meleon-R/goanna/nsprpub/pr/src/io/prprf.c(1273): warning C4244: '=': conversion from '__int64' to 'PRUint32', possible loss of data
 3:13.43 d:/a/K-Meleon-R/K-Meleon-R/goanna/nsprpub/pr/src/io/prprf.c(1301): warning C4267: '=': conversion from 'size_t' to 'PRUint32', possible loss of data
 3:13.43 prscanf.c
 3:13.43 dom_core.xpt
 3:13.43 prstdio.c
 3:13.43 dom_css.xpt
 3:13.43 d:/a/K-Meleon-R/K-Meleon-R/goanna/nsprpub/pr/src/io/prstdio.c(32): warning C4267: '=': conversion from 'size_t' to 'PRUint32', possible loss of data
 3:13.43 prdir.c
 3:13.43 dom_datastore.xpt
 3:13.43 dom_devicestorage.xpt
 3:13.43 dom_events.xpt
 3:33.99 prfile.c
 3:33.99 prio.c
 3:33.99 dom_gamepad.xpt
 3:33.99 dom_geolocation.xpt
 3:33.99 dom_html.xpt
 3:33.99 prsocket.c
 3:33.99 d:/a/K-Meleon-R/K-Meleon-R/goanna/nsprpub/pr/src/io/prsocket.c(325): warning C4022: 'GetOverlappedResult': pointer mismatch for actual parameter 1
 3:33.99 d:/a/K-Meleon-R/K-Meleon-R/goanna/nsprpub/pr/src/io/prsocket.c(357): warning C4022: 'GetOverlappedResult': pointer mismatch for actual parameter 1
 3:33.99 prlink.c
 3:33.99 d:/a/K-Meleon-R/K-Meleon-R/goanna/nsprpub/pr/src/linking/prlink.c(124): warning C4267: 'function': conversion from 'size_t' to 'PRIntn', possible loss of data
 3:33.99 prmalloc.c
 3:33.99 prmem.c
 3:33.99 ntmisc.c
 3:33.99 d:/a/K-Meleon-R/K-Meleon-R/goanna/nsprpub/pr/src/md/windows/ntmisc.c(820): warning C4996: 'GetVersionExA': was declared deprecated
 3:33.99 d:/a/K-Meleon-R/K-Meleon-R/goanna/nsprpub/pr/src/md/windows/ntmisc.c(877): warning C4996: 'GetVersionExA': was declared deprecated
 3:33.99 dom_json.xpt
 3:33.99 ntsec.c
 3:33.99 dom_media.xpt
 3:33.99 dom_messages.xpt
 3:33.99 dom_mobileconnection.xpt
 3:33.99 ntsem.c
 3:33.99 dom_mobilemessage.xpt
 3:33.99 dom_network.xpt
 3:33.99 ntinrval.c
 3:33.99 dom_notification.xpt
 3:33.99 dom_offline.xpt
 3:33.99 ntgc.c
 3:33.99 dom_permissionsettings.xpt
 3:33.99 dom_power.xpt
 3:33.99 dom_presentation.xpt
 3:33.99 w95thred.c
 3:33.99 dom_quota.xpt
 3:33.99 dom_range.xpt
 3:33.99 dom_security.xpt
 3:33.99 dom_settings.xpt
 3:33.99 w95io.c
 3:33.99 dom_sidebar.xpt
 3:33.99 dom_smil.xpt
 3:33.99 dom_storage.xpt
 3:33.99 dom_stylesheets.xpt
 3:33.99 w95cv.c
 3:33.99 dom_svg.xpt
 3:33.99 dom_system.xpt
 3:33.99 dom_telephony.xpt
 3:33.99 w32rng.c
 3:33.99 dom_time.xpt
 3:33.99 dom_traversal.xpt
 3:33.99 dom_tv.xpt
 3:33.99 w95sock.c
 3:33.99 dom_voicemail.xpt
 3:33.99 dom_webspeechrecognition.xpt
 3:33.99 dom_webspeechsynth.xpt
 3:33.99 d:/a/K-Meleon-R/K-Meleon-R/goanna/nsprpub/pr/src/md/windows/w95sock.c(38): warning C4996: 'GetVersionExA': was declared deprecated
 3:33.99 d:/a/K-Meleon-R/K-Meleon-R/goanna/nsprpub/pr/src/md/windows/w95sock.c(376): warning C4013: 'WSAIoctl' undefined; assuming extern returning int
 3:33.99 d:/a/K-Meleon-R/K-Meleon-R/goanna/nsprpub/pr/src/md/windows/w95sock.c(448): warning C4090: 'function': different 'const' qualifiers
 3:33.99 d:/a/K-Meleon-R/K-Meleon-R/goanna/nsprpub/pr/src/md/windows/w95sock.c(497): warning C4022: 'GetOverlappedResult': pointer mismatch for actual parameter 1
 3:33.99 dom_workers.xpt
 3:33.99 win32_errors.c
 3:33.99 dom_xbl.xpt
 3:33.99 dom_xpath.xpt
 3:33.99 dom_xul.xpt
 3:33.99 w32ipcsem.c
 3:33.99 w32poll.c
 3:33.99 downloads.xpt
 3:33.99 w32shm.c
 3:34.01 editor.xpt
 3:34.01 embed_base.xpt
 3:34.01 w95dllmain.c
 3:34.01 extensions.xpt
 3:34.01 exthandler.xpt
 3:34.01 exthelper.xpt
 3:34.01 prosdep.c
 3:34.01 fastfind.xpt
 3:34.01 feeds.xpt
 3:34.01 There are no private exports.
 3:34.01 find.xpt
 3:34.01 prseg.c
 3:34.01 gfx.xpt
 3:34.01 hal.xpt
 3:34.01 There are no private exports.
 3:34.01 html5.xpt
 3:34.01 prshm.c
 3:34.01 htmlparser.xpt
 3:34.01 identity.xpt
 3:34.01 imglib2.xpt
 3:34.01 prshma.c
 3:34.01 inspector.xpt
 3:34.01 intl.xpt
 3:34.01 pralarm.c
 3:34.01 jar.xpt
 3:34.01 jsdebugger.xpt
 3:34.01 jsdownloads.xpt
 3:34.01 jsinspector.xpt
 3:34.01 pratom.c
 3:34.01 layout_base.xpt
 3:34.01 layout_printing.xpt
 3:34.01 d:/a/K-Meleon-R/K-Meleon-R/goanna/nsprpub/pr/src/misc/pratom.c(315): warning C4267: 'function': conversion from 'size_t' to 'PRUint32', possible loss of data
 3:34.01 layout_xul.xpt
 3:34.01 prcountr.c
 3:34.01 layout_xul_tree.xpt
 3:34.01 prdtoa.c
 3:34.01 locale.xpt
 3:34.01 loginmgr.xpt
 3:34.01 d:/a/K-Meleon-R/K-Meleon-R/goanna/nsprpub/pr/src/misc/prdtoa.c(1281): warning C4554: '>>': check operator precedence for possible error; use parentheses to clarify precedence
 3:34.01 d:/a/K-Meleon-R/K-Meleon-R/goanna/nsprpub/pr/src/misc/prdtoa.c(1283): warning C4554: '<<': check operator precedence for possible error; use parentheses to clarify precedence
 3:34.01 d:/a/K-Meleon-R/K-Meleon-R/goanna/nsprpub/pr/src/misc/prdtoa.c(1283): warning C4554: '>>': check operator precedence for possible error; use parentheses to clarify precedence
 3:34.01 d:/a/K-Meleon-R/K-Meleon-R/goanna/nsprpub/pr/src/misc/prdtoa.c(1288): warning C4554: '>>': check operator precedence for possible error; use parentheses to clarify precedence
 3:34.01 d:/a/K-Meleon-R/K-Meleon-R/goanna/nsprpub/pr/src/misc/prdtoa.c(1290): warning C4554: '>>': check operator precedence for possible error; use parentheses to clarify precedence
 3:34.01 d:/a/K-Meleon-R/K-Meleon-R/goanna/nsprpub/pr/src/misc/prdtoa.c(1373): warning C4554: '<<': check operator precedence for possible error; use parentheses to clarify precedence
 3:34.01 d:/a/K-Meleon-R/K-Meleon-R/goanna/nsprpub/pr/src/misc/prdtoa.c(2068): warning C4554: '<<': check operator precedence for possible error; use parentheses to clarify precedence
 3:34.01 d:/a/K-Meleon-R/K-Meleon-R/goanna/nsprpub/pr/src/misc/prdtoa.c(2496): warning C4244: '=': conversion from 'double' to 'PRUint32', possible loss of data
 3:34.01 d:/a/K-Meleon-R/K-Meleon-R/goanna/nsprpub/pr/src/misc/prdtoa.c(3024): warning C4554: '<<': check operator precedence for possible error; use parentheses to clarify precedence
 3:34.01 d:/a/K-Meleon-R/K-Meleon-R/goanna/nsprpub/pr/src/misc/prdtoa.c(3025): warning C4554: '>>': check operator precedence for possible error; use parentheses to clarify precedence
 3:34.01 d:/a/K-Meleon-R/K-Meleon-R/goanna/nsprpub/pr/src/misc/prdtoa.c(3025): warning C4554: '<<': check operator precedence for possible error; use parentheses to clarify precedence
 3:34.01 d:/a/K-Meleon-R/K-Meleon-R/goanna/nsprpub/pr/src/misc/prdtoa.c(3177): warning C4244: '=': conversion from 'double' to 'PRInt32', possible loss of data
 3:34.01 d:/a/K-Meleon-R/K-Meleon-R/goanna/nsprpub/pr/src/misc/prdtoa.c(3649): warning C4244: '=': conversion from '__int64' to 'PRIntn', possible loss of data
 3:34.01 d:/a/K-Meleon-R/K-Meleon-R/goanna/nsprpub/pr/src/misc/prdtoa.c(3674): warning C4244: 'function': conversion from '__int64' to 'PRUint32', possible loss of data
 3:34.01 lwbrk.xpt
 3:34.01 cd legacydb; c:/Strawberry/c/bin/gmake.EXE private_export
 3:34.01 mimetype.xpt
 3:34.01 prenv.c
 3:34.01 mozfind.xpt
 3:34.01 necko.xpt
 3:34.01 There are no private exports.
 3:34.01 prerr.c
 3:34.01 prerror.c
 3:34.01 There are no private exports.
 3:34.01 prerrortable.c
 3:34.01 prinit.c
 3:34.01 d:/a/K-Meleon-R/K-Meleon-R/goanna/nsprpub/pr/src/misc/prinit.c(529): warning C4267: 'function': conversion from 'size_t' to 'PRUint32', possible loss of data
 3:34.01 d:/a/K-Meleon-R/K-Meleon-R/goanna/nsprpub/pr/src/misc/prinit.c(595): warning C4267: 'function': conversion from 'size_t' to 'PRUint32', possible loss of data
 3:34.01 d:/a/K-Meleon-R/K-Meleon-R/goanna/nsprpub/pr/src/misc/prinit.c(597): warning C4267: 'function': conversion from 'size_t' to 'PRUint32', possible loss of data
 3:34.01 d:/a/K-Meleon-R/K-Meleon-R/goanna/nsprpub/pr/src/misc/prinit.c(607): warning C4267: '=': conversion from 'size_t' to 'int', possible loss of data
 3:34.01 d:/a/K-Meleon-R/K-Meleon-R/goanna/nsprpub/pr/src/misc/prinit.c(626): warning C4267: 'initializing': conversion from 'size_t' to 'int', possible loss of data
 3:34.01 prinrval.c
 3:34.01 necko_about.xpt
 3:34.01 necko_cache.xpt
 3:34.01 cd builtins; c:/Strawberry/c/bin/gmake.EXE private_export
 3:34.01 necko_cache2.xpt
 3:34.01 pripc.c
 3:34.01 necko_cookie.xpt
 3:34.01 cd testlib; c:/Strawberry/c/bin/gmake.EXE private_export
 3:34.01 necko_dns.xpt
 3:34.01 necko_file.xpt
 3:34.01 prlog2.c
 3:34.01 There are no private exports.
 3:34.01 There are no private exports.
 3:34.01 necko_ftp.xpt
 3:34.01 prlong.c
 3:34.01 necko_http.xpt
 3:34.01 prnetdb.c
 3:34.01 necko_ipc.xpt
 3:34.01 cd include; c:/Strawberry/c/bin/gmake.EXE private_export
 3:34.01 necko_res.xpt
 3:34.01 d:/a/K-Meleon-R/K-Meleon-R/goanna/nsprpub/pr/src/misc/prnetdb.c(446): warning C4311: 'type cast': pointer truncation from 'char *' to 'long'
 3:34.01 d:/a/K-Meleon-R/K-Meleon-R/goanna/nsprpub/pr/src/misc/prnetdb.c(521): warning C4267: '=': conversion from 'size_t' to 'PRIntn', possible loss of data
 3:34.01 d:/a/K-Meleon-R/K-Meleon-R/goanna/nsprpub/pr/src/misc/prnetdb.c(545): warning C4267: '=': conversion from 'size_t' to 'PRIntn', possible loss of data
 3:34.01 d:/a/K-Meleon-R/K-Meleon-R/goanna/nsprpub/pr/src/misc/prnetdb.c(603): warning C4267: '=': conversion from 'size_t' to 'PRIntn', possible loss of data
 3:34.01 d:/a/K-Meleon-R/K-Meleon-R/goanna/nsprpub/pr/src/misc/prnetdb.c(620): warning C4267: '=': conversion from 'size_t' to 'PRIntn', possible loss of data
 3:34.01 necko_socket.xpt
 3:34.01 praton.c
 3:34.01 d:/a/K-Meleon-R/K-Meleon-R/goanna/nsprpub/pr/src/misc/praton.c(186): warning C4244: '=': conversion from '__int64' to 'int', possible loss of data
 3:34.01 necko_strconv.xpt
 3:34.01 prolock.c
 3:34.01 prrng.c
 3:34.01 necko_viewsource.xpt
 3:34.01 cd pkix; c:/Strawberry/c/bin/gmake.EXE private_export
 3:34.01 necko_websocket.xpt
 3:34.01 necko_wifi.xpt
 3:34.01 necko_wyciwyg.xpt
 3:34.01 cd certsel; c:/Strawberry/c/bin/gmake.EXE private_export
 3:34.01 prsystem.c
 3:34.01 parentalcontrols.xpt
 3:34.01 pipboot.xpt
 3:34.04 pipnss.xpt
 3:34.04 prtime.c
 3:34.04 cd crlsel; c:/Strawberry/c/bin/gmake.EXE private_export
 3:34.04 d:/a/K-Meleon-R/K-Meleon-R/goanna/nsprpub/pr/src/misc/prtime.c(1858): warning C4267: 'return': conversion from 'size_t' to 'PRUint32', possible loss of data
 3:34.04 d:/a/K-Meleon-R/K-Meleon-R/goanna/nsprpub/pr/src/misc/prtime.c(1970): warning C4267: 'initializing': conversion from 'size_t' to 'PRUint32', possible loss of data
 3:34.04 d:/a/K-Meleon-R/K-Meleon-R/goanna/nsprpub/pr/src/misc/prtime.c(1975): warning C4267: 'initializing': conversion from 'size_t' to 'PRUint32', possible loss of data
 3:34.04 d:/a/K-Meleon-R/K-Meleon-R/goanna/nsprpub/pr/src/misc/prtime.c(1980): warning C4267: 'initializing': conversion from 'size_t' to 'PRUint32', possible loss of data
 3:34.04 d:/a/K-Meleon-R/K-Meleon-R/goanna/nsprpub/pr/src/misc/prtime.c(1985): warning C4267: 'initializing': conversion from 'size_t' to 'PRUint32', possible loss of data
 3:34.04 d:/a/K-Meleon-R/K-Meleon-R/goanna/nsprpub/pr/src/misc/prtime.c(1991): warning C4267: 'initializing': conversion from 'size_t' to 'PRUint32', possible loss of data
 3:34.04 d:/a/K-Meleon-R/K-Meleon-R/goanna/nsprpub/pr/src/misc/prtime.c(1997): warning C4267: 'initializing': conversion from 'size_t' to 'PRUint32', possible loss of data
 3:34.04 d:/a/K-Meleon-R/K-Meleon-R/goanna/nsprpub/pr/src/misc/prtime.c(2003): warning C4267: 'initializing': conversion from 'size_t' to 'PRUint32', possible loss of data
 3:34.04 d:/a/K-Meleon-R/K-Meleon-R/goanna/nsprpub/pr/src/misc/prtime.c(2010): warning C4267: 'initializing': conversion from 'size_t' to 'PRUint32', possible loss of data
 3:34.04 d:/a/K-Meleon-R/K-Meleon-R/goanna/nsprpub/pr/src/misc/prtime.c(2016): warning C4267: 'initializing': conversion from 'size_t' to 'PRUint32', possible loss of data
 3:34.04 d:/a/K-Meleon-R/K-Meleon-R/goanna/nsprpub/pr/src/misc/prtime.c(2022): warning C4267: 'initializing': conversion from 'size_t' to 'PRUint32', possible loss of data
 3:34.04 d:/a/K-Meleon-R/K-Meleon-R/goanna/nsprpub/pr/src/misc/prtime.c(2028): warning C4267: 'initializing': conversion from 'size_t' to 'PRUint32', possible loss of data
 3:34.04 d:/a/K-Meleon-R/K-Meleon-R/goanna/nsprpub/pr/src/misc/prtime.c(2033): warning C4267: 'initializing': conversion from 'size_t' to 'PRUint32', possible loss of data
 3:34.04 d:/a/K-Meleon-R/K-Meleon-R/goanna/nsprpub/pr/src/misc/prtime.c(2039): warning C4267: 'initializing': conversion from 'size_t' to 'PRUint32', possible loss of data
 3:34.04 d:/a/K-Meleon-R/K-Meleon-R/goanna/nsprpub/pr/src/misc/prtime.c(2045): warning C4267: 'initializing': conversion from 'size_t' to 'PRUint32', possible loss of data
 4:02.24 d:/a/K-Meleon-R/K-Meleon-R/goanna/nsprpub/pr/src/misc/prtime.c(2051): warning C4267: 'initializing': conversion from 'size_t' to 'PRUint32', possible loss of data
 4:02.24 d:/a/K-Meleon-R/K-Meleon-R/goanna/nsprpub/pr/src/misc/prtime.c(2057): warning C4267: 'initializing': conversion from 'size_t' to 'PRUint32', possible loss of data
 4:02.24 d:/a/K-Meleon-R/K-Meleon-R/goanna/nsprpub/pr/src/misc/prtime.c(2063): warning C4267: 'initializing': conversion from 'size_t' to 'PRUint32', possible loss of data
 4:02.24 d:/a/K-Meleon-R/K-Meleon-R/goanna/nsprpub/pr/src/misc/prtime.c(2069): warning C4267: 'initializing': conversion from 'size_t' to 'PRUint32', possible loss of data
 4:02.24 d:/a/K-Meleon-R/K-Meleon-R/goanna/nsprpub/pr/src/misc/prtime.c(2075): warning C4267: 'initializing': conversion from 'size_t' to 'PRUint32', possible loss of data
 4:02.24 d:/a/K-Meleon-R/K-Meleon-R/goanna/nsprpub/pr/src/misc/prtime.c(2081): warning C4267: 'initializing': conversion from 'size_t' to 'PRUint32', possible loss of data
 4:02.24 d:/a/K-Meleon-R/K-Meleon-R/goanna/nsprpub/pr/src/misc/prtime.c(2090): warning C4267: 'initializing': conversion from 'size_t' to 'PRUint32', possible loss of data
 4:02.24 warning: [const] doesn't make sense on builtin types., <class 'xpidl.BuiltinLocation'>
 4:02.24 warning: [const] doesn't make sense on builtin types., <class 'xpidl.BuiltinLocation'>
 4:02.24 warning: [const] doesn't make sense on builtin types., <class 'xpidl.BuiltinLocation'>
 4:02.24 warning: [const] doesn't make sense on builtin types., <class 'xpidl.BuiltinLocation'>
 4:02.24 warning: [const] doesn't make sense on builtin types., <class 'xpidl.BuiltinLocation'>
 4:02.24 warning: [const] doesn't make sense on builtin types., <class 'xpidl.BuiltinLocation'>
 4:02.24 warning: [const] doesn't make sense on builtin types., <class 'xpidl.BuiltinLocation'>
 4:02.24 warning: [const] doesn't make sense on builtin types., <class 'xpidl.BuiltinLocation'>
 4:02.24 warning: [const] doesn't make sense on builtin types., <class 'xpidl.BuiltinLocation'>
 4:02.24 warning: [const] doesn't make sense on builtin types., <class 'xpidl.BuiltinLocation'>
 4:02.24 prthinfo.c
 4:02.24 pippki.xpt
 4:02.24 places.xpt
 4:02.24 cd checker; c:/Strawberry/c/bin/gmake.EXE private_export
 4:02.24 prtpool.c
 4:02.24 plugin.xpt
 4:02.24 prtrace.c
 4:02.24 pref.xpt
 4:02.24 cd params; c:/Strawberry/c/bin/gmake.EXE private_export
 4:02.24 prefetch.xpt
 4:02.24 profile.xpt
 4:02.24 pripcsem.c
 4:02.24 rdf.xpt
 4:02.24 cd results; c:/Strawberry/c/bin/gmake.EXE private_export
 4:02.24 prucpu.c
 4:02.24 cd store; c:/Strawberry/c/bin/gmake.EXE private_export
 4:02.24 prucv.c
 4:02.24 satchel.xpt
 4:02.24 cd top; c:/Strawberry/c/bin/gmake.EXE private_export
 4:02.24 saxparser.xpt
 4:02.24 d:/a/K-Meleon-R/K-Meleon-R/goanna/nsprpub/pr/src/threads/combined/prucv.c(620): warning C4312: 'type cast': conversion from 'unsigned int' to 'PRLock *' of greater size
 4:02.24 prulock.c
 4:02.24 services-crypto-component.xpt
 4:02.24 services_fxaccounts.xpt
 4:02.24 cd util; c:/Strawberry/c/bin/gmake.EXE private_export
 4:02.24 shistory.xpt
 4:02.24 pruthr.c
 4:02.24 spellchecker.xpt
 4:02.24 startupcache.xpt
 4:02.24 There are no private exports.
 4:02.24 cd pkix_pl_nss; c:/Strawberry/c/bin/gmake.EXE private_export
 4:02.24 storage.xpt
 4:02.24 d:/a/K-Meleon-R/K-Meleon-R/goanna/nsprpub/pr/src/threads/combined/pruthr.c(1644): warning C4267: 'function': conversion from 'size_t' to 'PRUint32', possible loss of data
 4:02.24 prustack.c
 4:02.24 telemetry.xpt
 4:02.24 cd pki; c:/Strawberry/c/bin/gmake.EXE private_export
 4:02.24 toolkit_asyncshutdown.xpt
 4:02.24 prcmon.c
 4:02.24 toolkit_filewatcher.xpt
 4:02.24 toolkit_finalizationwitness.xpt
 4:02.24 cd system; c:/Strawberry/c/bin/gmake.EXE private_export
 4:02.24 toolkit_formautofill.xpt
 4:02.24 toolkit_osfile.xpt
 4:02.24 prdump.c
 4:02.24 prmon.c
 4:02.24 toolkit_xulstore.xpt
 4:02.24 toolkitprofile.xpt
 4:02.24 cd module; c:/Strawberry/c/bin/gmake.EXE private_export
 4:02.24 txmgr.xpt
 4:02.24 prsem.c
 4:02.24 txtsvc.xpt
 4:02.24 uconv.xpt
 4:02.24 cd include; c:/Strawberry/c/bin/gmake.EXE export
 4:02.24 unicharutil.xpt
 4:02.24 There are no private exports.
 4:02.24 There are no private exports.
 4:02.24 WARNING: mkdir -dot- requested by c:/Strawberry/c/bin/gmake.EXE -C d:/a/K-Meleon-R/K-Meleon-R/goanna/obj-x64/ipc/app export
 4:02.24 update.xpt
 4:02.24 prrwlock.c
 4:02.24 uriloader.xpt
 4:02.24 Creating d:/a/K-Meleon-R/K-Meleon-R/goanna/obj-x64/dist/include/dbm
 4:02.24 There are no private exports.
 4:02.24 urlformatter.xpt
 4:02.24 d:/a/K-Meleon-R/K-Meleon-R/goanna/nsprpub/pr/src/threads/prrwlock.c(115): warning C4267: 'function': conversion from 'size_t' to 'PRUint32', possible loss of data
 4:02.24 There are no private exports.
 4:02.24 prcthr.c
 4:02.24 cd src; c:/Strawberry/c/bin/gmake.EXE export
 4:02.24 webBrowser_core.xpt
 4:02.24 d:/a/K-Meleon-R/K-Meleon-R/goanna/nsprpub/pr/src/threads/prcthr.c(285): warning C4312: 'type cast': conversion from 'PRInt32' to 'void *' of greater size
 4:02.24 cd mangle; c:/Strawberry/c/bin/gmake.EXE export
 4:02.24 prtpd.c
 4:02.24 webbrowserpersist.xpt
 4:02.24 webvtt.xpt
 4:02.24 widget.xpt
 4:02.24 Creating d:/a/K-Meleon-R/K-Meleon-R/goanna/obj-x64/dist/include/nss
 4:02.24 windowds.xpt
 4:02.24 not_ranlib nspr4_s.lib
 4:02.24 There are no private exports.
 4:02.24 windowwatcher.xpt
 4:02.24 plarena.c
 4:02.24 d:/a/K-Meleon-R/K-Meleon-R/goanna/nsprpub/lib/ds/plarena.c(67): warning C4267: '=': conversion from 'size_t' to 'PRUint32', possible loss of data
 4:02.24 d:/a/K-Meleon-R/K-Meleon-R/goanna/nsprpub/lib/ds/plarena.c(109): warning C4244: '=': conversion from 'PRUword' to 'PRUint32', possible loss of data
 4:02.24 d:/a/K-Meleon-R/K-Meleon-R/goanna/nsprpub/lib/ds/plarena.c(133): warning C4267: '+=': conversion from 'size_t' to 'PRUint32', possible loss of data
 4:02.24 d:/a/K-Meleon-R/K-Meleon-R/goanna/nsprpub/lib/ds/plarena.c(169): warning C4244: 'initializing': conversion from 'PRUword' to 'PRUint32', possible loss of data
 4:02.24 plhash.c
 4:02.24 d:/a/K-Meleon-R/K-Meleon-R/goanna/nsprpub/lib/ds/plhash.c(36): warning C4267: 'function': conversion from 'size_t' to 'PRUint32', possible loss of data
 4:02.24 There are no private exports.
 4:02.24 not_ranlib plds4_s.lib
 4:02.24 xpcom_base.xpt
 4:02.24 strlen.c
 4:02.24 There are no private exports.
 4:02.24 xpcom_components.xpt
 4:02.24 strcpy.c
 4:02.24 strdup.c
 4:02.24 xpcom_ds.xpt
 4:02.24 strcase.c
 4:02.24 d:/a/K-Meleon-R/K-Meleon-R/goanna/nsprpub/lib/libc/src/strcase.c(108): warning C4267: '=': conversion from 'size_t' to 'PRUint32', possible loss of data
 4:02.24 d:/a/K-Meleon-R/K-Meleon-R/goanna/nsprpub/lib/libc/src/strcase.c(132): warning C4267: '=': conversion from 'size_t' to 'PRUint32', possible loss of data
 4:02.24 d:/a/K-Meleon-R/K-Meleon-R/goanna/nsprpub/lib/libc/src/strcase.c(133): warning C4267: '=': conversion from 'size_t' to 'PRUint32', possible loss of data
 4:02.24 d:/a/K-Meleon-R/K-Meleon-R/goanna/nsprpub/lib/libc/src/strcase.c(160): warning C4267: '=': conversion from 'size_t' to 'PRUint32', possible loss of data
 4:02.24 d:/a/K-Meleon-R/K-Meleon-R/goanna/nsprpub/lib/libc/src/strcase.c(189): warning C4267: '=': conversion from 'size_t' to 'PRUint32', possible loss of data
 4:02.24 There are no private exports.
 4:02.24 strcat.c
 4:02.24 xpcom_io.xpt
 4:02.24 strcmp.c
 4:02.24 There are no private exports.
 4:02.24 xpcom_system.xpt
 4:02.24 strchr.c
 4:02.24 strpbrk.c
 4:02.24 strstr.c
 4:02.24 xpcom_threads.xpt
 4:02.24 There are no private exports.
 4:02.24 xpcom_xpti.xpt
 4:02.24 strtok.c
 4:02.24 base64.c
 4:02.24 xpconnect.xpt
 4:02.24 There are no private exports.
 4:02.24 d:/a/K-Meleon-R/K-Meleon-R/goanna/nsprpub/lib/libc/src/base64.c(123): warning C4267: '=': conversion from 'size_t' to 'PRUint32', possible loss of data
 4:02.24 d:/a/K-Meleon-R/K-Meleon-R/goanna/nsprpub/lib/libc/src/base64.c(368): warning C4267: '=': conversion from 'size_t' to 'PRUint32', possible loss of data
 4:02.24 xul.xpt
 4:02.24 plerror.c
 4:02.24 plgetopt.c
 4:02.24 xulapp.xpt
 4:02.24 d:/a/K-Meleon-R/K-Meleon-R/goanna/nsprpub/lib/libc/src/plgetopt.c(168): warning C4244: '=': conversion from '__int64' to 'PRIntn', possible loss of data
 4:02.24 d:/a/K-Meleon-R/K-Meleon-R/goanna/nsprpub/lib/libc/src/plgetopt.c(151): warning C4267: 'initializing': conversion from 'size_t' to 'PRIntn', possible loss of data
 4:02.24 There are no private exports.
 4:02.24 xultmpl.xpt
 4:02.24 not_ranlib plc4_s.lib
 4:02.24 There are no private exports.
 4:02.24 zipwriter.xpt
 4:02.24 simple.xpt
 4:02.24 There are no private exports.
 4:02.24 CSS2PropertiesProps.h
 4:02.26 There are no private exports.
 4:02.26 There are no private exports.
 4:02.26 d:/a/K-Meleon-R/K-Meleon-R/goanna/dom/webidl/HTMLMediaElement.webidl: WARNING: no preprocessor directives found
 4:02.26 There are no private exports.
 4:02.26 There are no private exports.
 4:02.26 There are no private exports.
 4:02.26 There are no private exports.
 4:02.26 There are no private exports.
 4:02.26 There are no private exports.
 4:02.26 There are no private exports.
 4:02.26 There are no private exports.
 4:02.26 There are no private exports.
 4:02.26 cd legacydb; c:/Strawberry/c/bin/gmake.EXE export
 4:02.26 There are no private exports.
 4:02.26 cd legacydb; c:/Strawberry/c/bin/gmake.EXE private_export
 4:02.26 There are no private exports.
 4:02.26 There are no private exports.
 4:02.26 There are no private exports.
 4:02.26 cd builtins; c:/Strawberry/c/bin/gmake.EXE export
 4:02.26 cd include; c:/Strawberry/c/bin/gmake.EXE export
 4:02.26 cd testlib; c:/Strawberry/c/bin/gmake.EXE export
 4:02.26 There are no private exports.
 4:02.26 cd pkix; c:/Strawberry/c/bin/gmake.EXE export
 4:02.26 cd builtins; c:/Strawberry/c/bin/gmake.EXE private_export
 4:02.26 cd certsel; c:/Strawberry/c/bin/gmake.EXE export
 4:02.26 cd testlib; c:/Strawberry/c/bin/gmake.EXE private_export
 4:02.26 There are no private exports.
 4:02.26 cd crlsel; c:/Strawberry/c/bin/gmake.EXE export
 4:02.26 There are no private exports.
 4:02.26 There are no private exports.
 4:02.26 There are no private exports.
 4:02.26 There are no private exports.
 4:02.26 cd checker; c:/Strawberry/c/bin/gmake.EXE export
 4:02.26 There are no private exports.
 4:02.26 There are no private exports.
 4:02.26 cd params; c:/Strawberry/c/bin/gmake.EXE export
 4:02.26 There are no private exports.
 4:02.26 cd results; c:/Strawberry/c/bin/gmake.EXE export
 4:02.26 There are no private exports.
 4:02.26 There are no private exports.
 4:02.26 cd store; c:/Strawberry/c/bin/gmake.EXE export
 4:02.26 There are no private exports.
 4:02.26 cd top; c:/Strawberry/c/bin/gmake.EXE export
 4:02.26 There are no private exports.
 4:02.26 cd util; c:/Strawberry/c/bin/gmake.EXE export
 4:02.26 There are no private exports.
 4:02.26 cd certsel; c:/Strawberry/c/bin/gmake.EXE private_export
 4:02.26 There are no private exports.
 4:02.26 cd crlsel; c:/Strawberry/c/bin/gmake.EXE private_export
 4:02.26 There are no private exports.
 4:02.26 cd checker; c:/Strawberry/c/bin/gmake.EXE private_export
 4:02.26 There are no private exports.
 4:02.26 cd params; c:/Strawberry/c/bin/gmake.EXE private_export
 4:02.26 There are no private exports.
 4:02.26 cd results; c:/Strawberry/c/bin/gmake.EXE private_export
 4:02.26 There are no private exports.
 4:02.26 cd store; c:/Strawberry/c/bin/gmake.EXE private_export
 4:02.26 There are no private exports.
 4:02.26 cd top; c:/Strawberry/c/bin/gmake.EXE private_export
 4:02.26 There are no private exports.
 4:02.26 cd util; c:/Strawberry/c/bin/gmake.EXE private_export
 4:02.26 d:/a/K-Meleon-R/K-Meleon-R/goanna/dom/base/UseCounters.conf: WARNING: no preprocessor directives found
 4:02.26 There are no private exports.
 4:02.26 There are no private exports.
 4:02.26 cd pkix_pl_nss; c:/Strawberry/c/bin/gmake.EXE export
 4:02.26 d:/a/K-Meleon-R/K-Meleon-R/goanna/dom/base/UseCounters.conf: WARNING: no preprocessor directives found
 4:02.26 cd pki; c:/Strawberry/c/bin/gmake.EXE export
 4:02.26 There are no private exports.
 4:02.26 cd system; c:/Strawberry/c/bin/gmake.EXE export
 4:02.26 There are no private exports.
 5:36.41 cd module; c:/Strawberry/c/bin/gmake.EXE export
 5:36.41 There are no private exports.
 5:36.41 cd pki; c:/Strawberry/c/bin/gmake.EXE private_export
 5:36.41 There are no private exports.
 5:36.41 cd system; c:/Strawberry/c/bin/gmake.EXE private_export
 5:36.41 There are no private exports.
 5:36.41 cd module; c:/Strawberry/c/bin/gmake.EXE private_export
 5:36.41 There are no private exports.
 5:36.41 There are no private exports.
 5:36.41 cd include; c:/Strawberry/c/bin/gmake.EXE private_export
 5:36.41 There are no private exports.
 5:36.41 cd pkix; c:/Strawberry/c/bin/gmake.EXE private_export
 5:36.41 cd certsel; c:/Strawberry/c/bin/gmake.EXE private_export
 5:36.41 There are no private exports.
 5:36.41 cd crlsel; c:/Strawberry/c/bin/gmake.EXE private_export
 5:36.41 There are no private exports.
 5:36.41 cd checker; c:/Strawberry/c/bin/gmake.EXE private_export
 5:36.41 There are no private exports.
 5:36.41 cd params; c:/Strawberry/c/bin/gmake.EXE private_export
 5:36.41 There are no private exports.
 5:36.41 cd results; c:/Strawberry/c/bin/gmake.EXE private_export
 5:36.41 There are no private exports.
 5:36.41 cd store; c:/Strawberry/c/bin/gmake.EXE private_export
 5:36.41 There are no private exports.
 5:36.41 cd top; c:/Strawberry/c/bin/gmake.EXE private_export
 5:36.41 There are no private exports.
 5:36.41 cd util; c:/Strawberry/c/bin/gmake.EXE private_export
 5:36.41 There are no private exports.
 5:36.41 There are no private exports.
 5:36.41 cd pkix_pl_nss; c:/Strawberry/c/bin/gmake.EXE private_export
 5:36.43 d:/a/K-Meleon-R/K-Meleon-R/goanna/dom/base/UseCounters.conf: WARNING: no preprocessor directives found
 5:36.43 d:/a/K-Meleon-R/K-Meleon-R/goanna/dom/base/UseCounters.conf: WARNING: no preprocessor directives found
 5:36.43 cd pki; c:/Strawberry/c/bin/gmake.EXE private_export
 5:36.43 There are no private exports.
 5:36.43 cd system; c:/Strawberry/c/bin/gmake.EXE private_export
 5:36.43 There are no private exports.
 5:36.43 cd module; c:/Strawberry/c/bin/gmake.EXE private_export
 5:36.43 There are no private exports.
 5:36.43 There are no private exports.
 5:36.43 There are no private exports.
 5:36.43 fallible.obj
 5:36.43 adler32.obj
 5:36.43 Compression.obj
 5:36.43 jemalloc.obj
 5:36.43 adler32_simd.obj
 5:36.43 Decimal.obj
 5:36.43 adler32.c
 5:36.43 compress.obj
 5:36.43 jemalloc.c
 5:36.43 d:/a/K-Meleon-R/K-Meleon-R/goanna/memory/mozjemalloc/jemalloc.c(6706): warning C4273: '_recalloc': inconsistent dll linkage
 5:36.43 C:\Program Files (x86)\Windows Kits\10\include\10.0.26100.0\ucrt\corecrt_malloc.h(141): note: see previous definition of '_recalloc'
 5:36.43 d:/a/K-Meleon-R/K-Meleon-R/goanna/memory/mozjemalloc/jemalloc.c(6733): warning C4273: '_expand': inconsistent dll linkage
 5:36.43 C:\Program Files (x86)\Windows Kits\10\include\10.0.26100.0\ucrt\corecrt_malloc.h(78): note: see previous definition of '_expand'
 5:36.43 d:/a/K-Meleon-R/K-Meleon-R/goanna/memory/mozjemalloc/jemalloc.c(6742): warning C4273: '_msize': inconsistent dll linkage
 5:36.43 C:\Program Files (x86)\Windows Kits\10\include\10.0.26100.0\ucrt\corecrt_malloc.h(113): note: see previous definition of '_msize'
 5:36.43 fallible.cpp
 5:36.43 fallible.lib.desc
 5:36.43 jemalloc.lib.desc
 5:36.45 Unified_cpp_mfbt0.obj
 5:36.45 crc32.obj
 5:36.45 adler32_simd.c
 5:36.45 compress.c
 5:36.45 crc32_simd.obj
 5:36.45 gmp-fake.obj
 5:36.45 module.res
 5:36.45 Compression.cpp
 5:36.45 crc32.c
 5:36.45 crc_folding.obj
 5:36.45 plugin-container.obj
 5:36.45 crc32_simd.c
 5:36.45 deflate.obj
 5:36.45 crc_folding.c
 5:36.45 fill_window_sse.obj
 5:36.45 deflate.c
 5:36.45 gzclose.obj
 5:36.45 plugin-container.cpp
 5:36.45 fill_window_sse.c
 5:36.45 plugin-container.lib.desc
 5:36.45 gzlib.obj
 5:36.45 Creating Resource file: module.res
 5:36.45 gmp-fake.cpp
 5:36.45 gzclose.c
 5:36.45 gzread.obj
 5:36.45 gzlib.c
 5:36.45 gzwrite.obj
 5:36.45 gzread.c
 5:36.45 infback.obj
 5:36.45 Microsoft (R) Windows (R) Resource Compiler Version 10.0.10011.16384
 5:36.45 
 5:36.45 Copyright (C) Microsoft Corporation.  All rights reserved.
 5:36.45 
 5:36.45 
 5:36.45 fakeopenh264.dll
 5:36.45 Decimal.cpp
 5:36.45 host_dictionary.obj
 5:36.45 host_bit_reader.obj
 5:36.45 gzwrite.c
 5:36.45 inffast.obj
 5:36.45 Unified_cpp_mfbt0.cpp
 5:36.45 mfbt.lib.desc
 5:36.45 host_decode.obj
 5:36.45 dictionary.c
 5:36.45 inffast_chunk.obj
 5:36.45 bit_reader.c
 5:36.45 host_huffman.obj
 5:36.45 infback.c
 5:36.45 sqlite3.obj
 5:36.45 inffast.c
 5:36.45 inflate_simd.obj
 5:36.45 inffast_chunk.c
 5:36.45 inftrees.obj
 5:36.45 decode.c
 5:36.45 inflate_simd.c
 5:36.45 host_state.obj
 5:36.45 trees.obj
 5:36.45 huffman.c
 5:36.45 host_backward_references.obj
 5:36.45 inftrees.c
 5:36.45 uncompr.obj
 5:36.45 state.c
 5:36.45 trees.c
 5:36.45 host_backward_references_hq.obj
 5:36.45 x86.obj
 5:36.45 uncompr.c
 5:36.45 zutil.obj
 5:36.45 backward_references.c
 5:36.45 host_bit_cost.obj
 5:36.45 x86.c
 5:36.45 backward_references_hq.c
 5:36.45 host_block_splitter.obj
 5:36.45 sqlite3.c
 5:36.45 db_sqlite3_src.lib.desc
 5:36.45 host_brotli_bit_stream.obj
 5:36.45 zutil.c
 5:36.45 modules_zlib_src.lib.desc
 5:36.45 host_cluster.obj
 5:36.45 bit_cost.c
 5:36.45 PresentationDeviceManager.obj
 5:36.45 PresentationSessionRequest.obj
 5:36.45 block_splitter.c
 5:36.45 Unified_cpp_dom_cellbroadcast0.obj
 5:36.45 brotli_bit_stream.c
 5:36.45 host_compress_fragment.obj
 5:36.45 cluster.c
 5:36.45 host_compress_fragment_two_pass.obj
 5:36.45 PresentationDeviceManager.cpp
 5:36.45 compress_fragment.c
 5:36.45 host_dictionary_hash.obj
 5:36.45    Creating library fakeopenh264.lib and object fakeopenh264.exp
 5:36.45 
 5:36.45 host_encode.obj
 5:36.45 PresentationSessionRequest.cpp
 5:36.45 dom_presentation.lib.desc
 5:36.45 host_entropy_encode.obj
 5:36.45 compress_fragment_two_pass.c
 5:36.45 dictionary_hash.c
 5:36.45 nsBrowserStatusFilter.obj
 5:36.45 FinalizationWitnessService.obj
 5:36.45 encode.c
 5:36.45 host_histogram.obj
 5:36.45 nsBrowserStatusFilter.cpp
 5:36.45 toolkit_components_statusfilter.lib.desc
 5:36.45 host_literal_cost.obj
 5:36.45 entropy_encode.c
 5:36.45 Unified_cpp_dom_xslt_xpath0.obj
 5:36.45 Unified_cpp_dom_xslt_xpath1.obj
 5:36.45 histogram.c
 5:36.45 host_memory.obj
 5:36.45 FinalizationWitnessService.cpp
 5:36.45 toolkit_components_finalizationwitness.lib.desc
 5:36.45 Unified_cpp_dom_xslt_xpath2.obj
 5:36.45 literal_cost.c
 5:36.45 host_metablock.obj
 5:36.45 memory.c
 5:36.45 host_static_dict.obj
 5:36.45 Unified_cpp_dom_cellbroadcast0.cpp
 5:36.45 dom_cellbroadcast.lib.desc
 5:36.45 metablock.c
 5:36.45 host_utf8_util.obj
 5:36.45 static_dict.c
 5:36.45 host_brotli.obj
 5:36.45 utf8_util.c
 5:36.45 brotli.c
 5:36.45 brotli.exe
 5:36.45 Unified_cpp_dom_xslt_xpath1.cpp
 5:36.45 Unified_cpp_dom_xslt_xpath0.cpp
 5:36.45 Unified_cpp_uriloader_prefetch0.obj
 5:36.45 Activity.obj
 5:36.45 nsTerminator.obj
 5:36.46 Unified_cpp_dom_xslt_xpath2.cpp
 5:36.46 dom_xslt_xpath.lib.desc
 5:36.46 Unified_c_netwerk_dns0.obj
 5:36.46 nsEffectiveTLDService.obj
 5:36.46 nsTerminator.cpp
 5:36.46 toolkit_components_terminator.lib.desc
 5:36.46 nsHostResolver.obj
 5:36.46 Unified_c_netwerk_dns0.c
 5:36.46 Unified_cpp_devtools_security0.obj
 5:36.46 Activity.cpp
 5:36.46 dom_activities.lib.desc
 5:36.46 Unified_cpp_devtools_security0.cpp
 5:36.46 Unified_cpp_netwerk_dns0.obj
 5:36.46 toolkit_devtools_security.lib.desc
 5:36.46 nsEffectiveTLDService.cpp
 5:36.46 nsBaseWidget.obj
 5:36.46 Unified_cpp_widget0.obj
 5:36.46 nsHostResolver.cpp
 5:36.46 WMFUtils.obj
 5:36.46 Unified_cpp_dom_media_wmf0.obj
 5:36.46 Unified_cpp_uriloader_prefetch0.cpp
 5:36.46 uriloader_prefetch.lib.desc
 5:36.46 Unified_cpp_netwerk_dns0.cpp
 5:36.46 netwerk_dns.lib.desc
 5:36.46 Unified_cpp_widget1.obj
 5:36.46 nsBaseWidget.cpp
 5:36.46 Unified_cpp_editor_libeditor0.obj
 5:36.46 Unified_cpp_editor_libeditor1.obj
 5:36.46 WMFUtils.cpp
 5:36.46 Unified_cpp_widget2.obj
 5:36.46 Unified_cpp_widget0.cpp
 5:36.46 BatteryManager.obj
 5:36.46 Unified_cpp_editor_libeditor0.cpp
 5:36.46 Unified_cpp_editor_libeditor2.obj
 5:36.46 Unified_cpp_dom_media_wmf0.cpp
 5:36.46 dom_media_wmf.lib.desc
 5:36.46 BatteryManager.cpp
 5:36.46 dom_battery.lib.desc
 5:36.46 Unified_cpp_widget1.cpp
 5:36.46 Unified_cpp_manager_boot_src0.obj
 5:36.46 Unified_cpp_editor_libeditor1.cpp
 5:36.46 Unified_cpp_dom_mathml0.obj
 5:36.46 Unified_cpp_widget2.cpp
 5:36.46 widget.lib.desc
 5:36.46 Unified_c_intl_uconv0.obj
 5:36.46 nsUTF8ToUnicodeSSE2.obj
 5:36.46 Unified_cpp_manager_boot_src0.cpp
 5:36.46 security_manager_boot_src.lib.desc
 5:36.46 Unified_c_intl_uconv0.c
 5:36.46 Unified_cpp_intl_uconv0.obj
 5:36.46 Unified_cpp_intl_uconv1.obj
 5:36.46 nsUTF8ToUnicodeSSE2.cpp
 5:36.46 nsLineLayout.obj
 5:36.46 nsPluginFrame.obj
 5:36.46 Unified_cpp_editor_libeditor2.cpp
 5:36.46 editor_libeditor.lib.desc
 5:36.46 Unified_cpp_intl_uconv2.obj
 5:36.46 Unified_cpp_intl_uconv0.cpp
 5:36.46 Unified_cpp_layout_generic0.obj
 5:36.46 Unified_cpp_intl_uconv1.cpp
 5:36.46 Unified_cpp_intl_uconv3.obj
 5:36.46 Unified_cpp_dom_mathml0.cpp
 5:36.46 dom_mathml.lib.desc
 5:36.46 Unified_cpp_layout_generic1.obj
 5:36.46 Unified_cpp_intl_uconv2.cpp
 5:36.46 Unified_cpp_intl_uconv4.obj
 5:36.46 Unified_cpp_intl_uconv3.cpp
 5:36.46 Unified_cpp_intl_uconv5.obj
 5:36.46 Unified_cpp_intl_uconv4.cpp
 5:36.46 Unified_cpp_intl_uconv6.obj
 5:36.46 nsLineLayout.cpp
 5:36.46 nsAutodialWin.obj
 5:36.46 nsNativeConnectionHelper.obj
 5:36.46 Unified_cpp_intl_uconv5.cpp
 5:36.46 nsPluginFrame.cpp
 5:36.46 Unified_cpp_intl_uconv6.cpp
 5:36.46 Unified_cpp_layout_printing0.obj
 5:36.46 intl_uconv.lib.desc
 5:36.46 nsAutodialWin.cpp
 5:36.46 nsURLHelperWin.obj
 5:36.46 Unified_cpp_layout_generic2.obj
 5:36.46 Unified_cpp_layout_generic0.cpp
 5:36.46 Unified_cpp_layout_tables0.obj
 5:36.46 nsNativeConnectionHelper.cpp
 5:36.46 Unified_cpp_netwerk_base0.obj
 5:36.46 nsURLHelperWin.cpp
 5:36.46 Unified_cpp_netwerk_base1.obj
 5:36.46 Unified_cpp_layout_printing0.cpp
 5:36.46 layout_printing.lib.desc
 5:36.46 Unified_cpp_layout_generic3.obj
 5:36.46 Unified_cpp_layout_tables0.cpp
 5:36.46 layout_tables.lib.desc
 5:36.46 Unified_cpp_netwerk_base2.obj
 5:36.46 Unified_cpp_layout_generic1.cpp
 5:36.46 Unified_cpp_netwerk_base3.obj
 5:36.46 Unified_cpp_netwerk_base0.cpp
 5:36.46 xptcinvoke_x86_64.obj
 5:36.46 xptcstubs_x86_64.obj
 5:36.46 xptcinvoke_x86_64.cpp
 5:36.46 xptcinvoke_asm_x86_64.obj
 5:36.46 Unified_cpp_netwerk_base1.cpp
 5:36.46 Unified_cpp_layout_generic2.cpp
 5:36.46 xptcstubs_x86_64.cpp
 5:36.46 ProgressTracker.obj
 5:36.46 RasterImage.obj
 5:36.46 xptcstubs_asm_x86_64.obj
 5:36.46 Microsoft (R) Macro Assembler (x64) Version 14.29.30159.0
 5:36.46 Copyright (C) Microsoft Corporation.  All rights reserved.
 5:36.46 
 5:36.46  Assembling: d:/a/K-Meleon-R/K-Meleon-R/goanna/xpcom/reflect/xptcall/md/win32/xptcinvoke_asm_x86_64.asm
 5:36.46 Microsoft (R) Macro Assembler (x64) Version 14.29.30159.0
 5:36.46 Copyright (C) Microsoft Corporation.  All rights reserved.
 5:36.46 
 5:36.46  Assembling: d:/a/K-Meleon-R/K-Meleon-R/goanna/xpcom/reflect/xptcall/md/win32/xptcstubs_asm_x86_64.asm
 5:36.46 xpcom_reflect_xptcall_md_win32.lib.desc
 5:36.46 Unified_cpp_netwerk_base2.cpp
 5:36.46 imgLoader.obj
 5:36.46 ProgressTracker.cpp
 5:36.46 Unified_cpp_image_decoders_icon0.obj
 5:36.46 Unified_cpp_netwerk_base3.cpp
 5:36.46 netwerk_base.lib.desc
 5:36.46 imgRequest.obj
 5:36.46 RasterImage.cpp
 5:36.46 Unified_cpp_dom_xslt_base0.obj
 5:36.46 Unified_cpp_image_decoders_icon0.cpp
 5:36.46 image_decoders_icon.lib.desc
 5:36.46 imgRequestProxy.obj
 5:36.46 Unified_cpp_dom_xslt_base0.cpp
 5:36.46 dom_xslt_base.lib.desc
 5:36.46 Unified_cpp_image0.obj
 5:36.46 imgLoader.cpp
 5:36.46 Unified_cpp_dom_media_webrtc0.obj
 5:36.46 Unified_cpp_layout_generic3.cpp
 5:36.46 layout_generic.lib.desc
 5:36.46 Unified_cpp_image1.obj
 5:36.46 imgRequest.cpp
 5:36.46 Unified_cpp_dom_xslt_xslt0.obj
 5:36.46 Unified_cpp_dom_xslt_xslt1.obj
 5:36.46 imgRequestProxy.cpp
 5:36.46 Unified_cpp_dom_media_webm0.obj
 5:36.46 Unified_cpp_dom_media_webrtc0.cpp
 5:36.46 dom_media_webrtc.lib.desc
 5:36.46 Unified_cpp_image0.cpp
 5:36.46 Unified_cpp_dom_xslt_xslt0.cpp
 5:36.46 Unified_cpp_certverifier0.obj
 5:36.46 Unified_cpp_certverifier0.cpp
 5:36.46 d:/a/K-Meleon-R/K-Meleon-R/goanna/obj-x64/security/certverifier/Unified_cpp_certverifier0.cpp: warning C4464: relative include path contains '..'
 5:36.46 d:\a\K-Meleon-R\K-Meleon-R\goanna\obj-x64\dist\include\mozilla/mozalloc.h(214): warning C4986: 'operator new': exception specification does not match previous declaration
 5:36.48 C:\Program Files\Microsoft Visual Studio\2022\Enterprise\VC\Tools\MSVC\14.29.30133\include\vcruntime_new.h(53): note: see declaration of 'operator new'
 5:36.48 d:\a\K-Meleon-R\K-Meleon-R\goanna\obj-x64\dist\include\mozilla/mozalloc.h(226): warning C4986: 'operator new[]': exception specification does not match previous declaration
 5:36.48 C:\Program Files\Microsoft Visual Studio\2022\Enterprise\VC\Tools\MSVC\14.29.30133\include\vcruntime_new.h(64): note: see declaration of 'operator new[]'
 5:36.48 d:\a\K-Meleon-R\K-Meleon-R\goanna\security\manager\ssl\src\ScopedNSSTypes.h(217): warning C4061: enumerator 'SEC_OID_UNKNOWN' in switch of enum 'SECOidTag' is not explicitly handled by a case label
 5:36.48 d:\a\K-Meleon-R\K-Meleon-R\goanna\obj-x64\dist\include\nss\secoidt.h(34): note: see declaration of 'SECOidTag'
 5:36.48 d:\a\K-Meleon-R\K-Meleon-R\goanna\security\manager\ssl\src\ScopedNSSTypes.h(217): warning C4061: enumerator 'SEC_OID_MD2' in switch of enum 'SECOidTag' is not explicitly handled by a case label
 5:36.48 d:\a\K-Meleon-R\K-Meleon-R\goanna\obj-x64\dist\include\nss\secoidt.h(34): note: see declaration of 'SECOidTag'
 5:36.48 d:\a\K-Meleon-R\K-Meleon-R\goanna\security\manager\ssl\src\ScopedNSSTypes.h(217): warning C4061: enumerator 'SEC_OID_MD4' in switch of enum 'SECOidTag' is not explicitly handled by a case label
 5:36.48 d:\a\K-Meleon-R\K-Meleon-R\goanna\obj-x64\dist\include\nss\secoidt.h(34): note: see declaration of 'SECOidTag'
 5:36.48 d:\a\K-Meleon-R\K-Meleon-R\goanna\security\manager\ssl\src\ScopedNSSTypes.h(217): warning C4061: enumerator 'SEC_OID_MD5' in switch of enum 'SECOidTag' is not explicitly handled by a case label
 5:36.48 d:\a\K-Meleon-R\K-Meleon-R\goanna\obj-x64\dist\include\nss\secoidt.h(34): note: see declaration of 'SECOidTag'
 5:36.48 d:\a\K-Meleon-R\K-Meleon-R\goanna\security\manager\ssl\src\ScopedNSSTypes.h(217): warning C4061: enumerator 'SEC_OID_RC2_CBC' in switch of enum 'SECOidTag' is not explicitly handled by a case label
 5:36.48 d:\a\K-Meleon-R\K-Meleon-R\goanna\obj-x64\dist\include\nss\secoidt.h(34): note: see declaration of 'SECOidTag'
 5:36.48 d:\a\K-Meleon-R\K-Meleon-R\goanna\security\manager\ssl\src\ScopedNSSTypes.h(217): warning C4061: enumerator 'SEC_OID_RC4' in switch of enum 'SECOidTag' is not explicitly handled by a case label
 5:36.48 d:\a\K-Meleon-R\K-Meleon-R\goanna\obj-x64\dist\include\nss\secoidt.h(34): note: see declaration of 'SECOidTag'
 5:36.48 d:\a\K-Meleon-R\K-Meleon-R\goanna\security\manager\ssl\src\ScopedNSSTypes.h(217): warning C4061: enumerator 'SEC_OID_DES_EDE3_CBC' in switch of enum 'SECOidTag' is not explicitly handled by a case label
 5:36.48 d:\a\K-Meleon-R\K-Meleon-R\goanna\obj-x64\dist\include\nss\secoidt.h(34): note: see declaration of 'SECOidTag'
 5:36.48 d:\a\K-Meleon-R\K-Meleon-R\goanna\security\manager\ssl\src\ScopedNSSTypes.h(217): warning C4061: enumerator 'SEC_OID_RC5_CBC_PAD' in switch of enum 'SECOidTag' is not explicitly handled by a case label
 5:36.48 d:\a\K-Meleon-R\K-Meleon-R\goanna\obj-x64\dist\include\nss\secoidt.h(34): note: see declaration of 'SECOidTag'
 5:36.48 d:\a\K-Meleon-R\K-Meleon-R\goanna\security\manager\ssl\src\ScopedNSSTypes.h(217): warning C4061: enumerator 'SEC_OID_DES_ECB' in switch of enum 'SECOidTag' is not explicitly handled by a case label
 5:36.48 d:\a\K-Meleon-R\K-Meleon-R\goanna\obj-x64\dist\include\nss\secoidt.h(34): note: see declaration of 'SECOidTag'
 5:36.48 d:\a\K-Meleon-R\K-Meleon-R\goanna\security\manager\ssl\src\ScopedNSSTypes.h(217): warning C4061: enumerator 'SEC_OID_DES_CBC' in switch of enum 'SECOidTag' is not explicitly handled by a case label
 5:36.48 d:\a\K-Meleon-R\K-Meleon-R\goanna\obj-x64\dist\include\nss\secoidt.h(34): note: see declaration of 'SECOidTag'
 5:36.48 d:\a\K-Meleon-R\K-Meleon-R\goanna\security\manager\ssl\src\ScopedNSSTypes.h(217): warning C4061: enumerator 'SEC_OID_DES_OFB' in switch of enum 'SECOidTag' is not explicitly handled by a case label
 5:36.48 d:\a\K-Meleon-R\K-Meleon-R\goanna\obj-x64\dist\include\nss\secoidt.h(34): note: see declaration of 'SECOidTag'
 5:36.48 d:\a\K-Meleon-R\K-Meleon-R\goanna\security\manager\ssl\src\ScopedNSSTypes.h(217): warning C4061: enumerator 'SEC_OID_DES_CFB' in switch of enum 'SECOidTag' is not explicitly handled by a case label
 5:36.48 d:\a\K-Meleon-R\K-Meleon-R\goanna\obj-x64\dist\include\nss\secoidt.h(34): note: see declaration of 'SECOidTag'
 5:36.48 d:\a\K-Meleon-R\K-Meleon-R\goanna\security\manager\ssl\src\ScopedNSSTypes.h(217): warning C4061: enumerator 'SEC_OID_DES_MAC' in switch of enum 'SECOidTag' is not explicitly handled by a case label
 5:36.48 d:\a\K-Meleon-R\K-Meleon-R\goanna\obj-x64\dist\include\nss\secoidt.h(34): note: see declaration of 'SECOidTag'
 5:36.48 d:\a\K-Meleon-R\K-Meleon-R\goanna\security\manager\ssl\src\ScopedNSSTypes.h(217): warning C4061: enumerator 'SEC_OID_DES_EDE' in switch of enum 'SECOidTag' is not explicitly handled by a case label
 5:36.48 d:\a\K-Meleon-R\K-Meleon-R\goanna\obj-x64\dist\include\nss\secoidt.h(34): note: see declaration of 'SECOidTag'
 5:36.48 d:\a\K-Meleon-R\K-Meleon-R\goanna\security\manager\ssl\src\ScopedNSSTypes.h(217): warning C4061: enumerator 'SEC_OID_ISO_SHA_WITH_RSA_SIGNATURE' in switch of enum 'SECOidTag' is not explicitly handled by a case label
 5:36.48 d:\a\K-Meleon-R\K-Meleon-R\goanna\obj-x64\dist\include\nss\secoidt.h(34): note: see declaration of 'SECOidTag'
 5:36.48 d:\a\K-Meleon-R\K-Meleon-R\goanna\security\manager\ssl\src\ScopedNSSTypes.h(217): warning C4061: enumerator 'SEC_OID_PKCS1_RSA_ENCRYPTION' in switch of enum 'SECOidTag' is not explicitly handled by a case label
 5:36.48 d:\a\K-Meleon-R\K-Meleon-R\goanna\obj-x64\dist\include\nss\secoidt.h(34): note: see declaration of 'SECOidTag'
 5:36.48 d:\a\K-Meleon-R\K-Meleon-R\goanna\security\manager\ssl\src\ScopedNSSTypes.h(217): warning C4061: enumerator 'SEC_OID_PKCS1_MD2_WITH_RSA_ENCRYPTION' in switch of enum 'SECOidTag' is not explicitly handled by a case label
 5:36.48 d:\a\K-Meleon-R\K-Meleon-R\goanna\obj-x64\dist\include\nss\secoidt.h(34): note: see declaration of 'SECOidTag'
 5:36.48 d:\a\K-Meleon-R\K-Meleon-R\goanna\security\manager\ssl\src\ScopedNSSTypes.h(217): warning C4061: enumerator 'SEC_OID_PKCS1_MD4_WITH_RSA_ENCRYPTION' in switch of enum 'SECOidTag' is not explicitly handled by a case label
 5:36.48 d:\a\K-Meleon-R\K-Meleon-R\goanna\obj-x64\dist\include\nss\secoidt.h(34): note: see declaration of 'SECOidTag'
 5:36.48 d:\a\K-Meleon-R\K-Meleon-R\goanna\security\manager\ssl\src\ScopedNSSTypes.h(217): warning C4061: enumerator 'SEC_OID_PKCS1_MD5_WITH_RSA_ENCRYPTION' in switch of enum 'SECOidTag' is not explicitly handled by a case label
 5:36.48 d:\a\K-Meleon-R\K-Meleon-R\goanna\obj-x64\dist\include\nss\secoidt.h(34): note: see declaration of 'SECOidTag'
 5:36.48 d:\a\K-Meleon-R\K-Meleon-R\goanna\security\manager\ssl\src\ScopedNSSTypes.h(217): warning C4061: enumerator 'SEC_OID_PKCS1_SHA1_WITH_RSA_ENCRYPTION' in switch of enum 'SECOidTag' is not explicitly handled by a case label
 5:36.48 d:\a\K-Meleon-R\K-Meleon-R\goanna\obj-x64\dist\include\nss\secoidt.h(34): note: see declaration of 'SECOidTag'
 5:36.48 d:\a\K-Meleon-R\K-Meleon-R\goanna\security\manager\ssl\src\ScopedNSSTypes.h(217): warning C4061: enumerator 'SEC_OID_PKCS5_PBE_WITH_MD2_AND_DES_CBC' in switch of enum 'SECOidTag' is not explicitly handled by a case label
 5:36.48 d:\a\K-Meleon-R\K-Meleon-R\goanna\obj-x64\dist\include\nss\secoidt.h(34): note: see declaration of 'SECOidTag'
 5:36.48 d:\a\K-Meleon-R\K-Meleon-R\goanna\security\manager\ssl\src\ScopedNSSTypes.h(217): warning C4061: enumerator 'SEC_OID_PKCS5_PBE_WITH_MD5_AND_DES_CBC' in switch of enum 'SECOidTag' is not explicitly handled by a case label
 5:36.48 d:\a\K-Meleon-R\K-Meleon-R\goanna\obj-x64\dist\include\nss\secoidt.h(34): note: see declaration of 'SECOidTag'
 5:36.48 d:\a\K-Meleon-R\K-Meleon-R\goanna\security\manager\ssl\src\ScopedNSSTypes.h(217): warning C4061: enumerator 'SEC_OID_PKCS5_PBE_WITH_SHA1_AND_DES_CBC' in switch of enum 'SECOidTag' is not explicitly handled by a case label
 5:36.48 d:\a\K-Meleon-R\K-Meleon-R\goanna\obj-x64\dist\include\nss\secoidt.h(34): note: see declaration of 'SECOidTag'
 5:36.48 d:\a\K-Meleon-R\K-Meleon-R\goanna\security\manager\ssl\src\ScopedNSSTypes.h(217): warning C4061: enumerator 'SEC_OID_PKCS7' in switch of enum 'SECOidTag' is not explicitly handled by a case label
 5:36.48 d:\a\K-Meleon-R\K-Meleon-R\goanna\obj-x64\dist\include\nss\secoidt.h(34): note: see declaration of 'SECOidTag'
 5:36.48 d:\a\K-Meleon-R\K-Meleon-R\goanna\security\manager\ssl\src\ScopedNSSTypes.h(217): warning C4061: enumerator 'SEC_OID_PKCS7_DATA' in switch of enum 'SECOidTag' is not explicitly handled by a case label
 5:36.48 d:\a\K-Meleon-R\K-Meleon-R\goanna\obj-x64\dist\include\nss\secoidt.h(34): note: see declaration of 'SECOidTag'
 5:36.48 d:\a\K-Meleon-R\K-Meleon-R\goanna\security\manager\ssl\src\ScopedNSSTypes.h(217): warning C4061: enumerator 'SEC_OID_PKCS7_SIGNED_DATA' in switch of enum 'SECOidTag' is not explicitly handled by a case label
 5:36.48 d:\a\K-Meleon-R\K-Meleon-R\goanna\obj-x64\dist\include\nss\secoidt.h(34): note: see declaration of 'SECOidTag'
 5:36.48 d:\a\K-Meleon-R\K-Meleon-R\goanna\security\manager\ssl\src\ScopedNSSTypes.h(217): warning C4061: enumerator 'SEC_OID_PKCS7_ENVELOPED_DATA' in switch of enum 'SECOidTag' is not explicitly handled by a case label
 5:36.48 d:\a\K-Meleon-R\K-Meleon-R\goanna\obj-x64\dist\include\nss\secoidt.h(34): note: see declaration of 'SECOidTag'
 5:36.48 d:\a\K-Meleon-R\K-Meleon-R\goanna\security\manager\ssl\src\ScopedNSSTypes.h(217): warning C4061: enumerator 'SEC_OID_PKCS7_SIGNED_ENVELOPED_DATA' in switch of enum 'SECOidTag' is not explicitly handled by a case label
 5:36.48 d:\a\K-Meleon-R\K-Meleon-R\goanna\obj-x64\dist\include\nss\secoidt.h(34): note: see declaration of 'SECOidTag'
 5:36.48 d:\a\K-Meleon-R\K-Meleon-R\goanna\security\manager\ssl\src\ScopedNSSTypes.h(217): warning C4061: enumerator 'SEC_OID_PKCS7_DIGESTED_DATA' in switch of enum 'SECOidTag' is not explicitly handled by a case label
 5:36.48 d:\a\K-Meleon-R\K-Meleon-R\goanna\obj-x64\dist\include\nss\secoidt.h(34): note: see declaration of 'SECOidTag'
 5:36.48 d:\a\K-Meleon-R\K-Meleon-R\goanna\security\manager\ssl\src\ScopedNSSTypes.h(217): warning C4061: enumerator 'SEC_OID_PKCS7_ENCRYPTED_DATA' in switch of enum 'SECOidTag' is not explicitly handled by a case label
 5:36.48 d:\a\K-Meleon-R\K-Meleon-R\goanna\obj-x64\dist\include\nss\secoidt.h(34): note: see declaration of 'SECOidTag'
 5:36.48 d:\a\K-Meleon-R\K-Meleon-R\goanna\security\manager\ssl\src\ScopedNSSTypes.h(217): warning C4061: enumerator 'SEC_OID_PKCS9_EMAIL_ADDRESS' in switch of enum 'SECOidTag' is not explicitly handled by a case label
 5:36.48 d:\a\K-Meleon-R\K-Meleon-R\goanna\obj-x64\dist\include\nss\secoidt.h(34): note: see declaration of 'SECOidTag'
 5:36.48 d:\a\K-Meleon-R\K-Meleon-R\goanna\security\manager\ssl\src\ScopedNSSTypes.h(217): warning C4061: enumerator 'SEC_OID_PKCS9_UNSTRUCTURED_NAME' in switch of enum 'SECOidTag' is not explicitly handled by a case label
 5:36.48 d:\a\K-Meleon-R\K-Meleon-R\goanna\obj-x64\dist\include\nss\secoidt.h(34): note: see declaration of 'SECOidTag'
 5:36.48 d:\a\K-Meleon-R\K-Meleon-R\goanna\security\manager\ssl\src\ScopedNSSTypes.h(217): warning C4061: enumerator 'SEC_OID_PKCS9_CONTENT_TYPE' in switch of enum 'SECOidTag' is not explicitly handled by a case label
 5:36.48 d:\a\K-Meleon-R\K-Meleon-R\goanna\obj-x64\dist\include\nss\secoidt.h(34): note: see declaration of 'SECOidTag'
 5:36.48 d:\a\K-Meleon-R\K-Meleon-R\goanna\security\manager\ssl\src\ScopedNSSTypes.h(217): warning C4061: enumerator 'SEC_OID_PKCS9_MESSAGE_DIGEST' in switch of enum 'SECOidTag' is not explicitly handled by a case label
 5:36.48 d:\a\K-Meleon-R\K-Meleon-R\goanna\obj-x64\dist\include\nss\secoidt.h(34): note: see declaration of 'SECOidTag'
 5:36.48 d:\a\K-Meleon-R\K-Meleon-R\goanna\security\manager\ssl\src\ScopedNSSTypes.h(217): warning C4061: enumerator 'SEC_OID_PKCS9_SIGNING_TIME' in switch of enum 'SECOidTag' is not explicitly handled by a case label
 5:36.48 d:\a\K-Meleon-R\K-Meleon-R\goanna\obj-x64\dist\include\nss\secoidt.h(34): note: see declaration of 'SECOidTag'
 5:36.48 d:\a\K-Meleon-R\K-Meleon-R\goanna\security\manager\ssl\src\ScopedNSSTypes.h(217): warning C4061: enumerator 'SEC_OID_PKCS9_COUNTER_SIGNATURE' in switch of enum 'SECOidTag' is not explicitly handled by a case label
 5:36.48 d:\a\K-Meleon-R\K-Meleon-R\goanna\obj-x64\dist\include\nss\secoidt.h(34): note: see declaration of 'SECOidTag'
 5:36.48 d:\a\K-Meleon-R\K-Meleon-R\goanna\security\manager\ssl\src\ScopedNSSTypes.h(217): warning C4061: enumerator 'SEC_OID_PKCS9_CHALLENGE_PASSWORD' in switch of enum 'SECOidTag' is not explicitly handled by a case label
 5:36.48 d:\a\K-Meleon-R\K-Meleon-R\goanna\obj-x64\dist\include\nss\secoidt.h(34): note: see declaration of 'SECOidTag'
 5:36.48 d:\a\K-Meleon-R\K-Meleon-R\goanna\security\manager\ssl\src\ScopedNSSTypes.h(217): warning C4061: enumerator 'SEC_OID_PKCS9_UNSTRUCTURED_ADDRESS' in switch of enum 'SECOidTag' is not explicitly handled by a case label
 5:36.48 d:\a\K-Meleon-R\K-Meleon-R\goanna\obj-x64\dist\include\nss\secoidt.h(34): note: see declaration of 'SECOidTag'
 5:36.48 d:\a\K-Meleon-R\K-Meleon-R\goanna\security\manager\ssl\src\ScopedNSSTypes.h(217): warning C4061: enumerator 'SEC_OID_PKCS9_EXTENDED_CERTIFICATE_ATTRIBUTES' in switch of enum 'SECOidTag' is not explicitly handled by a case label
 5:36.48 d:\a\K-Meleon-R\K-Meleon-R\goanna\obj-x64\dist\include\nss\secoidt.h(34): note: see declaration of 'SECOidTag'
 5:36.48 d:\a\K-Meleon-R\K-Meleon-R\goanna\security\manager\ssl\src\ScopedNSSTypes.h(217): warning C4061: enumerator 'SEC_OID_PKCS9_SMIME_CAPABILITIES' in switch of enum 'SECOidTag' is not explicitly handled by a case label
 5:36.48 d:\a\K-Meleon-R\K-Meleon-R\goanna\obj-x64\dist\include\nss\secoidt.h(34): note: see declaration of 'SECOidTag'
 5:36.48 d:\a\K-Meleon-R\K-Meleon-R\goanna\security\manager\ssl\src\ScopedNSSTypes.h(217): warning C4061: enumerator 'SEC_OID_AVA_COMMON_NAME' in switch of enum 'SECOidTag' is not explicitly handled by a case label
 5:36.48 d:\a\K-Meleon-R\K-Meleon-R\goanna\obj-x64\dist\include\nss\secoidt.h(34): note: see declaration of 'SECOidTag'
 5:36.48 d:\a\K-Meleon-R\K-Meleon-R\goanna\security\manager\ssl\src\ScopedNSSTypes.h(217): warning C4061: enumerator 'SEC_OID_AVA_COUNTRY_NAME' in switch of enum 'SECOidTag' is not explicitly handled by a case label
 5:36.48 d:\a\K-Meleon-R\K-Meleon-R\goanna\obj-x64\dist\include\nss\secoidt.h(34): note: see declaration of 'SECOidTag'
 5:36.48 d:\a\K-Meleon-R\K-Meleon-R\goanna\security\manager\ssl\src\ScopedNSSTypes.h(217): warning C4061: enumerator 'SEC_OID_AVA_LOCALITY' in switch of enum 'SECOidTag' is not explicitly handled by a case label
 5:36.48 d:\a\K-Meleon-R\K-Meleon-R\goanna\obj-x64\dist\include\nss\secoidt.h(34): note: see declaration of 'SECOidTag'
 5:36.48 d:\a\K-Meleon-R\K-Meleon-R\goanna\security\manager\ssl\src\ScopedNSSTypes.h(217): warning C4061: enumerator 'SEC_OID_AVA_STATE_OR_PROVINCE' in switch of enum 'SECOidTag' is not explicitly handled by a case label
 5:36.48 d:\a\K-Meleon-R\K-Meleon-R\goanna\obj-x64\dist\include\nss\secoidt.h(34): note: see declaration of 'SECOidTag'
 5:36.48 d:\a\K-Meleon-R\K-Meleon-R\goanna\security\manager\ssl\src\ScopedNSSTypes.h(217): warning C4061: enumerator 'SEC_OID_AVA_ORGANIZATION_NAME' in switch of enum 'SECOidTag' is not explicitly handled by a case label
 5:36.48 d:\a\K-Meleon-R\K-Meleon-R\goanna\obj-x64\dist\include\nss\secoidt.h(34): note: see declaration of 'SECOidTag'
 5:36.48 d:\a\K-Meleon-R\K-Meleon-R\goanna\security\manager\ssl\src\ScopedNSSTypes.h(217): warning C4061: enumerator 'SEC_OID_AVA_ORGANIZATIONAL_UNIT_NAME' in switch of enum 'SECOidTag' is not explicitly handled by a case label
 5:36.48 d:\a\K-Meleon-R\K-Meleon-R\goanna\obj-x64\dist\include\nss\secoidt.h(34): note: see declaration of 'SECOidTag'
 5:36.48 d:\a\K-Meleon-R\K-Meleon-R\goanna\security\manager\ssl\src\ScopedNSSTypes.h(217): warning C4061: enumerator 'SEC_OID_AVA_DN_QUALIFIER' in switch of enum 'SECOidTag' is not explicitly handled by a case label
 5:36.48 d:\a\K-Meleon-R\K-Meleon-R\goanna\obj-x64\dist\include\nss\secoidt.h(34): note: see declaration of 'SECOidTag'
 5:36.48 d:\a\K-Meleon-R\K-Meleon-R\goanna\security\manager\ssl\src\ScopedNSSTypes.h(217): warning C4061: enumerator 'SEC_OID_AVA_DC' in switch of enum 'SECOidTag' is not explicitly handled by a case label
 5:36.48 d:\a\K-Meleon-R\K-Meleon-R\goanna\obj-x64\dist\include\nss\secoidt.h(34): note: see declaration of 'SECOidTag'
 5:36.48 d:\a\K-Meleon-R\K-Meleon-R\goanna\security\manager\ssl\src\ScopedNSSTypes.h(217): warning C4061: enumerator 'SEC_OID_NS_TYPE_GIF' in switch of enum 'SECOidTag' is not explicitly handled by a case label
 5:36.48 d:\a\K-Meleon-R\K-Meleon-R\goanna\obj-x64\dist\include\nss\secoidt.h(34): note: see declaration of 'SECOidTag'
 5:36.48 d:\a\K-Meleon-R\K-Meleon-R\goanna\security\manager\ssl\src\ScopedNSSTypes.h(217): warning C4061: enumerator 'SEC_OID_NS_TYPE_JPEG' in switch of enum 'SECOidTag' is not explicitly handled by a case label
 5:36.48 d:\a\K-Meleon-R\K-Meleon-R\goanna\obj-x64\dist\include\nss\secoidt.h(34): note: see declaration of 'SECOidTag'
 5:36.48 d:\a\K-Meleon-R\K-Meleon-R\goanna\security\manager\ssl\src\ScopedNSSTypes.h(217): warning C4061: enumerator 'SEC_OID_NS_TYPE_URL' in switch of enum 'SECOidTag' is not explicitly handled by a case label
 5:36.48 d:\a\K-Meleon-R\K-Meleon-R\goanna\obj-x64\dist\include\nss\secoidt.h(34): note: see declaration of 'SECOidTag'
 5:36.48 d:\a\K-Meleon-R\K-Meleon-R\goanna\security\manager\ssl\src\ScopedNSSTypes.h(217): warning C4061: enumerator 'SEC_OID_NS_TYPE_HTML' in switch of enum 'SECOidTag' is not explicitly handled by a case label
 5:36.48 d:\a\K-Meleon-R\K-Meleon-R\goanna\obj-x64\dist\include\nss\secoidt.h(34): note: see declaration of 'SECOidTag'
 5:36.48 d:\a\K-Meleon-R\K-Meleon-R\goanna\security\manager\ssl\src\ScopedNSSTypes.h(217): warning C4061: enumerator 'SEC_OID_NS_TYPE_CERT_SEQUENCE' in switch of enum 'SECOidTag' is not explicitly handled by a case label
 5:36.48 d:\a\K-Meleon-R\K-Meleon-R\goanna\obj-x64\dist\include\nss\secoidt.h(34): note: see declaration of 'SECOidTag'
 5:36.48 d:\a\K-Meleon-R\K-Meleon-R\goanna\security\manager\ssl\src\ScopedNSSTypes.h(217): warning C4061: enumerator 'SEC_OID_MISSI_KEA_DSS_OLD' in switch of enum 'SECOidTag' is not explicitly handled by a case label
 5:36.48 d:\a\K-Meleon-R\K-Meleon-R\goanna\obj-x64\dist\include\nss\secoidt.h(34): note: see declaration of 'SECOidTag'
 5:36.48 d:\a\K-Meleon-R\K-Meleon-R\goanna\security\manager\ssl\src\ScopedNSSTypes.h(217): warning C4061: enumerator 'SEC_OID_MISSI_DSS_OLD' in switch of enum 'SECOidTag' is not explicitly handled by a case label
 5:36.48 d:\a\K-Meleon-R\K-Meleon-R\goanna\obj-x64\dist\include\nss\secoidt.h(34): note: see declaration of 'SECOidTag'
 5:36.48 d:\a\K-Meleon-R\K-Meleon-R\goanna\security\manager\ssl\src\ScopedNSSTypes.h(217): warning C4061: enumerator 'SEC_OID_MISSI_KEA_DSS' in switch of enum 'SECOidTag' is not explicitly handled by a case label
 5:36.48 d:\a\K-Meleon-R\K-Meleon-R\goanna\obj-x64\dist\include\nss\secoidt.h(34): note: see declaration of 'SECOidTag'
 5:36.48 d:\a\K-Meleon-R\K-Meleon-R\goanna\security\manager\ssl\src\ScopedNSSTypes.h(217): warning C4061: enumerator 'SEC_OID_MISSI_DSS' in switch of enum 'SECOidTag' is not explicitly handled by a case label
 5:36.48 d:\a\K-Meleon-R\K-Meleon-R\goanna\obj-x64\dist\include\nss\secoidt.h(34): note: see declaration of 'SECOidTag'
 5:36.48 d:\a\K-Meleon-R\K-Meleon-R\goanna\security\manager\ssl\src\ScopedNSSTypes.h(217): warning C4061: enumerator 'SEC_OID_MISSI_KEA' in switch of enum 'SECOidTag' is not explicitly handled by a case label
 5:36.48 d:\a\K-Meleon-R\K-Meleon-R\goanna\obj-x64\dist\include\nss\secoidt.h(34): note: see declaration of 'SECOidTag'
 5:36.48 d:\a\K-Meleon-R\K-Meleon-R\goanna\security\manager\ssl\src\ScopedNSSTypes.h(217): warning C4061: enumerator 'SEC_OID_MISSI_ALT_KEA' in switch of enum 'SECOidTag' is not explicitly handled by a case label
 5:36.48 d:\a\K-Meleon-R\K-Meleon-R\goanna\obj-x64\dist\include\nss\secoidt.h(34): note: see declaration of 'SECOidTag'
 5:36.48 d:\a\K-Meleon-R\K-Meleon-R\goanna\security\manager\ssl\src\ScopedNSSTypes.h(217): warning C4061: enumerator 'SEC_OID_NS_CERT_EXT_NETSCAPE_OK' in switch of enum 'SECOidTag' is not explicitly handled by a case label
 5:36.48 d:\a\K-Meleon-R\K-Meleon-R\goanna\obj-x64\dist\include\nss\secoidt.h(34): note: see declaration of 'SECOidTag'
 5:36.48 d:\a\K-Meleon-R\K-Meleon-R\goanna\security\manager\ssl\src\ScopedNSSTypes.h(217): warning C4061: enumerator 'SEC_OID_NS_CERT_EXT_ISSUER_LOGO' in switch of enum 'SECOidTag' is not explicitly handled by a case label
 5:36.48 d:\a\K-Meleon-R\K-Meleon-R\goanna\obj-x64\dist\include\nss\secoidt.h(34): note: see declaration of 'SECOidTag'
 5:36.48 d:\a\K-Meleon-R\K-Meleon-R\goanna\security\manager\ssl\src\ScopedNSSTypes.h(217): warning C4061: enumerator 'SEC_OID_NS_CERT_EXT_SUBJECT_LOGO' in switch of enum 'SECOidTag' is not explicitly handled by a case label
 5:36.48 d:\a\K-Meleon-R\K-Meleon-R\goanna\obj-x64\dist\include\nss\secoidt.h(34): note: see declaration of 'SECOidTag'
 5:36.48 d:\a\K-Meleon-R\K-Meleon-R\goanna\security\manager\ssl\src\ScopedNSSTypes.h(217): warning C4061: enumerator 'SEC_OID_NS_CERT_EXT_CERT_TYPE' in switch of enum 'SECOidTag' is not explicitly handled by a case label
 5:36.48 d:\a\K-Meleon-R\K-Meleon-R\goanna\obj-x64\dist\include\nss\secoidt.h(34): note: see declaration of 'SECOidTag'
 5:36.48 d:\a\K-Meleon-R\K-Meleon-R\goanna\security\manager\ssl\src\ScopedNSSTypes.h(217): warning C4061: enumerator 'SEC_OID_NS_CERT_EXT_BASE_URL' in switch of enum 'SECOidTag' is not explicitly handled by a case label
 5:36.48 d:\a\K-Meleon-R\K-Meleon-R\goanna\obj-x64\dist\include\nss\secoidt.h(34): note: see declaration of 'SECOidTag'
 5:36.48 d:\a\K-Meleon-R\K-Meleon-R\goanna\security\manager\ssl\src\ScopedNSSTypes.h(217): warning C4061: enumerator 'SEC_OID_NS_CERT_EXT_REVOCATION_URL' in switch of enum 'SECOidTag' is not explicitly handled by a case label
 5:36.48 d:\a\K-Meleon-R\K-Meleon-R\goanna\obj-x64\dist\include\nss\secoidt.h(34): note: see declaration of 'SECOidTag'
 5:36.48 d:\a\K-Meleon-R\K-Meleon-R\goanna\security\manager\ssl\src\ScopedNSSTypes.h(217): warning C4061: enumerator 'SEC_OID_NS_CERT_EXT_CA_REVOCATION_URL' in switch of enum 'SECOidTag' is not explicitly handled by a case label
 5:36.48 d:\a\K-Meleon-R\K-Meleon-R\goanna\obj-x64\dist\include\nss\secoidt.h(34): note: see declaration of 'SECOidTag'
 5:36.48 d:\a\K-Meleon-R\K-Meleon-R\goanna\security\manager\ssl\src\ScopedNSSTypes.h(217): warning C4061: enumerator 'SEC_OID_NS_CERT_EXT_CA_CRL_URL' in switch of enum 'SECOidTag' is not explicitly handled by a case label
 5:36.48 d:\a\K-Meleon-R\K-Meleon-R\goanna\obj-x64\dist\include\nss\secoidt.h(34): note: see declaration of 'SECOidTag'
 5:36.48 d:\a\K-Meleon-R\K-Meleon-R\goanna\security\manager\ssl\src\ScopedNSSTypes.h(217): warning C4061: enumerator 'SEC_OID_NS_CERT_EXT_CA_CERT_URL' in switch of enum 'SECOidTag' is not explicitly handled by a case label
 5:36.49 d:\a\K-Meleon-R\K-Meleon-R\goanna\obj-x64\dist\include\nss\secoidt.h(34): note: see declaration of 'SECOidTag'
 5:36.49 d:\a\K-Meleon-R\K-Meleon-R\goanna\security\manager\ssl\src\ScopedNSSTypes.h(217): warning C4061: enumerator 'SEC_OID_NS_CERT_EXT_CERT_RENEWAL_URL' in switch of enum 'SECOidTag' is not explicitly handled by a case label
 5:36.49 d:\a\K-Meleon-R\K-Meleon-R\goanna\obj-x64\dist\include\nss\secoidt.h(34): note: see declaration of 'SECOidTag'
 5:36.49 d:\a\K-Meleon-R\K-Meleon-R\goanna\security\manager\ssl\src\ScopedNSSTypes.h(217): warning C4061: enumerator 'SEC_OID_NS_CERT_EXT_CA_POLICY_URL' in switch of enum 'SECOidTag' is not explicitly handled by a case label
 5:36.49 d:\a\K-Meleon-R\K-Meleon-R\goanna\obj-x64\dist\include\nss\secoidt.h(34): note: see declaration of 'SECOidTag'
 5:36.49 d:\a\K-Meleon-R\K-Meleon-R\goanna\security\manager\ssl\src\ScopedNSSTypes.h(217): warning C4061: enumerator 'SEC_OID_NS_CERT_EXT_HOMEPAGE_URL' in switch of enum 'SECOidTag' is not explicitly handled by a case label
 5:36.49 d:\a\K-Meleon-R\K-Meleon-R\goanna\obj-x64\dist\include\nss\secoidt.h(34): note: see declaration of 'SECOidTag'
 5:36.49 d:\a\K-Meleon-R\K-Meleon-R\goanna\security\manager\ssl\src\ScopedNSSTypes.h(217): warning C4061: enumerator 'SEC_OID_NS_CERT_EXT_ENTITY_LOGO' in switch of enum 'SECOidTag' is not explicitly handled by a case label
 5:36.49 d:\a\K-Meleon-R\K-Meleon-R\goanna\obj-x64\dist\include\nss\secoidt.h(34): note: see declaration of 'SECOidTag'
 5:36.49 d:\a\K-Meleon-R\K-Meleon-R\goanna\security\manager\ssl\src\ScopedNSSTypes.h(217): warning C4061: enumerator 'SEC_OID_NS_CERT_EXT_USER_PICTURE' in switch of enum 'SECOidTag' is not explicitly handled by a case label
 5:36.49 d:\a\K-Meleon-R\K-Meleon-R\goanna\obj-x64\dist\include\nss\secoidt.h(34): note: see declaration of 'SECOidTag'
 5:36.49 d:\a\K-Meleon-R\K-Meleon-R\goanna\security\manager\ssl\src\ScopedNSSTypes.h(217): warning C4061: enumerator 'SEC_OID_NS_CERT_EXT_SSL_SERVER_NAME' in switch of enum 'SECOidTag' is not explicitly handled by a case label
 5:36.49 d:\a\K-Meleon-R\K-Meleon-R\goanna\obj-x64\dist\include\nss\secoidt.h(34): note: see declaration of 'SECOidTag'
 5:36.49 d:\a\K-Meleon-R\K-Meleon-R\goanna\security\manager\ssl\src\ScopedNSSTypes.h(217): warning C4061: enumerator 'SEC_OID_NS_CERT_EXT_COMMENT' in switch of enum 'SECOidTag' is not explicitly handled by a case label
 5:36.49 d:\a\K-Meleon-R\K-Meleon-R\goanna\obj-x64\dist\include\nss\secoidt.h(34): note: see declaration of 'SECOidTag'
 5:36.49 d:\a\K-Meleon-R\K-Meleon-R\goanna\security\manager\ssl\src\ScopedNSSTypes.h(217): warning C4061: enumerator 'SEC_OID_NS_CERT_EXT_LOST_PASSWORD_URL' in switch of enum 'SECOidTag' is not explicitly handled by a case label
 5:36.49 d:\a\K-Meleon-R\K-Meleon-R\goanna\obj-x64\dist\include\nss\secoidt.h(34): note: see declaration of 'SECOidTag'
 5:36.49 d:\a\K-Meleon-R\K-Meleon-R\goanna\security\manager\ssl\src\ScopedNSSTypes.h(217): warning C4061: enumerator 'SEC_OID_NS_CERT_EXT_CERT_RENEWAL_TIME' in switch of enum 'SECOidTag' is not explicitly handled by a case label
 5:36.49 d:\a\K-Meleon-R\K-Meleon-R\goanna\obj-x64\dist\include\nss\secoidt.h(34): note: see declaration of 'SECOidTag'
 5:36.49 d:\a\K-Meleon-R\K-Meleon-R\goanna\security\manager\ssl\src\ScopedNSSTypes.h(217): warning C4061: enumerator 'SEC_OID_NS_KEY_USAGE_GOVT_APPROVED' in switch of enum 'SECOidTag' is not explicitly handled by a case label
 5:36.49 d:\a\K-Meleon-R\K-Meleon-R\goanna\obj-x64\dist\include\nss\secoidt.h(34): note: see declaration of 'SECOidTag'
 5:36.49 d:\a\K-Meleon-R\K-Meleon-R\goanna\security\manager\ssl\src\ScopedNSSTypes.h(217): warning C4061: enumerator 'SEC_OID_X509_SUBJECT_DIRECTORY_ATTR' in switch of enum 'SECOidTag' is not explicitly handled by a case label
 5:36.49 d:\a\K-Meleon-R\K-Meleon-R\goanna\obj-x64\dist\include\nss\secoidt.h(34): note: see declaration of 'SECOidTag'
 5:36.49 d:\a\K-Meleon-R\K-Meleon-R\goanna\security\manager\ssl\src\ScopedNSSTypes.h(217): warning C4061: enumerator 'SEC_OID_X509_SUBJECT_KEY_ID' in switch of enum 'SECOidTag' is not explicitly handled by a case label
 5:36.49 d:\a\K-Meleon-R\K-Meleon-R\goanna\obj-x64\dist\include\nss\secoidt.h(34): note: see declaration of 'SECOidTag'
 5:36.49 d:\a\K-Meleon-R\K-Meleon-R\goanna\security\manager\ssl\src\ScopedNSSTypes.h(217): warning C4061: enumerator 'SEC_OID_X509_KEY_USAGE' in switch of enum 'SECOidTag' is not explicitly handled by a case label
 5:36.49 d:\a\K-Meleon-R\K-Meleon-R\goanna\obj-x64\dist\include\nss\secoidt.h(34): note: see declaration of 'SECOidTag'
 5:36.49 d:\a\K-Meleon-R\K-Meleon-R\goanna\security\manager\ssl\src\ScopedNSSTypes.h(217): warning C4061: enumerator 'SEC_OID_X509_PRIVATE_KEY_USAGE_PERIOD' in switch of enum 'SECOidTag' is not explicitly handled by a case label
 5:36.49 d:\a\K-Meleon-R\K-Meleon-R\goanna\obj-x64\dist\include\nss\secoidt.h(34): note: see declaration of 'SECOidTag'
 5:36.49 d:\a\K-Meleon-R\K-Meleon-R\goanna\security\manager\ssl\src\ScopedNSSTypes.h(217): warning C4061: enumerator 'SEC_OID_X509_SUBJECT_ALT_NAME' in switch of enum 'SECOidTag' is not explicitly handled by a case label
 5:36.49 d:\a\K-Meleon-R\K-Meleon-R\goanna\obj-x64\dist\include\nss\secoidt.h(34): note: see declaration of 'SECOidTag'
 5:36.49 d:\a\K-Meleon-R\K-Meleon-R\goanna\security\manager\ssl\src\ScopedNSSTypes.h(217): warning C4061: enumerator 'SEC_OID_X509_ISSUER_ALT_NAME' in switch of enum 'SECOidTag' is not explicitly handled by a case label
 5:36.49 d:\a\K-Meleon-R\K-Meleon-R\goanna\obj-x64\dist\include\nss\secoidt.h(34): note: see declaration of 'SECOidTag'
 5:36.49 d:\a\K-Meleon-R\K-Meleon-R\goanna\security\manager\ssl\src\ScopedNSSTypes.h(217): warning C4061: enumerator 'SEC_OID_X509_BASIC_CONSTRAINTS' in switch of enum 'SECOidTag' is not explicitly handled by a case label
 5:36.49 d:\a\K-Meleon-R\K-Meleon-R\goanna\obj-x64\dist\include\nss\secoidt.h(34): note: see declaration of 'SECOidTag'
 5:36.49 d:\a\K-Meleon-R\K-Meleon-R\goanna\security\manager\ssl\src\ScopedNSSTypes.h(217): warning C4061: enumerator 'SEC_OID_X509_NAME_CONSTRAINTS' in switch of enum 'SECOidTag' is not explicitly handled by a case label
 5:36.49 d:\a\K-Meleon-R\K-Meleon-R\goanna\obj-x64\dist\include\nss\secoidt.h(34): note: see declaration of 'SECOidTag'
 5:36.49 d:\a\K-Meleon-R\K-Meleon-R\goanna\security\manager\ssl\src\ScopedNSSTypes.h(217): warning C4061: enumerator 'SEC_OID_X509_CRL_DIST_POINTS' in switch of enum 'SECOidTag' is not explicitly handled by a case label
 5:36.49 d:\a\K-Meleon-R\K-Meleon-R\goanna\obj-x64\dist\include\nss\secoidt.h(34): note: see declaration of 'SECOidTag'
 5:36.49 d:\a\K-Meleon-R\K-Meleon-R\goanna\security\manager\ssl\src\ScopedNSSTypes.h(217): warning C4061: enumerator 'SEC_OID_X509_CERTIFICATE_POLICIES' in switch of enum 'SECOidTag' is not explicitly handled by a case label
 5:36.49 d:\a\K-Meleon-R\K-Meleon-R\goanna\obj-x64\dist\include\nss\secoidt.h(34): note: see declaration of 'SECOidTag'
 5:36.49 d:\a\K-Meleon-R\K-Meleon-R\goanna\security\manager\ssl\src\ScopedNSSTypes.h(217): warning C4061: enumerator 'SEC_OID_X509_POLICY_MAPPINGS' in switch of enum 'SECOidTag' is not explicitly handled by a case label
 5:36.49 d:\a\K-Meleon-R\K-Meleon-R\goanna\obj-x64\dist\include\nss\secoidt.h(34): note: see declaration of 'SECOidTag'
 5:36.49 d:\a\K-Meleon-R\K-Meleon-R\goanna\security\manager\ssl\src\ScopedNSSTypes.h(217): warning C4061: enumerator 'SEC_OID_X509_POLICY_CONSTRAINTS' in switch of enum 'SECOidTag' is not explicitly handled by a case label
 5:36.49 d:\a\K-Meleon-R\K-Meleon-R\goanna\obj-x64\dist\include\nss\secoidt.h(34): note: see declaration of 'SECOidTag'
 5:36.49 d:\a\K-Meleon-R\K-Meleon-R\goanna\security\manager\ssl\src\ScopedNSSTypes.h(217): warning C4061: enumerator 'SEC_OID_X509_AUTH_KEY_ID' in switch of enum 'SECOidTag' is not explicitly handled by a case label
 5:36.49 d:\a\K-Meleon-R\K-Meleon-R\goanna\obj-x64\dist\include\nss\secoidt.h(34): note: see declaration of 'SECOidTag'
 5:36.49 d:\a\K-Meleon-R\K-Meleon-R\goanna\security\manager\ssl\src\ScopedNSSTypes.h(217): warning C4061: enumerator 'SEC_OID_X509_EXT_KEY_USAGE' in switch of enum 'SECOidTag' is not explicitly handled by a case label
 5:36.49 d:\a\K-Meleon-R\K-Meleon-R\goanna\obj-x64\dist\include\nss\secoidt.h(34): note: see declaration of 'SECOidTag'
 5:36.49 d:\a\K-Meleon-R\K-Meleon-R\goanna\security\manager\ssl\src\ScopedNSSTypes.h(217): warning C4061: enumerator 'SEC_OID_X509_AUTH_INFO_ACCESS' in switch of enum 'SECOidTag' is not explicitly handled by a case label
 5:36.49 d:\a\K-Meleon-R\K-Meleon-R\goanna\obj-x64\dist\include\nss\secoidt.h(34): note: see declaration of 'SECOidTag'
 5:36.49 d:\a\K-Meleon-R\K-Meleon-R\goanna\security\manager\ssl\src\ScopedNSSTypes.h(217): warning C4061: enumerator 'SEC_OID_X509_CRL_NUMBER' in switch of enum 'SECOidTag' is not explicitly handled by a case label
 5:36.49 d:\a\K-Meleon-R\K-Meleon-R\goanna\obj-x64\dist\include\nss\secoidt.h(34): note: see declaration of 'SECOidTag'
 5:36.49 d:\a\K-Meleon-R\K-Meleon-R\goanna\security\manager\ssl\src\ScopedNSSTypes.h(217): warning C4061: enumerator 'SEC_OID_X509_REASON_CODE' in switch of enum 'SECOidTag' is not explicitly handled by a case label
 5:36.49 d:\a\K-Meleon-R\K-Meleon-R\goanna\obj-x64\dist\include\nss\secoidt.h(34): note: see declaration of 'SECOidTag'
 5:36.49 d:\a\K-Meleon-R\K-Meleon-R\goanna\security\manager\ssl\src\ScopedNSSTypes.h(217): warning C4061: enumerator 'SEC_OID_X509_INVALID_DATE' in switch of enum 'SECOidTag' is not explicitly handled by a case label
 5:36.49 d:\a\K-Meleon-R\K-Meleon-R\goanna\obj-x64\dist\include\nss\secoidt.h(34): note: see declaration of 'SECOidTag'
 5:36.49 d:\a\K-Meleon-R\K-Meleon-R\goanna\security\manager\ssl\src\ScopedNSSTypes.h(217): warning C4061: enumerator 'SEC_OID_X500_RSA_ENCRYPTION' in switch of enum 'SECOidTag' is not explicitly handled by a case label
 5:36.49 d:\a\K-Meleon-R\K-Meleon-R\goanna\obj-x64\dist\include\nss\secoidt.h(34): note: see declaration of 'SECOidTag'
 5:36.49 d:\a\K-Meleon-R\K-Meleon-R\goanna\security\manager\ssl\src\ScopedNSSTypes.h(217): warning C4061: enumerator 'SEC_OID_RFC1274_UID' in switch of enum 'SECOidTag' is not explicitly handled by a case label
 5:36.49 d:\a\K-Meleon-R\K-Meleon-R\goanna\obj-x64\dist\include\nss\secoidt.h(34): note: see declaration of 'SECOidTag'
 5:36.49 d:\a\K-Meleon-R\K-Meleon-R\goanna\security\manager\ssl\src\ScopedNSSTypes.h(217): warning C4061: enumerator 'SEC_OID_RFC1274_MAIL' in switch of enum 'SECOidTag' is not explicitly handled by a case label
 5:36.49 d:\a\K-Meleon-R\K-Meleon-R\goanna\obj-x64\dist\include\nss\secoidt.h(34): note: see declaration of 'SECOidTag'
 5:36.49 d:\a\K-Meleon-R\K-Meleon-R\goanna\security\manager\ssl\src\ScopedNSSTypes.h(217): warning C4061: enumerator 'SEC_OID_PKCS12' in switch of enum 'SECOidTag' is not explicitly handled by a case label
 5:36.49 d:\a\K-Meleon-R\K-Meleon-R\goanna\obj-x64\dist\include\nss\secoidt.h(34): note: see declaration of 'SECOidTag'
 5:36.49 d:\a\K-Meleon-R\K-Meleon-R\goanna\security\manager\ssl\src\ScopedNSSTypes.h(217): warning C4061: enumerator 'SEC_OID_PKCS12_MODE_IDS' in switch of enum 'SECOidTag' is not explicitly handled by a case label
 5:36.49 d:\a\K-Meleon-R\K-Meleon-R\goanna\obj-x64\dist\include\nss\secoidt.h(34): note: see declaration of 'SECOidTag'
 5:36.49 d:\a\K-Meleon-R\K-Meleon-R\goanna\security\manager\ssl\src\ScopedNSSTypes.h(217): warning C4061: enumerator 'SEC_OID_PKCS12_ESPVK_IDS' in switch of enum 'SECOidTag' is not explicitly handled by a case label
 5:36.49 d:\a\K-Meleon-R\K-Meleon-R\goanna\obj-x64\dist\include\nss\secoidt.h(34): note: see declaration of 'SECOidTag'
 5:36.49 d:\a\K-Meleon-R\K-Meleon-R\goanna\security\manager\ssl\src\ScopedNSSTypes.h(217): warning C4061: enumerator 'SEC_OID_PKCS12_BAG_IDS' in switch of enum 'SECOidTag' is not explicitly handled by a case label
 5:36.49 d:\a\K-Meleon-R\K-Meleon-R\goanna\obj-x64\dist\include\nss\secoidt.h(34): note: see declaration of 'SECOidTag'
 5:36.49 d:\a\K-Meleon-R\K-Meleon-R\goanna\security\manager\ssl\src\ScopedNSSTypes.h(217): warning C4061: enumerator 'SEC_OID_PKCS12_CERT_BAG_IDS' in switch of enum 'SECOidTag' is not explicitly handled by a case label
 5:36.49 d:\a\K-Meleon-R\K-Meleon-R\goanna\obj-x64\dist\include\nss\secoidt.h(34): note: see declaration of 'SECOidTag'
 5:36.49 d:\a\K-Meleon-R\K-Meleon-R\goanna\security\manager\ssl\src\ScopedNSSTypes.h(217): warning C4061: enumerator 'SEC_OID_PKCS12_OIDS' in switch of enum 'SECOidTag' is not explicitly handled by a case label
 5:36.49 d:\a\K-Meleon-R\K-Meleon-R\goanna\obj-x64\dist\include\nss\secoidt.h(34): note: see declaration of 'SECOidTag'
 5:36.49 d:\a\K-Meleon-R\K-Meleon-R\goanna\security\manager\ssl\src\ScopedNSSTypes.h(217): warning C4061: enumerator 'SEC_OID_PKCS12_PBE_IDS' in switch of enum 'SECOidTag' is not explicitly handled by a case label
 5:36.49 d:\a\K-Meleon-R\K-Meleon-R\goanna\obj-x64\dist\include\nss\secoidt.h(34): note: see declaration of 'SECOidTag'
 5:36.49 d:\a\K-Meleon-R\K-Meleon-R\goanna\security\manager\ssl\src\ScopedNSSTypes.h(217): warning C4061: enumerator 'SEC_OID_PKCS12_SIGNATURE_IDS' in switch of enum 'SECOidTag' is not explicitly handled by a case label
 5:36.49 d:\a\K-Meleon-R\K-Meleon-R\goanna\obj-x64\dist\include\nss\secoidt.h(34): note: see declaration of 'SECOidTag'
 5:36.49 d:\a\K-Meleon-R\K-Meleon-R\goanna\security\manager\ssl\src\ScopedNSSTypes.h(217): warning C4061: enumerator 'SEC_OID_PKCS12_ENVELOPING_IDS' in switch of enum 'SECOidTag' is not explicitly handled by a case label
 5:36.49 d:\a\K-Meleon-R\K-Meleon-R\goanna\obj-x64\dist\include\nss\secoidt.h(34): note: see declaration of 'SECOidTag'
 5:36.49 d:\a\K-Meleon-R\K-Meleon-R\goanna\security\manager\ssl\src\ScopedNSSTypes.h(217): warning C4061: enumerator 'SEC_OID_PKCS12_PKCS8_KEY_SHROUDING' in switch of enum 'SECOidTag' is not explicitly handled by a case label
 5:36.49 d:\a\K-Meleon-R\K-Meleon-R\goanna\obj-x64\dist\include\nss\secoidt.h(34): note: see declaration of 'SECOidTag'
 5:36.49 d:\a\K-Meleon-R\K-Meleon-R\goanna\security\manager\ssl\src\ScopedNSSTypes.h(217): warning C4061: enumerator 'SEC_OID_PKCS12_KEY_BAG_ID' in switch of enum 'SECOidTag' is not explicitly handled by a case label
 5:36.49 d:\a\K-Meleon-R\K-Meleon-R\goanna\obj-x64\dist\include\nss\secoidt.h(34): note: see declaration of 'SECOidTag'
 5:36.49 d:\a\K-Meleon-R\K-Meleon-R\goanna\security\manager\ssl\src\ScopedNSSTypes.h(217): warning C4061: enumerator 'SEC_OID_PKCS12_CERT_AND_CRL_BAG_ID' in switch of enum 'SECOidTag' is not explicitly handled by a case label
 5:36.49 d:\a\K-Meleon-R\K-Meleon-R\goanna\obj-x64\dist\include\nss\secoidt.h(34): note: see declaration of 'SECOidTag'
 5:36.49 d:\a\K-Meleon-R\K-Meleon-R\goanna\security\manager\ssl\src\ScopedNSSTypes.h(217): warning C4061: enumerator 'SEC_OID_PKCS12_SECRET_BAG_ID' in switch of enum 'SECOidTag' is not explicitly handled by a case label
 5:36.49 d:\a\K-Meleon-R\K-Meleon-R\goanna\obj-x64\dist\include\nss\secoidt.h(34): note: see declaration of 'SECOidTag'
 5:36.49 d:\a\K-Meleon-R\K-Meleon-R\goanna\security\manager\ssl\src\ScopedNSSTypes.h(217): warning C4061: enumerator 'SEC_OID_PKCS12_X509_CERT_CRL_BAG' in switch of enum 'SECOidTag' is not explicitly handled by a case label
 5:36.49 d:\a\K-Meleon-R\K-Meleon-R\goanna\obj-x64\dist\include\nss\secoidt.h(34): note: see declaration of 'SECOidTag'
 5:36.49 d:\a\K-Meleon-R\K-Meleon-R\goanna\security\manager\ssl\src\ScopedNSSTypes.h(217): warning C4061: enumerator 'SEC_OID_PKCS12_SDSI_CERT_BAG' in switch of enum 'SECOidTag' is not explicitly handled by a case label
 5:36.49 d:\a\K-Meleon-R\K-Meleon-R\goanna\obj-x64\dist\include\nss\secoidt.h(34): note: see declaration of 'SECOidTag'
 5:36.49 d:\a\K-Meleon-R\K-Meleon-R\goanna\security\manager\ssl\src\ScopedNSSTypes.h(217): warning C4061: enumerator 'SEC_OID_PKCS12_PBE_WITH_SHA1_AND_128_BIT_RC4' in switch of enum 'SECOidTag' is not explicitly handled by a case label
 5:36.49 d:\a\K-Meleon-R\K-Meleon-R\goanna\obj-x64\dist\include\nss\secoidt.h(34): note: see declaration of 'SECOidTag'
 5:36.49 d:\a\K-Meleon-R\K-Meleon-R\goanna\security\manager\ssl\src\ScopedNSSTypes.h(217): warning C4061: enumerator 'SEC_OID_PKCS12_PBE_WITH_SHA1_AND_40_BIT_RC4' in switch of enum 'SECOidTag' is not explicitly handled by a case label
 5:36.49 d:\a\K-Meleon-R\K-Meleon-R\goanna\obj-x64\dist\include\nss\secoidt.h(34): note: see declaration of 'SECOidTag'
 5:36.49 d:\a\K-Meleon-R\K-Meleon-R\goanna\security\manager\ssl\src\ScopedNSSTypes.h(217): warning C4061: enumerator 'SEC_OID_PKCS12_PBE_WITH_SHA1_AND_TRIPLE_DES_CBC' in switch of enum 'SECOidTag' is not explicitly handled by a case label
 5:36.49 d:\a\K-Meleon-R\K-Meleon-R\goanna\obj-x64\dist\include\nss\secoidt.h(34): note: see declaration of 'SECOidTag'
 5:36.49 d:\a\K-Meleon-R\K-Meleon-R\goanna\security\manager\ssl\src\ScopedNSSTypes.h(217): warning C4061: enumerator 'SEC_OID_PKCS12_PBE_WITH_SHA1_AND_128_BIT_RC2_CBC' in switch of enum 'SECOidTag' is not explicitly handled by a case label
 5:36.49 d:\a\K-Meleon-R\K-Meleon-R\goanna\obj-x64\dist\include\nss\secoidt.h(34): note: see declaration of 'SECOidTag'
 5:36.49 d:\a\K-Meleon-R\K-Meleon-R\goanna\security\manager\ssl\src\ScopedNSSTypes.h(217): warning C4061: enumerator 'SEC_OID_PKCS12_PBE_WITH_SHA1_AND_40_BIT_RC2_CBC' in switch of enum 'SECOidTag' is not explicitly handled by a case label
 5:36.49 d:\a\K-Meleon-R\K-Meleon-R\goanna\obj-x64\dist\include\nss\secoidt.h(34): note: see declaration of 'SECOidTag'
 5:36.49 d:\a\K-Meleon-R\K-Meleon-R\goanna\security\manager\ssl\src\ScopedNSSTypes.h(217): warning C4061: enumerator 'SEC_OID_PKCS12_RSA_ENCRYPTION_WITH_128_BIT_RC4' in switch of enum 'SECOidTag' is not explicitly handled by a case label
 5:36.49 d:\a\K-Meleon-R\K-Meleon-R\goanna\obj-x64\dist\include\nss\secoidt.h(34): note: see declaration of 'SECOidTag'
 5:36.49 d:\a\K-Meleon-R\K-Meleon-R\goanna\security\manager\ssl\src\ScopedNSSTypes.h(217): warning C4061: enumerator 'SEC_OID_PKCS12_RSA_ENCRYPTION_WITH_40_BIT_RC4' in switch of enum 'SECOidTag' is not explicitly handled by a case label
 5:36.49 d:\a\K-Meleon-R\K-Meleon-R\goanna\obj-x64\dist\include\nss\secoidt.h(34): note: see declaration of 'SECOidTag'
 5:36.49 d:\a\K-Meleon-R\K-Meleon-R\goanna\security\manager\ssl\src\ScopedNSSTypes.h(217): warning C4061: enumerator 'SEC_OID_PKCS12_RSA_ENCRYPTION_WITH_TRIPLE_DES' in switch of enum 'SECOidTag' is not explicitly handled by a case label
 5:36.49 d:\a\K-Meleon-R\K-Meleon-R\goanna\obj-x64\dist\include\nss\secoidt.h(34): note: see declaration of 'SECOidTag'
 5:36.49 d:\a\K-Meleon-R\K-Meleon-R\goanna\security\manager\ssl\src\ScopedNSSTypes.h(217): warning C4061: enumerator 'SEC_OID_PKCS12_RSA_SIGNATURE_WITH_SHA1_DIGEST' in switch of enum 'SECOidTag' is not explicitly handled by a case label
 5:36.49 d:\a\K-Meleon-R\K-Meleon-R\goanna\obj-x64\dist\include\nss\secoidt.h(34): note: see declaration of 'SECOidTag'
 5:36.49 d:\a\K-Meleon-R\K-Meleon-R\goanna\security\manager\ssl\src\ScopedNSSTypes.h(217): warning C4061: enumerator 'SEC_OID_ANSIX9_DSA_SIGNATURE' in switch of enum 'SECOidTag' is not explicitly handled by a case label
 5:36.49 d:\a\K-Meleon-R\K-Meleon-R\goanna\obj-x64\dist\include\nss\secoidt.h(34): note: see declaration of 'SECOidTag'
 5:36.49 d:\a\K-Meleon-R\K-Meleon-R\goanna\security\manager\ssl\src\ScopedNSSTypes.h(217): warning C4061: enumerator 'SEC_OID_ANSIX9_DSA_SIGNATURE_WITH_SHA1_DIGEST' in switch of enum 'SECOidTag' is not explicitly handled by a case label
 5:36.49 d:\a\K-Meleon-R\K-Meleon-R\goanna\obj-x64\dist\include\nss\secoidt.h(34): note: see declaration of 'SECOidTag'
 5:36.49 d:\a\K-Meleon-R\K-Meleon-R\goanna\security\manager\ssl\src\ScopedNSSTypes.h(217): warning C4061: enumerator 'SEC_OID_BOGUS_DSA_SIGNATURE_WITH_SHA1_DIGEST' in switch of enum 'SECOidTag' is not explicitly handled by a case label
 5:36.49 d:\a\K-Meleon-R\K-Meleon-R\goanna\obj-x64\dist\include\nss\secoidt.h(34): note: see declaration of 'SECOidTag'
 5:36.49 d:\a\K-Meleon-R\K-Meleon-R\goanna\security\manager\ssl\src\ScopedNSSTypes.h(217): warning C4061: enumerator 'SEC_OID_VERISIGN_USER_NOTICES' in switch of enum 'SECOidTag' is not explicitly handled by a case label
 5:36.49 d:\a\K-Meleon-R\K-Meleon-R\goanna\obj-x64\dist\include\nss\secoidt.h(34): note: see declaration of 'SECOidTag'
 5:36.49 d:\a\K-Meleon-R\K-Meleon-R\goanna\security\manager\ssl\src\ScopedNSSTypes.h(217): warning C4061: enumerator 'SEC_OID_PKIX_CPS_POINTER_QUALIFIER' in switch of enum 'SECOidTag' is not explicitly handled by a case label
 5:36.49 d:\a\K-Meleon-R\K-Meleon-R\goanna\obj-x64\dist\include\nss\secoidt.h(34): note: see declaration of 'SECOidTag'
 5:36.49 d:\a\K-Meleon-R\K-Meleon-R\goanna\security\manager\ssl\src\ScopedNSSTypes.h(217): warning C4061: enumerator 'SEC_OID_PKIX_USER_NOTICE_QUALIFIER' in switch of enum 'SECOidTag' is not explicitly handled by a case label
 5:36.49 d:\a\K-Meleon-R\K-Meleon-R\goanna\obj-x64\dist\include\nss\secoidt.h(34): note: see declaration of 'SECOidTag'
 5:36.49 d:\a\K-Meleon-R\K-Meleon-R\goanna\security\manager\ssl\src\ScopedNSSTypes.h(217): warning C4061: enumerator 'SEC_OID_PKIX_OCSP' in switch of enum 'SECOidTag' is not explicitly handled by a case label
 5:36.49 d:\a\K-Meleon-R\K-Meleon-R\goanna\obj-x64\dist\include\nss\secoidt.h(34): note: see declaration of 'SECOidTag'
 5:36.49 d:\a\K-Meleon-R\K-Meleon-R\goanna\security\manager\ssl\src\ScopedNSSTypes.h(217): warning C4061: enumerator 'SEC_OID_PKIX_OCSP_BASIC_RESPONSE' in switch of enum 'SECOidTag' is not explicitly handled by a case label
 5:36.49 d:\a\K-Meleon-R\K-Meleon-R\goanna\obj-x64\dist\include\nss\secoidt.h(34): note: see declaration of 'SECOidTag'
 5:36.49 d:\a\K-Meleon-R\K-Meleon-R\goanna\security\manager\ssl\src\ScopedNSSTypes.h(217): warning C4061: enumerator 'SEC_OID_PKIX_OCSP_NONCE' in switch of enum 'SECOidTag' is not explicitly handled by a case label
 5:36.49 d:\a\K-Meleon-R\K-Meleon-R\goanna\obj-x64\dist\include\nss\secoidt.h(34): note: see declaration of 'SECOidTag'
 5:36.49 d:\a\K-Meleon-R\K-Meleon-R\goanna\security\manager\ssl\src\ScopedNSSTypes.h(217): warning C4061: enumerator 'SEC_OID_PKIX_OCSP_CRL' in switch of enum 'SECOidTag' is not explicitly handled by a case label
 5:36.49 d:\a\K-Meleon-R\K-Meleon-R\goanna\obj-x64\dist\include\nss\secoidt.h(34): note: see declaration of 'SECOidTag'
 5:36.49 d:\a\K-Meleon-R\K-Meleon-R\goanna\security\manager\ssl\src\ScopedNSSTypes.h(217): warning C4061: enumerator 'SEC_OID_PKIX_OCSP_RESPONSE' in switch of enum 'SECOidTag' is not explicitly handled by a case label
 5:36.49 d:\a\K-Meleon-R\K-Meleon-R\goanna\obj-x64\dist\include\nss\secoidt.h(34): note: see declaration of 'SECOidTag'
 5:36.49 d:\a\K-Meleon-R\K-Meleon-R\goanna\security\manager\ssl\src\ScopedNSSTypes.h(217): warning C4061: enumerator 'SEC_OID_PKIX_OCSP_NO_CHECK' in switch of enum 'SECOidTag' is not explicitly handled by a case label
 5:36.49 d:\a\K-Meleon-R\K-Meleon-R\goanna\obj-x64\dist\include\nss\secoidt.h(34): note: see declaration of 'SECOidTag'
 5:36.49 d:\a\K-Meleon-R\K-Meleon-R\goanna\security\manager\ssl\src\ScopedNSSTypes.h(217): warning C4061: enumerator 'SEC_OID_PKIX_OCSP_ARCHIVE_CUTOFF' in switch of enum 'SECOidTag' is not explicitly handled by a case label
 5:36.49 d:\a\K-Meleon-R\K-Meleon-R\goanna\obj-x64\dist\include\nss\secoidt.h(34): note: see declaration of 'SECOidTag'
 5:36.49 d:\a\K-Meleon-R\K-Meleon-R\goanna\security\manager\ssl\src\ScopedNSSTypes.h(217): warning C4061: enumerator 'SEC_OID_PKIX_OCSP_SERVICE_LOCATOR' in switch of enum 'SECOidTag' is not explicitly handled by a case label
 5:36.49 d:\a\K-Meleon-R\K-Meleon-R\goanna\obj-x64\dist\include\nss\secoidt.h(34): note: see declaration of 'SECOidTag'
 5:36.49 d:\a\K-Meleon-R\K-Meleon-R\goanna\security\manager\ssl\src\ScopedNSSTypes.h(217): warning C4061: enumerator 'SEC_OID_PKIX_REGCTRL_REGTOKEN' in switch of enum 'SECOidTag' is not explicitly handled by a case label
 5:36.49 d:\a\K-Meleon-R\K-Meleon-R\goanna\obj-x64\dist\include\nss\secoidt.h(34): note: see declaration of 'SECOidTag'
 5:36.49 d:\a\K-Meleon-R\K-Meleon-R\goanna\security\manager\ssl\src\ScopedNSSTypes.h(217): warning C4061: enumerator 'SEC_OID_PKIX_REGCTRL_AUTHENTICATOR' in switch of enum 'SECOidTag' is not explicitly handled by a case label
 5:36.49 d:\a\K-Meleon-R\K-Meleon-R\goanna\obj-x64\dist\include\nss\secoidt.h(34): note: see declaration of 'SECOidTag'
 5:36.49 d:\a\K-Meleon-R\K-Meleon-R\goanna\security\manager\ssl\src\ScopedNSSTypes.h(217): warning C4061: enumerator 'SEC_OID_PKIX_REGCTRL_PKIPUBINFO' in switch of enum 'SECOidTag' is not explicitly handled by a case label
 5:36.49 d:\a\K-Meleon-R\K-Meleon-R\goanna\obj-x64\dist\include\nss\secoidt.h(34): note: see declaration of 'SECOidTag'
 5:36.51 d:\a\K-Meleon-R\K-Meleon-R\goanna\security\manager\ssl\src\ScopedNSSTypes.h(217): warning C4061: enumerator 'SEC_OID_PKIX_REGCTRL_PKI_ARCH_OPTIONS' in switch of enum 'SECOidTag' is not explicitly handled by a case label
 5:36.51 d:\a\K-Meleon-R\K-Meleon-R\goanna\obj-x64\dist\include\nss\secoidt.h(34): note: see declaration of 'SECOidTag'
 5:36.51 d:\a\K-Meleon-R\K-Meleon-R\goanna\security\manager\ssl\src\ScopedNSSTypes.h(217): warning C4061: enumerator 'SEC_OID_PKIX_REGCTRL_OLD_CERT_ID' in switch of enum 'SECOidTag' is not explicitly handled by a case label
 5:36.51 d:\a\K-Meleon-R\K-Meleon-R\goanna\obj-x64\dist\include\nss\secoidt.h(34): note: see declaration of 'SECOidTag'
 5:36.51 d:\a\K-Meleon-R\K-Meleon-R\goanna\security\manager\ssl\src\ScopedNSSTypes.h(217): warning C4061: enumerator 'SEC_OID_PKIX_REGCTRL_PROTOCOL_ENC_KEY' in switch of enum 'SECOidTag' is not explicitly handled by a case label
 5:36.51 d:\a\K-Meleon-R\K-Meleon-R\goanna\obj-x64\dist\include\nss\secoidt.h(34): note: see declaration of 'SECOidTag'
 5:36.51 d:\a\K-Meleon-R\K-Meleon-R\goanna\security\manager\ssl\src\ScopedNSSTypes.h(217): warning C4061: enumerator 'SEC_OID_PKIX_REGINFO_UTF8_PAIRS' in switch of enum 'SECOidTag' is not explicitly handled by a case label
 5:36.51 d:\a\K-Meleon-R\K-Meleon-R\goanna\obj-x64\dist\include\nss\secoidt.h(34): note: see declaration of 'SECOidTag'
 5:36.51 d:\a\K-Meleon-R\K-Meleon-R\goanna\security\manager\ssl\src\ScopedNSSTypes.h(217): warning C4061: enumerator 'SEC_OID_PKIX_REGINFO_CERT_REQUEST' in switch of enum 'SECOidTag' is not explicitly handled by a case label
 5:36.51 d:\a\K-Meleon-R\K-Meleon-R\goanna\obj-x64\dist\include\nss\secoidt.h(34): note: see declaration of 'SECOidTag'
 5:36.51 d:\a\K-Meleon-R\K-Meleon-R\goanna\security\manager\ssl\src\ScopedNSSTypes.h(217): warning C4061: enumerator 'SEC_OID_EXT_KEY_USAGE_SERVER_AUTH' in switch of enum 'SECOidTag' is not explicitly handled by a case label
 5:36.51 d:\a\K-Meleon-R\K-Meleon-R\goanna\obj-x64\dist\include\nss\secoidt.h(34): note: see declaration of 'SECOidTag'
 5:36.51 d:\a\K-Meleon-R\K-Meleon-R\goanna\security\manager\ssl\src\ScopedNSSTypes.h(217): warning C4061: enumerator 'SEC_OID_EXT_KEY_USAGE_CLIENT_AUTH' in switch of enum 'SECOidTag' is not explicitly handled by a case label
 5:36.51 d:\a\K-Meleon-R\K-Meleon-R\goanna\obj-x64\dist\include\nss\secoidt.h(34): note: see declaration of 'SECOidTag'
 5:36.51 d:\a\K-Meleon-R\K-Meleon-R\goanna\security\manager\ssl\src\ScopedNSSTypes.h(217): warning C4061: enumerator 'SEC_OID_EXT_KEY_USAGE_CODE_SIGN' in switch of enum 'SECOidTag' is not explicitly handled by a case label
 5:36.51 d:\a\K-Meleon-R\K-Meleon-R\goanna\obj-x64\dist\include\nss\secoidt.h(34): note: see declaration of 'SECOidTag'
 5:36.51 d:\a\K-Meleon-R\K-Meleon-R\goanna\security\manager\ssl\src\ScopedNSSTypes.h(217): warning C4061: enumerator 'SEC_OID_EXT_KEY_USAGE_EMAIL_PROTECT' in switch of enum 'SECOidTag' is not explicitly handled by a case label
 5:36.51 d:\a\K-Meleon-R\K-Meleon-R\goanna\obj-x64\dist\include\nss\secoidt.h(34): note: see declaration of 'SECOidTag'
 5:36.51 d:\a\K-Meleon-R\K-Meleon-R\goanna\security\manager\ssl\src\ScopedNSSTypes.h(217): warning C4061: enumerator 'SEC_OID_EXT_KEY_USAGE_TIME_STAMP' in switch of enum 'SECOidTag' is not explicitly handled by a case label
 5:36.51 d:\a\K-Meleon-R\K-Meleon-R\goanna\obj-x64\dist\include\nss\secoidt.h(34): note: see declaration of 'SECOidTag'
 5:36.51 d:\a\K-Meleon-R\K-Meleon-R\goanna\security\manager\ssl\src\ScopedNSSTypes.h(217): warning C4061: enumerator 'SEC_OID_OCSP_RESPONDER' in switch of enum 'SECOidTag' is not explicitly handled by a case label
 5:36.51 d:\a\K-Meleon-R\K-Meleon-R\goanna\obj-x64\dist\include\nss\secoidt.h(34): note: see declaration of 'SECOidTag'
 5:36.51 d:\a\K-Meleon-R\K-Meleon-R\goanna\security\manager\ssl\src\ScopedNSSTypes.h(217): warning C4061: enumerator 'SEC_OID_NETSCAPE_SMIME_KEA' in switch of enum 'SECOidTag' is not explicitly handled by a case label
 5:36.51 d:\a\K-Meleon-R\K-Meleon-R\goanna\obj-x64\dist\include\nss\secoidt.h(34): note: see declaration of 'SECOidTag'
 5:36.51 d:\a\K-Meleon-R\K-Meleon-R\goanna\security\manager\ssl\src\ScopedNSSTypes.h(217): warning C4061: enumerator 'SEC_OID_FORTEZZA_SKIPJACK' in switch of enum 'SECOidTag' is not explicitly handled by a case label
 5:36.51 d:\a\K-Meleon-R\K-Meleon-R\goanna\obj-x64\dist\include\nss\secoidt.h(34): note: see declaration of 'SECOidTag'
 5:36.51 d:\a\K-Meleon-R\K-Meleon-R\goanna\security\manager\ssl\src\ScopedNSSTypes.h(217): warning C4061: enumerator 'SEC_OID_PKCS12_V2_PBE_WITH_SHA1_AND_128_BIT_RC4' in switch of enum 'SECOidTag' is not explicitly handled by a case label
 5:36.51 d:\a\K-Meleon-R\K-Meleon-R\goanna\obj-x64\dist\include\nss\secoidt.h(34): note: see declaration of 'SECOidTag'
 5:36.51 d:\a\K-Meleon-R\K-Meleon-R\goanna\security\manager\ssl\src\ScopedNSSTypes.h(217): warning C4061: enumerator 'SEC_OID_PKCS12_V2_PBE_WITH_SHA1_AND_40_BIT_RC4' in switch of enum 'SECOidTag' is not explicitly handled by a case label
 5:36.51 d:\a\K-Meleon-R\K-Meleon-R\goanna\obj-x64\dist\include\nss\secoidt.h(34): note: see declaration of 'SECOidTag'
 5:36.51 d:\a\K-Meleon-R\K-Meleon-R\goanna\security\manager\ssl\src\ScopedNSSTypes.h(217): warning C4061: enumerator 'SEC_OID_PKCS12_V2_PBE_WITH_SHA1_AND_3KEY_TRIPLE_DES_CBC' in switch of enum 'SECOidTag' is not explicitly handled by a case label
 5:36.51 d:\a\K-Meleon-R\K-Meleon-R\goanna\obj-x64\dist\include\nss\secoidt.h(34): note: see declaration of 'SECOidTag'
 5:36.51 d:\a\K-Meleon-R\K-Meleon-R\goanna\security\manager\ssl\src\ScopedNSSTypes.h(217): warning C4061: enumerator 'SEC_OID_PKCS12_V2_PBE_WITH_SHA1_AND_2KEY_TRIPLE_DES_CBC' in switch of enum 'SECOidTag' is not explicitly handled by a case label
 5:36.51 d:\a\K-Meleon-R\K-Meleon-R\goanna\obj-x64\dist\include\nss\secoidt.h(34): note: see declaration of 'SECOidTag'
 5:36.51 d:\a\K-Meleon-R\K-Meleon-R\goanna\security\manager\ssl\src\ScopedNSSTypes.h(217): warning C4061: enumerator 'SEC_OID_PKCS12_V2_PBE_WITH_SHA1_AND_128_BIT_RC2_CBC' in switch of enum 'SECOidTag' is not explicitly handled by a case label
 5:36.51 d:\a\K-Meleon-R\K-Meleon-R\goanna\obj-x64\dist\include\nss\secoidt.h(34): note: see declaration of 'SECOidTag'
 5:36.51 d:\a\K-Meleon-R\K-Meleon-R\goanna\security\manager\ssl\src\ScopedNSSTypes.h(217): warning C4061: enumerator 'SEC_OID_PKCS12_V2_PBE_WITH_SHA1_AND_40_BIT_RC2_CBC' in switch of enum 'SECOidTag' is not explicitly handled by a case label
 5:36.54 d:\a\K-Meleon-R\K-Meleon-R\goanna\obj-x64\dist\include\nss\secoidt.h(34): note: see declaration of 'SECOidTag'
 5:36.54 d:\a\K-Meleon-R\K-Meleon-R\goanna\security\manager\ssl\src\ScopedNSSTypes.h(217): warning C4061: enumerator 'SEC_OID_PKCS12_SAFE_CONTENTS_ID' in switch of enum 'SECOidTag' is not explicitly handled by a case label
 5:36.54 d:\a\K-Meleon-R\K-Meleon-R\goanna\obj-x64\dist\include\nss\secoidt.h(34): note: see declaration of 'SECOidTag'
 5:36.54 d:\a\K-Meleon-R\K-Meleon-R\goanna\security\manager\ssl\src\ScopedNSSTypes.h(217): warning C4061: enumerator 'SEC_OID_PKCS12_PKCS8_SHROUDED_KEY_BAG_ID' in switch of enum 'SECOidTag' is not explicitly handled by a case label
 5:36.54 d:\a\K-Meleon-R\K-Meleon-R\goanna\obj-x64\dist\include\nss\secoidt.h(34): note: see declaration of 'SECOidTag'
 5:36.54 d:\a\K-Meleon-R\K-Meleon-R\goanna\security\manager\ssl\src\ScopedNSSTypes.h(217): warning C4061: enumerator 'SEC_OID_PKCS12_V1_KEY_BAG_ID' in switch of enum 'SECOidTag' is not explicitly handled by a case label
 5:36.54 d:\a\K-Meleon-R\K-Meleon-R\goanna\obj-x64\dist\include\nss\secoidt.h(34): note: see declaration of 'SECOidTag'
 5:36.54 d:\a\K-Meleon-R\K-Meleon-R\goanna\security\manager\ssl\src\ScopedNSSTypes.h(217): warning C4061: enumerator 'SEC_OID_PKCS12_V1_PKCS8_SHROUDED_KEY_BAG_ID' in switch of enum 'SECOidTag' is not explicitly handled by a case label
 5:36.54 d:\a\K-Meleon-R\K-Meleon-R\goanna\obj-x64\dist\include\nss\secoidt.h(34): note: see declaration of 'SECOidTag'
 5:36.54 d:\a\K-Meleon-R\K-Meleon-R\goanna\security\manager\ssl\src\ScopedNSSTypes.h(217): warning C4061: enumerator 'SEC_OID_PKCS12_V1_CERT_BAG_ID' in switch of enum 'SECOidTag' is not explicitly handled by a case label
 5:36.54 d:\a\K-Meleon-R\K-Meleon-R\goanna\obj-x64\dist\include\nss\secoidt.h(34): note: see declaration of 'SECOidTag'
 5:36.54 d:\a\K-Meleon-R\K-Meleon-R\goanna\security\manager\ssl\src\ScopedNSSTypes.h(217): warning C4061: enumerator 'SEC_OID_PKCS12_V1_CRL_BAG_ID' in switch of enum 'SECOidTag' is not explicitly handled by a case label
 5:36.54 d:\a\K-Meleon-R\K-Meleon-R\goanna\obj-x64\dist\include\nss\secoidt.h(34): note: see declaration of 'SECOidTag'
 5:36.54 d:\a\K-Meleon-R\K-Meleon-R\goanna\security\manager\ssl\src\ScopedNSSTypes.h(217): warning C4061: enumerator 'SEC_OID_PKCS12_V1_SECRET_BAG_ID' in switch of enum 'SECOidTag' is not explicitly handled by a case label
 5:36.54 d:\a\K-Meleon-R\K-Meleon-R\goanna\obj-x64\dist\include\nss\secoidt.h(34): note: see declaration of 'SECOidTag'
 5:36.54 d:\a\K-Meleon-R\K-Meleon-R\goanna\security\manager\ssl\src\ScopedNSSTypes.h(217): warning C4061: enumerator 'SEC_OID_PKCS12_V1_SAFE_CONTENTS_BAG_ID' in switch of enum 'SECOidTag' is not explicitly handled by a case label
 5:36.54 d:\a\K-Meleon-R\K-Meleon-R\goanna\obj-x64\dist\include\nss\secoidt.h(34): note: see declaration of 'SECOidTag'
 5:36.54 d:\a\K-Meleon-R\K-Meleon-R\goanna\security\manager\ssl\src\ScopedNSSTypes.h(217): warning C4061: enumerator 'SEC_OID_PKCS9_X509_CERT' in switch of enum 'SECOidTag' is not explicitly handled by a case label
 5:36.54 d:\a\K-Meleon-R\K-Meleon-R\goanna\obj-x64\dist\include\nss\secoidt.h(34): note: see declaration of 'SECOidTag'
 5:36.54 d:\a\K-Meleon-R\K-Meleon-R\goanna\security\manager\ssl\src\ScopedNSSTypes.h(217): warning C4061: enumerator 'SEC_OID_PKCS9_SDSI_CERT' in switch of enum 'SECOidTag' is not explicitly handled by a case label
 5:36.54 d:\a\K-Meleon-R\K-Meleon-R\goanna\obj-x64\dist\include\nss\secoidt.h(34): note: see declaration of 'SECOidTag'
 5:36.54 d:\a\K-Meleon-R\K-Meleon-R\goanna\security\manager\ssl\src\ScopedNSSTypes.h(217): warning C4061: enumerator 'SEC_OID_PKCS9_X509_CRL' in switch of enum 'SECOidTag' is not explicitly handled by a case label
 5:36.54 d:\a\K-Meleon-R\K-Meleon-R\goanna\obj-x64\dist\include\nss\secoidt.h(34): note: see declaration of 'SECOidTag'
 5:36.54 d:\a\K-Meleon-R\K-Meleon-R\goanna\security\manager\ssl\src\ScopedNSSTypes.h(217): warning C4061: enumerator 'SEC_OID_PKCS9_FRIENDLY_NAME' in switch of enum 'SECOidTag' is not explicitly handled by a case label
 5:36.54 d:\a\K-Meleon-R\K-Meleon-R\goanna\obj-x64\dist\include\nss\secoidt.h(34): note: see declaration of 'SECOidTag'
 5:36.54 d:\a\K-Meleon-R\K-Meleon-R\goanna\security\manager\ssl\src\ScopedNSSTypes.h(217): warning C4061: enumerator 'SEC_OID_PKCS9_LOCAL_KEY_ID' in switch of enum 'SECOidTag' is not explicitly handled by a case label
 5:36.54 d:\a\K-Meleon-R\K-Meleon-R\goanna\obj-x64\dist\include\nss\secoidt.h(34): note: see declaration of 'SECOidTag'
 5:36.54 d:\a\K-Meleon-R\K-Meleon-R\goanna\security\manager\ssl\src\ScopedNSSTypes.h(217): warning C4061: enumerator 'SEC_OID_BOGUS_KEY_USAGE' in switch of enum 'SECOidTag' is not explicitly handled by a case label
 5:36.54 d:\a\K-Meleon-R\K-Meleon-R\goanna\obj-x64\dist\include\nss\secoidt.h(34): note: see declaration of 'SECOidTag'
 5:36.54 d:\a\K-Meleon-R\K-Meleon-R\goanna\security\manager\ssl\src\ScopedNSSTypes.h(217): warning C4061: enumerator 'SEC_OID_X942_DIFFIE_HELMAN_KEY' in switch of enum 'SECOidTag' is not explicitly handled by a case label
 5:36.54 d:\a\K-Meleon-R\K-Meleon-R\goanna\obj-x64\dist\include\nss\secoidt.h(34): note: see declaration of 'SECOidTag'
 5:36.54 d:\a\K-Meleon-R\K-Meleon-R\goanna\security\manager\ssl\src\ScopedNSSTypes.h(217): warning C4061: enumerator 'SEC_OID_NETSCAPE_NICKNAME' in switch of enum 'SECOidTag' is not explicitly handled by a case label
 5:36.54 d:\a\K-Meleon-R\K-Meleon-R\goanna\obj-x64\dist\include\nss\secoidt.h(34): note: see declaration of 'SECOidTag'
 5:36.54 d:\a\K-Meleon-R\K-Meleon-R\goanna\security\manager\ssl\src\ScopedNSSTypes.h(217): warning C4061: enumerator 'SEC_OID_NETSCAPE_RECOVERY_REQUEST' in switch of enum 'SECOidTag' is not explicitly handled by a case label
 5:36.54 d:\a\K-Meleon-R\K-Meleon-R\goanna\obj-x64\dist\include\nss\secoidt.h(34): note: see declaration of 'SECOidTag'
 5:36.54 d:\a\K-Meleon-R\K-Meleon-R\goanna\security\manager\ssl\src\ScopedNSSTypes.h(217): warning C4061: enumerator 'SEC_OID_CERT_RENEWAL_LOCATOR' in switch of enum 'SECOidTag' is not explicitly handled by a case label
 5:36.54 d:\a\K-Meleon-R\K-Meleon-R\goanna\obj-x64\dist\include\nss\secoidt.h(34): note: see declaration of 'SECOidTag'
 5:36.54 d:\a\K-Meleon-R\K-Meleon-R\goanna\security\manager\ssl\src\ScopedNSSTypes.h(217): warning C4061: enumerator 'SEC_OID_NS_CERT_EXT_SCOPE_OF_USE' in switch of enum 'SECOidTag' is not explicitly handled by a case label
 5:36.54 d:\a\K-Meleon-R\K-Meleon-R\goanna\obj-x64\dist\include\nss\secoidt.h(34): note: see declaration of 'SECOidTag'
 5:36.54 d:\a\K-Meleon-R\K-Meleon-R\goanna\security\manager\ssl\src\ScopedNSSTypes.h(217): warning C4061: enumerator 'SEC_OID_CMS_EPHEMERAL_STATIC_DIFFIE_HELLMAN' in switch of enum 'SECOidTag' is not explicitly handled by a case label
 5:36.55 d:\a\K-Meleon-R\K-Meleon-R\goanna\obj-x64\dist\include\nss\secoidt.h(34): note: see declaration of 'SECOidTag'
 5:36.55 d:\a\K-Meleon-R\K-Meleon-R\goanna\security\manager\ssl\src\ScopedNSSTypes.h(217): warning C4061: enumerator 'SEC_OID_CMS_3DES_KEY_WRAP' in switch of enum 'SECOidTag' is not explicitly handled by a case label
 5:36.55 d:\a\K-Meleon-R\K-Meleon-R\goanna\obj-x64\dist\include\nss\secoidt.h(34): note: see declaration of 'SECOidTag'
 5:36.55 d:\a\K-Meleon-R\K-Meleon-R\goanna\security\manager\ssl\src\ScopedNSSTypes.h(217): warning C4061: enumerator 'SEC_OID_CMS_RC2_KEY_WRAP' in switch of enum 'SECOidTag' is not explicitly handled by a case label
 5:36.55 d:\a\K-Meleon-R\K-Meleon-R\goanna\obj-x64\dist\include\nss\secoidt.h(34): note: see declaration of 'SECOidTag'
 5:36.55 d:\a\K-Meleon-R\K-Meleon-R\goanna\security\manager\ssl\src\ScopedNSSTypes.h(217): warning C4061: enumerator 'SEC_OID_SMIME_ENCRYPTION_KEY_PREFERENCE' in switch of enum 'SECOidTag' is not explicitly handled by a case label
 5:36.55 d:\a\K-Meleon-R\K-Meleon-R\goanna\obj-x64\dist\include\nss\secoidt.h(34): note: see declaration of 'SECOidTag'
 5:36.55 d:\a\K-Meleon-R\K-Meleon-R\goanna\security\manager\ssl\src\ScopedNSSTypes.h(217): warning C4061: enumerator 'SEC_OID_AES_128_ECB' in switch of enum 'SECOidTag' is not explicitly handled by a case label
 5:36.55 d:\a\K-Meleon-R\K-Meleon-R\goanna\obj-x64\dist\include\nss\secoidt.h(34): note: see declaration of 'SECOidTag'
 5:36.55 d:\a\K-Meleon-R\K-Meleon-R\goanna\security\manager\ssl\src\ScopedNSSTypes.h(217): warning C4061: enumerator 'SEC_OID_AES_128_CBC' in switch of enum 'SECOidTag' is not explicitly handled by a case label
 5:36.55 d:\a\K-Meleon-R\K-Meleon-R\goanna\obj-x64\dist\include\nss\secoidt.h(34): note: see declaration of 'SECOidTag'
 5:36.55 d:\a\K-Meleon-R\K-Meleon-R\goanna\security\manager\ssl\src\ScopedNSSTypes.h(217): warning C4061: enumerator 'SEC_OID_AES_192_ECB' in switch of enum 'SECOidTag' is not explicitly handled by a case label
 5:36.55 d:\a\K-Meleon-R\K-Meleon-R\goanna\obj-x64\dist\include\nss\secoidt.h(34): note: see declaration of 'SECOidTag'
 5:36.55 d:\a\K-Meleon-R\K-Meleon-R\goanna\security\manager\ssl\src\ScopedNSSTypes.h(217): warning C4061: enumerator 'SEC_OID_AES_192_CBC' in switch of enum 'SECOidTag' is not explicitly handled by a case label
 5:36.55 d:\a\K-Meleon-R\K-Meleon-R\goanna\obj-x64\dist\include\nss\secoidt.h(34): note: see declaration of 'SECOidTag'
 5:36.55 d:\a\K-Meleon-R\K-Meleon-R\goanna\security\manager\ssl\src\ScopedNSSTypes.h(217): warning C4061: enumerator 'SEC_OID_AES_256_ECB' in switch of enum 'SECOidTag' is not explicitly handled by a case label
 5:36.55 d:\a\K-Meleon-R\K-Meleon-R\goanna\obj-x64\dist\include\nss\secoidt.h(34): note: see declaration of 'SECOidTag'
 5:36.55 d:\a\K-Meleon-R\K-Meleon-R\goanna\security\manager\ssl\src\ScopedNSSTypes.h(217): warning C4061: enumerator 'SEC_OID_AES_256_CBC' in switch of enum 'SECOidTag' is not explicitly handled by a case label
 5:36.55 d:\a\K-Meleon-R\K-Meleon-R\goanna\obj-x64\dist\include\nss\secoidt.h(34): note: see declaration of 'SECOidTag'
 5:36.55 d:\a\K-Meleon-R\K-Meleon-R\goanna\security\manager\ssl\src\ScopedNSSTypes.h(217): warning C4061: enumerator 'SEC_OID_SDN702_DSA_SIGNATURE' in switch of enum 'SECOidTag' is not explicitly handled by a case label
 5:36.55 d:\a\K-Meleon-R\K-Meleon-R\goanna\obj-x64\dist\include\nss\secoidt.h(34): note: see declaration of 'SECOidTag'
 5:36.55 d:\a\K-Meleon-R\K-Meleon-R\goanna\security\manager\ssl\src\ScopedNSSTypes.h(217): warning C4061: enumerator 'SEC_OID_MS_SMIME_ENCRYPTION_KEY_PREFERENCE' in switch of enum 'SECOidTag' is not explicitly handled by a case label
 5:36.55 d:\a\K-Meleon-R\K-Meleon-R\goanna\obj-x64\dist\include\nss\secoidt.h(34): note: see declaration of 'SECOidTag'
 5:36.55 d:\a\K-Meleon-R\K-Meleon-R\goanna\security\manager\ssl\src\ScopedNSSTypes.h(217): warning C4061: enumerator 'SEC_OID_PKCS1_SHA256_WITH_RSA_ENCRYPTION' in switch of enum 'SECOidTag' is not explicitly handled by a case label
 5:36.55 d:\a\K-Meleon-R\K-Meleon-R\goanna\obj-x64\dist\include\nss\secoidt.h(34): note: see declaration of 'SECOidTag'
 5:36.55 d:\a\K-Meleon-R\K-Meleon-R\goanna\security\manager\ssl\src\ScopedNSSTypes.h(217): warning C4061: enumerator 'SEC_OID_PKCS1_SHA384_WITH_RSA_ENCRYPTION' in switch of enum 'SECOidTag' is not explicitly handled by a case label
 5:36.55 d:\a\K-Meleon-R\K-Meleon-R\goanna\obj-x64\dist\include\nss\secoidt.h(34): note: see declaration of 'SECOidTag'
 5:36.55 d:\a\K-Meleon-R\K-Meleon-R\goanna\security\manager\ssl\src\ScopedNSSTypes.h(217): warning C4061: enumerator 'SEC_OID_PKCS1_SHA512_WITH_RSA_ENCRYPTION' in switch of enum 'SECOidTag' is not explicitly handled by a case label
 5:36.55 d:\a\K-Meleon-R\K-Meleon-R\goanna\obj-x64\dist\include\nss\secoidt.h(34): note: see declaration of 'SECOidTag'
 5:36.55 d:\a\K-Meleon-R\K-Meleon-R\goanna\security\manager\ssl\src\ScopedNSSTypes.h(217): warning C4061: enumerator 'SEC_OID_AES_128_KEY_WRAP' in switch of enum 'SECOidTag' is not explicitly handled by a case label
 5:36.55 d:\a\K-Meleon-R\K-Meleon-R\goanna\obj-x64\dist\include\nss\secoidt.h(34): note: see declaration of 'SECOidTag'
 5:36.55 d:\a\K-Meleon-R\K-Meleon-R\goanna\security\manager\ssl\src\ScopedNSSTypes.h(217): warning C4061: enumerator 'SEC_OID_AES_192_KEY_WRAP' in switch of enum 'SECOidTag' is not explicitly handled by a case label
 5:36.55 d:\a\K-Meleon-R\K-Meleon-R\goanna\obj-x64\dist\include\nss\secoidt.h(34): note: see declaration of 'SECOidTag'
 5:36.55 d:\a\K-Meleon-R\K-Meleon-R\goanna\security\manager\ssl\src\ScopedNSSTypes.h(217): warning C4061: enumerator 'SEC_OID_AES_256_KEY_WRAP' in switch of enum 'SECOidTag' is not explicitly handled by a case label
 5:36.55 d:\a\K-Meleon-R\K-Meleon-R\goanna\obj-x64\dist\include\nss\secoidt.h(34): note: see declaration of 'SECOidTag'
 5:36.55 d:\a\K-Meleon-R\K-Meleon-R\goanna\security\manager\ssl\src\ScopedNSSTypes.h(217): warning C4061: enumerator 'SEC_OID_ANSIX962_EC_PUBLIC_KEY' in switch of enum 'SECOidTag' is not explicitly handled by a case label
 5:36.55 d:\a\K-Meleon-R\K-Meleon-R\goanna\obj-x64\dist\include\nss\secoidt.h(34): note: see declaration of 'SECOidTag'
 5:36.55 d:\a\K-Meleon-R\K-Meleon-R\goanna\security\manager\ssl\src\ScopedNSSTypes.h(217): warning C4061: enumerator 'SEC_OID_ANSIX962_ECDSA_SHA1_SIGNATURE' in switch of enum 'SECOidTag' is not explicitly handled by a case label
 5:36.55 d:\a\K-Meleon-R\K-Meleon-R\goanna\obj-x64\dist\include\nss\secoidt.h(34): note: see declaration of 'SECOidTag'
 5:36.55 d:\a\K-Meleon-R\K-Meleon-R\goanna\security\manager\ssl\src\ScopedNSSTypes.h(217): warning C4061: enumerator 'SEC_OID_ANSIX962_EC_PRIME192V1' in switch of enum 'SECOidTag' is not explicitly handled by a case label
 5:36.55 d:\a\K-Meleon-R\K-Meleon-R\goanna\obj-x64\dist\include\nss\secoidt.h(34): note: see declaration of 'SECOidTag'
 5:36.55 d:\a\K-Meleon-R\K-Meleon-R\goanna\security\manager\ssl\src\ScopedNSSTypes.h(217): warning C4061: enumerator 'SEC_OID_ANSIX962_EC_PRIME192V2' in switch of enum 'SECOidTag' is not explicitly handled by a case label
 5:36.55 d:\a\K-Meleon-R\K-Meleon-R\goanna\obj-x64\dist\include\nss\secoidt.h(34): note: see declaration of 'SECOidTag'
 5:36.55 d:\a\K-Meleon-R\K-Meleon-R\goanna\security\manager\ssl\src\ScopedNSSTypes.h(217): warning C4061: enumerator 'SEC_OID_ANSIX962_EC_PRIME192V3' in switch of enum 'SECOidTag' is not explicitly handled by a case label
 5:36.55 d:\a\K-Meleon-R\K-Meleon-R\goanna\obj-x64\dist\include\nss\secoidt.h(34): note: see declaration of 'SECOidTag'
 5:36.55 d:\a\K-Meleon-R\K-Meleon-R\goanna\security\manager\ssl\src\ScopedNSSTypes.h(217): warning C4061: enumerator 'SEC_OID_ANSIX962_EC_PRIME239V1' in switch of enum 'SECOidTag' is not explicitly handled by a case label
 5:36.55 d:\a\K-Meleon-R\K-Meleon-R\goanna\obj-x64\dist\include\nss\secoidt.h(34): note: see declaration of 'SECOidTag'
 5:36.55 d:\a\K-Meleon-R\K-Meleon-R\goanna\security\manager\ssl\src\ScopedNSSTypes.h(217): warning C4061: enumerator 'SEC_OID_ANSIX962_EC_PRIME239V2' in switch of enum 'SECOidTag' is not explicitly handled by a case label
 5:36.55 d:\a\K-Meleon-R\K-Meleon-R\goanna\obj-x64\dist\include\nss\secoidt.h(34): note: see declaration of 'SECOidTag'
 5:36.55 d:\a\K-Meleon-R\K-Meleon-R\goanna\security\manager\ssl\src\ScopedNSSTypes.h(217): warning C4061: enumerator 'SEC_OID_ANSIX962_EC_PRIME239V3' in switch of enum 'SECOidTag' is not explicitly handled by a case label
 5:36.55 d:\a\K-Meleon-R\K-Meleon-R\goanna\obj-x64\dist\include\nss\secoidt.h(34): note: see declaration of 'SECOidTag'
 5:36.55 d:\a\K-Meleon-R\K-Meleon-R\goanna\security\manager\ssl\src\ScopedNSSTypes.h(217): warning C4061: enumerator 'SEC_OID_ANSIX962_EC_PRIME256V1' in switch of enum 'SECOidTag' is not explicitly handled by a case label
 5:36.55 d:\a\K-Meleon-R\K-Meleon-R\goanna\obj-x64\dist\include\nss\secoidt.h(34): note: see declaration of 'SECOidTag'
 5:36.55 d:\a\K-Meleon-R\K-Meleon-R\goanna\security\manager\ssl\src\ScopedNSSTypes.h(217): warning C4061: enumerator 'SEC_OID_SECG_EC_SECP112R1' in switch of enum 'SECOidTag' is not explicitly handled by a case label
 5:36.55 d:\a\K-Meleon-R\K-Meleon-R\goanna\obj-x64\dist\include\nss\secoidt.h(34): note: see declaration of 'SECOidTag'
 5:36.55 d:\a\K-Meleon-R\K-Meleon-R\goanna\security\manager\ssl\src\ScopedNSSTypes.h(217): warning C4061: enumerator 'SEC_OID_SECG_EC_SECP112R2' in switch of enum 'SECOidTag' is not explicitly handled by a case label
 5:36.55 d:\a\K-Meleon-R\K-Meleon-R\goanna\obj-x64\dist\include\nss\secoidt.h(34): note: see declaration of 'SECOidTag'
 5:36.55 d:\a\K-Meleon-R\K-Meleon-R\goanna\security\manager\ssl\src\ScopedNSSTypes.h(217): warning C4061: enumerator 'SEC_OID_SECG_EC_SECP128R1' in switch of enum 'SECOidTag' is not explicitly handled by a case label
 5:36.55 d:\a\K-Meleon-R\K-Meleon-R\goanna\obj-x64\dist\include\nss\secoidt.h(34): note: see declaration of 'SECOidTag'
 5:36.55 d:\a\K-Meleon-R\K-Meleon-R\goanna\security\manager\ssl\src\ScopedNSSTypes.h(217): warning C4061: enumerator 'SEC_OID_SECG_EC_SECP128R2' in switch of enum 'SECOidTag' is not explicitly handled by a case label
 5:36.55 d:\a\K-Meleon-R\K-Meleon-R\goanna\obj-x64\dist\include\nss\secoidt.h(34): note: see declaration of 'SECOidTag'
 5:36.55 d:\a\K-Meleon-R\K-Meleon-R\goanna\security\manager\ssl\src\ScopedNSSTypes.h(217): warning C4061: enumerator 'SEC_OID_SECG_EC_SECP160K1' in switch of enum 'SECOidTag' is not explicitly handled by a case label
 5:36.55 d:\a\K-Meleon-R\K-Meleon-R\goanna\obj-x64\dist\include\nss\secoidt.h(34): note: see declaration of 'SECOidTag'
 5:36.55 d:\a\K-Meleon-R\K-Meleon-R\goanna\security\manager\ssl\src\ScopedNSSTypes.h(217): warning C4061: enumerator 'SEC_OID_SECG_EC_SECP160R1' in switch of enum 'SECOidTag' is not explicitly handled by a case label
 5:36.55 d:\a\K-Meleon-R\K-Meleon-R\goanna\obj-x64\dist\include\nss\secoidt.h(34): note: see declaration of 'SECOidTag'
 5:36.55 d:\a\K-Meleon-R\K-Meleon-R\goanna\security\manager\ssl\src\ScopedNSSTypes.h(217): warning C4061: enumerator 'SEC_OID_SECG_EC_SECP160R2' in switch of enum 'SECOidTag' is not explicitly handled by a case label
 5:36.55 d:\a\K-Meleon-R\K-Meleon-R\goanna\obj-x64\dist\include\nss\secoidt.h(34): note: see declaration of 'SECOidTag'
 5:36.55 d:\a\K-Meleon-R\K-Meleon-R\goanna\security\manager\ssl\src\ScopedNSSTypes.h(217): warning C4061: enumerator 'SEC_OID_SECG_EC_SECP192K1' in switch of enum 'SECOidTag' is not explicitly handled by a case label
 5:36.55 d:\a\K-Meleon-R\K-Meleon-R\goanna\obj-x64\dist\include\nss\secoidt.h(34): note: see declaration of 'SECOidTag'
 5:36.55 d:\a\K-Meleon-R\K-Meleon-R\goanna\security\manager\ssl\src\ScopedNSSTypes.h(217): warning C4061: enumerator 'SEC_OID_SECG_EC_SECP224K1' in switch of enum 'SECOidTag' is not explicitly handled by a case label
 5:36.55 d:\a\K-Meleon-R\K-Meleon-R\goanna\obj-x64\dist\include\nss\secoidt.h(34): note: see declaration of 'SECOidTag'
 5:36.55 d:\a\K-Meleon-R\K-Meleon-R\goanna\security\manager\ssl\src\ScopedNSSTypes.h(217): warning C4061: enumerator 'SEC_OID_SECG_EC_SECP224R1' in switch of enum 'SECOidTag' is not explicitly handled by a case label
 5:36.55 d:\a\K-Meleon-R\K-Meleon-R\goanna\obj-x64\dist\include\nss\secoidt.h(34): note: see declaration of 'SECOidTag'
 5:36.55 d:\a\K-Meleon-R\K-Meleon-R\goanna\security\manager\ssl\src\ScopedNSSTypes.h(217): warning C4061: enumerator 'SEC_OID_SECG_EC_SECP256K1' in switch of enum 'SECOidTag' is not explicitly handled by a case label
 5:36.55 d:\a\K-Meleon-R\K-Meleon-R\goanna\obj-x64\dist\include\nss\secoidt.h(34): note: see declaration of 'SECOidTag'
 5:36.55 d:\a\K-Meleon-R\K-Meleon-R\goanna\security\manager\ssl\src\ScopedNSSTypes.h(217): warning C4061: enumerator 'SEC_OID_SECG_EC_SECP384R1' in switch of enum 'SECOidTag' is not explicitly handled by a case label
 5:36.55 d:\a\K-Meleon-R\K-Meleon-R\goanna\obj-x64\dist\include\nss\secoidt.h(34): note: see declaration of 'SECOidTag'
 5:36.55 d:\a\K-Meleon-R\K-Meleon-R\goanna\security\manager\ssl\src\ScopedNSSTypes.h(217): warning C4061: enumerator 'SEC_OID_SECG_EC_SECP521R1' in switch of enum 'SECOidTag' is not explicitly handled by a case label
 5:36.55 d:\a\K-Meleon-R\K-Meleon-R\goanna\obj-x64\dist\include\nss\secoidt.h(34): note: see declaration of 'SECOidTag'
 5:36.55 d:\a\K-Meleon-R\K-Meleon-R\goanna\security\manager\ssl\src\ScopedNSSTypes.h(217): warning C4061: enumerator 'SEC_OID_ANSIX962_EC_C2PNB163V1' in switch of enum 'SECOidTag' is not explicitly handled by a case label
 5:36.55 d:\a\K-Meleon-R\K-Meleon-R\goanna\obj-x64\dist\include\nss\secoidt.h(34): note: see declaration of 'SECOidTag'
 5:36.55 d:\a\K-Meleon-R\K-Meleon-R\goanna\security\manager\ssl\src\ScopedNSSTypes.h(217): warning C4061: enumerator 'SEC_OID_ANSIX962_EC_C2PNB163V2' in switch of enum 'SECOidTag' is not explicitly handled by a case label
 5:36.55 d:\a\K-Meleon-R\K-Meleon-R\goanna\obj-x64\dist\include\nss\secoidt.h(34): note: see declaration of 'SECOidTag'
 5:36.55 d:\a\K-Meleon-R\K-Meleon-R\goanna\security\manager\ssl\src\ScopedNSSTypes.h(217): warning C4061: enumerator 'SEC_OID_ANSIX962_EC_C2PNB163V3' in switch of enum 'SECOidTag' is not explicitly handled by a case label
 5:36.55 d:\a\K-Meleon-R\K-Meleon-R\goanna\obj-x64\dist\include\nss\secoidt.h(34): note: see declaration of 'SECOidTag'
 5:36.55 d:\a\K-Meleon-R\K-Meleon-R\goanna\security\manager\ssl\src\ScopedNSSTypes.h(217): warning C4061: enumerator 'SEC_OID_ANSIX962_EC_C2PNB176V1' in switch of enum 'SECOidTag' is not explicitly handled by a case label
 5:36.55 d:\a\K-Meleon-R\K-Meleon-R\goanna\obj-x64\dist\include\nss\secoidt.h(34): note: see declaration of 'SECOidTag'
 5:36.55 d:\a\K-Meleon-R\K-Meleon-R\goanna\security\manager\ssl\src\ScopedNSSTypes.h(217): warning C4061: enumerator 'SEC_OID_ANSIX962_EC_C2TNB191V1' in switch of enum 'SECOidTag' is not explicitly handled by a case label
 5:36.55 d:\a\K-Meleon-R\K-Meleon-R\goanna\obj-x64\dist\include\nss\secoidt.h(34): note: see declaration of 'SECOidTag'
 5:36.55 d:\a\K-Meleon-R\K-Meleon-R\goanna\security\manager\ssl\src\ScopedNSSTypes.h(217): warning C4061: enumerator 'SEC_OID_ANSIX962_EC_C2TNB191V2' in switch of enum 'SECOidTag' is not explicitly handled by a case label
 5:36.55 d:\a\K-Meleon-R\K-Meleon-R\goanna\obj-x64\dist\include\nss\secoidt.h(34): note: see declaration of 'SECOidTag'
 5:36.55 d:\a\K-Meleon-R\K-Meleon-R\goanna\security\manager\ssl\src\ScopedNSSTypes.h(217): warning C4061: enumerator 'SEC_OID_ANSIX962_EC_C2TNB191V3' in switch of enum 'SECOidTag' is not explicitly handled by a case label
 5:36.55 d:\a\K-Meleon-R\K-Meleon-R\goanna\obj-x64\dist\include\nss\secoidt.h(34): note: see declaration of 'SECOidTag'
 5:36.55 d:\a\K-Meleon-R\K-Meleon-R\goanna\security\manager\ssl\src\ScopedNSSTypes.h(217): warning C4061: enumerator 'SEC_OID_ANSIX962_EC_C2ONB191V4' in switch of enum 'SECOidTag' is not explicitly handled by a case label
 5:36.55 d:\a\K-Meleon-R\K-Meleon-R\goanna\obj-x64\dist\include\nss\secoidt.h(34): note: see declaration of 'SECOidTag'
 5:36.55 d:\a\K-Meleon-R\K-Meleon-R\goanna\security\manager\ssl\src\ScopedNSSTypes.h(217): warning C4061: enumerator 'SEC_OID_ANSIX962_EC_C2ONB191V5' in switch of enum 'SECOidTag' is not explicitly handled by a case label
 5:36.55 d:\a\K-Meleon-R\K-Meleon-R\goanna\obj-x64\dist\include\nss\secoidt.h(34): note: see declaration of 'SECOidTag'
 5:36.55 d:\a\K-Meleon-R\K-Meleon-R\goanna\security\manager\ssl\src\ScopedNSSTypes.h(217): warning C4061: enumerator 'SEC_OID_ANSIX962_EC_C2PNB208W1' in switch of enum 'SECOidTag' is not explicitly handled by a case label
 5:36.55 d:\a\K-Meleon-R\K-Meleon-R\goanna\obj-x64\dist\include\nss\secoidt.h(34): note: see declaration of 'SECOidTag'
 5:36.55 d:\a\K-Meleon-R\K-Meleon-R\goanna\security\manager\ssl\src\ScopedNSSTypes.h(217): warning C4061: enumerator 'SEC_OID_ANSIX962_EC_C2TNB239V1' in switch of enum 'SECOidTag' is not explicitly handled by a case label
 5:36.55 d:\a\K-Meleon-R\K-Meleon-R\goanna\obj-x64\dist\include\nss\secoidt.h(34): note: see declaration of 'SECOidTag'
 5:36.55 d:\a\K-Meleon-R\K-Meleon-R\goanna\security\manager\ssl\src\ScopedNSSTypes.h(217): warning C4061: enumerator 'SEC_OID_ANSIX962_EC_C2TNB239V2' in switch of enum 'SECOidTag' is not explicitly handled by a case label
 5:36.55 d:\a\K-Meleon-R\K-Meleon-R\goanna\obj-x64\dist\include\nss\secoidt.h(34): note: see declaration of 'SECOidTag'
 5:36.55 d:\a\K-Meleon-R\K-Meleon-R\goanna\security\manager\ssl\src\ScopedNSSTypes.h(217): warning C4061: enumerator 'SEC_OID_ANSIX962_EC_C2TNB239V3' in switch of enum 'SECOidTag' is not explicitly handled by a case label
 5:36.55 d:\a\K-Meleon-R\K-Meleon-R\goanna\obj-x64\dist\include\nss\secoidt.h(34): note: see declaration of 'SECOidTag'
 5:36.55 d:\a\K-Meleon-R\K-Meleon-R\goanna\security\manager\ssl\src\ScopedNSSTypes.h(217): warning C4061: enumerator 'SEC_OID_ANSIX962_EC_C2ONB239V4' in switch of enum 'SECOidTag' is not explicitly handled by a case label
 5:36.55 d:\a\K-Meleon-R\K-Meleon-R\goanna\obj-x64\dist\include\nss\secoidt.h(34): note: see declaration of 'SECOidTag'
 5:36.55 d:\a\K-Meleon-R\K-Meleon-R\goanna\security\manager\ssl\src\ScopedNSSTypes.h(217): warning C4061: enumerator 'SEC_OID_ANSIX962_EC_C2ONB239V5' in switch of enum 'SECOidTag' is not explicitly handled by a case label
 5:36.55 d:\a\K-Meleon-R\K-Meleon-R\goanna\obj-x64\dist\include\nss\secoidt.h(34): note: see declaration of 'SECOidTag'
 5:36.55 d:\a\K-Meleon-R\K-Meleon-R\goanna\security\manager\ssl\src\ScopedNSSTypes.h(217): warning C4061: enumerator 'SEC_OID_ANSIX962_EC_C2PNB272W1' in switch of enum 'SECOidTag' is not explicitly handled by a case label
 5:36.55 d:\a\K-Meleon-R\K-Meleon-R\goanna\obj-x64\dist\include\nss\secoidt.h(34): note: see declaration of 'SECOidTag'
 5:36.55 d:\a\K-Meleon-R\K-Meleon-R\goanna\security\manager\ssl\src\ScopedNSSTypes.h(217): warning C4061: enumerator 'SEC_OID_ANSIX962_EC_C2PNB304W1' in switch of enum 'SECOidTag' is not explicitly handled by a case label
 5:36.55 d:\a\K-Meleon-R\K-Meleon-R\goanna\obj-x64\dist\include\nss\secoidt.h(34): note: see declaration of 'SECOidTag'
 5:36.55 d:\a\K-Meleon-R\K-Meleon-R\goanna\security\manager\ssl\src\ScopedNSSTypes.h(217): warning C4061: enumerator 'SEC_OID_ANSIX962_EC_C2TNB359V1' in switch of enum 'SECOidTag' is not explicitly handled by a case label
 5:36.55 d:\a\K-Meleon-R\K-Meleon-R\goanna\obj-x64\dist\include\nss\secoidt.h(34): note: see declaration of 'SECOidTag'
 5:36.55 d:\a\K-Meleon-R\K-Meleon-R\goanna\security\manager\ssl\src\ScopedNSSTypes.h(217): warning C4061: enumerator 'SEC_OID_ANSIX962_EC_C2PNB368W1' in switch of enum 'SECOidTag' is not explicitly handled by a case label
 5:36.55 d:\a\K-Meleon-R\K-Meleon-R\goanna\obj-x64\dist\include\nss\secoidt.h(34): note: see declaration of 'SECOidTag'
 5:36.55 d:\a\K-Meleon-R\K-Meleon-R\goanna\security\manager\ssl\src\ScopedNSSTypes.h(217): warning C4061: enumerator 'SEC_OID_ANSIX962_EC_C2TNB431R1' in switch of enum 'SECOidTag' is not explicitly handled by a case label
 5:36.55 d:\a\K-Meleon-R\K-Meleon-R\goanna\obj-x64\dist\include\nss\secoidt.h(34): note: see declaration of 'SECOidTag'
 5:36.55 d:\a\K-Meleon-R\K-Meleon-R\goanna\security\manager\ssl\src\ScopedNSSTypes.h(217): warning C4061: enumerator 'SEC_OID_SECG_EC_SECT113R1' in switch of enum 'SECOidTag' is not explicitly handled by a case label
 5:36.55 d:\a\K-Meleon-R\K-Meleon-R\goanna\obj-x64\dist\include\nss\secoidt.h(34): note: see declaration of 'SECOidTag'
 5:36.55 d:\a\K-Meleon-R\K-Meleon-R\goanna\security\manager\ssl\src\ScopedNSSTypes.h(217): warning C4061: enumerator 'SEC_OID_SECG_EC_SECT113R2' in switch of enum 'SECOidTag' is not explicitly handled by a case label
 5:36.55 d:\a\K-Meleon-R\K-Meleon-R\goanna\obj-x64\dist\include\nss\secoidt.h(34): note: see declaration of 'SECOidTag'
 5:36.55 d:\a\K-Meleon-R\K-Meleon-R\goanna\security\manager\ssl\src\ScopedNSSTypes.h(217): warning C4061: enumerator 'SEC_OID_SECG_EC_SECT131R1' in switch of enum 'SECOidTag' is not explicitly handled by a case label
 5:36.55 d:\a\K-Meleon-R\K-Meleon-R\goanna\obj-x64\dist\include\nss\secoidt.h(34): note: see declaration of 'SECOidTag'
 5:36.55 d:\a\K-Meleon-R\K-Meleon-R\goanna\security\manager\ssl\src\ScopedNSSTypes.h(217): warning C4061: enumerator 'SEC_OID_SECG_EC_SECT131R2' in switch of enum 'SECOidTag' is not explicitly handled by a case label
 5:36.55 d:\a\K-Meleon-R\K-Meleon-R\goanna\obj-x64\dist\include\nss\secoidt.h(34): note: see declaration of 'SECOidTag'
 5:36.55 d:\a\K-Meleon-R\K-Meleon-R\goanna\security\manager\ssl\src\ScopedNSSTypes.h(217): warning C4061: enumerator 'SEC_OID_SECG_EC_SECT163K1' in switch of enum 'SECOidTag' is not explicitly handled by a case label
 5:36.55 d:\a\K-Meleon-R\K-Meleon-R\goanna\obj-x64\dist\include\nss\secoidt.h(34): note: see declaration of 'SECOidTag'
 5:36.55 d:\a\K-Meleon-R\K-Meleon-R\goanna\security\manager\ssl\src\ScopedNSSTypes.h(217): warning C4061: enumerator 'SEC_OID_SECG_EC_SECT163R1' in switch of enum 'SECOidTag' is not explicitly handled by a case label
 5:36.55 d:\a\K-Meleon-R\K-Meleon-R\goanna\obj-x64\dist\include\nss\secoidt.h(34): note: see declaration of 'SECOidTag'
 5:36.55 d:\a\K-Meleon-R\K-Meleon-R\goanna\security\manager\ssl\src\ScopedNSSTypes.h(217): warning C4061: enumerator 'SEC_OID_SECG_EC_SECT163R2' in switch of enum 'SECOidTag' is not explicitly handled by a case label
 5:36.55 d:\a\K-Meleon-R\K-Meleon-R\goanna\obj-x64\dist\include\nss\secoidt.h(34): note: see declaration of 'SECOidTag'
 5:36.55 d:\a\K-Meleon-R\K-Meleon-R\goanna\security\manager\ssl\src\ScopedNSSTypes.h(217): warning C4061: enumerator 'SEC_OID_SECG_EC_SECT193R1' in switch of enum 'SECOidTag' is not explicitly handled by a case label
 5:36.55 d:\a\K-Meleon-R\K-Meleon-R\goanna\obj-x64\dist\include\nss\secoidt.h(34): note: see declaration of 'SECOidTag'
 5:36.55 d:\a\K-Meleon-R\K-Meleon-R\goanna\security\manager\ssl\src\ScopedNSSTypes.h(217): warning C4061: enumerator 'SEC_OID_SECG_EC_SECT193R2' in switch of enum 'SECOidTag' is not explicitly handled by a case label
 5:36.55 d:\a\K-Meleon-R\K-Meleon-R\goanna\obj-x64\dist\include\nss\secoidt.h(34): note: see declaration of 'SECOidTag'
 5:36.55 d:\a\K-Meleon-R\K-Meleon-R\goanna\security\manager\ssl\src\ScopedNSSTypes.h(217): warning C4061: enumerator 'SEC_OID_SECG_EC_SECT233K1' in switch of enum 'SECOidTag' is not explicitly handled by a case label
 5:36.55 d:\a\K-Meleon-R\K-Meleon-R\goanna\obj-x64\dist\include\nss\secoidt.h(34): note: see declaration of 'SECOidTag'
 5:36.55 d:\a\K-Meleon-R\K-Meleon-R\goanna\security\manager\ssl\src\ScopedNSSTypes.h(217): warning C4061: enumerator 'SEC_OID_SECG_EC_SECT233R1' in switch of enum 'SECOidTag' is not explicitly handled by a case label
 5:36.55 d:\a\K-Meleon-R\K-Meleon-R\goanna\obj-x64\dist\include\nss\secoidt.h(34): note: see declaration of 'SECOidTag'
 5:36.55 d:\a\K-Meleon-R\K-Meleon-R\goanna\security\manager\ssl\src\ScopedNSSTypes.h(217): warning C4061: enumerator 'SEC_OID_SECG_EC_SECT239K1' in switch of enum 'SECOidTag' is not explicitly handled by a case label
 5:36.55 d:\a\K-Meleon-R\K-Meleon-R\goanna\obj-x64\dist\include\nss\secoidt.h(34): note: see declaration of 'SECOidTag'
 5:36.55 d:\a\K-Meleon-R\K-Meleon-R\goanna\security\manager\ssl\src\ScopedNSSTypes.h(217): warning C4061: enumerator 'SEC_OID_SECG_EC_SECT283K1' in switch of enum 'SECOidTag' is not explicitly handled by a case label
 5:36.55 d:\a\K-Meleon-R\K-Meleon-R\goanna\obj-x64\dist\include\nss\secoidt.h(34): note: see declaration of 'SECOidTag'
 5:36.55 d:\a\K-Meleon-R\K-Meleon-R\goanna\security\manager\ssl\src\ScopedNSSTypes.h(217): warning C4061: enumerator 'SEC_OID_SECG_EC_SECT283R1' in switch of enum 'SECOidTag' is not explicitly handled by a case label
 5:36.55 d:\a\K-Meleon-R\K-Meleon-R\goanna\obj-x64\dist\include\nss\secoidt.h(34): note: see declaration of 'SECOidTag'
 5:36.55 d:\a\K-Meleon-R\K-Meleon-R\goanna\security\manager\ssl\src\ScopedNSSTypes.h(217): warning C4061: enumerator 'SEC_OID_SECG_EC_SECT409K1' in switch of enum 'SECOidTag' is not explicitly handled by a case label
 5:36.55 d:\a\K-Meleon-R\K-Meleon-R\goanna\obj-x64\dist\include\nss\secoidt.h(34): note: see declaration of 'SECOidTag'
 5:36.55 d:\a\K-Meleon-R\K-Meleon-R\goanna\security\manager\ssl\src\ScopedNSSTypes.h(217): warning C4061: enumerator 'SEC_OID_SECG_EC_SECT409R1' in switch of enum 'SECOidTag' is not explicitly handled by a case label
 5:36.55 d:\a\K-Meleon-R\K-Meleon-R\goanna\obj-x64\dist\include\nss\secoidt.h(34): note: see declaration of 'SECOidTag'
 5:36.55 d:\a\K-Meleon-R\K-Meleon-R\goanna\security\manager\ssl\src\ScopedNSSTypes.h(217): warning C4061: enumerator 'SEC_OID_SECG_EC_SECT571K1' in switch of enum 'SECOidTag' is not explicitly handled by a case label
 5:36.55 d:\a\K-Meleon-R\K-Meleon-R\goanna\obj-x64\dist\include\nss\secoidt.h(34): note: see declaration of 'SECOidTag'
 5:36.55 d:\a\K-Meleon-R\K-Meleon-R\goanna\security\manager\ssl\src\ScopedNSSTypes.h(217): warning C4061: enumerator 'SEC_OID_SECG_EC_SECT571R1' in switch of enum 'SECOidTag' is not explicitly handled by a case label
 5:36.55 d:\a\K-Meleon-R\K-Meleon-R\goanna\obj-x64\dist\include\nss\secoidt.h(34): note: see declaration of 'SECOidTag'
 5:36.55 d:\a\K-Meleon-R\K-Meleon-R\goanna\security\manager\ssl\src\ScopedNSSTypes.h(217): warning C4061: enumerator 'SEC_OID_NETSCAPE_AOLSCREENNAME' in switch of enum 'SECOidTag' is not explicitly handled by a case label
 5:36.55 d:\a\K-Meleon-R\K-Meleon-R\goanna\obj-x64\dist\include\nss\secoidt.h(34): note: see declaration of 'SECOidTag'
 5:36.55 d:\a\K-Meleon-R\K-Meleon-R\goanna\security\manager\ssl\src\ScopedNSSTypes.h(217): warning C4061: enumerator 'SEC_OID_AVA_SURNAME' in switch of enum 'SECOidTag' is not explicitly handled by a case label
 5:36.57 d:\a\K-Meleon-R\K-Meleon-R\goanna\obj-x64\dist\include\nss\secoidt.h(34): note: see declaration of 'SECOidTag'
 5:36.57 d:\a\K-Meleon-R\K-Meleon-R\goanna\security\manager\ssl\src\ScopedNSSTypes.h(217): warning C4061: enumerator 'SEC_OID_AVA_SERIAL_NUMBER' in switch of enum 'SECOidTag' is not explicitly handled by a case label
 5:36.57 d:\a\K-Meleon-R\K-Meleon-R\goanna\obj-x64\dist\include\nss\secoidt.h(34): note: see declaration of 'SECOidTag'
 5:36.57 d:\a\K-Meleon-R\K-Meleon-R\goanna\security\manager\ssl\src\ScopedNSSTypes.h(217): warning C4061: enumerator 'SEC_OID_AVA_STREET_ADDRESS' in switch of enum 'SECOidTag' is not explicitly handled by a case label
 5:36.57 d:\a\K-Meleon-R\K-Meleon-R\goanna\obj-x64\dist\include\nss\secoidt.h(34): note: see declaration of 'SECOidTag'
 5:36.57 d:\a\K-Meleon-R\K-Meleon-R\goanna\security\manager\ssl\src\ScopedNSSTypes.h(217): warning C4061: enumerator 'SEC_OID_AVA_TITLE' in switch of enum 'SECOidTag' is not explicitly handled by a case label
 5:36.57 d:\a\K-Meleon-R\K-Meleon-R\goanna\obj-x64\dist\include\nss\secoidt.h(34): note: see declaration of 'SECOidTag'
 5:36.57 d:\a\K-Meleon-R\K-Meleon-R\goanna\security\manager\ssl\src\ScopedNSSTypes.h(217): warning C4061: enumerator 'SEC_OID_AVA_POSTAL_ADDRESS' in switch of enum 'SECOidTag' is not explicitly handled by a case label
 5:36.57 d:\a\K-Meleon-R\K-Meleon-R\goanna\obj-x64\dist\include\nss\secoidt.h(34): note: see declaration of 'SECOidTag'
 5:36.57 d:\a\K-Meleon-R\K-Meleon-R\goanna\security\manager\ssl\src\ScopedNSSTypes.h(217): warning C4061: enumerator 'SEC_OID_AVA_POSTAL_CODE' in switch of enum 'SECOidTag' is not explicitly handled by a case label
 5:36.57 d:\a\K-Meleon-R\K-Meleon-R\goanna\obj-x64\dist\include\nss\secoidt.h(34): note: see declaration of 'SECOidTag'
 5:36.57 d:\a\K-Meleon-R\K-Meleon-R\goanna\security\manager\ssl\src\ScopedNSSTypes.h(217): warning C4061: enumerator 'SEC_OID_AVA_POST_OFFICE_BOX' in switch of enum 'SECOidTag' is not explicitly handled by a case label
 5:36.57 d:\a\K-Meleon-R\K-Meleon-R\goanna\obj-x64\dist\include\nss\secoidt.h(34): note: see declaration of 'SECOidTag'
 5:36.57 d:\a\K-Meleon-R\K-Meleon-R\goanna\security\manager\ssl\src\ScopedNSSTypes.h(217): warning C4061: enumerator 'SEC_OID_AVA_GIVEN_NAME' in switch of enum 'SECOidTag' is not explicitly handled by a case label
 5:36.57 d:\a\K-Meleon-R\K-Meleon-R\goanna\obj-x64\dist\include\nss\secoidt.h(34): note: see declaration of 'SECOidTag'
 5:36.57 d:\a\K-Meleon-R\K-Meleon-R\goanna\security\manager\ssl\src\ScopedNSSTypes.h(217): warning C4061: enumerator 'SEC_OID_AVA_INITIALS' in switch of enum 'SECOidTag' is not explicitly handled by a case label
 5:36.57 d:\a\K-Meleon-R\K-Meleon-R\goanna\obj-x64\dist\include\nss\secoidt.h(34): note: see declaration of 'SECOidTag'
 5:36.57 d:\a\K-Meleon-R\K-Meleon-R\goanna\security\manager\ssl\src\ScopedNSSTypes.h(217): warning C4061: enumerator 'SEC_OID_AVA_GENERATION_QUALIFIER' in switch of enum 'SECOidTag' is not explicitly handled by a case label
 5:36.57 d:\a\K-Meleon-R\K-Meleon-R\goanna\obj-x64\dist\include\nss\secoidt.h(34): note: see declaration of 'SECOidTag'
 5:36.57 d:\a\K-Meleon-R\K-Meleon-R\goanna\security\manager\ssl\src\ScopedNSSTypes.h(217): warning C4061: enumerator 'SEC_OID_AVA_HOUSE_IDENTIFIER' in switch of enum 'SECOidTag' is not explicitly handled by a case label
 5:36.57 d:\a\K-Meleon-R\K-Meleon-R\goanna\obj-x64\dist\include\nss\secoidt.h(34): note: see declaration of 'SECOidTag'
 5:36.57 d:\a\K-Meleon-R\K-Meleon-R\goanna\security\manager\ssl\src\ScopedNSSTypes.h(217): warning C4061: enumerator 'SEC_OID_AVA_PSEUDONYM' in switch of enum 'SECOidTag' is not explicitly handled by a case label
 5:36.57 d:\a\K-Meleon-R\K-Meleon-R\goanna\obj-x64\dist\include\nss\secoidt.h(34): note: see declaration of 'SECOidTag'
 5:36.57 d:\a\K-Meleon-R\K-Meleon-R\goanna\security\manager\ssl\src\ScopedNSSTypes.h(217): warning C4061: enumerator 'SEC_OID_PKIX_CA_ISSUERS' in switch of enum 'SECOidTag' is not explicitly handled by a case label
 5:36.57 d:\a\K-Meleon-R\K-Meleon-R\goanna\obj-x64\dist\include\nss\secoidt.h(34): note: see declaration of 'SECOidTag'
 5:36.57 d:\a\K-Meleon-R\K-Meleon-R\goanna\security\manager\ssl\src\ScopedNSSTypes.h(217): warning C4061: enumerator 'SEC_OID_PKCS9_EXTENSION_REQUEST' in switch of enum 'SECOidTag' is not explicitly handled by a case label
 5:36.57 d:\a\K-Meleon-R\K-Meleon-R\goanna\obj-x64\dist\include\nss\secoidt.h(34): note: see declaration of 'SECOidTag'
 5:36.57 d:\a\K-Meleon-R\K-Meleon-R\goanna\security\manager\ssl\src\ScopedNSSTypes.h(217): warning C4061: enumerator 'SEC_OID_ANSIX962_ECDSA_SIGNATURE_RECOMMENDED_DIGEST' in switch of enum 'SECOidTag' is not explicitly handled by a case label
 5:36.57 d:\a\K-Meleon-R\K-Meleon-R\goanna\obj-x64\dist\include\nss\secoidt.h(34): note: see declaration of 'SECOidTag'
 5:36.57 d:\a\K-Meleon-R\K-Meleon-R\goanna\security\manager\ssl\src\ScopedNSSTypes.h(217): warning C4061: enumerator 'SEC_OID_ANSIX962_ECDSA_SIGNATURE_SPECIFIED_DIGEST' in switch of enum 'SECOidTag' is not explicitly handled by a case label
 5:36.57 d:\a\K-Meleon-R\K-Meleon-R\goanna\obj-x64\dist\include\nss\secoidt.h(34): note: see declaration of 'SECOidTag'
 5:36.57 d:\a\K-Meleon-R\K-Meleon-R\goanna\security\manager\ssl\src\ScopedNSSTypes.h(217): warning C4061: enumerator 'SEC_OID_ANSIX962_ECDSA_SHA224_SIGNATURE' in switch of enum 'SECOidTag' is not explicitly handled by a case label
 5:36.57 d:\a\K-Meleon-R\K-Meleon-R\goanna\obj-x64\dist\include\nss\secoidt.h(34): note: see declaration of 'SECOidTag'
 5:36.57 d:\a\K-Meleon-R\K-Meleon-R\goanna\security\manager\ssl\src\ScopedNSSTypes.h(217): warning C4061: enumerator 'SEC_OID_ANSIX962_ECDSA_SHA256_SIGNATURE' in switch of enum 'SECOidTag' is not explicitly handled by a case label
 5:36.57 d:\a\K-Meleon-R\K-Meleon-R\goanna\obj-x64\dist\include\nss\secoidt.h(34): note: see declaration of 'SECOidTag'
 5:36.57 d:\a\K-Meleon-R\K-Meleon-R\goanna\security\manager\ssl\src\ScopedNSSTypes.h(217): warning C4061: enumerator 'SEC_OID_ANSIX962_ECDSA_SHA384_SIGNATURE' in switch of enum 'SECOidTag' is not explicitly handled by a case label
 5:36.57 d:\a\K-Meleon-R\K-Meleon-R\goanna\obj-x64\dist\include\nss\secoidt.h(34): note: see declaration of 'SECOidTag'
 5:36.57 d:\a\K-Meleon-R\K-Meleon-R\goanna\security\manager\ssl\src\ScopedNSSTypes.h(217): warning C4061: enumerator 'SEC_OID_ANSIX962_ECDSA_SHA512_SIGNATURE' in switch of enum 'SECOidTag' is not explicitly handled by a case label
 5:36.57 d:\a\K-Meleon-R\K-Meleon-R\goanna\obj-x64\dist\include\nss\secoidt.h(34): note: see declaration of 'SECOidTag'
 5:36.57 d:\a\K-Meleon-R\K-Meleon-R\goanna\security\manager\ssl\src\ScopedNSSTypes.h(217): warning C4061: enumerator 'SEC_OID_X509_HOLD_INSTRUCTION_CODE' in switch of enum 'SECOidTag' is not explicitly handled by a case label
 5:36.57 d:\a\K-Meleon-R\K-Meleon-R\goanna\obj-x64\dist\include\nss\secoidt.h(34): note: see declaration of 'SECOidTag'
 5:36.57 d:\a\K-Meleon-R\K-Meleon-R\goanna\security\manager\ssl\src\ScopedNSSTypes.h(217): warning C4061: enumerator 'SEC_OID_X509_DELTA_CRL_INDICATOR' in switch of enum 'SECOidTag' is not explicitly handled by a case label
 5:36.57 d:\a\K-Meleon-R\K-Meleon-R\goanna\obj-x64\dist\include\nss\secoidt.h(34): note: see declaration of 'SECOidTag'
 5:36.57 d:\a\K-Meleon-R\K-Meleon-R\goanna\security\manager\ssl\src\ScopedNSSTypes.h(217): warning C4061: enumerator 'SEC_OID_X509_ISSUING_DISTRIBUTION_POINT' in switch of enum 'SECOidTag' is not explicitly handled by a case label
 5:36.57 d:\a\K-Meleon-R\K-Meleon-R\goanna\obj-x64\dist\include\nss\secoidt.h(34): note: see declaration of 'SECOidTag'
 5:36.57 d:\a\K-Meleon-R\K-Meleon-R\goanna\security\manager\ssl\src\ScopedNSSTypes.h(217): warning C4061: enumerator 'SEC_OID_X509_CERT_ISSUER' in switch of enum 'SECOidTag' is not explicitly handled by a case label
 5:36.57 d:\a\K-Meleon-R\K-Meleon-R\goanna\obj-x64\dist\include\nss\secoidt.h(34): note: see declaration of 'SECOidTag'
 5:36.57 d:\a\K-Meleon-R\K-Meleon-R\goanna\security\manager\ssl\src\ScopedNSSTypes.h(217): warning C4061: enumerator 'SEC_OID_X509_FRESHEST_CRL' in switch of enum 'SECOidTag' is not explicitly handled by a case label
 5:36.57 d:\a\K-Meleon-R\K-Meleon-R\goanna\obj-x64\dist\include\nss\secoidt.h(34): note: see declaration of 'SECOidTag'
 5:36.57 d:\a\K-Meleon-R\K-Meleon-R\goanna\security\manager\ssl\src\ScopedNSSTypes.h(217): warning C4061: enumerator 'SEC_OID_X509_INHIBIT_ANY_POLICY' in switch of enum 'SECOidTag' is not explicitly handled by a case label
 5:36.57 d:\a\K-Meleon-R\K-Meleon-R\goanna\obj-x64\dist\include\nss\secoidt.h(34): note: see declaration of 'SECOidTag'
 5:36.57 d:\a\K-Meleon-R\K-Meleon-R\goanna\security\manager\ssl\src\ScopedNSSTypes.h(217): warning C4061: enumerator 'SEC_OID_X509_SUBJECT_INFO_ACCESS' in switch of enum 'SECOidTag' is not explicitly handled by a case label
 5:36.57 d:\a\K-Meleon-R\K-Meleon-R\goanna\obj-x64\dist\include\nss\secoidt.h(34): note: see declaration of 'SECOidTag'
 5:36.57 d:\a\K-Meleon-R\K-Meleon-R\goanna\security\manager\ssl\src\ScopedNSSTypes.h(217): warning C4061: enumerator 'SEC_OID_CAMELLIA_128_CBC' in switch of enum 'SECOidTag' is not explicitly handled by a case label
 5:36.57 d:\a\K-Meleon-R\K-Meleon-R\goanna\obj-x64\dist\include\nss\secoidt.h(34): note: see declaration of 'SECOidTag'
 5:36.57 d:\a\K-Meleon-R\K-Meleon-R\goanna\security\manager\ssl\src\ScopedNSSTypes.h(217): warning C4061: enumerator 'SEC_OID_CAMELLIA_192_CBC' in switch of enum 'SECOidTag' is not explicitly handled by a case label
 5:36.57 d:\a\K-Meleon-R\K-Meleon-R\goanna\obj-x64\dist\include\nss\secoidt.h(34): note: see declaration of 'SECOidTag'
 5:36.57 d:\a\K-Meleon-R\K-Meleon-R\goanna\security\manager\ssl\src\ScopedNSSTypes.h(217): warning C4061: enumerator 'SEC_OID_CAMELLIA_256_CBC' in switch of enum 'SECOidTag' is not explicitly handled by a case label
 5:36.57 d:\a\K-Meleon-R\K-Meleon-R\goanna\obj-x64\dist\include\nss\secoidt.h(34): note: see declaration of 'SECOidTag'
 5:36.57 d:\a\K-Meleon-R\K-Meleon-R\goanna\security\manager\ssl\src\ScopedNSSTypes.h(217): warning C4061: enumerator 'SEC_OID_PKCS5_PBKDF2' in switch of enum 'SECOidTag' is not explicitly handled by a case label
 5:36.57 d:\a\K-Meleon-R\K-Meleon-R\goanna\obj-x64\dist\include\nss\secoidt.h(34): note: see declaration of 'SECOidTag'
 5:36.57 d:\a\K-Meleon-R\K-Meleon-R\goanna\security\manager\ssl\src\ScopedNSSTypes.h(217): warning C4061: enumerator 'SEC_OID_PKCS5_PBES2' in switch of enum 'SECOidTag' is not explicitly handled by a case label
 5:36.57 d:\a\K-Meleon-R\K-Meleon-R\goanna\obj-x64\dist\include\nss\secoidt.h(34): note: see declaration of 'SECOidTag'
 5:36.57 d:\a\K-Meleon-R\K-Meleon-R\goanna\security\manager\ssl\src\ScopedNSSTypes.h(217): warning C4061: enumerator 'SEC_OID_PKCS5_PBMAC1' in switch of enum 'SECOidTag' is not explicitly handled by a case label
 5:36.57 d:\a\K-Meleon-R\K-Meleon-R\goanna\obj-x64\dist\include\nss\secoidt.h(34): note: see declaration of 'SECOidTag'
 5:36.57 d:\a\K-Meleon-R\K-Meleon-R\goanna\security\manager\ssl\src\ScopedNSSTypes.h(217): warning C4061: enumerator 'SEC_OID_HMAC_SHA1' in switch of enum 'SECOidTag' is not explicitly handled by a case label
 5:36.57 d:\a\K-Meleon-R\K-Meleon-R\goanna\obj-x64\dist\include\nss\secoidt.h(34): note: see declaration of 'SECOidTag'
 5:36.57 d:\a\K-Meleon-R\K-Meleon-R\goanna\security\manager\ssl\src\ScopedNSSTypes.h(217): warning C4061: enumerator 'SEC_OID_HMAC_SHA224' in switch of enum 'SECOidTag' is not explicitly handled by a case label
 5:36.57 d:\a\K-Meleon-R\K-Meleon-R\goanna\obj-x64\dist\include\nss\secoidt.h(34): note: see declaration of 'SECOidTag'
 5:36.57 d:\a\K-Meleon-R\K-Meleon-R\goanna\security\manager\ssl\src\ScopedNSSTypes.h(217): warning C4061: enumerator 'SEC_OID_HMAC_SHA256' in switch of enum 'SECOidTag' is not explicitly handled by a case label
 5:36.57 d:\a\K-Meleon-R\K-Meleon-R\goanna\obj-x64\dist\include\nss\secoidt.h(34): note: see declaration of 'SECOidTag'
 5:36.57 d:\a\K-Meleon-R\K-Meleon-R\goanna\security\manager\ssl\src\ScopedNSSTypes.h(217): warning C4061: enumerator 'SEC_OID_HMAC_SHA384' in switch of enum 'SECOidTag' is not explicitly handled by a case label
 5:36.57 d:\a\K-Meleon-R\K-Meleon-R\goanna\obj-x64\dist\include\nss\secoidt.h(34): note: see declaration of 'SECOidTag'
 5:36.57 d:\a\K-Meleon-R\K-Meleon-R\goanna\security\manager\ssl\src\ScopedNSSTypes.h(217): warning C4061: enumerator 'SEC_OID_HMAC_SHA512' in switch of enum 'SECOidTag' is not explicitly handled by a case label
 5:36.57 d:\a\K-Meleon-R\K-Meleon-R\goanna\obj-x64\dist\include\nss\secoidt.h(34): note: see declaration of 'SECOidTag'
 5:36.57 d:\a\K-Meleon-R\K-Meleon-R\goanna\security\manager\ssl\src\ScopedNSSTypes.h(217): warning C4061: enumerator 'SEC_OID_PKIX_TIMESTAMPING' in switch of enum 'SECOidTag' is not explicitly handled by a case label
 5:36.57 d:\a\K-Meleon-R\K-Meleon-R\goanna\obj-x64\dist\include\nss\secoidt.h(34): note: see declaration of 'SECOidTag'
 5:36.57 d:\a\K-Meleon-R\K-Meleon-R\goanna\security\manager\ssl\src\ScopedNSSTypes.h(217): warning C4061: enumerator 'SEC_OID_PKIX_CA_REPOSITORY' in switch of enum 'SECOidTag' is not explicitly handled by a case label
 5:36.57 d:\a\K-Meleon-R\K-Meleon-R\goanna\obj-x64\dist\include\nss\secoidt.h(34): note: see declaration of 'SECOidTag'
 5:36.57 d:\a\K-Meleon-R\K-Meleon-R\goanna\security\manager\ssl\src\ScopedNSSTypes.h(217): warning C4061: enumerator 'SEC_OID_ISO_SHA1_WITH_RSA_SIGNATURE' in switch of enum 'SECOidTag' is not explicitly handled by a case label
 5:36.57 d:\a\K-Meleon-R\K-Meleon-R\goanna\obj-x64\dist\include\nss\secoidt.h(34): note: see declaration of 'SECOidTag'
 5:36.57 d:\a\K-Meleon-R\K-Meleon-R\goanna\security\manager\ssl\src\ScopedNSSTypes.h(217): warning C4061: enumerator 'SEC_OID_SEED_CBC' in switch of enum 'SECOidTag' is not explicitly handled by a case label
 5:36.57 d:\a\K-Meleon-R\K-Meleon-R\goanna\obj-x64\dist\include\nss\secoidt.h(34): note: see declaration of 'SECOidTag'
 5:36.57 d:\a\K-Meleon-R\K-Meleon-R\goanna\security\manager\ssl\src\ScopedNSSTypes.h(217): warning C4061: enumerator 'SEC_OID_X509_ANY_POLICY' in switch of enum 'SECOidTag' is not explicitly handled by a case label
 5:36.57 d:\a\K-Meleon-R\K-Meleon-R\goanna\obj-x64\dist\include\nss\secoidt.h(34): note: see declaration of 'SECOidTag'
 5:36.57 d:\a\K-Meleon-R\K-Meleon-R\goanna\security\manager\ssl\src\ScopedNSSTypes.h(217): warning C4061: enumerator 'SEC_OID_PKCS1_RSA_OAEP_ENCRYPTION' in switch of enum 'SECOidTag' is not explicitly handled by a case label
 5:36.57 d:\a\K-Meleon-R\K-Meleon-R\goanna\obj-x64\dist\include\nss\secoidt.h(34): note: see declaration of 'SECOidTag'
 5:36.57 d:\a\K-Meleon-R\K-Meleon-R\goanna\security\manager\ssl\src\ScopedNSSTypes.h(217): warning C4061: enumerator 'SEC_OID_PKCS1_MGF1' in switch of enum 'SECOidTag' is not explicitly handled by a case label
 5:36.57 d:\a\K-Meleon-R\K-Meleon-R\goanna\obj-x64\dist\include\nss\secoidt.h(34): note: see declaration of 'SECOidTag'
 5:36.57 d:\a\K-Meleon-R\K-Meleon-R\goanna\security\manager\ssl\src\ScopedNSSTypes.h(217): warning C4061: enumerator 'SEC_OID_PKCS1_PSPECIFIED' in switch of enum 'SECOidTag' is not explicitly handled by a case label
 5:36.57 d:\a\K-Meleon-R\K-Meleon-R\goanna\obj-x64\dist\include\nss\secoidt.h(34): note: see declaration of 'SECOidTag'
 5:36.57 d:\a\K-Meleon-R\K-Meleon-R\goanna\security\manager\ssl\src\ScopedNSSTypes.h(217): warning C4061: enumerator 'SEC_OID_PKCS1_RSA_PSS_SIGNATURE' in switch of enum 'SECOidTag' is not explicitly handled by a case label
 5:36.57 d:\a\K-Meleon-R\K-Meleon-R\goanna\obj-x64\dist\include\nss\secoidt.h(34): note: see declaration of 'SECOidTag'
 5:36.57 d:\a\K-Meleon-R\K-Meleon-R\goanna\security\manager\ssl\src\ScopedNSSTypes.h(217): warning C4061: enumerator 'SEC_OID_PKCS1_SHA224_WITH_RSA_ENCRYPTION' in switch of enum 'SECOidTag' is not explicitly handled by a case label
 5:36.57 d:\a\K-Meleon-R\K-Meleon-R\goanna\obj-x64\dist\include\nss\secoidt.h(34): note: see declaration of 'SECOidTag'
 5:36.57 d:\a\K-Meleon-R\K-Meleon-R\goanna\security\manager\ssl\src\ScopedNSSTypes.h(217): warning C4061: enumerator 'SEC_OID_SHA224' in switch of enum 'SECOidTag' is not explicitly handled by a case label
 5:36.57 d:\a\K-Meleon-R\K-Meleon-R\goanna\obj-x64\dist\include\nss\secoidt.h(34): note: see declaration of 'SECOidTag'
 5:36.57 d:\a\K-Meleon-R\K-Meleon-R\goanna\security\manager\ssl\src\ScopedNSSTypes.h(217): warning C4061: enumerator 'SEC_OID_EV_INCORPORATION_LOCALITY' in switch of enum 'SECOidTag' is not explicitly handled by a case label
 5:36.57 d:\a\K-Meleon-R\K-Meleon-R\goanna\obj-x64\dist\include\nss\secoidt.h(34): note: see declaration of 'SECOidTag'
 5:36.57 d:\a\K-Meleon-R\K-Meleon-R\goanna\security\manager\ssl\src\ScopedNSSTypes.h(217): warning C4061: enumerator 'SEC_OID_EV_INCORPORATION_STATE' in switch of enum 'SECOidTag' is not explicitly handled by a case label
 5:36.57 d:\a\K-Meleon-R\K-Meleon-R\goanna\obj-x64\dist\include\nss\secoidt.h(34): note: see declaration of 'SECOidTag'
 5:36.57 d:\a\K-Meleon-R\K-Meleon-R\goanna\security\manager\ssl\src\ScopedNSSTypes.h(217): warning C4061: enumerator 'SEC_OID_EV_INCORPORATION_COUNTRY' in switch of enum 'SECOidTag' is not explicitly handled by a case label
 5:36.57 d:\a\K-Meleon-R\K-Meleon-R\goanna\obj-x64\dist\include\nss\secoidt.h(34): note: see declaration of 'SECOidTag'
 5:36.57 d:\a\K-Meleon-R\K-Meleon-R\goanna\security\manager\ssl\src\ScopedNSSTypes.h(217): warning C4061: enumerator 'SEC_OID_BUSINESS_CATEGORY' in switch of enum 'SECOidTag' is not explicitly handled by a case label
 5:36.57 d:\a\K-Meleon-R\K-Meleon-R\goanna\obj-x64\dist\include\nss\secoidt.h(34): note: see declaration of 'SECOidTag'
 5:36.57 d:\a\K-Meleon-R\K-Meleon-R\goanna\security\manager\ssl\src\ScopedNSSTypes.h(217): warning C4061: enumerator 'SEC_OID_NIST_DSA_SIGNATURE_WITH_SHA224_DIGEST' in switch of enum 'SECOidTag' is not explicitly handled by a case label
 5:36.57 d:\a\K-Meleon-R\K-Meleon-R\goanna\obj-x64\dist\include\nss\secoidt.h(34): note: see declaration of 'SECOidTag'
 5:36.57 d:\a\K-Meleon-R\K-Meleon-R\goanna\security\manager\ssl\src\ScopedNSSTypes.h(217): warning C4061: enumerator 'SEC_OID_NIST_DSA_SIGNATURE_WITH_SHA256_DIGEST' in switch of enum 'SECOidTag' is not explicitly handled by a case label
 5:36.57 d:\a\K-Meleon-R\K-Meleon-R\goanna\obj-x64\dist\include\nss\secoidt.h(34): note: see declaration of 'SECOidTag'
 5:36.57 d:\a\K-Meleon-R\K-Meleon-R\goanna\security\manager\ssl\src\ScopedNSSTypes.h(217): warning C4061: enumerator 'SEC_OID_MS_EXT_KEY_USAGE_CTL_SIGNING' in switch of enum 'SECOidTag' is not explicitly handled by a case label
 5:36.57 d:\a\K-Meleon-R\K-Meleon-R\goanna\obj-x64\dist\include\nss\secoidt.h(34): note: see declaration of 'SECOidTag'
 5:36.57 d:\a\K-Meleon-R\K-Meleon-R\goanna\security\manager\ssl\src\ScopedNSSTypes.h(217): warning C4061: enumerator 'SEC_OID_AVA_NAME' in switch of enum 'SECOidTag' is not explicitly handled by a case label
 5:36.57 d:\a\K-Meleon-R\K-Meleon-R\goanna\obj-x64\dist\include\nss\secoidt.h(34): note: see declaration of 'SECOidTag'
 5:36.57 d:\a\K-Meleon-R\K-Meleon-R\goanna\security\manager\ssl\src\ScopedNSSTypes.h(217): warning C4061: enumerator 'SEC_OID_AES_128_GCM' in switch of enum 'SECOidTag' is not explicitly handled by a case label
 5:36.57 d:\a\K-Meleon-R\K-Meleon-R\goanna\obj-x64\dist\include\nss\secoidt.h(34): note: see declaration of 'SECOidTag'
 5:36.57 d:\a\K-Meleon-R\K-Meleon-R\goanna\security\manager\ssl\src\ScopedNSSTypes.h(217): warning C4061: enumerator 'SEC_OID_AES_192_GCM' in switch of enum 'SECOidTag' is not explicitly handled by a case label
 5:36.57 d:\a\K-Meleon-R\K-Meleon-R\goanna\obj-x64\dist\include\nss\secoidt.h(34): note: see declaration of 'SECOidTag'
 5:36.57 d:\a\K-Meleon-R\K-Meleon-R\goanna\security\manager\ssl\src\ScopedNSSTypes.h(217): warning C4061: enumerator 'SEC_OID_AES_256_GCM' in switch of enum 'SECOidTag' is not explicitly handled by a case label
 5:36.57 d:\a\K-Meleon-R\K-Meleon-R\goanna\obj-x64\dist\include\nss\secoidt.h(34): note: see declaration of 'SECOidTag'
 5:36.57 d:\a\K-Meleon-R\K-Meleon-R\goanna\security\manager\ssl\src\ScopedNSSTypes.h(217): warning C4061: enumerator 'SEC_OID_IDEA_CBC' in switch of enum 'SECOidTag' is not explicitly handled by a case label
 5:36.57 d:\a\K-Meleon-R\K-Meleon-R\goanna\obj-x64\dist\include\nss\secoidt.h(34): note: see declaration of 'SECOidTag'
 5:36.57 d:\a\K-Meleon-R\K-Meleon-R\goanna\security\manager\ssl\src\ScopedNSSTypes.h(217): warning C4061: enumerator 'SEC_OID_RC2_40_CBC' in switch of enum 'SECOidTag' is not explicitly handled by a case label
 5:36.57 d:\a\K-Meleon-R\K-Meleon-R\goanna\obj-x64\dist\include\nss\secoidt.h(34): note: see declaration of 'SECOidTag'
 5:36.57 d:\a\K-Meleon-R\K-Meleon-R\goanna\security\manager\ssl\src\ScopedNSSTypes.h(217): warning C4061: enumerator 'SEC_OID_DES_40_CBC' in switch of enum 'SECOidTag' is not explicitly handled by a case label
 5:36.57 d:\a\K-Meleon-R\K-Meleon-R\goanna\obj-x64\dist\include\nss\secoidt.h(34): note: see declaration of 'SECOidTag'
 5:36.57 d:\a\K-Meleon-R\K-Meleon-R\goanna\security\manager\ssl\src\ScopedNSSTypes.h(217): warning C4061: enumerator 'SEC_OID_RC4_40' in switch of enum 'SECOidTag' is not explicitly handled by a case label
 5:36.57 d:\a\K-Meleon-R\K-Meleon-R\goanna\obj-x64\dist\include\nss\secoidt.h(34): note: see declaration of 'SECOidTag'
 5:36.57 d:\a\K-Meleon-R\K-Meleon-R\goanna\security\manager\ssl\src\ScopedNSSTypes.h(217): warning C4061: enumerator 'SEC_OID_RC4_56' in switch of enum 'SECOidTag' is not explicitly handled by a case label
 5:36.57 d:\a\K-Meleon-R\K-Meleon-R\goanna\obj-x64\dist\include\nss\secoidt.h(34): note: see declaration of 'SECOidTag'
 5:36.57 d:\a\K-Meleon-R\K-Meleon-R\goanna\security\manager\ssl\src\ScopedNSSTypes.h(217): warning C4061: enumerator 'SEC_OID_NULL_CIPHER' in switch of enum 'SECOidTag' is not explicitly handled by a case label
 5:36.57 d:\a\K-Meleon-R\K-Meleon-R\goanna\obj-x64\dist\include\nss\secoidt.h(34): note: see declaration of 'SECOidTag'
 5:36.57 d:\a\K-Meleon-R\K-Meleon-R\goanna\security\manager\ssl\src\ScopedNSSTypes.h(217): warning C4061: enumerator 'SEC_OID_HMAC_MD5' in switch of enum 'SECOidTag' is not explicitly handled by a case label
 5:36.57 d:\a\K-Meleon-R\K-Meleon-R\goanna\obj-x64\dist\include\nss\secoidt.h(34): note: see declaration of 'SECOidTag'
 5:36.57 d:\a\K-Meleon-R\K-Meleon-R\goanna\security\manager\ssl\src\ScopedNSSTypes.h(217): warning C4061: enumerator 'SEC_OID_TLS_RSA' in switch of enum 'SECOidTag' is not explicitly handled by a case label
 5:36.57 d:\a\K-Meleon-R\K-Meleon-R\goanna\obj-x64\dist\include\nss\secoidt.h(34): note: see declaration of 'SECOidTag'
 5:36.57 d:\a\K-Meleon-R\K-Meleon-R\goanna\security\manager\ssl\src\ScopedNSSTypes.h(217): warning C4061: enumerator 'SEC_OID_TLS_DHE_RSA' in switch of enum 'SECOidTag' is not explicitly handled by a case label
 5:36.57 d:\a\K-Meleon-R\K-Meleon-R\goanna\obj-x64\dist\include\nss\secoidt.h(34): note: see declaration of 'SECOidTag'
 5:36.57 d:\a\K-Meleon-R\K-Meleon-R\goanna\security\manager\ssl\src\ScopedNSSTypes.h(217): warning C4061: enumerator 'SEC_OID_TLS_DHE_DSS' in switch of enum 'SECOidTag' is not explicitly handled by a case label
 5:36.57 d:\a\K-Meleon-R\K-Meleon-R\goanna\obj-x64\dist\include\nss\secoidt.h(34): note: see declaration of 'SECOidTag'
 5:36.57 d:\a\K-Meleon-R\K-Meleon-R\goanna\security\manager\ssl\src\ScopedNSSTypes.h(217): warning C4061: enumerator 'SEC_OID_TLS_DH_RSA' in switch of enum 'SECOidTag' is not explicitly handled by a case label
 5:36.57 d:\a\K-Meleon-R\K-Meleon-R\goanna\obj-x64\dist\include\nss\secoidt.h(34): note: see declaration of 'SECOidTag'
 5:36.59 d:\a\K-Meleon-R\K-Meleon-R\goanna\security\manager\ssl\src\ScopedNSSTypes.h(217): warning C4061: enumerator 'SEC_OID_TLS_DH_DSS' in switch of enum 'SECOidTag' is not explicitly handled by a case label
 5:36.59 d:\a\K-Meleon-R\K-Meleon-R\goanna\obj-x64\dist\include\nss\secoidt.h(34): note: see declaration of 'SECOidTag'
 5:36.59 d:\a\K-Meleon-R\K-Meleon-R\goanna\security\manager\ssl\src\ScopedNSSTypes.h(217): warning C4061: enumerator 'SEC_OID_TLS_DH_ANON' in switch of enum 'SECOidTag' is not explicitly handled by a case label
 5:36.59 d:\a\K-Meleon-R\K-Meleon-R\goanna\obj-x64\dist\include\nss\secoidt.h(34): note: see declaration of 'SECOidTag'
 5:36.59 d:\a\K-Meleon-R\K-Meleon-R\goanna\security\manager\ssl\src\ScopedNSSTypes.h(217): warning C4061: enumerator 'SEC_OID_TLS_ECDHE_ECDSA' in switch of enum 'SECOidTag' is not explicitly handled by a case label
 5:36.59 d:\a\K-Meleon-R\K-Meleon-R\goanna\obj-x64\dist\include\nss\secoidt.h(34): note: see declaration of 'SECOidTag'
 5:36.59 d:\a\K-Meleon-R\K-Meleon-R\goanna\security\manager\ssl\src\ScopedNSSTypes.h(217): warning C4061: enumerator 'SEC_OID_TLS_ECDHE_RSA' in switch of enum 'SECOidTag' is not explicitly handled by a case label
 5:36.59 d:\a\K-Meleon-R\K-Meleon-R\goanna\obj-x64\dist\include\nss\secoidt.h(34): note: see declaration of 'SECOidTag'
 5:36.59 d:\a\K-Meleon-R\K-Meleon-R\goanna\security\manager\ssl\src\ScopedNSSTypes.h(217): warning C4061: enumerator 'SEC_OID_TLS_ECDH_ECDSA' in switch of enum 'SECOidTag' is not explicitly handled by a case label
 5:36.59 d:\a\K-Meleon-R\K-Meleon-R\goanna\obj-x64\dist\include\nss\secoidt.h(34): note: see declaration of 'SECOidTag'
 5:36.59 d:\a\K-Meleon-R\K-Meleon-R\goanna\security\manager\ssl\src\ScopedNSSTypes.h(217): warning C4061: enumerator 'SEC_OID_TLS_ECDH_RSA' in switch of enum 'SECOidTag' is not explicitly handled by a case label
 5:36.59 d:\a\K-Meleon-R\K-Meleon-R\goanna\obj-x64\dist\include\nss\secoidt.h(34): note: see declaration of 'SECOidTag'
 5:36.59 d:\a\K-Meleon-R\K-Meleon-R\goanna\security\manager\ssl\src\ScopedNSSTypes.h(217): warning C4061: enumerator 'SEC_OID_TLS_ECDH_ANON' in switch of enum 'SECOidTag' is not explicitly handled by a case label
 5:36.59 d:\a\K-Meleon-R\K-Meleon-R\goanna\obj-x64\dist\include\nss\secoidt.h(34): note: see declaration of 'SECOidTag'
 5:36.59 d:\a\K-Meleon-R\K-Meleon-R\goanna\security\manager\ssl\src\ScopedNSSTypes.h(217): warning C4061: enumerator 'SEC_OID_TLS_RSA_EXPORT' in switch of enum 'SECOidTag' is not explicitly handled by a case label
 5:36.59 d:\a\K-Meleon-R\K-Meleon-R\goanna\obj-x64\dist\include\nss\secoidt.h(34): note: see declaration of 'SECOidTag'
 5:36.59 d:\a\K-Meleon-R\K-Meleon-R\goanna\security\manager\ssl\src\ScopedNSSTypes.h(217): warning C4061: enumerator 'SEC_OID_TLS_DHE_RSA_EXPORT' in switch of enum 'SECOidTag' is not explicitly handled by a case label
 5:36.59 d:\a\K-Meleon-R\K-Meleon-R\goanna\obj-x64\dist\include\nss\secoidt.h(34): note: see declaration of 'SECOidTag'
 5:36.59 d:\a\K-Meleon-R\K-Meleon-R\goanna\security\manager\ssl\src\ScopedNSSTypes.h(217): warning C4061: enumerator 'SEC_OID_TLS_DHE_DSS_EXPORT' in switch of enum 'SECOidTag' is not explicitly handled by a case label
 5:36.59 d:\a\K-Meleon-R\K-Meleon-R\goanna\obj-x64\dist\include\nss\secoidt.h(34): note: see declaration of 'SECOidTag'
 5:36.59 d:\a\K-Meleon-R\K-Meleon-R\goanna\security\manager\ssl\src\ScopedNSSTypes.h(217): warning C4061: enumerator 'SEC_OID_TLS_DH_RSA_EXPORT' in switch of enum 'SECOidTag' is not explicitly handled by a case label
 5:36.59 d:\a\K-Meleon-R\K-Meleon-R\goanna\obj-x64\dist\include\nss\secoidt.h(34): note: see declaration of 'SECOidTag'
 5:36.59 d:\a\K-Meleon-R\K-Meleon-R\goanna\security\manager\ssl\src\ScopedNSSTypes.h(217): warning C4061: enumerator 'SEC_OID_TLS_DH_DSS_EXPORT' in switch of enum 'SECOidTag' is not explicitly handled by a case label
 5:36.59 d:\a\K-Meleon-R\K-Meleon-R\goanna\obj-x64\dist\include\nss\secoidt.h(34): note: see declaration of 'SECOidTag'
 5:36.59 d:\a\K-Meleon-R\K-Meleon-R\goanna\security\manager\ssl\src\ScopedNSSTypes.h(217): warning C4061: enumerator 'SEC_OID_TLS_DH_ANON_EXPORT' in switch of enum 'SECOidTag' is not explicitly handled by a case label
 5:36.59 d:\a\K-Meleon-R\K-Meleon-R\goanna\obj-x64\dist\include\nss\secoidt.h(34): note: see declaration of 'SECOidTag'
 5:36.59 d:\a\K-Meleon-R\K-Meleon-R\goanna\security\manager\ssl\src\ScopedNSSTypes.h(217): warning C4061: enumerator 'SEC_OID_APPLY_SSL_POLICY' in switch of enum 'SECOidTag' is not explicitly handled by a case label
 5:36.59 d:\a\K-Meleon-R\K-Meleon-R\goanna\obj-x64\dist\include\nss\secoidt.h(34): note: see declaration of 'SECOidTag'
 5:36.59 d:\a\K-Meleon-R\K-Meleon-R\goanna\security\manager\ssl\src\ScopedNSSTypes.h(217): warning C4061: enumerator 'SEC_OID_CHACHA20_POLY1305' in switch of enum 'SECOidTag' is not explicitly handled by a case label
 5:36.59 d:\a\K-Meleon-R\K-Meleon-R\goanna\obj-x64\dist\include\nss\secoidt.h(34): note: see declaration of 'SECOidTag'
 5:36.59 d:\a\K-Meleon-R\K-Meleon-R\goanna\security\manager\ssl\src\ScopedNSSTypes.h(217): warning C4061: enumerator 'SEC_OID_TLS_ECDHE_PSK' in switch of enum 'SECOidTag' is not explicitly handled by a case label
 5:36.59 d:\a\K-Meleon-R\K-Meleon-R\goanna\obj-x64\dist\include\nss\secoidt.h(34): note: see declaration of 'SECOidTag'
 5:36.59 d:\a\K-Meleon-R\K-Meleon-R\goanna\security\manager\ssl\src\ScopedNSSTypes.h(217): warning C4061: enumerator 'SEC_OID_TLS_DHE_PSK' in switch of enum 'SECOidTag' is not explicitly handled by a case label
 5:36.59 d:\a\K-Meleon-R\K-Meleon-R\goanna\obj-x64\dist\include\nss\secoidt.h(34): note: see declaration of 'SECOidTag'
 5:36.59 d:\a\K-Meleon-R\K-Meleon-R\goanna\security\manager\ssl\src\ScopedNSSTypes.h(217): warning C4061: enumerator 'SEC_OID_TLS_FFDHE_2048' in switch of enum 'SECOidTag' is not explicitly handled by a case label
 5:36.59 d:\a\K-Meleon-R\K-Meleon-R\goanna\obj-x64\dist\include\nss\secoidt.h(34): note: see declaration of 'SECOidTag'
 5:36.59 d:\a\K-Meleon-R\K-Meleon-R\goanna\security\manager\ssl\src\ScopedNSSTypes.h(217): warning C4061: enumerator 'SEC_OID_TLS_FFDHE_3072' in switch of enum 'SECOidTag' is not explicitly handled by a case label
 5:36.59 d:\a\K-Meleon-R\K-Meleon-R\goanna\obj-x64\dist\include\nss\secoidt.h(34): note: see declaration of 'SECOidTag'
 5:36.59 d:\a\K-Meleon-R\K-Meleon-R\goanna\security\manager\ssl\src\ScopedNSSTypes.h(217): warning C4061: enumerator 'SEC_OID_TLS_FFDHE_4096' in switch of enum 'SECOidTag' is not explicitly handled by a case label
 5:36.59 d:\a\K-Meleon-R\K-Meleon-R\goanna\obj-x64\dist\include\nss\secoidt.h(34): note: see declaration of 'SECOidTag'
 5:36.59 d:\a\K-Meleon-R\K-Meleon-R\goanna\security\manager\ssl\src\ScopedNSSTypes.h(217): warning C4061: enumerator 'SEC_OID_TLS_FFDHE_6144' in switch of enum 'SECOidTag' is not explicitly handled by a case label
 5:36.59 d:\a\K-Meleon-R\K-Meleon-R\goanna\obj-x64\dist\include\nss\secoidt.h(34): note: see declaration of 'SECOidTag'
 5:36.59 d:\a\K-Meleon-R\K-Meleon-R\goanna\security\manager\ssl\src\ScopedNSSTypes.h(217): warning C4061: enumerator 'SEC_OID_TLS_FFDHE_8192' in switch of enum 'SECOidTag' is not explicitly handled by a case label
 5:36.59 d:\a\K-Meleon-R\K-Meleon-R\goanna\obj-x64\dist\include\nss\secoidt.h(34): note: see declaration of 'SECOidTag'
 7:36.08 d:\a\K-Meleon-R\K-Meleon-R\goanna\security\manager\ssl\src\ScopedNSSTypes.h(217): warning C4061: enumerator 'SEC_OID_TLS_DHE_CUSTOM' in switch of enum 'SECOidTag' is not explicitly handled by a case label
 7:36.08 d:\a\K-Meleon-R\K-Meleon-R\goanna\obj-x64\dist\include\nss\secoidt.h(34): note: see declaration of 'SECOidTag'
 7:36.08 d:\a\K-Meleon-R\K-Meleon-R\goanna\security\manager\ssl\src\ScopedNSSTypes.h(217): warning C4061: enumerator 'SEC_OID_CURVE25519' in switch of enum 'SECOidTag' is not explicitly handled by a case label
 7:36.08 d:\a\K-Meleon-R\K-Meleon-R\goanna\obj-x64\dist\include\nss\secoidt.h(34): note: see declaration of 'SECOidTag'
 7:36.08 d:\a\K-Meleon-R\K-Meleon-R\goanna\security\manager\ssl\src\ScopedNSSTypes.h(217): warning C4061: enumerator 'SEC_OID_TLS13_KEA_ANY' in switch of enum 'SECOidTag' is not explicitly handled by a case label
 7:36.08 d:\a\K-Meleon-R\K-Meleon-R\goanna\obj-x64\dist\include\nss\secoidt.h(34): note: see declaration of 'SECOidTag'
 7:36.08 d:\a\K-Meleon-R\K-Meleon-R\goanna\security\manager\ssl\src\ScopedNSSTypes.h(217): warning C4061: enumerator 'SEC_OID_X509_ANY_EXT_KEY_USAGE' in switch of enum 'SECOidTag' is not explicitly handled by a case label
 7:36.08 d:\a\K-Meleon-R\K-Meleon-R\goanna\obj-x64\dist\include\nss\secoidt.h(34): nUnified_cpp_dom_media_webm0.cpp
 7:36.08 ote: see declaration of 'SECOidTag'
 7:36.08 d:\a\K-Meleon-R\K-Meleon-R\goanna\security\manager\ssl\src\ScopedNSSTypes.h(217): warning C4061: enumerator 'SEC_OID_EXT_KEY_USAGE_IPSEC_IKE' in switch of enum 'SECOidTag' is not explicitly handled by a case label
 7:36.08 d:\a\K-Meleon-R\K-Meleon-R\goanna\obj-x64\dist\include\nss\secoidt.h(34): note: see declaration of 'SECOidTag'
 7:36.08 d:\a\K-Meleon-R\K-Meleon-R\goanna\security\manager\ssl\src\ScopedNSSTypes.h(217): warning C4061: enumerator 'SEC_OID_IPSEC_IKE_END' in switch of enum 'SECOidTag' is not explicitly handled by a case label
 7:36.08 d:\a\K-Meleon-R\K-Meleon-R\goanna\obj-x64\dist\include\nss\secoidt.h(34): note: see declaration of 'SECOidTag'
 7:36.08 d:\a\K-Meleon-R\K-Meleon-R\goanna\security\manager\ssl\src\ScopedNSSTypes.h(217): warning C4061: enumerator 'SEC_OID_IPSEC_IKE_INTERMEDIATE' in switch of enum 'SECOidTag' is not explicitly handled by a case label
 7:36.08 d:\a\K-Meleon-R\K-Meleon-R\goanna\obj-x64\dist\include\nss\secoidt.h(34): note: see declaration of 'SECOidTag'
 7:36.08 d:\a\K-Meleon-R\K-Meleon-R\goanna\security\manager\ssl\src\ScopedNSSTypes.h(217): warning C4061: enumerator 'SEC_OID_EXT_KEY_USAGE_IPSEC_END' in switch of enum 'SECOidTag' is not explicitly handled by a case label
 7:36.08 d:\a\K-Meleon-R\K-Meleon-R\goanna\obj-x64\dist\include\nss\secoidt.h(34): note: see declaration of 'SECOidTag'
 7:36.08 d:\a\K-Meleon-R\K-Meleon-R\goanna\security\manager\ssl\src\ScopedNSSTypes.h(217): warning C4061: enumerator 'SEC_OID_EXT_KEY_USAGE_IPSEC_TUNNEL' in switch of enum 'SECOidTag' is not explicitly handled by a case label
 7:36.08 d:\a\K-Meleon-R\K-Meleon-R\goanna\obj-x64\dist\include\nss\secoidt.h(34): note: see declaration of 'SECOidTag'
 7:36.08 d:\a\K-Meleon-R\K-Meleon-R\goanna\security\manager\ssl\src\ScopedNSSTypes.h(217): warning C4061: enumerator 'SEC_OID_EXT_KEY_USAGE_IPSEC_USER' in switch of enum 'SECOidTag' is not explicitly handled by a case label
 7:36.08 d:\a\K-Meleon-R\K-Meleon-R\goanna\obj-x64\dist\include\nss\secoidt.h(34): note: see declaration of 'SECOidTag'
 7:36.08 d:\a\K-Meleon-R\K-Meleon-R\goanna\security\manager\ssl\src\ScopedNSSTypes.h(217): warning C4061: enumerator 'SEC_OID_TOTAL' in switch of enum 'SECOidTag' is not explicitly handled by a case label
 7:36.08 d:\a\K-Meleon-R\K-Meleon-R\goanna\obj-x64\dist\include\nss\secoidt.h(34): note: see declaration of 'SECOidTag'
 7:36.08 d:\a\K-Meleon-R\K-Meleon-R\goanna\security\certverifier\ExtendedValidation.cpp(37): warning C4623: 'nsMyTrustedEVInfo': default constructor was implicitly defined as deleted
 7:36.08 dom_media_webm.lib.desc
 7:36.08 security_certverifier.lib.desc
 7:36.08 Unified_cpp_dom_xslt_xslt1.cpp
 7:36.08 dom_xslt_xslt.lib.desc
 7:36.08 Unified_cpp_dom_time0.obj
 7:36.08 Unified_cpp_dom_animation0.obj
 7:36.08 Voicemail.obj
 7:36.08 VoicemailIPCService.obj
 7:36.08 Unified_cpp_dom_time0.cpp
 7:36.08 Unified_cpp_image1.cpp
 7:36.08 d:\a\K-Meleon-R\K-Meleon-R\goanna\image\imgFrame.cpp(78): warning C4334: '<<': result of 32-bit shift implicitly converted to 64 bits (was 64-bit shift intended?)
 7:36.08 dom_time.lib.desc
 7:36.08 image.lib.desc
 7:36.08 VoicemailParent.obj
 7:36.08 Unified_cpp_dom_voicemail0.obj
 7:36.08 Voicemail.cpp
 7:36.08 Unified_cpp_dom_xslt_xml0.obj
 7:36.08 Unified_cpp_dom_animation0.cpp
 7:36.08 dom_animation.lib.desc
 7:36.08 VoicemailParent.cpp
 7:36.08 nsStreamConverterService.obj
 7:36.08 Unified_cpp_dom_voicemail0.cpp
 7:36.08 Unified_cpp_dom_broadcastchannel0.obj
 7:36.08 nsStreamConverterService.cpp
 7:36.08 netwerk_streamconv.lib.desc
 7:36.08 Unified_cpp_dom_mobilemessage0.obj
 7:36.08 VoicemailIPCService.cpp
 7:36.08 dom_voicemail.lib.desc
 7:36.08 AsmJSCache.obj
 7:36.08 Unified_cpp_dom_xslt_xml0.cpp
 7:36.08 dom_xslt_xml.lib.desc
 7:36.08 Unified_cpp_layout_svg0.obj
 7:36.08 Unified_cpp_layout_svg1.obj
 7:36.08 Unified_cpp_dom_broadcastchannel0.cpp
 7:36.08 dom_broadcastchannel.lib.desc
 7:36.08 AsmJSCache.cpp
 7:36.08 dom_asmjscache.lib.desc
 7:36.08 Unified_cpp_dom_mobilemessage0.cpp
 7:36.08 dom_mobilemessage.lib.desc
 7:36.08 Unified_cpp_agnostic_gmp0.obj
 7:36.08 Unified_cpp_dom_datastore0.obj
 7:36.08 Unified_cpp_layout_svg0.cpp
 7:36.08 nsJSInspector.obj
 7:36.08 Unified_cpp_agnostic_gmp0.cpp
 7:36.08 dom_media_platforms_agnostic_gmp.lib.desc
 7:36.08 nsView.obj
 7:36.08 nsViewManager.obj
 7:36.08 nsJSInspector.cpp
 7:36.08 toolkit_devtools_server.lib.desc
 7:36.08 Unified_cpp_layout_svg1.cpp
 7:36.08 layout_svg.lib.desc
 7:36.08 Unified_cpp_rdf_base0.obj
 7:36.08 Unified_cpp_dom_datastore0.cpp
 7:36.08 dom_datastore.lib.desc
 7:36.08 nsModule.obj
 7:36.08 nsModule.cpp
 7:36.08 nsView.cpp
 7:36.08 xpfe_components_build.lib.desc
 7:36.08 Unified_cpp_dom_smil0.obj
 7:36.08 Unified_cpp_dom_smil1.obj
 7:36.08 Unified_cpp_rdf_base0.cpp
 7:36.08 rdf_base.lib.desc
 7:36.08 Unified_cpp_protocol_viewsource0.obj
 7:36.08 nsViewManager.cpp
 7:36.08 view.lib.desc
 7:36.08 Unified_cpp_protocol_data0.obj
 7:36.09 Unified_cpp_protocol_data0.cpp
 7:36.09 netwerk_protocol_data.lib.desc
 7:36.09 Unified_cpp_dom_svg0.obj
 7:36.09 Unified_cpp_dom_svg1.obj
 7:36.09 Unified_cpp_protocol_viewsource0.cpp
 7:36.09 netwerk_protocol_viewsource.lib.desc
 7:36.09 Unified_cpp_dom_svg2.obj
 7:36.09 Unified_cpp_dom_smil1.cpp
 7:36.09 Unified_cpp_layout_mathml0.obj
 7:36.09 Unified_cpp_layout_mathml1.obj
 7:36.09 Unified_cpp_dom_smil0.cpp
 7:36.09 dom_smil.lib.desc
 7:36.09 Unified_cpp_dom_svg3.obj
 7:36.09 Unified_cpp_dom_svg1.cpp
 7:36.09 Unified_cpp_dom_svg0.cpp
 7:36.09 nsGeolocation.obj
 7:36.09 Unified_cpp_dom_geolocation0.obj
 7:36.09 Unified_cpp_layout_mathml0.cpp
 7:36.09 Unified_cpp_dom_svg4.obj
 7:36.09 Unified_cpp_dom_svg2.cpp
 7:36.09 prefapi.obj
 7:36.09 Unified_cpp_modules_libpref0.obj
 7:36.09 prefapi.cpp
 7:36.09 Unified_cpp_layout_mathml1.cpp
 7:36.09 layout_mathml.lib.desc
 7:36.09 nsGeolocation.cpp
 7:36.09 Unified_cpp_dom_svg5.obj
 7:36.09 Unified_cpp_dom_svg3.cpp
 7:36.09 Unified_cpp_editor_composer0.obj
 7:36.09 Unified_cpp_modules_libpref0.cpp
 7:36.09 modules_libpref.lib.desc
 7:36.09 Unified_cpp_dom_svg6.obj
 7:36.09 Unified_cpp_dom_geolocation0.cpp
 7:36.09 dom_geolocation.lib.desc
 7:36.09 Unified_cpp_dom_svg7.obj
 7:36.09 Unified_cpp_dom_svg4.cpp
 7:36.09 Unified_cpp_dom_encoding0.obj
 7:36.09 Unified_cpp_editor_composer0.cpp
 7:36.09 editor_composer.lib.desc
 7:36.09 Unified_cpp_dom_svg8.obj
 7:36.09 Unified_cpp_dom_encoding0.cpp
 7:36.09 dom_encoding.lib.desc
 7:36.09 Unified_cpp_dom_svg9.obj
 7:36.09 Unified_cpp_dom_svg5.cpp
 7:36.09 Unified_cpp_extensions_cookie0.obj
 7:36.09 Unified_cpp_dom_svg6.cpp
 7:36.09 nsBMPEncoder.obj
 7:36.09 nsBMPEncoder.cpp
 7:36.09 image_encoders_bmp.lib.desc
 7:36.09 Unified_cpp_dom_svg7.cpp
 7:36.09 Unified_cpp_shistory_src0.obj
 7:36.09 Unified_cpp_dom_svg8.cpp
 7:36.09 TimeStamp_windows.obj
 7:36.09 nsPersistentProperties.obj
 7:36.09 Unified_cpp_dom_svg9.cpp
 7:36.09 Unified_cpp_extensions_cookie0.cpp
 7:36.09 dom_svg.lib.desc
 7:36.09 extensions_cookie.lib.desc
 7:36.09 nsStaticNameTable.obj
 7:36.09 nsWindowsRegKey.obj
 7:36.09 Unified_cpp_shistory_src0.cpp
 7:36.09 docshell_shistory_src.lib.desc
 7:36.09 Unified_cpp_xpcom_ds0.obj
 7:36.09 TimeStamp_windows.cpp
 7:36.09 Unified_cpp_dom_media_webaudio0.obj
 7:36.09 Unified_cpp_dom_media_webaudio1.obj
 7:36.09 nsStaticNameTable.cpp
 7:36.09 Unified_cpp_printingui_win0.obj
 7:36.09 nsPersistentProperties.cpp
 7:36.09 Unified_cpp_dom_media_webaudio2.obj
 7:36.09 nsWindowsRegKey.cpp
 7:36.09 Unified_cpp_xpcom_ds0.cpp
 7:36.09 xpcom_ds.lib.desc
 7:36.09 Unified_cpp_printingui_win0.cpp
 7:36.09 embedding_components_printingui_win.lib.desc
 7:36.09 Unified_cpp_dom_xul_templates0.obj
 7:36.09 Unified_cpp_dom_xul_templates1.obj
 7:36.09 Unified_cpp_dom_media_webaudio0.cpp
 7:36.09 Unified_cpp_netwerk_protocol_ftp0.obj
 7:36.09 Unified_cpp_dom_media_webaudio1.cpp
 7:36.09 Unified_cpp_dom_media_webaudio2.cpp
 7:36.09 dom_media_webaudio.lib.desc
 7:36.09 Unified_cpp_xpcom_threads0.obj
 7:36.09 Unified_cpp_dom_xul_templates0.cpp
 7:36.09 Unified_cpp_components_places0.obj
 7:36.09 Unified_cpp_xpcom_threads0.cpp
 7:36.09 xpcom_threads.lib.desc
 7:36.09 nsCookieService.obj
 7:36.09 Unified_cpp_netwerk_cookie0.obj
 7:36.09 Unified_cpp_dom_xul_templates1.cpp
 7:36.09 dom_xul_templates.lib.desc
 7:36.09 Unified_cpp_netwerk_protocol_ftp0.cpp
 7:36.09 netwerk_protocol_ftp.lib.desc
 7:36.09 Unified_cpp_dom_promise0.obj
 7:36.09 nsCookieService.cpp
 7:36.09 Unified_cpp_layout_build0.obj
 7:36.09 Unified_cpp_dom_promise0.cpp
 7:36.09 dom_promise.lib.desc
 7:36.09 Unified_cpp_netwerk_cookie0.cpp
 7:36.09 nsWebBrowserModule.obj
 7:36.09 netwerk_cookie.lib.desc
 7:36.09 Unified_cpp_permissions0.obj
 7:36.09 Unified_cpp_components_places0.cpp
 7:36.09 toolkit_components_places.lib.desc
 7:36.09 Unified_cpp_components_alerts0.obj
 7:36.09 nsWebBrowserModule.cpp
 7:36.09 embedding_browser_build.lib.desc
 7:36.09 Unified_cpp_dom_tv0.obj
 7:36.09 Unified_cpp_permissions0.cpp
 7:36.09 extensions_permissions.lib.desc
 7:36.09 lz4.obj
 7:36.09 lz4.cpp
 7:36.09 toolkit_components_lz4.lib.desc
 7:36.09 JumpListBuilder.obj
 7:36.09 WinMouseScrollHandler.obj
 7:36.09 Unified_cpp_components_alerts0.cpp
 7:36.09 toolkit_components_alerts.lib.desc
 7:36.09 Unified_cpp_dom_tv0.cpp
 7:36.09 nsBidiKeyboard.obj
 7:36.09 dom_tv.lib.desc
 7:36.09 nsFilePicker.obj
 7:36.09 nsBidiKeyboard.cpp
 7:36.09 Unified_cpp_layout_xul_grid0.obj
 7:36.09 WinMouseScrollHandler.cpp
 7:36.09 JumpListBuilder.cpp
 7:36.09 nsTextStore.obj
 7:36.09 D3D11ShareHandleImage.obj
 7:36.09 ImageContainer.obj
 7:36.09 Unified_cpp_layout_build0.cpp
 7:36.09 layout_build.lib.desc
 7:36.09 nsWidgetFactory.obj
 7:36.09 Unified_cpp_layout_xul_grid0.cpp
 7:36.09 layout_xul_grid.lib.desc
 7:36.09 LayerTreeInvalidation.obj
 7:36.09 D3D11ShareHandleImage.cpp
 7:36.09 Unified_cpp_widget_windows0.obj
 7:36.09 nsFilePicker.cpp
 7:36.09 ImageContainer.cpp
 7:36.09 Layers.obj
 7:36.09 nsPresArena.obj
 7:36.09 nsRefreshDriver.obj
 7:36.09 nsTextStore.cpp
 7:36.09 Unified_cpp_memory_volatile0.obj
 7:36.09 nsPresArena.cpp
 7:36.09 Unified_cpp_layout_base0.obj
 7:36.09 Unified_cpp_memory_volatile0.cpp
 7:36.09 memory_volatile.lib.desc
 7:36.09 BasicImageLayer.obj
 7:36.09 LayerTreeInvalidation.cpp
 7:36.09 Unified_cpp_widget_windows1.obj
 7:36.09 nsWidgetFactory.cpp
 7:36.09 Unified_cpp_layout_base1.obj
 7:36.09 nsRefreshDriver.cpp
 7:36.09 Layers.cpp
 7:36.09 Blob.obj
 7:36.09 ContentChild.obj
 7:36.09 CompositorD3D11.obj
 7:36.09 BasicImageLayer.cpp
 7:36.09 ReadbackManagerD3D11.obj
 7:36.09 Unified_cpp_layout_base0.cpp
 7:36.09 Unified_cpp_layout_base2.obj
 7:36.09 Unified_cpp_widget_windows0.cpp
 7:36.09 Unified_cpp_widget_windows2.obj
 7:36.09 Blob.cpp
 7:36.09 ProcessHangMonitor.obj
 7:36.09 CompositorD3D11.cpp
 7:36.09 CompositorD3D9.obj
 7:36.09 ReadbackManagerD3D11.cpp
 7:36.09 DeviceManagerD3D9.obj
 7:36.09 Unified_cpp_widget_windows1.cpp
 7:36.09 Unified_cpp_layout_base1.cpp
 7:36.09 ContentChild.cpp
 7:36.09 Unified_cpp_dom_ipc0.obj
 7:36.09 CompositorD3D9.cpp
 7:36.09 Nv3DVUtils.obj
 7:36.09 DeviceManagerD3D9.cpp
 7:36.09 Unified_cpp_widget_windows2.cpp
 7:36.09 widget_windows.lib.desc
 7:36.09 Unified_cpp_gfx_layers0.obj
 7:36.09 Unified_cpp_dom_ipc1.obj
 7:36.09 ProcessHangMonitor.cpp
 7:36.09 Unified_cpp_gfx_layers1.obj
 7:36.09 Nv3DVUtils.cpp
 7:36.09 SharedDIB.obj
 7:36.11 SharedDIBSurface.obj
 7:36.11 SharedDIB.cpp
 7:36.11 SharedDIBWin.obj
 7:36.11 SharedDIBSurface.cpp
 7:36.11 Unified_cpp_gfx_layers0.cpp
10:16.24 Unified_cpp_gfx_layers2.obj
10:16.24 Unified_cpp_layout_base2.cpp
10:16.24 layout_base.lib.desc
10:16.24 SharedDIBWin.cpp
10:16.24 gfx_ipc.lib.desc
10:16.24 Unified_cpp_gfx_layers3.obj
10:16.24 Unified_cpp_dom_ipc0.cpp
10:16.24 Unified_cpp_dom_network0.obj
10:16.24 Unified_cpp_gfx_layers2.cpp
10:16.24 Unified_cpp_webaudio_blink0.obj
10:16.24 Unified_cpp_webaudio_blink1.obj
10:16.24 Unified_cpp_gfx_layers1.cpp
10:16.24 Unified_cpp_gfx_layers4.obj
10:16.24 Unified_cpp_dom_ipc1.cpp
10:16.24 dom_ipc.lib.desc
10:16.24 Unified_cpp_webaudio_blink1.cpp
10:16.24 Unified_cpp_gfx_layers5.obj
10:16.24 Unified_cpp_webaudio_blink0.cpp
10:16.24 dom_media_webaudio_blink.lib.desc
10:16.24 Unified_cpp_gfx_layers6.obj
10:16.24 Unified_cpp_dom_network0.cpp
10:16.24 dom_network.lib.desc
10:16.24 Unified_cpp_gfx_layers6.cpp
10:16.24 nsTypeAheadFind.obj
10:16.24 Unified_cpp_gfx_layers3.cpp
10:16.24 Unified_cpp_dom_media_wave0.obj
10:16.24 Unified_cpp_gfx_layers5.cpp
10:16.24 Unified_cpp_spellcheck_src0.obj
10:16.24 Unified_cpp_gfx_layers4.cpp
10:16.24 gfx_layers.lib.desc
10:16.24 StartupCache.obj
10:16.24 StartupCacheModule.obj
10:16.24 StartupCache.cpp
10:16.24 StartupCacheUtils.obj
10:16.24 nsTypeAheadFind.cpp
10:16.24 toolkit_components_typeaheadfind.lib.desc
10:16.24 StartupCacheModule.cpp
10:16.24 Unified_cpp_editor_txmgr0.obj
10:16.24 Unified_cpp_dom_media_wave0.cpp
10:16.24 dom_media_wave.lib.desc
10:16.24 condition_variable_win.obj
10:16.24 cpu.obj
10:16.24 StartupCacheUtils.cpp
10:16.24 startupcache.lib.desc
10:16.24 Unified_cpp_editor_txmgr0.cpp
10:16.24 editor_txmgr.lib.desc
10:16.24 file_util_win.obj
10:16.24 idle_timer.obj
10:16.24 condition_variable_win.cc
10:16.24 nsCommandLine.obj
10:16.24 cpu.cc
10:16.24 Unified_cpp_netwerk_ipc0.obj
10:16.24 file_util_win.cc
10:16.24 lock_impl_win.obj
10:16.24 Unified_cpp_spellcheck_src0.cpp
10:16.24 extensions_spellcheck_src.lib.desc
10:16.24 message_pump_win.obj
10:16.24 nsCommandLine.cpp
10:16.24 toolkit_components_commandlines.lib.desc
10:16.24 object_watcher.obj
10:16.24 idle_timer.cc
10:16.24 nsSyncJPAKE.obj
10:16.24 lock_impl_win.cc
10:16.24 Unified_cpp_protocol_file0.obj
10:16.24 nsSyncJPAKE.cpp
10:16.24 services_crypto_component.lib.desc
10:16.24 platform_file_win.obj
10:16.24 message_pump_win.cc
10:16.24 dom_media_systemservices.lib.desc
10:16.24 platform_thread_win.obj
10:16.24 object_watcher.cc
10:16.24 nsAuthSASL.obj
10:16.24 nsAuthSSPI.obj
10:16.24 platform_file_win.cc
10:16.24 Unified_cpp_protocol_file0.cpp
10:16.24 netwerk_protocol_file.lib.desc
10:16.24 process_util_win.obj
10:16.24 nsHttpNegotiateAuth.obj
10:16.24 nsAuthSASL.cpp
10:16.24 process_win.obj
10:16.24 Unified_cpp_netwerk_ipc0.cpp
10:16.24 netwerk_ipc.lib.desc
10:16.24 Unified_cpp_extensions_auth0.obj
10:16.24 platform_thread_win.cc
10:16.24 Unified_cpp_media_mediasource0.obj
10:16.24 process_util_win.cc
10:16.24 rand_util_win.obj
10:16.24 nsAuthSSPI.cpp
10:16.24 Unified_cpp_ffmpeg_ffmpeg580.obj
10:16.24 nsHttpNegotiateAuth.cpp
10:16.24 process_win.cc
10:16.24 registry.obj
10:16.24 Unified_cpp_extensions_auth0.cpp
10:16.24 extensions_auth.lib.desc
10:16.24 shared_memory_win.obj
10:16.24 rand_util_win.cc
10:16.24 Unified_cpp_layout_forms0.obj
10:16.24 Unified_cpp_layout_forms1.obj
10:16.24 Unified_cpp_ffmpeg_ffmpeg580.cpp
10:16.24 d:\a\K-Meleon-R\K-Meleon-R\goanna\dom\media\platforms\ffmpeg\FFmpegLibs.h(11): warning C4068: unknown pragma 'GCC'
10:16.24 d:\a\K-Meleon-R\K-Meleon-R\goanna\dom\media\platforms\ffmpeg\FFmpegLibs.h(15): warning C4068: unknown pragma 'GCC'
10:16.24 d:\a\K-Meleon-R\K-Meleon-R\goanna\dom\media\platforms\ffmpeg\ffmpeg58\../FFmpegH264Decoder.cpp(275): warning C4996: 'AVFrame::pkt_pts': was declared deprecated
10:16.24 d:\a\K-Meleon-R\K-Meleon-R\goanna\dom\media\platforms\ffmpeg\ffmpeg58\../FFmpegH264Decoder.cpp(289): warning C4996: 'AVFrame::pkt_pts': was declared deprecated
10:16.24 dom_media_platforms_ffmpeg_ffmpeg58.lib.desc
10:16.24 sys_info_win.obj
10:16.24 registry.cc
10:16.24 shared_memory_win.cc
10:16.24 sys_string_conversions_win.obj
10:16.24 Unified_cpp_media_mediasource0.cpp
10:16.24 dom_media_mediasource.lib.desc
10:16.24 thread_local_storage_win.obj
10:16.24 sys_info_win.cc
10:16.24 d:/a/K-Meleon-R/K-Meleon-R/goanna/ipc/chromium/src/base/sys_info_win.cc(74): warning C4996: 'GetVersionExW': was declared deprecated
10:16.24 d:/a/K-Meleon-R/K-Meleon-R/goanna/ipc/chromium/src/base/sys_info_win.cc(117): warning C4996: 'GetVersionExW': was declared deprecated
10:16.24 JSDebugger.obj
10:16.24 sys_string_conversions_win.cc
10:16.24 thread_local_win.obj
10:16.24 JSDebugger.cpp
10:16.24 js_ductwork_debugger.lib.desc
10:16.24 time_win.obj
10:16.24 Unified_cpp_layout_forms0.cpp
10:16.24 Unified_cpp_media_platforms_wmf0.obj
10:16.24 Unified_cpp_layout_forms1.cpp
10:16.24 layout_forms.lib.desc
10:16.24 waitable_event_watcher_win.obj
10:16.24 thread_local_storage_win.cc
10:16.24 nsJPEGEncoder.obj
10:16.24 thread_local_win.cc
10:16.24 convert.obj
10:16.24 convert_from.obj
10:16.24 time_win.cc
10:16.24 waitable_event_win.obj
10:16.24 nsJPEGEncoder.cpp
10:16.24 image_encoders_jpeg.lib.desc
10:16.24 convert.cc
10:16.24 row_common.obj
10:16.24 win_util.obj
10:16.24 convert_from.cc
10:16.24 scale.obj
10:16.24 waitable_event_watcher_win.cc
10:16.24 InterAppComm.obj
10:16.24 waitable_event_win.cc
10:16.24 ipc_channel_win.obj
10:16.24 row_common.cc
10:16.24 scale_common.obj
10:16.24 scale.cc
10:16.24 Unified_cpp_media_libyuv0.obj
10:16.24 win_util.cc
10:16.24 d:/a/K-Meleon-R/K-Meleon-R/goanna/ipc/chromium/src/base/win_util.cc(24): warning C4996: 'GetVersionExW': was declared deprecated
10:16.24 process_watcher_win.obj
10:16.24 scale_common.cc
10:16.24 Unified_cpp_media_libyuv1.obj
10:16.24 InterAppComm.cpp
10:16.24 Unified_cpp_media_platforms_wmf0.cpp
10:16.24 dom_apps.lib.desc
10:16.24 dom_media_platforms_wmf.lib.desc
10:16.24 transport_dib_win.obj
10:16.24 Unified_cpp_media_libyuv1.cpp
10:16.24 Unified_cpp_media_libyuv0.cpp
10:16.24 yuv.lib.desc
10:16.24 BrowserElementParent.obj
10:16.24 Unified_cpp_ipc_chromium0.obj
10:16.24 process_watcher_win.cc
10:16.24 ContextStateTracker.obj
10:16.24 ipc_channel_win.cc
10:16.25 gfxASurface.obj
10:16.25 nsResProtocolHandler.obj
10:16.25 transport_dib_win.cc
10:16.25 Unified_cpp_ipc_chromium1.obj
10:16.25 ContextStateTracker.cpp
10:16.25 gfxAlphaRecoverySSE2.obj
10:16.25 Unified_cpp_ipc_chromium0.cpp
10:16.25 Unified_cpp_ipc_chromium2.obj
10:16.25 BrowserElementParent.cpp
10:16.25 dom_browser-element.lib.desc
10:16.25 gfxD2DSurface.obj
10:16.25 nsResProtocolHandler.cpp
10:16.25 netwerk_protocol_res.lib.desc
10:16.25 gfxASurface.cpp
10:16.25 nsAppStartupNotifier.obj
10:16.25 gfxAlphaRecoverySSE2.cpp
10:16.25 gfxDWriteCommon.obj
10:16.25 nsAppStartupNotifier.cpp
10:16.25 embedding_components_appstartup.lib.desc
10:16.25 gfxDWriteFonts.obj
10:16.25 Unified_cpp_ipc_chromium1.cpp
10:16.25 Unified_cpp_src_xpcom0.obj
10:16.25 Unified_cpp_ipc_chromium2.cpp
10:16.25 ipc_chromium.lib.desc
10:16.25 gfxDrawable.obj
10:16.25 Unified_cpp_src_xpcom0.cpp
10:16.25 extensions_universalchardet_src_xpcom.lib.desc
10:16.25 gfxGDIFont.obj
10:16.25 gfxD2DSurface.cpp
10:16.25 Unified_cpp_js_ipc0.obj
10:16.25 gfxDWriteCommon.cpp
10:16.25 Unified_cpp_dom_xml0.obj
10:16.25 gfxDrawable.cpp
10:16.25 Unified_cpp_dom_fetch0.obj
10:16.25 gfxDWriteFonts.cpp
10:16.25 gfxGDIFontList.obj
10:16.25 gfxGDIFont.cpp
10:16.25 gfxPDFSurface.obj
10:16.25 Unified_cpp_dom_fetch0.cpp
10:16.25 dom_fetch.lib.desc
10:16.25 gfxPlatform.obj
10:16.25 Unified_cpp_dom_xml0.cpp
10:16.25 dom_xml.lib.desc
10:16.25 gfxPrefs.obj
10:16.25 gfxPDFSurface.cpp
10:16.25 Unified_cpp_components_find0.obj
10:16.25 Unified_cpp_js_ipc0.cpp
10:16.25 js_ipc.lib.desc
10:16.25 gfxWindowsNativeDrawing.obj
10:16.25 gfxGDIFontList.cpp
10:16.25 Unified_cpp_rdf_datasource0.obj
10:16.25 gfxPrefs.cpp
10:16.25 PrototypeList.obj
10:16.25 RegisterBindings.obj
10:16.25 Unified_cpp_rdf_datasource0.cpp
10:16.25 PrototypeList.cpp
10:16.25 rdf_datasource.lib.desc
10:16.25 RegisterWorkerBindings.obj
10:16.25 gfxWindowsPlatform.obj
10:16.25 Unified_cpp_components_find0.cpp
10:16.25 embedding_components_find.lib.desc
10:16.25 ResolveSystemBinding.obj
10:16.25 gfxPlatform.cpp
10:16.25 nsNotifyAddrListener.obj
10:16.25 gfxWindowsNativeDrawing.cpp
10:16.25 gfxWindowsSurface.obj
10:16.25 RegisterWorkerBindings.cpp
10:16.25 AppCacheStorage.obj
10:16.25 Unified_cpp_netwerk_cache20.obj
10:16.25 nsNotifyAddrListener.cpp
10:16.25 netwerk_system_win32.lib.desc
10:16.25 Unified_cpp_gfx_thebes0.obj
10:16.25 AppCacheStorage.cpp
10:16.25 Unified_cpp_netwerk_cache21.obj
10:16.25 gfxWindowsSurface.cpp
10:16.25 UnionTypes.obj
10:16.25 RegisterBindings.cpp
10:16.25 Unified_cpp_components_protobuf0.obj
10:16.25 gfxWindowsPlatform.cpp
10:16.25 Unified_cpp_gfx_thebes1.obj
10:16.25 Unified_cpp_netwerk_cache20.cpp
10:16.25 ResolveSystemBinding.cpp
10:16.25 UnifiedBindings0.obj
10:16.25 Unified_cpp_components_protobuf0.cpp
10:16.25 toolkit_components_protobuf.lib.desc
10:16.25 Unified_cpp_gfx_thebes2.obj
10:16.25 Unified_cpp_netwerk_cache21.cpp
10:16.25 netwerk_cache2.lib.desc
10:16.25 UnifiedBindings1.obj
10:16.25 UnionTypes.cpp
10:16.25 Unified_cpp_gfx_thebes0.cpp
10:16.25 d:\a\K-Meleon-R\K-Meleon-R\goanna\gfx\thebes\gfx3DMatrix.cpp(129): warning C4305: 'initializing': truncation from 'double' to 'float'
10:16.25 d:\a\K-Meleon-R\K-Meleon-R\goanna\gfx\thebes\gfx3DMatrix.cpp(793): warning C4305: 'initializing': truncation from 'double' to 'float'
10:16.25 mozJSComponentLoader.obj
10:16.25 mozJSLoaderUtils.obj
10:16.25 Unified_cpp_gfx_thebes1.cpp
10:16.25 UnifiedBindings10.obj
10:16.25 mozJSComponentLoader.cpp
10:16.25 mozJSSubScriptLoader.obj
10:16.25 Unified_cpp_gfx_thebes2.cpp
10:16.25 gfx_thebes.lib.desc
10:16.25 UnifiedBindings11.obj
10:16.25 UnifiedBindings0.cpp
10:16.25 mozJSLoaderUtils.cpp
10:16.25 Unified_c_image_decoders0.obj
10:16.25 nsJXRDecoder.obj
10:16.25 Unified_c_image_decoders0.c
10:16.25 Unified_cpp_image_decoders0.obj
10:16.25 mozJSSubScriptLoader.cpp
10:16.25 js_xpconnect_loader.lib.desc
10:16.25 UnifiedBindings12.obj
10:16.25 nsJXRDecoder.cpp
10:16.25 UnifiedBindings10.cpp
10:16.25 FileLocation.obj
10:16.25 Omnijar.obj
10:16.25 UnifiedBindings1.cpp
10:16.25 AudioSinkFilter.obj
10:16.25 BaseFilter.obj
10:16.25 FileLocation.cpp
10:16.25 PoisonIOInterposerBase.obj
10:16.25 Unified_cpp_image_decoders0.cpp
10:16.25 image_decoders.lib.desc
10:16.25 UnifiedBindings13.obj
10:16.25 Omnijar.cpp
10:16.25 PoisonIOInterposerWin.obj
10:16.25 AudioSinkFilter.cpp
10:16.25 PoisonIOInterposerBase.cpp
10:16.25 perfprobe.obj
10:16.25 BaseInputPin.obj
10:16.25 UnifiedBindings11.cpp
10:16.25 nsWindowsSystemProxySettings.obj
10:16.25 BaseFilter.cpp
10:16.25 PoisonIOInterposerWin.cpp
10:16.25 Unified_cpp_xpcom_build0.obj
10:16.25 BasePin.obj
10:16.25 nsWindowsSystemProxySettings.cpp
10:16.25 toolkit_system_windowsproxy.lib.desc
10:16.25 UnifiedBindings14.obj
10:16.25 BaseInputPin.cpp
10:16.25 perfprobe.cpp
10:16.25 MediaType.obj
10:16.25 Unified_cpp_xpcom_build1.obj
10:16.25 BasePin.cpp
10:16.27 Unified_cpp_dom_media_directshow0.obj
10:16.27 UnifiedBindings12.cpp
10:16.27 Unified_cpp_embedding_browser0.obj
10:16.27 MediaType.cpp
10:16.27 Unified_cpp_xpcom_build0.cpp
10:16.27 Unified_cpp_xpcom_build2.obj
10:16.27 Unified_cpp_xpcom_build1.cpp
10:16.27 Unified_cpp_embedding_browser0.cpp
10:16.27 Unified_cpp_dom_media_directshow0.cpp
10:16.27 embedding_browser.lib.desc
10:16.27 dom_media_directshow.lib.desc
10:16.27 UnifiedBindings15.obj
10:16.27 UnifiedBindings16.obj
10:16.27 UnifiedBindings13.cpp
10:16.27 Unified_cpp_reflect_xptinfo0.obj
10:16.27 Unified_cpp_xpcom_build2.cpp
10:16.27 xpcom_build.lib.desc
10:16.27 UnifiedBindings17.obj
10:16.27 Unified_cpp_reflect_xptinfo0.cpp
10:16.27 UnifiedBindings15.cpp
10:16.27 xpcom_reflect_xptinfo.lib.desc
10:16.27 UnifiedBindings18.obj
10:16.27 nsDirectoryViewer.obj
10:16.27 UnifiedBindings14.cpp
10:16.27 Unified_cpp_dom_quota0.obj
10:16.27 nsDirectoryViewer.cpp
10:16.27 xpfe_components_directory.lib.desc
10:16.27 UnifiedBindings19.obj
10:16.27 UnifiedBindings16.cpp
10:16.27 Unified_cpp_xpfe_appshell0.obj
10:16.27 Unified_cpp_dom_quota0.cpp
10:16.27 dom_quota.lib.desc
10:16.27 UnifiedBindings2.obj
10:16.27 Unified_cpp_xpfe_appshell0.cpp
10:16.27 xpfe_appshell.lib.desc
10:16.27 UnifiedBindings20.obj
10:16.27 UnifiedBindings17.cpp
10:16.27 nsSAXAttributes.obj
10:16.27 nsSAXLocator.obj
10:16.27 UnifiedBindings18.cpp
10:16.27 NativeOSFileInternals.obj
10:16.27 nsSAXAttributes.cpp
10:16.27 nsSAXXMLReader.obj
10:16.27 nsSAXLocator.cpp
10:16.27 NativeOSFileInternals.cpp
10:16.27 toolkit_components_osfile.lib.desc
10:16.27 UnifiedBindings21.obj
10:16.27 nsSAXXMLReader.cpp
10:16.27 parser_xml.lib.desc
10:16.27 UnifiedBindings3.obj
10:16.27 UnifiedBindings19.cpp
10:16.27 AvailableMemoryTracker.obj
10:16.27 ClearOnShutdown.obj
10:16.27 AvailableMemoryTracker.cpp
10:16.27 CycleCollectedJSRuntime.obj
10:16.27 ClearOnShutdown.cpp
10:16.27 Debug.obj
10:16.27 UnifiedBindings2.cpp
10:16.27 icu.lib.desc
10:16.27 gmake.EXE[6]: warning: -jN forced in submake: disabling jobserver mode.
10:16.27 rebuilding config/icucross.mk
10:16.27 rebuilding config/icucross.inc
10:16.27 CycleCollectedJSRuntime.cpp
10:16.27 ErrorNames.obj
10:16.27 UnifiedBindings21.cpp
10:16.27 config/icu-uc.pc updated.
10:16.27 Making all in include
10:16.27 Making all in testsuite
10:16.27 config/icu-i18n.pc updated.
10:16.27 Making all in man
10:16.27 Note: rebuild with "c:/Strawberry/c/bin/gmake.EXE VERBOSE=1 " to show all compiler parameters.
10:16.27 Debug.cpp
10:16.27 HoldDropJSObjects.obj
10:16.27 mkdir lib
10:16.27 mkdir bin
10:16.27 c:/Strawberry/c/bin/gmake.EXE[6]: Making `all' in `stubdata'
10:24.95 generating dependency information for d:/a/K-Meleon-R/K-Meleon-R/goanna/intl/icu/source/stubdata/stubdata.c
10:24.95 cl : Command line warning D9025 : overriding '/W3' with '/W4'
10:24.95 stubdata.c
10:24.95    Creating library icudt.lib and object icudt.exp
10:24.95 LINK : warning LNK4281: undesirable base address 0x4AD00000 for x64 image; set base address above 4GB for best ASLR optimization
10:24.95 c:/Strawberry/c/bin/gmake.EXE[6]: Making `all' in `common'
10:24.95 generating dependency information for d:/a/K-Meleon-R/K-Meleon-R/goanna/intl/icu/source/common/pluralmap.cpp
10:24.95 ErrorNames.cpp
10:24.95 generating dependency information for d:/a/K-Meleon-R/K-Meleon-R/goanna/intl/icu/source/common/ubiditransform.c
10:24.95 VisualEventTracer.obj
10:24.95 generating dependency information for d:/a/K-Meleon-R/K-Meleon-R/goanna/intl/icu/source/common/uloc_keytype.cpp
10:24.95 generating dependency information for d:/a/K-Meleon-R/K-Meleon-R/goanna/intl/icu/source/common/unifiedcache.cpp
10:24.95 generating dependency information for d:/a/K-Meleon-R/K-Meleon-R/goanna/intl/icu/source/common/simpleformatter.cpp
10:24.95 generating dependency information for d:/a/K-Meleon-R/K-Meleon-R/goanna/intl/icu/source/common/sharedobject.cpp
10:24.95 generating dependency information for d:/a/K-Meleon-R/K-Meleon-R/goanna/intl/icu/source/common/ulistformatter.cpp
10:24.95 generating dependency information for d:/a/K-Meleon-R/K-Meleon-R/goanna/intl/icu/source/common/listformatter.cpp
10:24.95 generating dependency information for d:/a/K-Meleon-R/K-Meleon-R/goanna/intl/icu/source/common/icuplug.cpp
10:24.95 generating dependency information for d:/a/K-Meleon-R/K-Meleon-R/goanna/intl/icu/source/common/icudataver.c
10:24.95 libtool: compile:  d:/a/K-Meleon-R/K-Meleon-R/goanna/js/src/ctypes/libffi/msvcc.sh -m64 -DHAVE_CONFIG_H -I. -Id:/a/K-Meleon-R/K-Meleon-R/goanna/js/src/ctypes/libffi -I. -Id:/a/K-Meleon-R/K-Meleon-R/goanna/js/src/ctypes/libffi/include -Iinclude -Id:/a/K-Meleon-R/K-Meleon-R/goanna/js/src/ctypes/libffi/src -Wall -c -showIncludes d:/a/K-Meleon-R/K-Meleon-R/goanna/js/src/ctypes/libffi/src/prep_cif.c -o src/prep_cif.obj
10:24.95 cl -MD -nologo -W3 -DHAVE_CONFIG_H -I. -Id:/a/K-Meleon-R/K-Meleon-R/goanna/js/src/ctypes/libffi -I. -Id:/a/K-Meleon-R/K-Meleon-R/goanna/js/src/ctypes/libffi/include -Iinclude -Id:/a/K-Meleon-R/K-Meleon-R/goanna/js/src/ctypes/libffi/src -c -showIncludes d:/a/K-Meleon-R/K-Meleon-R/goanna/js/src/ctypes/libffi/src/prep_cif.c -Fosrc/prep_cif.obj -Fdsrc/prep_cif -Fpsrc/prep_cif -Fasrc/prep_cif
10:24.95 prep_cif.c
10:24.95 generating dependency information for d:/a/K-Meleon-R/K-Meleon-R/goanna/intl/icu/source/common/uloc_tag.c
10:24.95 generating dependency information for d:/a/K-Meleon-R/K-Meleon-R/goanna/intl/icu/source/common/ulist.c
10:24.95 generating dependency information for d:/a/K-Meleon-R/K-Meleon-R/goanna/intl/icu/source/common/propsvec.c
10:24.95 generating dependency information for d:/a/K-Meleon-R/K-Meleon-R/goanna/intl/icu/source/common/ucnvsel.cpp
10:24.95 generating dependency information for d:/a/K-Meleon-R/K-Meleon-R/goanna/intl/icu/source/common/dtintrv.cpp
10:24.95 generating dependency information for d:/a/K-Meleon-R/K-Meleon-R/goanna/intl/icu/source/common/wintz.c
10:24.95 generating dependency information for d:/a/K-Meleon-R/K-Meleon-R/goanna/intl/icu/source/common/cwchar.c
10:24.95 generating dependency information for d:/a/K-Meleon-R/K-Meleon-R/goanna/intl/icu/source/common/locbased.cpp
10:24.95 generating dependency information for d:/a/K-Meleon-R/K-Meleon-R/goanna/intl/icu/source/common/parsepos.cpp
10:24.95 generating dependency information for d:/a/K-Meleon-R/K-Meleon-R/goanna/intl/icu/source/common/util_props.cpp
10:24.95 HoldDropJSObjects.cpp
10:24.95 nsConsoleMessage.obj
10:24.95 generating dependency information for d:/a/K-Meleon-R/K-Meleon-R/goanna/intl/icu/source/common/util.cpp
10:24.95 generating dependency information for d:/a/K-Meleon-R/K-Meleon-R/goanna/intl/icu/source/common/punycode.cpp
10:24.95 generating dependency information for d:/a/K-Meleon-R/K-Meleon-R/goanna/intl/icu/source/common/uts46.cpp
10:24.95 generating dependency information for d:/a/K-Meleon-R/K-Meleon-R/goanna/intl/icu/source/common/usprep.cpp
10:24.95 generating dependency information for d:/a/K-Meleon-R/K-Meleon-R/goanna/intl/icu/source/common/uidna.cpp
10:24.95 generating dependency information for d:/a/K-Meleon-R/K-Meleon-R/goanna/intl/icu/source/common/servslkf.cpp
10:24.95 UnifiedBindings20.cpp
10:24.95 generating dependency information for d:/a/K-Meleon-R/K-Meleon-R/goanna/intl/icu/source/common/servrbf.cpp
10:24.95 UnifiedBindings4.obj
10:24.95 generating dependency information for d:/a/K-Meleon-R/K-Meleon-R/goanna/intl/icu/source/common/servlkf.cpp
10:24.95 generating dependency information for d:/a/K-Meleon-R/K-Meleon-R/goanna/intl/icu/source/common/servlk.cpp
10:24.95 generating dependency information for d:/a/K-Meleon-R/K-Meleon-R/goanna/intl/icu/source/common/servls.cpp
10:24.95 generating dependency information for d:/a/K-Meleon-R/K-Meleon-R/goanna/intl/icu/source/common/servnotf.cpp
10:24.95 generating dependency information for d:/a/K-Meleon-R/K-Meleon-R/goanna/intl/icu/source/common/serv.cpp
10:24.95 libtool: compile:  d:/a/K-Meleon-R/K-Meleon-R/goanna/js/src/ctypes/libffi/msvcc.sh -m64 -DHAVE_CONFIG_H -I. -Id:/a/K-Meleon-R/K-Meleon-R/goanna/js/src/ctypes/libffi -I. -Id:/a/K-Meleon-R/K-Meleon-R/goanna/js/src/ctypes/libffi/include -Iinclude -Id:/a/K-Meleon-R/K-Meleon-R/goanna/js/src/ctypes/libffi/src -Wall -c -showIncludes d:/a/K-Meleon-R/K-Meleon-R/goanna/js/src/ctypes/libffi/src/types.c -o src/types.obj
10:24.95 cl -MD -nologo -W3 -DHAVE_CONFIG_H -I. -Id:/a/K-Meleon-R/K-Meleon-R/goanna/js/src/ctypes/libffi -I. -Id:/a/K-Meleon-R/K-Meleon-R/goanna/js/src/ctypes/libffi/include -Iinclude -Id:/a/K-Meleon-R/K-Meleon-R/goanna/js/src/ctypes/libffi/src -c -showIncludes d:/a/K-Meleon-R/K-Meleon-R/goanna/js/src/ctypes/libffi/src/types.c -Fosrc/types.obj -Fdsrc/types -Fpsrc/types -Fasrc/types
10:24.95 types.c
10:24.95 generating dependency information for d:/a/K-Meleon-R/K-Meleon-R/goanna/intl/icu/source/common/rbbitblb.cpp
10:24.95 generating dependency information for d:/a/K-Meleon-R/K-Meleon-R/goanna/intl/icu/source/common/rbbistbl.cpp
10:24.95 generating dependency information for d:/a/K-Meleon-R/K-Meleon-R/goanna/intl/icu/source/common/rbbisetb.cpp
10:24.95 generating dependency information for d:/a/K-Meleon-R/K-Meleon-R/goanna/intl/icu/source/common/rbbiscan.cpp
10:24.95 generating dependency information for d:/a/K-Meleon-R/K-Meleon-R/goanna/intl/icu/source/common/rbbirb.cpp
10:24.95 generating dependency information for d:/a/K-Meleon-R/K-Meleon-R/goanna/intl/icu/source/common/rbbinode.cpp
10:24.95 generating dependency information for d:/a/K-Meleon-R/K-Meleon-R/goanna/intl/icu/source/common/rbbidata.cpp
10:24.95 VisualEventTracer.cpp
10:24.95 nsConsoleService.obj
10:24.95 generating dependency information for d:/a/K-Meleon-R/K-Meleon-R/goanna/intl/icu/source/common/rbbi.cpp
10:24.95 generating dependency information for d:/a/K-Meleon-R/K-Meleon-R/goanna/intl/icu/source/common/filteredbrk.cpp
10:24.95 generating dependency information for d:/a/K-Meleon-R/K-Meleon-R/goanna/intl/icu/source/common/dictbe.cpp
10:24.95 generating dependency information for d:/a/K-Meleon-R/K-Meleon-R/goanna/intl/icu/source/common/brkeng.cpp
10:24.95 generating dependency information for d:/a/K-Meleon-R/K-Meleon-R/goanna/intl/icu/source/common/ubrk.cpp
10:24.95 generating dependency information for d:/a/K-Meleon-R/K-Meleon-R/goanna/intl/icu/source/common/brkiter.cpp
10:24.95 generating dependency information for d:/a/K-Meleon-R/K-Meleon-R/goanna/intl/icu/source/common/uarrsort.c
10:24.95 generating dependency information for d:/a/K-Meleon-R/K-Meleon-R/goanna/intl/icu/source/common/unifunct.cpp
10:24.95 generating dependency information for d:/a/K-Meleon-R/K-Meleon-R/goanna/intl/icu/source/common/unifilt.cpp
10:24.95 generating dependency information for d:/a/K-Meleon-R/K-Meleon-R/goanna/intl/icu/source/common/caniter.cpp
10:24.95 generating dependency information for d:/a/K-Meleon-R/K-Meleon-R/goanna/intl/icu/source/common/ruleiter.cpp
10:24.95 generating dependency information for d:/a/K-Meleon-R/K-Meleon-R/goanna/intl/icu/source/common/usetiter.cpp
10:24.95 generating dependency information for d:/a/K-Meleon-R/K-Meleon-R/goanna/intl/icu/source/common/uniset.cpp
10:24.95 generating dependency information for d:/a/K-Meleon-R/K-Meleon-R/goanna/intl/icu/source/common/uset.cpp
10:24.95 generating dependency information for d:/a/K-Meleon-R/K-Meleon-R/goanna/intl/icu/source/common/uniset_closure.cpp
10:24.95 libtool: compile:  d:/a/K-Meleon-R/K-Meleon-R/goanna/js/src/ctypes/libffi/msvcc.sh -m64 -DHAVE_CONFIG_H -I. -Id:/a/K-Meleon-R/K-Meleon-R/goanna/js/src/ctypes/libffi -I. -Id:/a/K-Meleon-R/K-Meleon-R/goanna/js/src/ctypes/libffi/include -Iinclude -Id:/a/K-Meleon-R/K-Meleon-R/goanna/js/src/ctypes/libffi/src -Wall -c -showIncludes d:/a/K-Meleon-R/K-Meleon-R/goanna/js/src/ctypes/libffi/src/raw_api.c -o src/raw_api.obj
10:24.95 cl -MD -nologo -W3 -DHAVE_CONFIG_H -I. -Id:/a/K-Meleon-R/K-Meleon-R/goanna/js/src/ctypes/libffi -I. -Id:/a/K-Meleon-R/K-Meleon-R/goanna/js/src/ctypes/libffi/include -Iinclude -Id:/a/K-Meleon-R/K-Meleon-R/goanna/js/src/ctypes/libffi/src -c -showIncludes d:/a/K-Meleon-R/K-Meleon-R/goanna/js/src/ctypes/libffi/src/raw_api.c -Fosrc/raw_api.obj -Fdsrc/raw_api -Fpsrc/raw_api -Fasrc/raw_api
10:24.95 raw_api.c
10:24.95 generating dependency information for d:/a/K-Meleon-R/K-Meleon-R/goanna/intl/icu/source/common/uniset_props.cpp
10:24.95 generating dependency information for d:/a/K-Meleon-R/K-Meleon-R/goanna/intl/icu/source/common/uset_props.cpp
10:24.95 generating dependency information for d:/a/K-Meleon-R/K-Meleon-R/goanna/intl/icu/source/common/unisetspan.cpp
10:24.95 generating dependency information for d:/a/K-Meleon-R/K-Meleon-R/goanna/intl/icu/source/common/bmpset.cpp
10:24.95 nsConsoleMessage.cpp
10:24.95 nsCrashOnException.obj
10:24.95 generating dependency information for d:/a/K-Meleon-R/K-Meleon-R/goanna/intl/icu/source/common/utrie2_builder.cpp
10:24.95 generating dependency information for d:/a/K-Meleon-R/K-Meleon-R/goanna/intl/icu/source/common/utrie2.cpp
10:24.95 generating dependency information for d:/a/K-Meleon-R/K-Meleon-R/goanna/intl/icu/source/common/utrie.cpp
10:24.95 generating dependency information for d:/a/K-Meleon-R/K-Meleon-R/goanna/intl/icu/source/common/unames.cpp
10:24.95 generating dependency information for d:/a/K-Meleon-R/K-Meleon-R/goanna/intl/icu/source/common/usc_impl.c
10:24.95 generating dependency information for d:/a/K-Meleon-R/K-Meleon-R/goanna/intl/icu/source/common/uscript_props.cpp
10:24.95 generating dependency information for d:/a/K-Meleon-R/K-Meleon-R/goanna/intl/icu/source/common/uscript.c
10:24.95 generating dependency information for d:/a/K-Meleon-R/K-Meleon-R/goanna/intl/icu/source/common/ushape.cpp
10:29.14 generating dependency information for d:/a/K-Meleon-R/K-Meleon-R/goanna/intl/icu/source/common/ubidiln.c
10:29.14 generating dependency information for d:/a/K-Meleon-R/K-Meleon-R/goanna/intl/icu/source/common/ubidiwrt.c
10:29.14 generating dependency information for d:/a/K-Meleon-R/K-Meleon-R/goanna/intl/icu/source/common/ubidi.c
10:29.14 generating dependency information for d:/a/K-Meleon-R/K-Meleon-R/goanna/intl/icu/source/common/ubidi_props.c
10:29.14 generating dependency information for d:/a/K-Meleon-R/K-Meleon-R/goanna/intl/icu/source/common/propname.cpp
10:29.14 generating dependency information for d:/a/K-Meleon-R/K-Meleon-R/goanna/intl/icu/source/common/ucase.cpp
10:29.14 generating dependency information for d:/a/K-Meleon-R/K-Meleon-R/goanna/intl/icu/source/common/uprops.cpp
10:29.14 generating dependency information for d:/a/K-Meleon-R/K-Meleon-R/goanna/intl/icu/source/common/uchar.c
10:29.14 generating dependency information for d:/a/K-Meleon-R/K-Meleon-R/goanna/intl/icu/source/common/patternprops.cpp
10:29.14 generating dependency information for d:/a/K-Meleon-R/K-Meleon-R/goanna/intl/icu/source/common/uiter.cpp
10:29.14 libtool: compile:  d:/a/K-Meleon-R/K-Meleon-R/goanna/js/src/ctypes/libffi/msvcc.sh -m64 -DHAVE_CONFIG_H -I. -Id:/a/K-Meleon-R/K-Meleon-R/goanna/js/src/ctypes/libffi -I. -Id:/a/K-Meleon-R/K-Meleon-R/goanna/js/src/ctypes/libffi/include -Iinclude -Id:/a/K-Meleon-R/K-Meleon-R/goanna/js/src/ctypes/libffi/src -Wall -c -showIncludes d:/a/K-Meleon-R/K-Meleon-R/goanna/js/src/ctypes/libffi/src/java_raw_api.c -o src/java_raw_api.obj
10:29.14 cl -MD -nologo -W3 -DHAVE_CONFIG_H -I. -Id:/a/K-Meleon-R/K-Meleon-R/goanna/js/src/ctypes/libffi -I. -Id:/a/K-Meleon-R/K-Meleon-R/goanna/js/src/ctypes/libffi/include -Iinclude -Id:/a/K-Meleon-R/K-Meleon-R/goanna/js/src/ctypes/libffi/src -c -showIncludes d:/a/K-Meleon-R/K-Meleon-R/goanna/js/src/ctypes/libffi/src/java_raw_api.c -Fosrc/java_raw_api.obj -Fdsrc/java_raw_api -Fpsrc/java_raw_api -Fasrc/java_raw_api
10:29.14 java_raw_api.c
10:29.14 generating dependency information for d:/a/K-Meleon-R/K-Meleon-R/goanna/intl/icu/source/common/uchriter.cpp
10:29.14 generating dependency information for d:/a/K-Meleon-R/K-Meleon-R/goanna/intl/icu/source/common/schriter.cpp
10:29.14 generating dependency information for d:/a/K-Meleon-R/K-Meleon-R/goanna/intl/icu/source/common/chariter.cpp
10:29.14 generating dependency information for d:/a/K-Meleon-R/K-Meleon-R/goanna/intl/icu/source/common/loadednormalizer2impl.cpp
10:29.14 generating dependency information for d:/a/K-Meleon-R/K-Meleon-R/goanna/intl/icu/source/common/unormcmp.cpp
10:29.14 generating dependency information for d:/a/K-Meleon-R/K-Meleon-R/goanna/intl/icu/source/common/unorm.cpp
10:29.14 generating dependency information for d:/a/K-Meleon-R/K-Meleon-R/goanna/intl/icu/source/common/normlzr.cpp
10:29.14 nsConsoleService.cpp
10:29.14 nsCycleCollector.obj
10:29.14 generating dependency information for d:/a/K-Meleon-R/K-Meleon-R/goanna/intl/icu/source/common/filterednormalizer2.cpp
10:29.14 generating dependency information for d:/a/K-Meleon-R/K-Meleon-R/goanna/intl/icu/source/common/normalizer2.cpp
10:29.14 generating dependency information for d:/a/K-Meleon-R/K-Meleon-R/goanna/intl/icu/source/common/normalizer2impl.cpp
10:29.14 generating dependency information for d:/a/K-Meleon-R/K-Meleon-R/goanna/intl/icu/source/common/ustr_titlecase_brkiter.cpp
10:29.14 generating dependency information for d:/a/K-Meleon-R/K-Meleon-R/goanna/intl/icu/source/common/unistr_titlecase_brkiter.cpp
10:29.14 generating dependency information for d:/a/K-Meleon-R/K-Meleon-R/goanna/intl/icu/source/common/ustrcase_locale.cpp
10:29.14 generating dependency information for d:/a/K-Meleon-R/K-Meleon-R/goanna/intl/icu/source/common/unistr_case_locale.cpp
10:29.14 generating dependency information for d:/a/K-Meleon-R/K-Meleon-R/goanna/intl/icu/source/common/utext.cpp
10:29.14 generating dependency information for d:/a/K-Meleon-R/K-Meleon-R/goanna/intl/icu/source/common/ustr_wcs.cpp
10:29.14 generating dependency information for d:/a/K-Meleon-R/K-Meleon-R/goanna/intl/icu/source/common/ustrtrns.cpp
10:29.14 generating dependency information for d:/a/K-Meleon-R/K-Meleon-R/goanna/intl/icu/source/common/ustrfmt.c
10:29.14 generating dependency information for d:/a/K-Meleon-R/K-Meleon-R/goanna/intl/icu/source/common/cstring.c
10:29.14 generating dependency information for d:/a/K-Meleon-R/K-Meleon-R/goanna/intl/icu/source/common/ucasemap_titlecase_brkiter.cpp
10:29.14 generating dependency information for d:/a/K-Meleon-R/K-Meleon-R/goanna/intl/icu/source/common/ucasemap.cpp
10:29.14 generating dependency information for d:/a/K-Meleon-R/K-Meleon-R/goanna/intl/icu/source/common/ustrcase.cpp
10:29.14 generating dependency information for d:/a/K-Meleon-R/K-Meleon-R/goanna/intl/icu/source/common/ustring.cpp
10:29.14 generating dependency information for d:/a/K-Meleon-R/K-Meleon-R/goanna/intl/icu/source/common/utf_impl.c
10:29.14 generating dependency information for d:/a/K-Meleon-R/K-Meleon-R/goanna/intl/icu/source/common/unistr_props.cpp
10:29.14 generating dependency information for d:/a/K-Meleon-R/K-Meleon-R/goanna/intl/icu/source/common/unistr_case.cpp
10:29.14 libtool: compile:  d:/a/K-Meleon-R/K-Meleon-R/goanna/js/src/ctypes/libffi/msvcc.sh -m64 -DHAVE_CONFIG_H -I. -Id:/a/K-Meleon-R/K-Meleon-R/goanna/js/src/ctypes/libffi -I. -Id:/a/K-Meleon-R/K-Meleon-R/goanna/js/src/ctypes/libffi/include -Iinclude -Id:/a/K-Meleon-R/K-Meleon-R/goanna/js/src/ctypes/libffi/src -Wall -c -showIncludes d:/a/K-Meleon-R/K-Meleon-R/goanna/js/src/ctypes/libffi/src/closures.c -o src/closures.obj
10:29.14 cl -MD -nologo -W3 -DHAVE_CONFIG_H -I. -Id:/a/K-Meleon-R/K-Meleon-R/goanna/js/src/ctypes/libffi -I. -Id:/a/K-Meleon-R/K-Meleon-R/goanna/js/src/ctypes/libffi/include -Iinclude -Id:/a/K-Meleon-R/K-Meleon-R/goanna/js/src/ctypes/libffi/src -c -showIncludes d:/a/K-Meleon-R/K-Meleon-R/goanna/js/src/ctypes/libffi/src/closures.c -Fosrc/closures.obj -Fdsrc/closures -Fpsrc/closures -Fasrc/closures
10:29.14 closures.c
10:29.14 nsCrashOnException.cpp
10:29.14 nsDebugImpl.obj
10:29.14 generating dependency information for d:/a/K-Meleon-R/K-Meleon-R/goanna/intl/icu/source/common/unistr.cpp
10:29.14 generating dependency information for d:/a/K-Meleon-R/K-Meleon-R/goanna/intl/icu/source/common/unistr_cnv.cpp
10:29.14 generating dependency information for d:/a/K-Meleon-R/K-Meleon-R/goanna/intl/icu/source/common/ustr_cnv.cpp
10:29.14 generating dependency information for d:/a/K-Meleon-R/K-Meleon-R/goanna/intl/icu/source/common/appendable.cpp
10:29.14 generating dependency information for d:/a/K-Meleon-R/K-Meleon-R/goanna/intl/icu/source/common/dictionarydata.cpp
10:29.14 generating dependency information for d:/a/K-Meleon-R/K-Meleon-R/goanna/intl/icu/source/common/ucharstrieiterator.cpp
10:29.14 generating dependency information for d:/a/K-Meleon-R/K-Meleon-R/goanna/intl/icu/source/common/ucharstriebuilder.cpp
10:29.14 generating dependency information for d:/a/K-Meleon-R/K-Meleon-R/goanna/intl/icu/source/common/ucharstrie.cpp
10:29.14 generating dependency information for d:/a/K-Meleon-R/K-Meleon-R/goanna/intl/icu/source/common/bytestrieiterator.cpp
10:29.14 generating dependency information for d:/a/K-Meleon-R/K-Meleon-R/goanna/intl/icu/source/common/bytestrie.cpp
10:29.14 generating dependency information for d:/a/K-Meleon-R/K-Meleon-R/goanna/intl/icu/source/common/bytestriebuilder.cpp
10:29.14 generating dependency information for d:/a/K-Meleon-R/K-Meleon-R/goanna/intl/icu/source/common/stringtriebuilder.cpp
10:29.14 generating dependency information for d:/a/K-Meleon-R/K-Meleon-R/goanna/intl/icu/source/common/stringpiece.cpp
10:29.14 generating dependency information for d:/a/K-Meleon-R/K-Meleon-R/goanna/intl/icu/source/common/bytestream.cpp
10:29.14 generating dependency information for d:/a/K-Meleon-R/K-Meleon-R/goanna/intl/icu/source/common/locresdata.cpp
10:29.14 generating dependency information for d:/a/K-Meleon-R/K-Meleon-R/goanna/intl/icu/source/common/loclikely.cpp
10:29.14 generating dependency information for d:/a/K-Meleon-R/K-Meleon-R/goanna/intl/icu/source/common/locdspnm.cpp
10:29.14 generating dependency information for d:/a/K-Meleon-R/K-Meleon-R/goanna/intl/icu/source/common/locdispnames.cpp
10:29.14 generating dependency information for d:/a/K-Meleon-R/K-Meleon-R/goanna/intl/icu/source/common/locavailable.cpp
10:29.14 generating dependency information for d:/a/K-Meleon-R/K-Meleon-R/goanna/intl/icu/source/common/locutil.cpp
10:29.14 generating dependency information for d:/a/K-Meleon-R/K-Meleon-R/goanna/intl/icu/source/common/locid.cpp
10:29.14 generating dependency information for d:/a/K-Meleon-R/K-Meleon-R/goanna/intl/icu/source/common/uloc.cpp
10:29.14 generating dependency information for d:/a/K-Meleon-R/K-Meleon-R/goanna/intl/icu/source/common/locmap.c
10:29.14 generating dependency information for d:/a/K-Meleon-R/K-Meleon-R/goanna/intl/icu/source/common/ucat.c
10:29.14 generating dependency information for d:/a/K-Meleon-R/K-Meleon-R/goanna/intl/icu/source/common/messagepattern.cpp
10:29.14 generating dependency information for d:/a/K-Meleon-R/K-Meleon-R/goanna/intl/icu/source/common/ucurr.cpp
10:29.14 generating dependency information for d:/a/K-Meleon-R/K-Meleon-R/goanna/intl/icu/source/common/resbund_cnv.cpp
10:29.14 libtool: compile:  d:/a/K-Meleon-R/K-Meleon-R/goanna/js/src/ctypes/libffi/msvcc.sh -m64 -DHAVE_CONFIG_H -I. -Id:/a/K-Meleon-R/K-Meleon-R/goanna/js/src/ctypes/libffi -I. -Id:/a/K-Meleon-R/K-Meleon-R/goanna/js/src/ctypes/libffi/include -Iinclude -Id:/a/K-Meleon-R/K-Meleon-R/goanna/js/src/ctypes/libffi/src -Wall -c -showIncludes d:/a/K-Meleon-R/K-Meleon-R/goanna/js/src/ctypes/libffi/src/x86/ffi.c -o src/x86/ffi.obj
10:29.14 cl -MD -nologo -W3 -DHAVE_CONFIG_H -I. -Id:/a/K-Meleon-R/K-Meleon-R/goanna/js/src/ctypes/libffi -I. -Id:/a/K-Meleon-R/K-Meleon-R/goanna/js/src/ctypes/libffi/include -Iinclude -Id:/a/K-Meleon-R/K-Meleon-R/goanna/js/src/ctypes/libffi/src -c -showIncludes d:/a/K-Meleon-R/K-Meleon-R/goanna/js/src/ctypes/libffi/src/x86/ffi.c -Fosrc/x86/ffi.obj -Fdsrc/x86/ffi -Fpsrc/x86/ffi -Fasrc/x86/ffi
10:29.14 ffi.c
10:29.14 generating dependency information for d:/a/K-Meleon-R/K-Meleon-R/goanna/intl/icu/source/common/resbund.cpp
10:29.14 generating dependency information for d:/a/K-Meleon-R/K-Meleon-R/goanna/intl/icu/source/common/uresdata.cpp
10:29.14 generating dependency information for d:/a/K-Meleon-R/K-Meleon-R/goanna/intl/icu/source/common/ures_cnv.c
10:29.14 generating dependency information for d:/a/K-Meleon-R/K-Meleon-R/goanna/intl/icu/source/common/uresbund.cpp
10:29.14 generating dependency information for d:/a/K-Meleon-R/K-Meleon-R/goanna/intl/icu/source/common/resource.cpp
10:29.14 generating dependency information for d:/a/K-Meleon-R/K-Meleon-R/goanna/intl/icu/source/common/ucnv_ct.c
10:29.14 generating dependency information for d:/a/K-Meleon-R/K-Meleon-R/goanna/intl/icu/source/common/ucnv_set.c
10:29.14 nsCycleCollector.cpp
10:29.14 nsDumpUtils.obj
10:51.43 generating dependency information for d:/a/K-Meleon-R/K-Meleon-R/goanna/intl/icu/source/common/ucnvdisp.c
10:51.43 generating dependency information for d:/a/K-Meleon-R/K-Meleon-R/goanna/intl/icu/source/common/ucnvisci.c
10:51.43 generating dependency information for d:/a/K-Meleon-R/K-Meleon-R/goanna/intl/icu/source/common/ucnv_lmb.c
10:51.43 generating dependency information for d:/a/K-Meleon-R/K-Meleon-R/goanna/intl/icu/source/common/ucnvhz.c
10:51.43 generating dependency information for d:/a/K-Meleon-R/K-Meleon-R/goanna/intl/icu/source/common/ucnv2022.cpp
10:51.43 generating dependency information for d:/a/K-Meleon-R/K-Meleon-R/goanna/intl/icu/source/common/ucnvmbcs.cpp
10:51.43 generating dependency information for d:/a/K-Meleon-R/K-Meleon-R/goanna/intl/icu/source/common/ucnv_ext.cpp
10:51.43 generating dependency information for d:/a/K-Meleon-R/K-Meleon-R/goanna/intl/icu/source/common/ucnvbocu.cpp
10:51.43 generating dependency information for d:/a/K-Meleon-R/K-Meleon-R/goanna/intl/icu/source/common/ucnvscsu.c
10:51.43 generating dependency information for d:/a/K-Meleon-R/K-Meleon-R/goanna/intl/icu/source/common/ucnv_u32.c
10:51.43 generating dependency information for d:/a/K-Meleon-R/K-Meleon-R/goanna/intl/icu/source/common/ucnv_u16.c
10:51.43 generating dependency information for d:/a/K-Meleon-R/K-Meleon-R/goanna/intl/icu/source/common/ucnv_u8.c
10:51.43 generating dependency information for d:/a/K-Meleon-R/K-Meleon-R/goanna/intl/icu/source/common/ucnv_u7.c
10:51.43 win64.S
10:51.43 generating dependency information for d:/a/K-Meleon-R/K-Meleon-R/goanna/intl/icu/source/common/ucnvlat1.c
10:51.43 generating dependency information for d:/a/K-Meleon-R/K-Meleon-R/goanna/intl/icu/source/common/ucnv_err.c
10:51.43 generating dependency information for d:/a/K-Meleon-R/K-Meleon-R/goanna/intl/icu/source/common/ucnv_cb.c
10:51.43 generating dependency information for d:/a/K-Meleon-R/K-Meleon-R/goanna/intl/icu/source/common/ucnv_io.cpp
10:51.43 generating dependency information for d:/a/K-Meleon-R/K-Meleon-R/goanna/intl/icu/source/common/ucnv_cnv.c
10:51.43 libtool: compile:  /d/a/K-Meleon-R/K-Meleon-R/goanna/js/src/ctypes/libffi/msvcc.sh -m64 -DHAVE_CONFIG_H -I. -Id:/a/K-Meleon-R/K-Meleon-R/goanna/js/src/ctypes/libffi -I. -Id:/a/K-Meleon-R/K-Meleon-R/goanna/js/src/ctypes/libffi/include -Iinclude -Id:/a/K-Meleon-R/K-Meleon-R/goanna/js/src/ctypes/libffi/src -I. -Id:/a/K-Meleon-R/K-Meleon-R/goanna/js/src/ctypes/libffi/include -Iinclude -Id:/a/K-Meleon-R/K-Meleon-R/goanna/js/src/ctypes/libffi/src -c -showIncludes d:/a/K-Meleon-R/K-Meleon-R/goanna/js/src/ctypes/libffi/src/x86/win64.S -o src/x86/win64.obj
10:51.43 cl -nologo -EP  -I. -Id:/a/K-Meleon-R/K-Meleon-R/goanna/js/src/ctypes/libffi -I. -Id:/a/K-Meleon-R/K-Meleon-R/goanna/js/src/ctypes/libffi/include -Iinclude -Id:/a/K-Meleon-R/K-Meleon-R/goanna/js/src/ctypes/libffi/src -I. -Id:/a/K-Meleon-R/K-Meleon-R/goanna/js/src/ctypes/libffi/include -Iinclude -Id:/a/K-Meleon-R/K-Meleon-R/goanna/js/src/ctypes/libffi/src  -DHAVE_CONFIG_H d:/a/K-Meleon-R/K-Meleon-R/goanna/js/src/ctypes/libffi/src/x86/win64.S > src/x86/win64.asm
10:51.43 ml64 -nologo  -c -Fosrc/x86/win64.obj src/x86/win64.asm
10:51.43  Assembling: src/x86/win64.asm
10:51.43 generating dependency information for d:/a/K-Meleon-R/K-Meleon-R/goanna/intl/icu/source/common/ucnv_bld.cpp
10:51.43 generating dependency information for d:/a/K-Meleon-R/K-Meleon-R/goanna/intl/icu/source/common/ucnv.c
10:51.43 generating dependency information for d:/a/K-Meleon-R/K-Meleon-R/goanna/intl/icu/source/common/uvectr64.cpp
10:51.43 generating dependency information for d:/a/K-Meleon-R/K-Meleon-R/goanna/intl/icu/source/common/uvectr32.cpp
10:51.43 generating dependency information for d:/a/K-Meleon-R/K-Meleon-R/goanna/intl/icu/source/common/ustack.cpp
10:51.43 generating dependency information for d:/a/K-Meleon-R/K-Meleon-R/goanna/intl/icu/source/common/uvector.cpp
10:51.43 generating dependency information for d:/a/K-Meleon-R/K-Meleon-R/goanna/intl/icu/source/common/ustrenum.cpp
10:51.43 generating dependency information for d:/a/K-Meleon-R/K-Meleon-R/goanna/intl/icu/source/common/uenum.c
10:51.43 nsDebugImpl.cpp
10:51.43 nsErrorService.obj
10:51.43 generating dependency information for d:/a/K-Meleon-R/K-Meleon-R/goanna/intl/icu/source/common/uhash_us.cpp
10:51.43 generating dependency information for d:/a/K-Meleon-R/K-Meleon-R/goanna/intl/icu/source/common/uhash.c
10:51.43 generating dependency information for d:/a/K-Meleon-R/K-Meleon-R/goanna/intl/icu/source/common/utrace.c
10:51.43 generating dependency information for d:/a/K-Meleon-R/K-Meleon-R/goanna/intl/icu/source/common/ucol_swp.cpp
10:51.43 generating dependency information for d:/a/K-Meleon-R/K-Meleon-R/goanna/intl/icu/source/common/udataswp.c
10:51.43 generating dependency information for d:/a/K-Meleon-R/K-Meleon-R/goanna/intl/icu/source/common/umapfile.c
10:51.43 generating dependency information for d:/a/K-Meleon-R/K-Meleon-R/goanna/intl/icu/source/common/udatamem.c
10:51.43 generating dependency information for d:/a/K-Meleon-R/K-Meleon-R/goanna/intl/icu/source/common/ucmndata.c
10:51.43 UnifiedBindings3.cpp
10:51.43 generating dependency information for d:/a/K-Meleon-R/K-Meleon-R/goanna/intl/icu/source/common/udata.cpp
10:51.43 UnifiedBindings5.obj
10:51.43 generating dependency information for d:/a/K-Meleon-R/K-Meleon-R/goanna/intl/icu/source/common/cstr.cpp
10:51.43 generating dependency information for d:/a/K-Meleon-R/K-Meleon-R/goanna/intl/icu/source/common/charstr.cpp
10:51.43 generating dependency information for d:/a/K-Meleon-R/K-Meleon-R/goanna/intl/icu/source/common/cmemory.c
10:51.43 generating dependency information for d:/a/K-Meleon-R/K-Meleon-R/goanna/intl/icu/source/common/uobject.cpp
10:51.43 libtool: link: lib -OUT:.libs/libffi_convenience.lib  src/prep_cif.obj src/types.obj src/raw_api.obj src/java_raw_api.obj src/closures.obj src/x86/ffi.obj src/x86/win64.obj
10:51.43 generating dependency information for d:/a/K-Meleon-R/K-Meleon-R/goanna/intl/icu/source/common/uinit.cpp
10:51.43 Microsoft (R) Library Manager Version 14.29.30159.0
10:51.43 Copyright (C) Microsoft Corporation.  All rights reserved.
10:51.43 
10:51.43 generating dependency information for d:/a/K-Meleon-R/K-Meleon-R/goanna/intl/icu/source/common/ucln_cmn.cpp
10:51.43 generating dependency information for d:/a/K-Meleon-R/K-Meleon-R/goanna/intl/icu/source/common/umutex.cpp
10:51.43 generating dependency information for d:/a/K-Meleon-R/K-Meleon-R/goanna/intl/icu/source/common/uinvchar.c
10:51.43 libtool: link: ( cd ".libs" && rm -f "libffi_convenience.la" && cp -pR "../libffi_convenience.la" "libffi_convenience.la" )
10:51.43 generating dependency information for d:/a/K-Meleon-R/K-Meleon-R/goanna/intl/icu/source/common/utypes.c
10:51.43 generating dependency information for d:/a/K-Meleon-R/K-Meleon-R/goanna/intl/icu/source/common/umath.c
10:51.43 generating dependency information for d:/a/K-Meleon-R/K-Meleon-R/goanna/intl/icu/source/common/putil.cpp
10:51.43 generating dependency information for d:/a/K-Meleon-R/K-Meleon-R/goanna/intl/icu/source/common/errorcode.cpp
10:51.43 generating ../common/svchook.mk
10:51.43 nsDumpUtils.cpp
10:51.43 nsGZFileWriter.obj
10:51.43 nsErrorService.cpp
10:51.43 nsInterfaceRequestorAgg.obj
10:51.43 libtool: link: lib -OUT:.libs/libffi.lib  src/prep_cif.obj src/types.obj src/raw_api.obj src/java_raw_api.obj src/closures.obj src/x86/ffi.obj src/x86/win64.obj
10:51.43 Microsoft (R) Library Manager Version 14.29.30159.0
10:51.43 Copyright (C) Microsoft Corporation.  All rights reserved.
10:51.43 
10:51.43 config.status: creating common/Makefile
10:51.43 libtool: link: ( cd ".libs" && rm -f "libffi.la" && cp -pR "../libffi.la" "libffi.la" )
10:51.43 ffi.lib.desc
10:51.43 UnifiedBindings6.obj
10:51.43 nsGZFileWriter.cpp
10:51.43 nsMemoryImpl.obj
10:51.43 errorcode.cpp
10:51.43 putil.cpp
10:51.43 cl : Command line warning D9025 : overriding '/W3' with '/W4'
10:51.43 umath.c
10:51.43 nsInterfaceRequestorAgg.cpp
10:51.43 nsMemoryInfoDumper.obj
10:51.43 cl : Command line warning D9025 : overriding '/W3' with '/W4'
10:51.43 utypes.c
10:51.43 cl : Command line warning D9025 : overriding '/W3' with '/W4'
10:51.43 uinvchar.c
10:51.43 d:/a/K-Meleon-R/K-Meleon-R/goanna/intl/icu/source/common/uinvchar.c(451): warning C4100: 'ds': unreferenced formal parameter
10:51.43 d:/a/K-Meleon-R/K-Meleon-R/goanna/intl/icu/source/common/uinvchar.c(496): warning C4100: 'ds': unreferenced formal parameter
10:51.43 umutex.cpp
10:51.43 ucln_cmn.cpp
10:51.43 nsMemoryImpl.cpp
10:51.43 nsMemoryReporterManager.obj
10:51.43 uinit.cpp
10:51.43 uobject.cpp
10:51.43 cl : Command line warning D9025 : overriding '/W3' with '/W4'
10:51.43 cmemory.c
10:51.43 charstr.cpp
10:51.43 cstr.cpp
10:51.43 udata.cpp
10:51.43 cl : Command line warning D9025 : overriding '/W3' with '/W4'
10:51.43 ucmndata.c
10:51.43 d:/a/K-Meleon-R/K-Meleon-R/goanna/intl/icu/source/common/ucmndata.c(223): warning C4100: 'pErrorCode': unreferenced formal parameter
10:51.43 d:/a/K-Meleon-R/K-Meleon-R/goanna/intl/icu/source/common/ucmndata.c(274): warning C4100: 'pErrorCode': unreferenced formal parameter
10:51.43 cl : Command line warning D9025 : overriding '/W3' with '/W4'
10:51.43 udatamem.c
10:51.43 cl : Command line warning D9025 : overriding '/W3' with '/W4'
10:51.43 umapfile.c
10:51.43 cl : Command line warning D9025 : overriding '/W3' with '/W4'
10:51.43 udataswp.c
10:51.44 ucol_swp.cpp
10:51.44 nsMemoryInfoDumper.cpp
10:51.44 nsMessageLoop.obj
10:51.44 cl : Command line warning D9025 : overriding '/W3' with '/W4'
10:51.44 utrace.c
10:51.44 cl : Command line warning D9025 : overriding '/W3' with '/W4'
10:51.44 uhash.c
10:51.44 uhash_us.cpp
10:51.44 UnifiedBindings4.cpp
10:51.44 zlib.lib.desc
10:51.44 nsSecurityConsoleMessage.obj
10:51.44 cl : Command line warning D9025 : overriding '/W3' with '/W4'
10:51.44 uenum.c
10:51.44 ustrenum.cpp
10:51.44 uvector.cpp
10:51.44 ustack.cpp
10:51.44 uvectr32.cpp
10:51.44 uvectr64.cpp
10:51.44 nsMemoryReporterManager.cpp
10:51.44 nsMessageLoop.cpp
10:51.44 UnifiedBindings7.obj
10:51.44 nsStatusReporterManager.obj
10:51.44 cl : Command line warning D9025 : overriding '/W3' with '/W4'
10:51.44 ucnv.c
10:51.44 ucnv_bld.cpp
10:51.44 nsSecurityConsoleMessage.cpp
10:51.44 nsSystemInfo.obj
10:51.44 cl : Command line warning D9025 : overriding '/W3' with '/W4'
10:51.44 ucnv_cnv.c
10:51.44 d:/a/K-Meleon-R/K-Meleon-R/goanna/intl/icu/source/common/ucnv_cnv.c(35): warning C4100: 'pErrorCode': unreferenced formal parameter
10:51.44 d:/a/K-Meleon-R/K-Meleon-R/goanna/intl/icu/source/common/ucnv_cnv.c(34): warning C4100: 'which': unreferenced formal parameter
10:51.44 d:/a/K-Meleon-R/K-Meleon-R/goanna/intl/icu/source/common/ucnv_cnv.c(32): warning C4100: 'cnv': unreferenced formal parameter
10:51.44 d:/a/K-Meleon-R/K-Meleon-R/goanna/intl/icu/source/common/ucnv_cnv.c(43): warning C4100: 'pErrorCode': unreferenced formal parameter
10:51.44 d:/a/K-Meleon-R/K-Meleon-R/goanna/intl/icu/source/common/ucnv_cnv.c(42): warning C4100: 'which': unreferenced formal parameter
10:51.44 d:/a/K-Meleon-R/K-Meleon-R/goanna/intl/icu/source/common/ucnv_cnv.c(40): warning C4100: 'cnv': unreferenced formal parameter
10:51.44 ucnv_io.cpp
10:51.44 UnifiedBindings5.cpp
10:51.44 cl : Command line warning D9025 : overriding '/W3' with '/W4'
10:51.44 ucnv_cb.c
10:51.44 host_jskwgen.obj
10:51.44 cl : Command line warning D9025 : overriding '/W3' with '/W4'
10:51.44 ucnv_err.c
10:51.44 d:/a/K-Meleon-R/K-Meleon-R/goanna/intl/icu/source/common/ucnv_err.c(105): warning C4100: 'length': unreferenced formal parameter
11:36.44 d:/a/K-Meleon-R/K-Meleon-R/goanna/intl/icu/source/common/ucnv_err.c(104): warning C4100: 'codeUnits': unreferenced formal parameter
11:36.44 d:/a/K-Meleon-R/K-Meleon-R/goanna/intl/icu/source/common/ucnv_err.c(103): warning C4100: 'fromUArgs': unreferenced formal parameter
11:36.44 d:/a/K-Meleon-R/K-Meleon-R/goanna/intl/icu/source/common/ucnv_err.c(102): warning C4100: 'context': unreferenced formal parameter
11:36.44 d:/a/K-Meleon-R/K-Meleon-R/goanna/intl/icu/source/common/ucnv_err.c(130): warning C4100: 'err': unreferenced formal parameter
11:36.44 d:/a/K-Meleon-R/K-Meleon-R/goanna/intl/icu/source/common/ucnv_err.c(129): warning C4100: 'reason': unreferenced formal parameter
11:36.44 d:/a/K-Meleon-R/K-Meleon-R/goanna/intl/icu/source/common/ucnv_err.c(128): warning C4100: 'length': unreferenced formal parameter
11:36.44 d:/a/K-Meleon-R/K-Meleon-R/goanna/intl/icu/source/common/ucnv_err.c(127): warning C4100: 'codePoints': unreferenced formal parameter
11:36.44 d:/a/K-Meleon-R/K-Meleon-R/goanna/intl/icu/source/common/ucnv_err.c(126): warning C4100: 'toUArgs': unreferenced formal parameter
11:36.44 d:/a/K-Meleon-R/K-Meleon-R/goanna/intl/icu/source/common/ucnv_err.c(125): warning C4100: 'context': unreferenced formal parameter
11:36.44 d:/a/K-Meleon-R/K-Meleon-R/goanna/intl/icu/source/common/ucnv_err.c(141): warning C4100: 'length': unreferenced formal parameter
11:36.44 d:/a/K-Meleon-R/K-Meleon-R/goanna/intl/icu/source/common/ucnv_err.c(140): warning C4100: 'codeUnits': unreferenced formal parameter
11:36.44 d:/a/K-Meleon-R/K-Meleon-R/goanna/intl/icu/source/common/ucnv_err.c(139): warning C4100: 'fromUArgs': unreferenced formal parameter
11:36.44 d:/a/K-Meleon-R/K-Meleon-R/goanna/intl/icu/source/common/ucnv_err.c(169): warning C4100: 'length': unreferenced formal parameter
11:36.44 d:/a/K-Meleon-R/K-Meleon-R/goanna/intl/icu/source/common/ucnv_err.c(168): warning C4100: 'codeUnits': unreferenced formal parameter
11:36.44 d:/a/K-Meleon-R/K-Meleon-R/goanna/intl/icu/source/common/ucnv_err.c(367): warning C4100: 'length': unreferenced formal parameter
11:36.44 d:/a/K-Meleon-R/K-Meleon-R/goanna/intl/icu/source/common/ucnv_err.c(366): warning C4100: 'codeUnits': unreferenced formal parameter
11:36.44 d:/a/K-Meleon-R/K-Meleon-R/goanna/intl/icu/source/common/ucnv_err.c(365): warning C4100: 'toArgs': unreferenced formal parameter
11:36.44 d:/a/K-Meleon-R/K-Meleon-R/goanna/intl/icu/source/common/ucnv_err.c(387): warning C4100: 'length': unreferenced formal parameter
11:36.44 d:/a/K-Meleon-R/K-Meleon-R/goanna/intl/icu/source/common/ucnv_err.c(386): warning C4100: 'codeUnits': unreferenced formal parameter
11:36.44 cl : Command line warning D9025 : overriding '/W3' with '/W4'
11:36.44 ucnvlat1.c
11:36.44 d:/a/K-Meleon-R/K-Meleon-R/goanna/intl/icu/source/common/ucnvlat1.c(423): warning C4100: 'pErrorCode': unreferenced formal parameter
11:36.44 d:/a/K-Meleon-R/K-Meleon-R/goanna/intl/icu/source/common/ucnvlat1.c(422): warning C4100: 'which': unreferenced formal parameter
11:36.44 d:/a/K-Meleon-R/K-Meleon-R/goanna/intl/icu/source/common/ucnvlat1.c(420): warning C4100: 'cnv': unreferenced formal parameter
11:36.44 d:/a/K-Meleon-R/K-Meleon-R/goanna/intl/icu/source/common/ucnvlat1.c(697): warning C4100: 'pErrorCode': unreferenced formal parameter
11:36.44 d:/a/K-Meleon-R/K-Meleon-R/goanna/intl/icu/source/common/ucnvlat1.c(696): warning C4100: 'which': unreferenced formal parameter
11:36.44 d:/a/K-Meleon-R/K-Meleon-R/goanna/intl/icu/source/common/ucnvlat1.c(694): warning C4100: 'cnv': unreferenced formal parameter
11:36.44 cl : Command line warning D9025 : overriding '/W3' with '/W4'
11:36.44 ucnv_u7.c
11:36.44 d:/a/K-Meleon-R/K-Meleon-R/goanna/intl/icu/source/common/ucnv_u7.c(197): warning C4100: 'pArgs': unreferenced formal parameter
11:36.44 jskwgen.cpp
11:36.44 host_jskwgen.exe
11:36.44 cl : Command line warning D9025 : overriding '/W3' with '/W4'
11:36.44 ucnv_u8.c
11:36.44 nsStatusReporterManager.cpp
11:36.44 nsTraceRefcnt.obj
11:36.44 cl : Command line warning D9025 : overriding '/W3' with '/W4'
11:36.44 ucnv_u16.c
11:36.44 d:/a/K-Meleon-R/K-Meleon-R/goanna/intl/icu/source/common/ucnv_u16.c(72): warning C4310: cast truncates constant value
11:36.44 d:/a/K-Meleon-R/K-Meleon-R/goanna/intl/icu/source/common/ucnv_u16.c(72): warning C4310: cast truncates constant value
11:36.44 d:/a/K-Meleon-R/K-Meleon-R/goanna/intl/icu/source/common/ucnv_u16.c(588): warning C4100: 'pArgs': unreferenced formal parameter
11:36.44 d:/a/K-Meleon-R/K-Meleon-R/goanna/intl/icu/source/common/ucnv_u16.c(671): warning C4310: cast truncates constant value
11:36.44 d:/a/K-Meleon-R/K-Meleon-R/goanna/intl/icu/source/common/ucnv_u16.c(671): warning C4310: cast truncates constant value
11:36.44 d:/a/K-Meleon-R/K-Meleon-R/goanna/intl/icu/source/common/ucnv_u16.c(1187): warning C4100: 'pArgs': unreferenced formal parameter
11:36.44 d:/a/K-Meleon-R/K-Meleon-R/goanna/intl/icu/source/common/ucnv_u16.c(1284): warning C4132: '_UTF16v2Data': const object should be initialized
11:36.44 d:/a/K-Meleon-R/K-Meleon-R/goanna/intl/icu/source/common/ucnv_u16.c(1318): warning C4132: '_UTF16Data_58': const object should be initialized
11:36.44 cl : Command line warning D9025 : overriding '/W3' with '/W4'
11:36.44 ucnv_u32.c
11:36.44 d:/a/K-Meleon-R/K-Meleon-R/goanna/intl/icu/source/common/ucnv_u32.c(231): warning C4310: cast truncates constant value
11:36.44 d:/a/K-Meleon-R/K-Meleon-R/goanna/intl/icu/source/common/ucnv_u32.c(231): warning C4310: cast truncates constant value
11:36.44 d:/a/K-Meleon-R/K-Meleon-R/goanna/intl/icu/source/common/ucnv_u32.c(334): warning C4310: cast truncates constant value
11:36.44 d:/a/K-Meleon-R/K-Meleon-R/goanna/intl/icu/source/common/ucnv_u32.c(334): warning C4310: cast truncates constant value
11:36.44 d:/a/K-Meleon-R/K-Meleon-R/goanna/intl/icu/source/common/ucnv_u32.c(709): warning C4310: cast truncates constant value
11:36.44 d:/a/K-Meleon-R/K-Meleon-R/goanna/intl/icu/source/common/ucnv_u32.c(709): warning C4310: cast truncates constant value
11:36.44 d:/a/K-Meleon-R/K-Meleon-R/goanna/intl/icu/source/common/ucnv_u32.c(820): warning C4310: cast truncates constant value
11:36.44 d:/a/K-Meleon-R/K-Meleon-R/goanna/intl/icu/source/common/ucnv_u32.c(820): warning C4310: cast truncates constant value
11:36.44 d:/a/K-Meleon-R/K-Meleon-R/goanna/intl/icu/source/common/ucnv_u32.c(1040): warning C4100: 'pErrorCode': unreferenced formal parameter
11:36.44 d:/a/K-Meleon-R/K-Meleon-R/goanna/intl/icu/source/common/ucnv_u32.c(1039): warning C4100: 'pArgs': unreferenced formal parameter
11:36.44 d:/a/K-Meleon-R/K-Meleon-R/goanna/intl/icu/source/common/ucnv_u32.c(1044): warning C4310: cast truncates constant value
11:36.44 d:/a/K-Meleon-R/K-Meleon-R/goanna/intl/icu/source/common/ucnv_u32.c(1044): warning C4310: cast truncates constant value
11:36.44 d:/a/K-Meleon-R/K-Meleon-R/goanna/intl/icu/source/common/ucnv_u32.c(1044): warning C4310: cast truncates constant value
11:36.44 d:/a/K-Meleon-R/K-Meleon-R/goanna/intl/icu/source/common/ucnv_u32.c(1044): warning C4310: cast truncates constant value
11:36.44 d:/a/K-Meleon-R/K-Meleon-R/goanna/intl/icu/source/common/ucnv_u32.c(1072): warning C4310: cast truncates constant value
11:36.44 cl : Command line warning D9025 : overriding '/W3' with '/W4'
11:36.44 ucnvscsu.c
11:36.44 ucnvbocu.cpp
11:36.44 UnifiedBindings8.obj
11:36.44 ucnv_ext.cpp
11:36.44 ucnvmbcs.cpp
11:36.44 ucnv2022.cpp
11:36.44 nsSystemInfo.cpp
11:36.44 nsUUIDGenerator.obj
11:36.44 cl : Command line warning D9025 : overriding '/W3' with '/W4'
11:36.44 ucnvhz.c
11:36.44 cl : Command line warning D9025 : overriding '/W3' with '/W4'
11:36.44 ucnv_lmb.c
11:36.44 cl : Command line warning D9025 : overriding '/W3' with '/W4'
11:36.44 ucnvisci.c
11:36.46 cl : Command line warning D9025 : overriding '/W3' with '/W4'
11:36.46 ucnvdisp.c
11:36.46 cl : Command line warning D9025 : overriding '/W3' with '/W4'
11:36.46 ucnv_set.c
11:36.46 cl : Command line warning D9025 : overriding '/W3' with '/W4'
11:36.46 ucnv_ct.c
11:36.46 resource.cpp
11:36.46 nsTraceRefcnt.cpp
11:36.46 nsVersionComparatorImpl.obj
11:36.46 uresbund.cpp
11:36.46 cl : Command line warning D9025 : overriding '/W3' with '/W4'
11:36.46 ures_cnv.c
11:36.46 uresdata.cpp
11:36.46 nsUUIDGenerator.cpp
11:36.46 resbund.cpp
11:36.46 nsVersionComparatorImpl.cpp
11:36.46 xpcom_base.lib.desc
11:36.46 UnifiedBindings9.obj
11:36.46 resbund_cnv.cpp
11:36.46 ucurr.cpp
11:36.46 messagepattern.cpp
11:36.46 UnifiedBindings6.cpp
11:36.46 nsDeviceContext.obj
11:36.46 Unified_cpp_gfx_src0.obj
11:36.46 cl : Command line warning D9025 : overriding '/W3' with '/W4'
11:36.46 ucat.c
11:36.46 cl : Command line warning D9025 : overriding '/W3' with '/W4'
11:36.46 locmap.c
11:36.46 uloc.cpp
11:36.46 locid.cpp
11:36.46 UnifiedBindings7.cpp
11:36.46 locutil.cpp
11:36.46 nsDocShellModule.obj
11:36.46 nsDeviceContext.cpp
11:36.46 locavailable.cpp
11:36.46 locdispnames.cpp
11:36.46 locdspnm.cpp
11:36.46 loclikely.cpp
11:36.46 nsDocShellModule.cpp
11:36.46 docshell_build.lib.desc
11:36.46 StructuredClone.obj
11:36.46 Unified_cpp_gfx_src0.cpp
11:36.46 gfx_src.lib.desc
11:36.46 Unified_cpp_dom_bindings0.obj
11:36.46 locresdata.cpp
11:36.46 bytestream.cpp
11:36.46 stringpiece.cpp
11:36.46 stringtriebuilder.cpp
11:36.46 UnifiedBindings8.cpp
11:36.46 nsUniscribeBreaker.obj
11:36.46 Unified_cpp_intl_lwbrk0.obj
11:36.46 bytestriebuilder.cpp
11:36.46 bytestrie.cpp
11:36.46 bytestrieiterator.cpp
11:36.46 StructuredClone.cpp
11:36.46 UnifiedProtocols0.obj
11:36.46 UnifiedProtocols1.obj
11:36.46 nsUniscribeBreaker.cpp
11:36.46 ucharstrie.cpp
11:36.46 ucharstriebuilder.cpp
11:36.46 Unified_cpp_intl_lwbrk0.cpp
11:36.46 intl_lwbrk.lib.desc
11:36.46 ucharstrieiterator.cpp
11:36.46 dictionarydata.cpp
11:36.46 appendable.cpp
11:36.46 ustr_cnv.cpp
11:36.46 unistr_cnv.cpp
11:36.46 unistr.cpp
11:36.46 unistr_case.cpp
11:36.46 UnifiedProtocols0.cpp
11:36.46 UnifiedProtocols10.obj
11:36.46 UnifiedBindings9.cpp
11:36.46 IdentityCryptoService.obj
11:36.46 unistr_props.cpp
11:36.46 cl : Command line warning D9025 : overriding '/W3' with '/W4'
11:36.46 utf_impl.c
11:36.46 d:\a\K-Meleon-R\K-Meleon-R\goanna\intl\icu\source\common\unicode/utf8.h(62): warning C4132: 'utf8_countTrailBytes_58': const object should be initialized
11:36.46 ustring.cpp
11:36.46 ustrcase.cpp
11:36.46 IdentityCryptoService.cpp
11:36.46 toolkit_identity.lib.desc
11:36.46 UnifiedProtocols11.obj
11:36.46 ucasemap.cpp
11:36.46 Unified_cpp_dom_bindings0.cpp
11:36.46 dom_bindings.lib.desc
11:36.46 UnifiedProtocols12.obj
11:36.46 d:/a/K-Meleon-R/K-Meleon-R/goanna/intl/icu/source/common/ucasemap.cpp(204): warning C4333: '>>': right shift by too large amount, data loss
11:36.46 ucasemap_titlecase_brkiter.cpp
11:36.46 cl : Command line warning D9025 : overriding '/W3' with '/W4'
11:36.46 cstring.c
11:36.46 cl : Command line warning D9025 : overriding '/W3' with '/W4'
11:36.46 ustrfmt.c
11:36.46 ustrtrns.cpp
11:36.46 ustr_wcs.cpp
11:36.46 utext.cpp
11:36.46 unistr_case_locale.cpp
11:36.46 UnifiedProtocols1.cpp
11:36.46 XrayWrapper.obj
11:36.46 Unified_cpp_xpconnect_wrappers0.obj
11:36.46 ustrcase_locale.cpp
11:36.46 unistr_titlecase_brkiter.cpp
11:36.46 ustr_titlecase_brkiter.cpp
11:36.46 normalizer2impl.cpp
11:36.46 normalizer2.cpp
11:36.46 filterednormalizer2.cpp
11:36.46 XrayWrapper.cpp
11:36.46 UnifiedProtocols10.cpp
11:36.46 normlzr.cpp
11:36.46 Unified_cpp_autocomplete0.obj
11:36.46 UnifiedProtocols11.cpp
11:36.46 UnifiedProtocols13.obj
11:36.46 unorm.cpp
11:36.46 Unified_cpp_autocomplete0.cpp
11:36.46 toolkit_components_autocomplete.lib.desc
11:36.46 UnifiedProtocols14.obj
11:36.46 unormcmp.cpp
11:36.46 loadednormalizer2impl.cpp
11:36.46 chariter.cpp
11:36.46 schriter.cpp
11:36.46 Unified_cpp_xpconnect_wrappers0.cpp
11:36.46 js_xpconnect_wrappers.lib.desc
11:36.46 uchriter.cpp
11:36.46 UnifiedProtocols15.obj
11:36.46 uiter.cpp
11:36.46 patternprops.cpp
11:36.46 cl : Command line warning D9025 : overriding '/W3' with '/W4'
11:36.46 uchar.c
12:25.67 d:/a/K-Meleon-R/K-Meleon-R/goanna/intl/icu/source/common/uchar.c(70): warning C4100: 'context': unreferenced formal parameter
12:25.67 d:/a/K-Meleon-R/K-Meleon-R/goanna/intl/icu/source/common/uchar.c(653): warning C4100: 'value': unreferenced formal parameter
12:25.67 d:/a/K-Meleon-R/K-Meleon-R/goanna/intl/icu/source/common/uchar.c(653): warning C4100: 'end': unreferenced formal parameter
12:25.67 uprops.cpp
12:25.67 UnifiedProtocols13.cpp
12:25.67 ucase.cpp
12:25.67 Unified_cpp_libjar_zipwriter0.obj
12:25.67 UnifiedProtocols12.cpp
12:25.67 Unified_cpp_layout_xul_tree0.obj
12:25.67 propname.cpp
12:25.67 cl : Command line warning D9025 : overriding '/W3' with '/W4'
12:25.67 ubidi_props.c
12:25.67 d:/a/K-Meleon-R/K-Meleon-R/goanna/intl/icu/source/common/ubidi_props.c(57): warning C4100: 'value': unreferenced formal parameter
12:25.67 d:/a/K-Meleon-R/K-Meleon-R/goanna/intl/icu/source/common/ubidi_props.c(57): warning C4100: 'end': unreferenced formal parameter
12:25.67 Unified_cpp_libjar_zipwriter0.cpp
12:25.67 modules_libjar_zipwriter.lib.desc
12:25.67 UnifiedProtocols16.obj
12:25.67 cl : Command line warning D9025 : overriding '/W3' with '/W4'
12:25.67 ubidi.c
12:25.67 cl : Command line warning D9025 : overriding '/W3' with '/W4'
12:25.67 ubidiwrt.c
12:25.67 cl : Command line warning D9025 : overriding '/W3' with '/W4'
12:25.67 ubidiln.c
12:25.67 ushape.cpp
12:25.67 cl : Command line warning D9025 : overriding '/W3' with '/W4'
12:25.67 uscript.c
12:25.67 uscript_props.cpp
12:25.67 cl : Command line warning D9025 : overriding '/W3' with '/W4'
12:25.67 usc_impl.c
12:25.67 UnifiedProtocols14.cpp
12:25.67 unames.cpp
12:25.67 Unified_cpp_util_internal0.obj
12:25.67 utrie.cpp
12:25.67 utrie2.cpp
12:25.67 utrie2_builder.cpp
12:25.67 bmpset.cpp
12:25.67 unisetspan.cpp
12:25.67 Unified_cpp_util_internal0.cpp
12:25.67 intl_unicharutil_util_internal.lib
12:25.67 Unified_cpp_layout_xul_tree0.cpp
12:25.67 intl_unicharutil_util_internal.lib.desc
12:25.67 layout_xul_tree.lib.desc
12:25.67 UnifiedProtocols17.obj
12:25.67 UnifiedProtocols18.obj
12:25.67 uset_props.cpp
12:25.67 uniset_props.cpp
12:25.67 uniset_closure.cpp
12:25.67 UnifiedProtocols15.cpp
12:25.67 nsToolkitCompsModule.obj
12:25.67 uset.cpp
12:25.67 uniset.cpp
12:25.67 usetiter.cpp
12:25.67 nsToolkitCompsModule.cpp
12:25.67 ruleiter.cpp
12:25.67 toolkit_components_build.lib.desc
12:25.67 UnifiedProtocols19.obj
12:25.67 caniter.cpp
12:25.67 UnifiedProtocols17.cpp
12:25.67 unifilt.cpp
12:25.67 Unified_cpp_aboutcompartments0.obj
12:25.67 unifunct.cpp
12:25.67 UnifiedProtocols16.cpp
12:25.67 reflect.obj
12:25.67 cl : Command line warning D9025 : overriding '/W3' with '/W4'
12:25.67 uarrsort.c
12:25.67 d:/a/K-Meleon-R/K-Meleon-R/goanna/intl/icu/source/common/uarrsort.c(40): warning C4100: 'context': unreferenced formal parameter
12:25.67 d:/a/K-Meleon-R/K-Meleon-R/goanna/intl/icu/source/common/uarrsort.c(45): warning C4100: 'context': unreferenced formal parameter
12:25.67 d:/a/K-Meleon-R/K-Meleon-R/goanna/intl/icu/source/common/uarrsort.c(50): warning C4100: 'context': unreferenced formal parameter
12:25.67 brkiter.cpp
12:25.67 ubrk.cpp
12:25.67 brkeng.cpp
12:25.67 dictbe.cpp
12:25.67 filteredbrk.cpp
12:25.67 rbbi.cpp
12:25.67 Unified_cpp_aboutcompartments0.cpp
12:25.67 toolkit_components_aboutcompartments.lib.desc
12:25.67 rbbidata.cpp
12:25.67 reflect.cpp
12:25.67 toolkit_components_reflect.lib.desc
12:25.67 UnifiedProtocols2.obj
12:25.67 UnifiedProtocols20.obj
12:25.67 rbbinode.cpp
12:25.67 rbbirb.cpp
12:25.67 rbbiscan.cpp
12:25.67 rbbisetb.cpp
12:25.67 rbbistbl.cpp
12:25.67 rbbitblb.cpp
12:25.67 serv.cpp
12:25.67 servnotf.cpp
12:25.67 servls.cpp
12:25.67 UnifiedProtocols18.cpp
12:25.67 servlk.cpp
12:25.67 Unified_c_xpcom_io0.obj
12:25.67 FileUtilsWin.obj
12:25.67 Unified_c_xpcom_io0.c
12:25.67 nsLocalFileWin.obj
12:25.67 servlkf.cpp
12:25.67 FileUtilsWin.cpp
12:25.67 Unified_cpp_xpcom_io0.obj
12:25.67 servrbf.cpp
12:25.67 UnifiedProtocols2.cpp
12:25.67 servslkf.cpp
12:25.67 Unified_cpp_gfx_gl0.obj
12:25.67 Unified_cpp_gfx_gl1.obj
12:25.67 UnifiedProtocols19.cpp
12:25.67 UnifiedProtocols3.obj
12:25.67 uidna.cpp
12:25.67 usprep.cpp
12:25.67 uts46.cpp
12:25.67 punycode.cpp
12:25.67 util.cpp
12:25.67 nsLocalFileWin.cpp
12:25.67 Unified_cpp_xpcom_io1.obj
12:25.67 util_props.cpp
12:25.67 parsepos.cpp
12:25.67 locbased.cpp
12:25.67 cl : Command line warning D9025 : overriding '/W3' with '/W4'
12:25.67 cwchar.c
12:25.67 UnifiedProtocols20.cpp
12:25.67 UnifiedProtocols4.obj
12:25.67 cl : Command line warning D9025 : overriding '/W3' with '/W4'
12:25.67 wintz.c
12:25.67 d:/a/K-Meleon-R/K-Meleon-R/goanna/intl/icu/source/common/wintz.c(332): warning C4996: 'GetVersionExA': was declared deprecated
12:25.67 dtintrv.cpp
12:25.67 ucnvsel.cpp
12:25.67 cl : Command line warning D9025 : overriding '/W3' with '/W4'
12:25.67 propsvec.c
12:25.67 d:/a/K-Meleon-R/K-Meleon-R/goanna/intl/icu/source/common/propsvec.c(500): warning C4100: 'columns': unreferenced formal parameter
12:25.67 d:/a/K-Meleon-R/K-Meleon-R/goanna/intl/icu/source/common/propsvec.c(500): warning C4100: 'row': unreferenced formal parameter
12:25.67 cl : Command line warning D9025 : overriding '/W3' with '/W4'
12:25.67 ulist.c
12:25.67 cl : Command line warning D9025 : overriding '/W3' with '/W4'
12:25.67 uloc_tag.c
12:25.67 d:/a/K-Meleon-R/K-Meleon-R/goanna/intl/icu/source/common/uloc_tag.c(1644): warning C4100: 'hadPosix': unreferenced formal parameter
12:25.67 Unified_cpp_gfx_gl0.cpp
12:25.67 cl : Command line warning D9025 : overriding '/W3' with '/W4'
12:25.67 icudataver.c
12:25.67 icuplug.cpp
12:25.67 listformatter.cpp
12:25.67 ulistformatter.cpp
12:25.67 Unified_cpp_xpcom_io0.cpp
12:25.67 sharedobject.cpp
12:25.67 simpleformatter.cpp
12:25.67 unifiedcache.cpp
12:25.67 Unified_cpp_xpcom_io1.cpp
12:25.67 xpcom_io.lib.desc
12:25.67 uloc_keytype.cpp
12:25.67 UnifiedProtocols5.obj
12:25.67 Unified_cpp_gfx_gl1.cpp
12:25.67 gfx_gl.lib.desc
12:25.67 cl : Command line warning D9025 : overriding '/W3' with '/W4'
12:25.67 ubiditransform.c
12:25.67 d:/a/K-Meleon-R/K-Meleon-R/goanna/intl/icu/source/common/ubiditransform.c(166): warning C4100: 'pErrorCode': unreferenced formal parameter
12:25.67 d:/a/K-Meleon-R/K-Meleon-R/goanna/intl/icu/source/common/ubiditransform.c(184): warning C4100: 'pErrorCode': unreferenced formal parameter
12:25.67 UnifiedProtocols6.obj
12:25.67 pluralmap.cpp
12:25.67 UnifiedProtocols3.cpp
12:25.67 Unified_cpp_parser_html0.obj
12:25.67 Unified_cpp_parser_html1.obj
12:25.67 Microsoft (R) Windows (R) Resource Compiler Version 10.0.10011.16384
12:25.67 
12:25.67 Copyright (C) Microsoft Corporation.  All rights reserved.
12:25.67 
12:25.68 
12:25.68    Creating library ../lib/icuuc.lib and object ../lib/icuuc.exp
12:25.68 Generating code
12:25.68 Warning: C4701 in d:\a\K-Meleon-R\K-Meleon-R\goanna\intl\icu\source\common\uloc_tag.c: potentially uninitialized local variable 'bcpKey' used
12:25.68 d:\a\K-Meleon-R\K-Meleon-R\goanna\intl\icu\source\common\uloc_tag.c(1083) : warning C4701: potentially uninitialized local variable 'bcpKey' used
12:25.68 Warning: C4703 in d:\a\K-Meleon-R\K-Meleon-R\goanna\intl\icu\source\common\uloc_tag.c: potentially uninitialized local pointer variable 'bcpKey' used
12:25.68 d:\a\K-Meleon-R\K-Meleon-R\goanna\intl\icu\source\common\uloc_tag.c(1083) : warning C4703: potentially uninitialized local pointer variable 'bcpKey' used
12:25.68 Warning: C4701 in d:\a\K-Meleon-R\K-Meleon-R\goanna\intl\icu\source\common\uloc_tag.c: potentially uninitialized local variable 'bcpValue' used
12:25.68 d:\a\K-Meleon-R\K-Meleon-R\goanna\intl\icu\source\common\uloc_tag.c(1084) : warning C4701: potentially uninitialized local variable 'bcpValue' used
12:25.68 Warning: C4703 in d:\a\K-Meleon-R\K-Meleon-R\goanna\intl\icu\source\common\uloc_tag.c: potentially uninitialized local pointer variable 'bcpValue' used
12:25.68 d:\a\K-Meleon-R\K-Meleon-R\goanna\intl\icu\source\common\uloc_tag.c(1084) : warning C4703: potentially uninitialized local pointer variable 'bcpValue' used
12:25.68 Finished generating code
12:25.68 LINK : warning LNK4281: undesirable base address 0x4A800000 for x64 image; set base address above 4GB for best ASLR optimization
12:25.68 c:/Strawberry/c/bin/gmake.EXE[6]: Making `all' in `i18n'
12:25.68 UnifiedProtocols4.cpp
12:25.68 generating dependency information for d:/a/K-Meleon-R/K-Meleon-R/goanna/intl/icu/source/i18n/dayperiodrules.cpp
12:25.68 generating dependency information for d:/a/K-Meleon-R/K-Meleon-R/goanna/intl/icu/source/i18n/visibledigits.cpp
12:25.68 Unified_cpp_dom_cache0.obj
12:25.68 Unified_cpp_dom_cache1.obj
12:25.68 generating dependency information for d:/a/K-Meleon-R/K-Meleon-R/goanna/intl/icu/source/i18n/decimfmtimpl.cpp
12:25.68 generating dependency information for d:/a/K-Meleon-R/K-Meleon-R/goanna/intl/icu/source/i18n/smallintformatter.cpp
12:25.68 generating dependency information for d:/a/K-Meleon-R/K-Meleon-R/goanna/intl/icu/source/i18n/affixpatternparser.cpp
12:25.68 generating dependency information for d:/a/K-Meleon-R/K-Meleon-R/goanna/intl/icu/source/i18n/precision.cpp
12:25.68 generating dependency information for d:/a/K-Meleon-R/K-Meleon-R/goanna/intl/icu/source/i18n/pluralaffix.cpp
12:25.68 generating dependency information for d:/a/K-Meleon-R/K-Meleon-R/goanna/intl/icu/source/i18n/digitaffixesandpadding.cpp
12:25.68 generating dependency information for d:/a/K-Meleon-R/K-Meleon-R/goanna/intl/icu/source/i18n/valueformatter.cpp
12:25.68 generating dependency information for d:/a/K-Meleon-R/K-Meleon-R/goanna/intl/icu/source/i18n/digitaffix.cpp
12:25.68 generating dependency information for d:/a/K-Meleon-R/K-Meleon-R/goanna/intl/icu/source/i18n/digitformatter.cpp
12:25.68 generating dependency information for d:/a/K-Meleon-R/K-Meleon-R/goanna/intl/icu/source/i18n/digitinterval.cpp
12:25.68 generating dependency information for d:/a/K-Meleon-R/K-Meleon-R/goanna/intl/icu/source/i18n/digitgrouping.cpp
12:25.68 generating dependency information for d:/a/K-Meleon-R/K-Meleon-R/goanna/intl/icu/source/i18n/scientificnumberformatter.cpp
12:25.68 generating dependency information for d:/a/K-Meleon-R/K-Meleon-R/goanna/intl/icu/source/i18n/sharedbreakiterator.cpp
12:25.68 generating dependency information for d:/a/K-Meleon-R/K-Meleon-R/goanna/intl/icu/source/i18n/measunit.cpp
12:25.68 generating dependency information for d:/a/K-Meleon-R/K-Meleon-R/goanna/intl/icu/source/i18n/quantityformatter.cpp
12:25.68 generating dependency information for d:/a/K-Meleon-R/K-Meleon-R/goanna/intl/icu/source/i18n/reldatefmt.cpp
12:25.68 generating dependency information for d:/a/K-Meleon-R/K-Meleon-R/goanna/intl/icu/source/i18n/uregion.cpp
12:25.68 generating dependency information for d:/a/K-Meleon-R/K-Meleon-R/goanna/intl/icu/source/i18n/scriptset.cpp
12:25.68 generating dependency information for d:/a/K-Meleon-R/K-Meleon-R/goanna/intl/icu/source/i18n/region.cpp
12:25.68 generating dependency information for d:/a/K-Meleon-R/K-Meleon-R/goanna/intl/icu/source/i18n/gender.cpp
12:25.68 generating dependency information for d:/a/K-Meleon-R/K-Meleon-R/goanna/intl/icu/source/i18n/compactdecimalformat.cpp
12:25.68 generating dependency information for d:/a/K-Meleon-R/K-Meleon-R/goanna/intl/icu/source/i18n/tzfmt.cpp
12:25.68 generating dependency information for d:/a/K-Meleon-R/K-Meleon-R/goanna/intl/icu/source/i18n/tzgnames.cpp
12:25.68 generating dependency information for d:/a/K-Meleon-R/K-Meleon-R/goanna/intl/icu/source/i18n/tznames_impl.cpp
12:25.68 generating dependency information for d:/a/K-Meleon-R/K-Meleon-R/goanna/intl/icu/source/i18n/tznames.cpp
12:25.68 generating dependency information for d:/a/K-Meleon-R/K-Meleon-R/goanna/intl/icu/source/i18n/alphaindex.cpp
12:25.68 generating dependency information for d:/a/K-Meleon-R/K-Meleon-R/goanna/intl/icu/source/i18n/decContext.c
12:25.68 generating dependency information for d:/a/K-Meleon-R/K-Meleon-R/goanna/intl/icu/source/i18n/decNumber.c
12:25.68 generating dependency information for d:/a/K-Meleon-R/K-Meleon-R/goanna/intl/icu/source/i18n/ufieldpositer.cpp
12:25.68 generating dependency information for d:/a/K-Meleon-R/K-Meleon-R/goanna/intl/icu/source/i18n/fpositer.cpp
12:25.68 generating dependency information for d:/a/K-Meleon-R/K-Meleon-R/goanna/intl/icu/source/i18n/fphdlimp.cpp
12:25.68 generating dependency information for d:/a/K-Meleon-R/K-Meleon-R/goanna/intl/icu/source/i18n/vzone.cpp
12:25.68 generating dependency information for d:/a/K-Meleon-R/K-Meleon-R/goanna/intl/icu/source/i18n/zrule.cpp
12:25.68 generating dependency information for d:/a/K-Meleon-R/K-Meleon-R/goanna/intl/icu/source/i18n/ztrans.cpp
12:25.68 generating dependency information for d:/a/K-Meleon-R/K-Meleon-R/goanna/intl/icu/source/i18n/smpdtfst.cpp
12:25.68 generating dependency information for d:/a/K-Meleon-R/K-Meleon-R/goanna/intl/icu/source/i18n/decfmtst.cpp
12:31.85 generating dependency information for d:/a/K-Meleon-R/K-Meleon-R/goanna/intl/icu/source/i18n/uspoof_conf.cpp
12:31.85 generating dependency information for d:/a/K-Meleon-R/K-Meleon-R/goanna/intl/icu/source/i18n/uspoof_build.cpp
12:31.85 UnifiedProtocols5.cpp
12:31.85 UnifiedProtocols7.obj
12:31.85 generating dependency information for d:/a/K-Meleon-R/K-Meleon-R/goanna/intl/icu/source/i18n/uspoof_impl.cpp
12:31.85 generating dependency information for d:/a/K-Meleon-R/K-Meleon-R/goanna/intl/icu/source/i18n/uspoof.cpp
12:31.85 generating dependency information for d:/a/K-Meleon-R/K-Meleon-R/goanna/intl/icu/source/i18n/currpinf.cpp
12:31.85 generating dependency information for d:/a/K-Meleon-R/K-Meleon-R/goanna/intl/icu/source/i18n/tmutfmt.cpp
12:31.85 generating dependency information for d:/a/K-Meleon-R/K-Meleon-R/goanna/intl/icu/source/i18n/tmutamt.cpp
12:31.85 generating dependency information for d:/a/K-Meleon-R/K-Meleon-R/goanna/intl/icu/source/i18n/tmunit.cpp
12:31.85 generating dependency information for d:/a/K-Meleon-R/K-Meleon-R/goanna/intl/icu/source/i18n/udateintervalformat.cpp
12:31.85 generating dependency information for d:/a/K-Meleon-R/K-Meleon-R/goanna/intl/icu/source/i18n/dtitvinf.cpp
12:31.85 generating dependency information for d:/a/K-Meleon-R/K-Meleon-R/goanna/intl/icu/source/i18n/dtitvfmt.cpp
12:31.85 generating dependency information for d:/a/K-Meleon-R/K-Meleon-R/goanna/intl/icu/source/i18n/selfmt.cpp
12:31.85 generating dependency information for d:/a/K-Meleon-R/K-Meleon-R/goanna/intl/icu/source/i18n/plurfmt.cpp
12:31.85 generating dependency information for d:/a/K-Meleon-R/K-Meleon-R/goanna/intl/icu/source/i18n/plurrule.cpp
12:31.85 generating dependency information for d:/a/K-Meleon-R/K-Meleon-R/goanna/intl/icu/source/i18n/upluralrules.cpp
12:31.85 generating dependency information for d:/a/K-Meleon-R/K-Meleon-R/goanna/intl/icu/source/i18n/standardplural.cpp
12:31.85 generating dependency information for d:/a/K-Meleon-R/K-Meleon-R/goanna/intl/icu/source/i18n/zonemeta.cpp
12:31.85 generating dependency information for d:/a/K-Meleon-R/K-Meleon-R/goanna/intl/icu/source/i18n/vtzone.cpp
12:31.85 generating dependency information for d:/a/K-Meleon-R/K-Meleon-R/goanna/intl/icu/source/i18n/tztrans.cpp
12:31.85 generating dependency information for d:/a/K-Meleon-R/K-Meleon-R/goanna/intl/icu/source/i18n/tzrule.cpp
12:31.85 generating dependency information for d:/a/K-Meleon-R/K-Meleon-R/goanna/intl/icu/source/i18n/rbtz.cpp
12:31.85 generating dependency information for d:/a/K-Meleon-R/K-Meleon-R/goanna/intl/icu/source/i18n/dtrule.cpp
12:31.85 generating dependency information for d:/a/K-Meleon-R/K-Meleon-R/goanna/intl/icu/source/i18n/basictz.cpp
12:31.85 generating dependency information for d:/a/K-Meleon-R/K-Meleon-R/goanna/intl/icu/source/i18n/winnmfmt.cpp
12:31.85 generating dependency information for d:/a/K-Meleon-R/K-Meleon-R/goanna/intl/icu/source/i18n/windtfmt.cpp
12:31.85 generating dependency information for d:/a/K-Meleon-R/K-Meleon-R/goanna/intl/icu/source/i18n/wintzimpl.cpp
12:31.85 Unified_cpp_parser_html0.cpp
12:31.85 generating dependency information for d:/a/K-Meleon-R/K-Meleon-R/goanna/intl/icu/source/i18n/inputext.cpp
12:31.85 Unified_cpp_parser_html2.obj
12:31.85 generating dependency information for d:/a/K-Meleon-R/K-Meleon-R/goanna/intl/icu/source/i18n/csrutf8.cpp
12:31.85 generating dependency information for d:/a/K-Meleon-R/K-Meleon-R/goanna/intl/icu/source/i18n/csrucode.cpp
12:31.85 generating dependency information for d:/a/K-Meleon-R/K-Meleon-R/goanna/intl/icu/source/i18n/csrsbcs.cpp
12:31.85 generating dependency information for d:/a/K-Meleon-R/K-Meleon-R/goanna/intl/icu/source/i18n/csrmbcs.cpp
12:31.85 generating dependency information for d:/a/K-Meleon-R/K-Meleon-R/goanna/intl/icu/source/i18n/csrecog.cpp
12:31.85 generating dependency information for d:/a/K-Meleon-R/K-Meleon-R/goanna/intl/icu/source/i18n/csr2022.cpp
12:31.85 generating dependency information for d:/a/K-Meleon-R/K-Meleon-R/goanna/intl/icu/source/i18n/csmatch.cpp
12:31.85 generating dependency information for d:/a/K-Meleon-R/K-Meleon-R/goanna/intl/icu/source/i18n/csdetect.cpp
12:31.85 generating dependency information for d:/a/K-Meleon-R/K-Meleon-R/goanna/intl/icu/source/i18n/utmscale.c
12:31.85 generating dependency information for d:/a/K-Meleon-R/K-Meleon-R/goanna/intl/icu/source/i18n/measure.cpp
12:31.85 generating dependency information for d:/a/K-Meleon-R/K-Meleon-R/goanna/intl/icu/source/i18n/currunit.cpp
12:31.85 generating dependency information for d:/a/K-Meleon-R/K-Meleon-R/goanna/intl/icu/source/i18n/curramt.cpp
12:31.85 generating dependency information for d:/a/K-Meleon-R/K-Meleon-R/goanna/intl/icu/source/i18n/currfmt.cpp
12:31.85 generating dependency information for d:/a/K-Meleon-R/K-Meleon-R/goanna/intl/icu/source/i18n/measfmt.cpp
12:31.85 generating dependency information for d:/a/K-Meleon-R/K-Meleon-R/goanna/intl/icu/source/i18n/ulocdata.c
12:31.85 generating dependency information for d:/a/K-Meleon-R/K-Meleon-R/goanna/intl/icu/source/i18n/uregexc.cpp
12:31.85 generating dependency information for d:/a/K-Meleon-R/K-Meleon-R/goanna/intl/icu/source/i18n/uregex.cpp
12:31.85 generating dependency information for d:/a/K-Meleon-R/K-Meleon-R/goanna/intl/icu/source/i18n/regeximp.cpp
12:31.85 generating dependency information for d:/a/K-Meleon-R/K-Meleon-R/goanna/intl/icu/source/i18n/regextxt.cpp
12:31.85 generating dependency information for d:/a/K-Meleon-R/K-Meleon-R/goanna/intl/icu/source/i18n/regexst.cpp
12:31.85 generating dependency information for d:/a/K-Meleon-R/K-Meleon-R/goanna/intl/icu/source/i18n/repattrn.cpp
12:31.85 generating dependency information for d:/a/K-Meleon-R/K-Meleon-R/goanna/intl/icu/source/i18n/rematch.cpp
12:31.85 generating dependency information for d:/a/K-Meleon-R/K-Meleon-R/goanna/intl/icu/source/i18n/regexcmp.cpp
12:31.85 Unified_cpp_dom_cache0.cpp
12:31.85 generating dependency information for d:/a/K-Meleon-R/K-Meleon-R/goanna/intl/icu/source/i18n/brktrans.cpp
12:31.85 generating dependency information for d:/a/K-Meleon-R/K-Meleon-R/goanna/intl/icu/source/i18n/transreg.cpp
12:31.85 generating dependency information for d:/a/K-Meleon-R/K-Meleon-R/goanna/intl/icu/source/i18n/quant.cpp
12:31.85 generating dependency information for d:/a/K-Meleon-R/K-Meleon-R/goanna/intl/icu/source/i18n/nortrans.cpp
12:31.85 generating dependency information for d:/a/K-Meleon-R/K-Meleon-R/goanna/intl/icu/source/i18n/uni2name.cpp
12:31.85 generating dependency information for d:/a/K-Meleon-R/K-Meleon-R/goanna/intl/icu/source/i18n/name2uni.cpp
12:31.85 generating dependency information for d:/a/K-Meleon-R/K-Meleon-R/goanna/intl/icu/source/i18n/anytrans.cpp
12:31.85 generating dependency information for d:/a/K-Meleon-R/K-Meleon-R/goanna/intl/icu/source/i18n/toupptrn.cpp
12:31.85 generating dependency information for d:/a/K-Meleon-R/K-Meleon-R/goanna/intl/icu/source/i18n/tolowtrn.cpp
12:31.85 generating dependency information for d:/a/K-Meleon-R/K-Meleon-R/goanna/intl/icu/source/i18n/titletrn.cpp
12:31.85 generating dependency information for d:/a/K-Meleon-R/K-Meleon-R/goanna/intl/icu/source/i18n/casetrn.cpp
12:31.85 generating dependency information for d:/a/K-Meleon-R/K-Meleon-R/goanna/intl/icu/source/i18n/remtrans.cpp
12:31.85 generating dependency information for d:/a/K-Meleon-R/K-Meleon-R/goanna/intl/icu/source/i18n/nultrans.cpp
12:31.85 generating dependency information for d:/a/K-Meleon-R/K-Meleon-R/goanna/intl/icu/source/i18n/rbt_set.cpp
12:31.85 generating dependency information for d:/a/K-Meleon-R/K-Meleon-R/goanna/intl/icu/source/i18n/rbt_rule.cpp
12:31.85 generating dependency information for d:/a/K-Meleon-R/K-Meleon-R/goanna/intl/icu/source/i18n/rbt_pars.cpp
12:31.85 generating dependency information for d:/a/K-Meleon-R/K-Meleon-R/goanna/intl/icu/source/i18n/rbt_data.cpp
12:31.85 generating dependency information for d:/a/K-Meleon-R/K-Meleon-R/goanna/intl/icu/source/i18n/rbt.cpp
12:31.85 generating dependency information for d:/a/K-Meleon-R/K-Meleon-R/goanna/intl/icu/source/i18n/cpdtrans.cpp
12:31.85 generating dependency information for d:/a/K-Meleon-R/K-Meleon-R/goanna/intl/icu/source/i18n/tridpars.cpp
12:31.85 generating dependency information for d:/a/K-Meleon-R/K-Meleon-R/goanna/intl/icu/source/i18n/strrepl.cpp
12:31.85 generating dependency information for d:/a/K-Meleon-R/K-Meleon-R/goanna/intl/icu/source/i18n/funcrepl.cpp
12:31.85 generating dependency information for d:/a/K-Meleon-R/K-Meleon-R/goanna/intl/icu/source/i18n/unesctrn.cpp
12:31.85 generating dependency information for d:/a/K-Meleon-R/K-Meleon-R/goanna/intl/icu/source/i18n/esctrn.cpp
12:31.85 generating dependency information for d:/a/K-Meleon-R/K-Meleon-R/goanna/intl/icu/source/i18n/utrans.cpp
12:31.85 generating dependency information for d:/a/K-Meleon-R/K-Meleon-R/goanna/intl/icu/source/i18n/translit.cpp
12:31.85 generating dependency information for d:/a/K-Meleon-R/K-Meleon-R/goanna/intl/icu/source/i18n/stsearch.cpp
12:31.85 generating dependency information for d:/a/K-Meleon-R/K-Meleon-R/goanna/intl/icu/source/i18n/search.cpp
12:31.85 generating dependency information for d:/a/K-Meleon-R/K-Meleon-R/goanna/intl/icu/source/i18n/usearch.cpp
12:31.85 generating dependency information for d:/a/K-Meleon-R/K-Meleon-R/goanna/intl/icu/source/i18n/strmatch.cpp
12:31.85 generating dependency information for d:/a/K-Meleon-R/K-Meleon-R/goanna/intl/icu/source/i18n/collationfastlatinbuilder.cpp
12:31.85 generating dependency information for d:/a/K-Meleon-R/K-Meleon-R/goanna/intl/icu/source/i18n/collationbuilder.cpp
12:31.85 generating dependency information for d:/a/K-Meleon-R/K-Meleon-R/goanna/intl/icu/source/i18n/collationruleparser.cpp
12:31.85 generating dependency information for d:/a/K-Meleon-R/K-Meleon-R/goanna/intl/icu/source/i18n/collationweights.cpp
12:31.85 generating dependency information for d:/a/K-Meleon-R/K-Meleon-R/goanna/intl/icu/source/i18n/collationdatabuilder.cpp
12:31.85 generating dependency information for d:/a/K-Meleon-R/K-Meleon-R/goanna/intl/icu/source/i18n/collationrootelements.cpp
12:31.85 generating dependency information for d:/a/K-Meleon-R/K-Meleon-R/goanna/intl/icu/source/i18n/collationroot.cpp
12:31.85 generating dependency information for d:/a/K-Meleon-R/K-Meleon-R/goanna/intl/icu/source/i18n/rulebasedcollator.cpp
12:31.85 generating dependency information for d:/a/K-Meleon-R/K-Meleon-R/goanna/intl/icu/source/i18n/collationkeys.cpp
12:31.85 generating dependency information for d:/a/K-Meleon-R/K-Meleon-R/goanna/intl/icu/source/i18n/collationfastlatin.cpp
12:31.85 generating dependency information for d:/a/K-Meleon-R/K-Meleon-R/goanna/intl/icu/source/i18n/collationcompare.cpp
12:31.85 generating dependency information for d:/a/K-Meleon-R/K-Meleon-R/goanna/intl/icu/source/i18n/collationsets.cpp
12:31.85 generating dependency information for d:/a/K-Meleon-R/K-Meleon-R/goanna/intl/icu/source/i18n/uitercollationiterator.cpp
12:31.85 generating dependency information for d:/a/K-Meleon-R/K-Meleon-R/goanna/intl/icu/source/i18n/utf8collationiterator.cpp
13:28.65 generating dependency information for d:/a/K-Meleon-R/K-Meleon-R/goanna/intl/icu/source/i18n/utf16collationiterator.cpp
13:28.65 generating dependency information for d:/a/K-Meleon-R/K-Meleon-R/goanna/intl/icu/source/i18n/collationiterator.cpp
13:28.65 generating dependency information for d:/a/K-Meleon-R/K-Meleon-R/goanna/intl/icu/source/i18n/collationfcd.cpp
13:28.65 generating dependency information for d:/a/K-Meleon-R/K-Meleon-R/goanna/intl/icu/source/i18n/collationdatawriter.cpp
13:28.65 generating dependency information for d:/a/K-Meleon-R/K-Meleon-R/goanna/intl/icu/source/i18n/collationdatareader.cpp
13:28.65 generating dependency information for d:/a/K-Meleon-R/K-Meleon-R/goanna/intl/icu/source/i18n/collationtailoring.cpp
13:28.65 generating dependency information for d:/a/K-Meleon-R/K-Meleon-R/goanna/intl/icu/source/i18n/collationdata.cpp
13:28.65 generating dependency information for d:/a/K-Meleon-R/K-Meleon-R/goanna/intl/icu/source/i18n/collationsettings.cpp
13:28.65 generating dependency information for d:/a/K-Meleon-R/K-Meleon-R/goanna/intl/icu/source/i18n/collation.cpp
13:28.65 generating dependency information for d:/a/K-Meleon-R/K-Meleon-R/goanna/intl/icu/source/i18n/ucol_sit.cpp
13:28.65 generating dependency information for d:/a/K-Meleon-R/K-Meleon-R/goanna/intl/icu/source/i18n/ucol_res.cpp
13:28.65 generating dependency information for d:/a/K-Meleon-R/K-Meleon-R/goanna/intl/icu/source/i18n/ucol.cpp
13:28.65 generating dependency information for d:/a/K-Meleon-R/K-Meleon-R/goanna/intl/icu/source/i18n/ucoleitr.cpp
13:28.65 generating dependency information for d:/a/K-Meleon-R/K-Meleon-R/goanna/intl/icu/source/i18n/bocsu.cpp
13:28.65 generating dependency information for d:/a/K-Meleon-R/K-Meleon-R/goanna/intl/icu/source/i18n/sortkey.cpp
13:28.65 generating dependency information for d:/a/K-Meleon-R/K-Meleon-R/goanna/intl/icu/source/i18n/coll.cpp
13:28.65 generating dependency information for d:/a/K-Meleon-R/K-Meleon-R/goanna/intl/icu/source/i18n/coleitr.cpp
13:28.65 generating dependency information for d:/a/K-Meleon-R/K-Meleon-R/goanna/intl/icu/source/i18n/ethpccal.cpp
13:28.65 generating dependency information for d:/a/K-Meleon-R/K-Meleon-R/goanna/intl/icu/source/i18n/dangical.cpp
13:28.65 generating dependency information for d:/a/K-Meleon-R/K-Meleon-R/goanna/intl/icu/source/i18n/coptccal.cpp
13:28.65 generating dependency information for d:/a/K-Meleon-R/K-Meleon-R/goanna/intl/icu/source/i18n/cecal.cpp
13:28.65 generating dependency information for d:/a/K-Meleon-R/K-Meleon-R/goanna/intl/icu/source/i18n/chnsecal.cpp
13:28.65 generating dependency information for d:/a/K-Meleon-R/K-Meleon-R/goanna/intl/icu/source/i18n/indiancal.cpp
13:28.65 generating dependency information for d:/a/K-Meleon-R/K-Meleon-R/goanna/intl/icu/source/i18n/hebrwcal.cpp
13:28.65 generating dependency information for d:/a/K-Meleon-R/K-Meleon-R/goanna/intl/icu/source/i18n/gregoimp.cpp
13:28.65 generating dependency information for d:/a/K-Meleon-R/K-Meleon-R/goanna/intl/icu/source/i18n/japancal.cpp
13:28.65 Unified_cpp_parser_html1.cpp
13:28.65 generating dependency information for d:/a/K-Meleon-R/K-Meleon-R/goanna/intl/icu/source/i18n/islamcal.cpp
13:28.65 generating dependency information for d:/a/K-Meleon-R/K-Meleon-R/goanna/intl/icu/source/i18n/persncal.cpp
13:28.65 Unified_cpp_dom_cache1.cpp
13:28.65 generating dependency information for d:/a/K-Meleon-R/K-Meleon-R/goanna/intl/icu/source/i18n/buddhcal.cpp
13:28.65 dom_cache.lib.desc
13:28.65 generating dependency information for d:/a/K-Meleon-R/K-Meleon-R/goanna/intl/icu/source/i18n/taiwncal.cpp
13:28.65 UnifiedProtocols8.obj
13:28.65 generating dependency information for d:/a/K-Meleon-R/K-Meleon-R/goanna/intl/icu/source/i18n/astro.cpp
13:28.65 generating dependency information for d:/a/K-Meleon-R/K-Meleon-R/goanna/intl/icu/source/i18n/olsontz.cpp
13:28.65 generating dependency information for d:/a/K-Meleon-R/K-Meleon-R/goanna/intl/icu/source/i18n/simpletz.cpp
13:28.65 generating dependency information for d:/a/K-Meleon-R/K-Meleon-R/goanna/intl/icu/source/i18n/timezone.cpp
13:28.65 generating dependency information for d:/a/K-Meleon-R/K-Meleon-R/goanna/intl/icu/source/i18n/gregocal.cpp
13:28.65 generating dependency information for d:/a/K-Meleon-R/K-Meleon-R/goanna/intl/icu/source/i18n/calendar.cpp
13:28.65 generating dependency information for d:/a/K-Meleon-R/K-Meleon-R/goanna/intl/icu/source/i18n/ucal.cpp
13:28.65 generating dependency information for d:/a/K-Meleon-R/K-Meleon-R/goanna/intl/icu/source/i18n/ucsdet.cpp
13:28.65 generating dependency information for d:/a/K-Meleon-R/K-Meleon-R/goanna/intl/icu/source/i18n/unumsys.cpp
13:28.65 generating dependency information for d:/a/K-Meleon-R/K-Meleon-R/goanna/intl/icu/source/i18n/numsys.cpp
13:28.65 generating dependency information for d:/a/K-Meleon-R/K-Meleon-R/goanna/intl/icu/source/i18n/rbnf.cpp
13:28.65 generating dependency information for d:/a/K-Meleon-R/K-Meleon-R/goanna/intl/icu/source/i18n/nfsubs.cpp
13:28.65 generating dependency information for d:/a/K-Meleon-R/K-Meleon-R/goanna/intl/icu/source/i18n/nfrule.cpp
13:28.65 generating dependency information for d:/a/K-Meleon-R/K-Meleon-R/goanna/intl/icu/source/i18n/nfrs.cpp
13:28.65 generating dependency information for d:/a/K-Meleon-R/K-Meleon-R/goanna/intl/icu/source/i18n/udatpg.cpp
13:28.65 generating dependency information for d:/a/K-Meleon-R/K-Meleon-R/goanna/intl/icu/source/i18n/dtptngen.cpp
13:28.65 UnifiedProtocols6.cpp
13:28.65 generating dependency information for d:/a/K-Meleon-R/K-Meleon-R/goanna/intl/icu/source/i18n/udat.cpp
13:28.65 Unified_cpp_src_base0.obj
13:28.65 generating dependency information for d:/a/K-Meleon-R/K-Meleon-R/goanna/intl/icu/source/i18n/dtfmtsym.cpp
13:28.65 generating dependency information for d:/a/K-Meleon-R/K-Meleon-R/goanna/intl/icu/source/i18n/reldtfmt.cpp
13:28.65 generating dependency information for d:/a/K-Meleon-R/K-Meleon-R/goanna/intl/icu/source/i18n/smpdtfmt.cpp
13:28.65 generating dependency information for d:/a/K-Meleon-R/K-Meleon-R/goanna/intl/icu/source/i18n/datefmt.cpp
13:28.65 generating dependency information for d:/a/K-Meleon-R/K-Meleon-R/goanna/intl/icu/source/i18n/choicfmt.cpp
13:28.65 generating dependency information for d:/a/K-Meleon-R/K-Meleon-R/goanna/intl/icu/source/i18n/fmtable_cnv.cpp
13:28.65 generating dependency information for d:/a/K-Meleon-R/K-Meleon-R/goanna/intl/icu/source/i18n/digitlst.cpp
13:28.65 generating dependency information for d:/a/K-Meleon-R/K-Meleon-R/goanna/intl/icu/source/i18n/dcfmtsym.cpp
13:28.65 generating dependency information for d:/a/K-Meleon-R/K-Meleon-R/goanna/intl/icu/source/i18n/decimalformatpattern.cpp
13:28.65 generating dependency information for d:/a/K-Meleon-R/K-Meleon-R/goanna/intl/icu/source/i18n/decimfmt.cpp
13:28.65 generating dependency information for d:/a/K-Meleon-R/K-Meleon-R/goanna/intl/icu/source/i18n/unum.cpp
13:28.65 generating dependency information for d:/a/K-Meleon-R/K-Meleon-R/goanna/intl/icu/source/i18n/numfmt.cpp
13:28.65 generating dependency information for d:/a/K-Meleon-R/K-Meleon-R/goanna/intl/icu/source/i18n/umsg.cpp
13:28.65 generating dependency information for d:/a/K-Meleon-R/K-Meleon-R/goanna/intl/icu/source/i18n/msgfmt.cpp
13:28.65 generating dependency information for d:/a/K-Meleon-R/K-Meleon-R/goanna/intl/icu/source/i18n/format.cpp
13:28.65 Unified_cpp_src_base0.cpp
13:28.65 extensions_universalchardet_src_base.lib.desc
13:28.65 generating dependency information for d:/a/K-Meleon-R/K-Meleon-R/goanna/intl/icu/source/i18n/fmtable.cpp
13:28.65 generating dependency information for d:/a/K-Meleon-R/K-Meleon-R/goanna/intl/icu/source/i18n/ucln_in.cpp
13:28.65 UnifiedProtocols9.obj
13:28.65 ucln_in.cpp
13:28.65 fmtable.cpp
13:28.65 format.cpp
13:28.65 msgfmt.cpp
13:28.65 umsg.cpp
13:28.65 Unified_cpp_parser_html2.cpp
13:28.65 parser_html.lib.desc
13:28.65 numfmt.cpp
13:28.65 unum.cpp
13:28.65 decimfmt.cpp
13:28.65 UnifiedProtocols7.cpp
13:28.65 DownloadPlatform.obj
13:28.65 decimalformatpattern.cpp
13:28.65 dcfmtsym.cpp
13:28.65 digitlst.cpp
13:28.65 DownloadPlatform.cpp
13:28.65 toolkit_components_jsdownloads_src.lib.desc
13:28.65 fake_log_device.obj
13:28.65 Unified_c_media_libstagefright0.obj
13:28.65 fmtable_cnv.cpp
13:28.65 UnifiedProtocols8.cpp
13:28.65 Unified_cpp_dom_xbl0.obj
13:28.65 Unified_cpp_dom_xbl1.obj
13:28.65 fake_log_device.c
13:28.65 MetaData.obj
13:28.65 choicfmt.cpp
13:28.65 Unified_c_media_libstagefright0.c
13:28.65 hexdump.obj
13:28.65 datefmt.cpp
13:28.65 UnifiedProtocols9.cpp
13:28.65 ipc_ipdl.lib.desc
13:28.65 smpdtfmt.cpp
13:28.65 MetaData.cpp
13:28.65 RefBase.obj
13:28.65 reldtfmt.cpp
13:28.65 hexdump.cpp
13:28.65 String16.obj
13:28.65 dtfmtsym.cpp
13:28.65 RefBase.cpp
13:28.65 String8.obj
13:28.65 udat.cpp
13:28.65 String16.cpp
13:28.65 VectorImpl.obj
13:28.65 dtptngen.cpp
13:28.65 String8.cpp
13:28.65 Unified_cpp_media_libstagefright0.obj
13:28.65 Unified_cpp_dom_xbl1.cpp
13:28.65 udatpg.cpp
13:28.66 MobileConnection.obj
13:28.66 Unified_cpp_dom_mobileconnection0.obj
13:28.66 nfrs.cpp
13:28.66 VectorImpl.cpp
13:28.66 Unified_cpp_dom_xbl0.cpp
13:28.66 dom_xbl.lib.desc
13:28.66 Unified_cpp_media_libstagefright1.obj
13:28.66 nfrule.cpp
13:28.66 nfsubs.cpp
13:28.66 rbnf.cpp
13:28.66 numsys.cpp
13:28.66 unumsys.cpp
13:28.66 MobileConnection.cpp
13:28.66 Unified_cpp_media_libstagefright0.cpp
13:28.66 nsI18nModule.obj
13:28.66 ucsdet.cpp
13:28.66 ucal.cpp
13:28.66 Unified_cpp_media_libstagefright1.cpp
13:28.66 media_libstagefright.lib.desc
13:28.66 calendar.cpp
13:28.66 nsMIMEHeaderParamImpl.obj
13:28.66 nsI18nModule.cpp
13:28.66 intl_build.lib.desc
13:28.66 Unified_cpp_dom_mobileconnection0.cpp
13:28.66 dom_mobileconnection.lib.desc
13:28.66 StaticXULComponentsEnd.obj
13:28.66 Unified_cpp_dom_vr0.obj
13:28.66 gregocal.cpp
13:28.66 nsMIMEHeaderParamImpl.cpp
13:28.66 netwerk_mime.lib.desc
13:28.66 StaticXULComponentsEnd.cpp
13:28.66 StaticXULComponentsEnd.lib.desc
13:28.66 nsNetModule.obj
13:28.66 timezone.cpp
13:28.66 nsFindService.obj
13:28.66 simpletz.cpp
13:28.66 nsFindService.cpp
13:28.66 toolkit_components_find.lib.desc
13:28.66 Unified_cpp_intl_strres0.obj
13:28.66 olsontz.cpp
13:28.66 astro.cpp
13:28.66 Unified_cpp_dom_vr0.cpp
13:28.66 dom_vr.lib.desc
13:28.66 DecoderTraits.obj
13:28.66 ThreadPoolCOMListener.obj
13:28.66 taiwncal.cpp
13:28.66 Unified_cpp_intl_strres0.cpp
13:28.66 intl_strres.lib.desc
13:28.66 Unified_cpp_dom_media0.obj
13:28.66 buddhcal.cpp
13:28.66 nsNetModule.cpp
13:28.66 netwerk_build.lib.desc
13:28.66 Unified_cpp_dom_media1.obj
13:28.66 persncal.cpp
13:28.66 ThreadPoolCOMListener.cpp
13:28.66 Unified_cpp_dom_archivereader0.obj
13:28.66 islamcal.cpp
13:28.66 japancal.cpp
13:28.66 gregoimp.cpp
13:28.66 hebrwcal.cpp
13:28.66 Unified_cpp_dom_archivereader0.cpp
13:28.66 dom_archivereader.lib.desc
13:28.66 Unified_cpp_dom_media2.obj
13:28.66 DecoderTraits.cpp
13:28.66 Unified_cpp_dom_camera0.obj
13:28.66 indiancal.cpp
13:28.66 chnsecal.cpp
13:28.66 Unified_cpp_dom_media0.cpp
13:28.66 nsImageModule.obj
13:28.66 cecal.cpp
13:28.66 coptccal.cpp
13:28.66 dangical.cpp
13:28.66 ethpccal.cpp
13:28.66 nsImageModule.cpp
13:28.66 image_build.lib.desc
13:28.66 Unified_cpp_dom_media3.obj
13:28.66 coleitr.cpp
13:28.66 coll.cpp
13:28.66 sortkey.cpp
13:28.66 Unified_cpp_dom_camera0.cpp
13:28.66 dom_camera.lib.desc
13:28.66 bocsu.cpp
13:28.66 ucoleitr.cpp
13:28.66 ucol.cpp
13:28.66 ucol_res.cpp
13:28.66 ucol_sit.cpp
13:28.66 collation.cpp
13:28.66 Unified_cpp_dom_media2.cpp
13:28.66 collationsettings.cpp
13:28.66 Unified_cpp_netwerk_cache0.obj
13:28.66 Unified_cpp_netwerk_cache1.obj
13:28.66 collationdata.cpp
13:28.66 Unified_cpp_dom_media1.cpp
13:28.66 Unified_cpp_printingui_ipc0.obj
13:28.66 collationtailoring.cpp
13:28.66 collationdatareader.cpp
13:28.66 Unified_cpp_dom_media3.cpp
13:28.66 dom_media.lib.desc
13:28.66 collationdatawriter.cpp
13:28.66 Unified_cpp_netwerk_cache0.cpp
13:28.66 Unified_cpp_dom_canvas0.obj
13:28.66 Unified_cpp_dom_canvas1.obj
13:28.66 collationfcd.cpp
13:28.66 collationiterator.cpp
13:28.66 Unified_cpp_netwerk_cache1.cpp
13:28.66 netwerk_cache.lib.desc
13:28.66 Unified_cpp_dom_canvas2.obj
13:28.66 utf16collationiterator.cpp
13:28.66 utf8collationiterator.cpp
13:28.66 uitercollationiterator.cpp
13:28.66 Unified_cpp_printingui_ipc0.cpp
13:28.66 embedding_components_printingui_ipc.lib.desc
13:28.66 Unified_cpp_dom_canvas3.obj
14:44.86 collationsets.cpp
14:44.86 collationcompare.cpp
14:44.86 collationfastlatin.cpp
14:44.86 collationkeys.cpp
14:44.86 rulebasedcollator.cpp
14:44.86 collationroot.cpp
14:44.86 Unified_cpp_dom_canvas2.cpp
14:44.86 Unified_cpp_dom_canvas1.cpp
14:44.86 nsPNGEncoder.obj
14:44.86 nsAppRunner.obj
14:44.86 nsEmbedFunctions.obj
14:44.86 collationrootelements.cpp
14:44.86 collationdatabuilder.cpp
14:44.86 Unified_cpp_dom_canvas0.cpp
14:44.86 Unified_cpp_dom_canvas4.obj
14:44.86 nsPNGEncoder.cpp
14:44.86 collationweights.cpp
14:44.86 image_encoders_png.lib.desc
14:44.86 Unified_cpp_toolkit_xre0.obj
14:44.86 collationruleparser.cpp
14:44.86 collationbuilder.cpp
14:44.86 collationfastlatinbuilder.cpp
14:44.86 strmatch.cpp
14:44.86 usearch.cpp
14:44.86 search.cpp
14:44.86 stsearch.cpp
14:44.86 translit.cpp
14:44.86 utrans.cpp
14:44.86 esctrn.cpp
14:44.86 unesctrn.cpp
14:44.86 funcrepl.cpp
14:44.86 strrepl.cpp
14:44.86 tridpars.cpp
14:44.86 cpdtrans.cpp
14:44.86 Unified_cpp_dom_canvas3.cpp
14:44.86 Unified_cpp_dom_canvas5.obj
14:44.86 rbt.cpp
14:44.86 rbt_data.cpp
14:44.86 rbt_pars.cpp
14:44.88 rbt_rule.cpp
14:44.88 rbt_set.cpp
14:44.88 nultrans.cpp
14:44.88 remtrans.cpp
14:44.88 nsEmbedFunctions.cpp
14:44.88 casetrn.cpp
14:44.88 FontFaceSet.obj
14:44.88 nsCSSRuleProcessor.obj
14:44.88 titletrn.cpp
14:44.88 tolowtrn.cpp
14:44.88 toupptrn.cpp
14:44.88 nsAppRunner.cpp
14:44.88 anytrans.cpp
14:44.88 name2uni.cpp
14:44.88 uni2name.cpp
14:44.88 nortrans.cpp
14:44.88 quant.cpp
14:44.88 transreg.cpp
14:44.88 brktrans.cpp
14:44.88 regexcmp.cpp
14:44.88 rematch.cpp
14:44.88 repattrn.cpp
14:44.88 regexst.cpp
14:44.88 regextxt.cpp
14:44.88 regeximp.cpp
14:44.88 uregex.cpp
14:44.88 uregexc.cpp
14:44.88 cl : Command line warning D9025 : overriding '/W3' with '/W4'
14:44.88 ulocdata.c
14:44.88 measfmt.cpp
14:44.88 currfmt.cpp
14:44.88 Unified_cpp_toolkit_xre0.cpp
14:44.88 toolkit_xre.lib.desc
14:44.88 curramt.cpp
14:44.88 FontFaceSet.cpp
14:44.88 Unified_cpp_layout_style0.obj
14:44.88 currunit.cpp
14:44.88 measure.cpp
14:44.88 cl : Command line warning D9025 : overriding '/W3' with '/W4'
14:44.88 utmscale.c
14:44.88 csdetect.cpp
14:44.88 Unified_cpp_dom_canvas4.cpp
14:44.88 Unified_cpp_protocol_device0.obj
14:44.88 csmatch.cpp
14:44.88 csr2022.cpp
14:44.88 csrecog.cpp
14:44.88 csrmbcs.cpp
14:44.88 csrsbcs.cpp
14:44.88 csrucode.cpp
14:44.88 csrutf8.cpp
14:44.88 Unified_cpp_protocol_device0.cpp
14:44.88 netwerk_protocol_device.lib.desc
14:44.88 inputext.cpp
14:44.88 Unified_cpp_layout_style1.obj
14:44.88 wintzimpl.cpp
14:44.88 windtfmt.cpp
14:44.88 Unified_cpp_dom_canvas5.cpp
14:44.88 dom_canvas.lib.desc
14:44.88 Unified_cpp_layout_style2.obj
14:44.88 winnmfmt.cpp
14:44.88 nsCSSRuleProcessor.cpp
14:44.88 toolkit_components_parentalcontrols.lib.desc
14:44.88 Unified_cpp_layout_style3.obj
14:44.88 basictz.cpp
14:44.88 dtrule.cpp
14:44.88 rbtz.cpp
14:44.88 tzrule.cpp
14:44.88 tztrans.cpp
14:44.88 vtzone.cpp
14:44.88 zonemeta.cpp
14:44.88 standardplural.cpp
14:44.88 upluralrules.cpp
14:44.88 Unified_cpp_layout_style0.cpp
14:44.88 plurrule.cpp
14:44.88 plurfmt.cpp
14:44.88 Unified_cpp_layout_style2.cpp
14:44.88 Unified_cpp_ffmpeg_ffmpeg570.obj
14:44.88 nsFormFillController.obj
14:44.88 Unified_cpp_layout_style1.cpp
14:44.88 selfmt.cpp
14:44.88 dtitvfmt.cpp
14:44.88 dtitvinf.cpp
14:44.88 Unified_cpp_ffmpeg_ffmpeg570.cpp
14:44.88 d:\a\K-Meleon-R\K-Meleon-R\goanna\dom\media\platforms\ffmpeg\FFmpegLibs.h(11): warning C4068: unknown pragma 'GCC'
14:44.88 d:\a\K-Meleon-R\K-Meleon-R\goanna\dom\media\platforms\ffmpeg\FFmpegLibs.h(15): warning C4068: unknown pragma 'GCC'
14:44.88 dom_media_platforms_ffmpeg_ffmpeg57.lib.desc
14:44.88 udateintervalformat.cpp
14:44.88 Unified_cpp_media_imagecapture0.obj
14:44.88 tmunit.cpp
14:44.88 nsFormFillController.cpp
14:44.88 toolkit_components_satchel.lib.desc
14:44.88 tmutamt.cpp
14:44.88 Unified_cpp_dom_power0.obj
14:44.88 tmutfmt.cpp
14:44.88 currpinf.cpp
14:44.88 uspoof.cpp
14:44.88 Unified_cpp_layout_style3.cpp
14:44.88 layout_style.lib.desc
14:44.88 Unified_cpp_manager_pki_src0.obj
14:44.88 uspoof_impl.cpp
14:44.88 Unified_cpp_manager_pki_src0.cpp
14:44.88 security_manager_pki_src.lib.desc
14:44.88 uspoof_build.cpp
14:44.88 nsCategoryManager.obj
14:44.88 nsComponentManager.obj
14:44.88 Unified_cpp_media_imagecapture0.cpp
14:44.88 dom_media_imagecapture.lib.desc
14:44.88 Unified_cpp_xpcom_components0.obj
14:44.88 uspoof_conf.cpp
14:44.88 decfmtst.cpp
14:44.88 Unified_cpp_dom_power0.cpp
14:44.88 dom_power.lib.desc
14:44.88 nsCategoryManager.cpp
14:44.88 Unified_cpp_toolkit_profile0.obj
14:44.88 smpdtfst.cpp
14:44.88 ztrans.cpp
14:44.88 zrule.cpp
14:44.88 vzone.cpp
14:44.88 nsComponentManager.cpp
14:44.88 Unified_cpp_dom_audiochannel0.obj
14:44.88 Unified_cpp_xpcom_components0.cpp
14:44.88 xpcom_components.lib.desc
14:44.88 Unified_cpp_docshell_base0.obj
14:44.88 fphdlimp.cpp
14:44.88 fpositer.cpp
14:44.88 Unified_cpp_toolkit_profile0.cpp
14:44.88 toolkit_profile.lib.desc
14:44.88 ufieldpositer.cpp
14:44.88 BackgroundChildImpl.obj
14:44.88 BackgroundParentImpl.obj
14:44.88 cl : Command line warning D9025 : overriding '/W3' with '/W4'
14:44.88 decNumber.c
14:44.88 cl : Command line warning D9025 : overriding '/W3' with '/W4'
14:44.88 decContext.c
14:44.88 alphaindex.cpp
14:44.88 tznames.cpp
14:44.88 tznames_impl.cpp
14:44.88 tzgnames.cpp
14:44.88 tzfmt.cpp
14:44.88 Unified_cpp_dom_audiochannel0.cpp
14:44.88 dom_audiochannel.lib.desc
14:44.88 BackgroundChildImpl.cpp
14:44.88 CrossProcessMutex_windows.obj
14:44.88 FileDescriptorSetChild.obj
14:44.88 compactdecimalformat.cpp
14:44.88 gender.cpp
14:44.88 CrossProcessMutex_windows.cpp
14:44.88 nsJAR.obj
14:44.88 nsJARChannel.obj
14:44.88 region.cpp
14:44.88 nsJAR.cpp
14:44.88 scriptset.cpp
14:44.88 nsJARFactory.obj
14:44.88 uregion.cpp
14:44.89 reldatefmt.cpp
14:44.89 quantityformatter.cpp
14:44.89 Unified_cpp_docshell_base0.cpp
14:44.89 docshell_base.lib.desc
14:44.89 FileDescriptorSetParent.obj
14:44.89 measunit.cpp
14:44.89 BackgroundParentImpl.cpp
14:44.89 nsJARInputStream.obj
14:44.89 sharedbreakiterator.cpp
14:44.89 scientificnumberformatter.cpp
14:44.89 nsJARFactory.cpp
14:44.89 digitgrouping.cpp
14:44.89 MP4Demuxer.obj
14:44.89 MP4Reader.obj
14:44.89 digitinterval.cpp
14:44.89 digitformatter.cpp
14:44.89 FileDescriptorSetChild.cpp
14:44.89 GeckoChildProcessHost.obj
14:44.89 digitaffix.cpp
14:44.89 valueformatter.cpp
14:44.89 digitaffixesandpadding.cpp
14:44.89 MP4Demuxer.cpp
14:44.89 pluralaffix.cpp
14:44.89 Unified_cpp_dom_media_fmp40.obj
14:44.89 FileDescriptorSetParent.cpp
14:44.89 SharedMemory_windows.obj
14:44.89 nsJARChannel.cpp
14:44.89 nsZipArchive.obj
14:44.89 precision.cpp
14:44.89 affixpatternparser.cpp
14:44.89 smallintformatter.cpp
14:44.89 GeckoChildProcessHost.cpp
14:44.89 nsJARInputStream.cpp
14:44.89 Transport_win.obj
14:44.89 Unified_cpp_modules_libjar0.obj
14:44.89 decimfmtimpl.cpp
14:44.89 visibledigits.cpp
14:44.89 SharedMemory_windows.cpp
14:44.89 URIUtils.obj
14:44.89 dayperiodrules.cpp
14:44.89 nsZipArchive.cpp
14:44.89 Microsoft (R) Windows (R) Resource Compiler Version 10.0.10011.16384
14:44.89 
14:44.89 Copyright (C) Microsoft Corporation.  All rights reserved.
14:44.89 
14:44.89 
14:44.89    Creating library ../lib/icuin.lib and object ../lib/icuin.exp
14:44.89 Generating code
14:44.89 MP4Reader.cpp
14:44.89 Transport_win.cpp
14:44.89 WindowsMessageLoop.obj
14:44.89 Unified_cpp_modules_libjar0.cpp
14:44.89 modules_libjar.lib.desc
14:44.89 Unified_cpp_ipc_glue0.obj
14:44.89 Finished generating code
14:44.89 LINK : warning LNK4281: undesirable base address 0x4A900000 for x64 image; set base address above 4GB for best ASLR optimization
14:44.89 c:/Strawberry/c/bin/gmake.EXE[6]: Making `all' in `tools'
14:44.89 c:/Strawberry/c/bin/gmake.EXE[7]: Making `all' in `toolutil'
14:44.89 URIUtils.cpp
14:44.89 generating dependency information for d:/a/K-Meleon-R/K-Meleon-R/goanna/intl/icu/source/tools/toolutil/ucln_tu.cpp
14:44.89 nsWindowDataSource.obj
14:44.89 generating dependency information for d:/a/K-Meleon-R/K-Meleon-R/goanna/intl/icu/source/tools/toolutil/dbgutil.cpp
14:44.89 generating dependency information for d:/a/K-Meleon-R/K-Meleon-R/goanna/intl/icu/source/tools/toolutil/udbgutil.cpp
14:44.89 generating dependency information for d:/a/K-Meleon-R/K-Meleon-R/goanna/intl/icu/source/tools/toolutil/filetools.cpp
14:44.89 generating dependency information for d:/a/K-Meleon-R/K-Meleon-R/goanna/intl/icu/source/tools/toolutil/flagparser.c
14:44.89 generating dependency information for d:/a/K-Meleon-R/K-Meleon-R/goanna/intl/icu/source/tools/toolutil/ppucd.cpp
14:44.89 generating dependency information for d:/a/K-Meleon-R/K-Meleon-R/goanna/intl/icu/source/tools/toolutil/pkg_gencmn.c
14:44.89 generating dependency information for d:/a/K-Meleon-R/K-Meleon-R/goanna/intl/icu/source/tools/toolutil/pkg_genc.c
14:44.89 generating dependency information for d:/a/K-Meleon-R/K-Meleon-R/goanna/intl/icu/source/tools/toolutil/pkg_icu.cpp
14:44.89 generating dependency information for d:/a/K-Meleon-R/K-Meleon-R/goanna/intl/icu/source/tools/toolutil/writesrc.c
14:44.89 generating dependency information for d:/a/K-Meleon-R/K-Meleon-R/goanna/intl/icu/source/tools/toolutil/xmlparser.cpp
14:44.89 generating dependency information for d:/a/K-Meleon-R/K-Meleon-R/goanna/intl/icu/source/tools/toolutil/ucbuf.cpp
14:44.89 generating dependency information for d:/a/K-Meleon-R/K-Meleon-R/goanna/intl/icu/source/tools/toolutil/uparse.c
14:44.89 generating dependency information for d:/a/K-Meleon-R/K-Meleon-R/goanna/intl/icu/source/tools/toolutil/uoptions.c
14:44.89 generating dependency information for d:/a/K-Meleon-R/K-Meleon-R/goanna/intl/icu/source/tools/toolutil/ucmstate.c
14:44.89 generating dependency information for d:/a/K-Meleon-R/K-Meleon-R/goanna/intl/icu/source/tools/toolutil/ucm.c
14:44.89 generating dependency information for d:/a/K-Meleon-R/K-Meleon-R/goanna/intl/icu/source/tools/toolutil/denseranges.cpp
14:44.89 generating dependency information for d:/a/K-Meleon-R/K-Meleon-R/goanna/intl/icu/source/tools/toolutil/collationinfo.cpp
14:44.89 generating dependency information for d:/a/K-Meleon-R/K-Meleon-R/goanna/intl/icu/source/tools/toolutil/unewdata.c
14:44.89 generating dependency information for d:/a/K-Meleon-R/K-Meleon-R/goanna/intl/icu/source/tools/toolutil/toolutil.cpp
14:44.89 nsWindowDataSource.cpp
14:44.89 WindowsMessageLoop.cpp
14:44.89 xpfe_components_windowds.lib.desc
14:44.89 generating dependency information for d:/a/K-Meleon-R/K-Meleon-R/goanna/intl/icu/source/tools/toolutil/swapimpl.cpp
14:44.89 generating dependency information for d:/a/K-Meleon-R/K-Meleon-R/goanna/intl/icu/source/tools/toolutil/pkgitems.cpp
14:44.89 generating dependency information for d:/a/K-Meleon-R/K-Meleon-R/goanna/intl/icu/source/tools/toolutil/package.cpp
14:44.89 Unified_cpp_dom_media_fmp40.cpp
14:44.89 dom_media_fmp4.lib.desc
14:44.89 nsCollationWin.obj
14:44.89 nsDateTimeFormatWin.obj
14:44.89 generating dependency information for d:/a/K-Meleon-R/K-Meleon-R/goanna/intl/icu/source/tools/toolutil/filestrm.c
14:44.89 nsWin32Locale.obj
14:44.89 cl : Command line warning D9025 : overriding '/W3' with '/W4'
14:44.89 filestrm.c
14:44.89 package.cpp
14:44.89 pkgitems.cpp
14:44.89 nsCollationWin.cpp
14:44.89 swapimpl.cpp
14:44.89 Hal.obj
14:44.89 WindowsBattery.obj
14:44.89 nsDateTimeFormatWin.cpp
14:44.89 nsWinCharset.obj
14:44.89 toolutil.cpp
14:44.89 nsWin32Locale.cpp
14:44.89 cl : Command line warning D9025 : overriding '/W3' with '/W4'
14:44.89 unewdata.c
14:44.89 collationinfo.cpp
14:44.89 nsWinCharset.cpp
14:44.89 intl_locale_windows.lib.desc
14:44.89 Unified_cpp_hal0.obj
14:44.89 denseranges.cpp
14:44.89 cl : Command line warning D9025 : overriding '/W3' with '/W4'
14:44.89 ucm.c
14:44.89 d:/a/K-Meleon-R/K-Meleon-R/goanna/intl/icu/source/tools/toolutil/ucm.c(311): warning C4100: 'baseStates': unreferenced formal parameter
14:44.89 d:/a/K-Meleon-R/K-Meleon-R/goanna/intl/icu/source/tools/toolutil/ucm.c(1044): warning C4100: 'codePoints': unreferenced formal parameter
14:44.89 cl : Command line warning D9025 : overriding '/W3' with '/W4'
14:44.89 ucmstate.c
14:44.89 d:/a/K-Meleon-R/K-Meleon-R/goanna/intl/icu/source/tools/toolutil/ucmstate.c(656): warning C4389: '==': signed/unsigned mismatch
14:44.89 d:/a/K-Meleon-R/K-Meleon-R/goanna/intl/icu/source/tools/toolutil/ucmstate.c(920): warning C4100: 'context': unreferenced formal parameter
14:44.89 cl : Command line warning D9025 : overriding '/W3' with '/W4'
14:44.89 uoptions.c
14:44.89 cl : Command line warning D9025 : overriding '/W3' with '/W4'
14:44.89 uparse.c
14:44.89 Unified_cpp_ipc_glue0.cpp
14:44.89 ipc_glue.lib.desc
14:44.89 ucbuf.cpp
14:44.89 Hal.cpp
14:44.89 Unified_cpp_hal1.obj
14:44.89 Unified_cpp_editor_txtsvc0.obj
14:44.89 xmlparser.cpp
14:44.89 WindowsBattery.cpp
14:44.89 ActorsParent.obj
14:44.89 Unified_cpp_dom_indexedDB0.obj
14:44.89 cl : Command line warning D9025 : overriding '/W3' with '/W4'
14:44.89 writesrc.c
14:44.89 pkg_icu.cpp
14:44.89 cl : Command line warning D9025 : overriding '/W3' with '/W4'
14:44.89 pkg_genc.c
14:44.89 cl : Command line warning D9025 : overriding '/W3' with '/W4'
14:44.89 pkg_gencmn.c
15:29.07 Warning: C4706 in d:\a\K-Meleon-R\K-Meleon-R\goanna\intl\icu\source\tools\toolutil\pkg_gencmn.c: assignment within conditional expression
15:29.07 d:\a\K-Meleon-R\K-Meleon-R\goanna\intl\icu\source\tools\toolutil\pkg_gencmn.c(564) : warning C4706: assignment within conditional expression
15:29.07 Warning: C4706 in d:\a\K-Meleon-R\K-Meleon-R\goanna\intl\icu\source\tools\toolutil\pkg_gencmn.c: assignment within conditional expression
15:29.07 d:\a\K-Meleon-R\K-Meleon-R\goanna\intl\icu\source\tools\toolutil\pkg_gencmn.c(200) : warning C4706: assignment within conditional expression
15:29.07 ppucd.cpp
15:29.07 cl : Command line warning D9025 : overriding '/W3' with '/W4'
15:29.07 flagparser.c
15:29.07 filetools.cpp
15:29.07 udbgutil.cpp
15:29.07 Unified_cpp_editor_txtsvc0.cpp
15:29.07 editor_txtsvc.lib.desc
15:29.07 Unified_cpp_hal0.cpp
15:29.07 Unified_cpp_dom_indexedDB1.obj
15:29.07 dbgutil.cpp
15:29.07 ucln_tu.cpp
15:29.07    Creating library ../../lib/icutu.lib and object ../../lib/icutu.exp
15:29.07 LINK : warning LNK4281: undesirable base address 0x4AC00000 for x64 image; set base address above 4GB for best ASLR optimization
15:29.07 c:/Strawberry/c/bin/gmake.EXE[7]: Making `all' in `ctestfw'
15:29.07 generating dependency information for d:/a/K-Meleon-R/K-Meleon-R/goanna/intl/icu/source/tools/ctestfw/ucln_ct.c
15:29.07 generating dependency information for d:/a/K-Meleon-R/K-Meleon-R/goanna/intl/icu/source/tools/ctestfw/uperf.cpp
15:29.07 generating dependency information for d:/a/K-Meleon-R/K-Meleon-R/goanna/intl/icu/source/tools/ctestfw/datamap.cpp
15:29.07 generating dependency information for d:/a/K-Meleon-R/K-Meleon-R/goanna/intl/icu/source/tools/ctestfw/testdata.cpp
15:29.07 generating dependency information for d:/a/K-Meleon-R/K-Meleon-R/goanna/intl/icu/source/tools/ctestfw/tstdtmod.cpp
15:29.07 generating dependency information for d:/a/K-Meleon-R/K-Meleon-R/goanna/intl/icu/source/tools/ctestfw/ctest.c
15:29.07 cl : Command line warning D9025 : overriding '/W3' with '/W4'
15:29.07 ctest.c
15:29.07 d:/a/K-Meleon-R/K-Meleon-R/goanna/intl/icu/source/tools/ctestfw/ctest.c(893): warning C4100: 'context': unreferenced formal parameter
15:29.07 d:/a/K-Meleon-R/K-Meleon-R/goanna/intl/icu/source/tools/ctestfw/ctest.c(900): warning C4100: 'context': unreferenced formal parameter
15:29.07 d:/a/K-Meleon-R/K-Meleon-R/goanna/intl/icu/source/tools/ctestfw/ctest.c(914): warning C4100: 'level': unreferenced formal parameter
15:29.07 d:/a/K-Meleon-R/K-Meleon-R/goanna/intl/icu/source/tools/ctestfw/ctest.c(913): warning C4100: 'fnNumber': unreferenced formal parameter
15:29.07 d:/a/K-Meleon-R/K-Meleon-R/goanna/intl/icu/source/tools/ctestfw/ctest.c(913): warning C4100: 'context': unreferenced formal parameter
15:29.07 d:/a/K-Meleon-R/K-Meleon-R/goanna/intl/icu/source/tools/ctestfw/ctest.c(922): warning C4100: 'context': unreferenced formal parameter
15:29.07 d:/a/K-Meleon-R/K-Meleon-R/goanna/intl/icu/source/tools/ctestfw/ctest.c(931): warning C4100: 'context': unreferenced formal parameter
15:29.07 d:/a/K-Meleon-R/K-Meleon-R/goanna/intl/icu/source/tools/ctestfw/ctest.c(941): warning C4100: 'context': unreferenced formal parameter
15:29.07 tstdtmod.cpp
15:29.07 testdata.cpp
15:29.07 datamap.cpp
15:29.07 uperf.cpp
15:29.07 ActorsParent.cpp
15:29.07 SQLFunctions.obj
15:29.07 nsDownloadScanner.obj
15:29.07 cl : Command line warning D9025 : overriding '/W3' with '/W4'
15:29.07 ucln_ct.c
15:29.07    Creating library icutest.lib and object icutest.exp
15:29.07 c:/Strawberry/c/bin/gmake.EXE[7]: Making `all' in `makeconv'
15:29.07 generating dependency information for d:/a/K-Meleon-R/K-Meleon-R/goanna/intl/icu/source/tools/makeconv/gencnvex.c
15:29.07 generating dependency information for d:/a/K-Meleon-R/K-Meleon-R/goanna/intl/icu/source/tools/makeconv/genmbcs.cpp
15:29.07 generating dependency information for d:/a/K-Meleon-R/K-Meleon-R/goanna/intl/icu/source/tools/makeconv/ucnvstat.c
15:29.07 generating dependency information for d:/a/K-Meleon-R/K-Meleon-R/goanna/intl/icu/source/tools/makeconv/makeconv.cpp
15:29.07 makeconv.cpp
15:29.07 SQLFunctions.cpp
15:29.07 Unified_cpp_downloads0.obj
15:29.07 cl : Command line warning D9025 : overriding '/W3' with '/W4'
15:29.07 ucnvstat.c
15:29.07 genmbcs.cpp
15:29.07 Unified_cpp_hal1.cpp
15:29.07 hal.lib.desc
15:29.07 cl : Command line warning D9025 : overriding '/W3' with '/W4'
15:29.07 gencnvex.c
15:29.07 d:/a/K-Meleon-R/K-Meleon-R/goanna/intl/icu/source/tools/makeconv/gencnvex.c(109): warning C4100: 'length': unreferenced formal parameter
15:29.07 d:/a/K-Meleon-R/K-Meleon-R/goanna/intl/icu/source/tools/makeconv/gencnvex.c(109): warning C4100: 'bytes': unreferenced formal parameter
15:29.07 d:/a/K-Meleon-R/K-Meleon-R/goanna/intl/icu/source/tools/makeconv/gencnvex.c(108): warning C4100: 'cnvData': unreferenced formal parameter
15:29.07 d:/a/K-Meleon-R/K-Meleon-R/goanna/intl/icu/source/tools/makeconv/gencnvex.c(114): warning C4100: 'staticData': unreferenced formal parameter
15:29.07    Creating library ..\..\bin\makeconv.lib and object ..\..\bin\makeconv.exp
15:29.07 Unified_cpp_dom_indexedDB0.cpp
15:29.07 nsDownloadScanner.cpp
15:29.07 config.status: creating tools/makeconv/makeconv.1
15:29.07 ctypes.obj
15:29.07 c:/Strawberry/c/bin/gmake.EXE[7]: Making `all' in `genrb'
15:29.07 generating dependency information for d:/a/K-Meleon-R/K-Meleon-R/goanna/intl/icu/source/tools/genrb/prscmnts.cpp
15:29.07 generating dependency information for d:/a/K-Meleon-R/K-Meleon-R/goanna/intl/icu/source/tools/genrb/wrtxml.cpp
15:29.08 generating dependency information for d:/a/K-Meleon-R/K-Meleon-R/goanna/intl/icu/source/tools/genrb/rle.c
15:29.08 generating dependency information for d:/a/K-Meleon-R/K-Meleon-R/goanna/intl/icu/source/tools/genrb/wrtjava.cpp
15:29.08 generating dependency information for d:/a/K-Meleon-R/K-Meleon-R/goanna/intl/icu/source/tools/genrb/rbutil.c
15:29.08 generating dependency information for d:/a/K-Meleon-R/K-Meleon-R/goanna/intl/icu/source/tools/genrb/ustr.c
15:29.08 generating dependency information for d:/a/K-Meleon-R/K-Meleon-R/goanna/intl/icu/source/tools/genrb/reslist.cpp
15:29.08 generating dependency information for d:/a/K-Meleon-R/K-Meleon-R/goanna/intl/icu/source/tools/genrb/read.c
15:29.08 generating dependency information for d:/a/K-Meleon-R/K-Meleon-R/goanna/intl/icu/source/tools/genrb/parse.cpp
15:29.08 generating dependency information for d:/a/K-Meleon-R/K-Meleon-R/goanna/intl/icu/source/tools/genrb/genrb.cpp
15:29.08 generating dependency information for d:/a/K-Meleon-R/K-Meleon-R/goanna/intl/icu/source/tools/genrb/errmsg.c
15:29.08 ctypes.cpp
15:29.08 toolkit_components_ctypes.lib.desc
15:29.08 cl : Command line warning D9025 : overriding '/W3' with '/W4'
15:29.08 errmsg.c
15:29.08 genrb.cpp
15:29.08 Unified_cpp_dom_media_platforms0.obj
15:29.08 parse.cpp
15:29.08 Unified_cpp_downloads0.cpp
15:29.08 toolkit_components_downloads.lib.desc
15:29.08 cl : Command line warning D9025 : overriding '/W3' with '/W4'
15:29.08 read.c
15:29.08 Unified_cpp_dom_indexedDB1.cpp
15:29.08 dom_indexedDB.lib.desc
15:29.08 nsRDFResource.obj
15:29.08 reslist.cpp
15:29.08 xptcall.obj
15:29.08 cl : Command line warning D9025 : overriding '/W3' with '/W4'
15:29.08 ustr.c
15:29.08 cl : Command line warning D9025 : overriding '/W3' with '/W4'
15:29.08 rbutil.c
15:29.08 wrtjava.cpp
15:29.08 Unified_cpp_dom_media_platforms0.cpp
15:29.08 nsRDFResource.cpp
15:29.08 rdf_util_internal.lib.desc
15:29.08 dom_media_platforms.lib.desc
15:29.08 Unified_cpp_dom_telephony0.obj
15:29.08 AlarmHalService.obj
15:29.08 xptcall.cpp
15:29.08 xpcom_reflect_xptcall.lib.desc
15:29.08 Unified_cpp_dom_devicestorage0.obj
15:29.08 cl : Command line warning D9025 : overriding '/W3' with '/W4'
15:29.08 rle.c
15:29.08 wrtxml.cpp
15:29.08 prscmnts.cpp
15:29.08    Creating library ..\..\bin\genrb.lib and object ..\..\bin\genrb.exp
15:29.08 AlarmHalService.cpp
15:29.08 dom_alarm.lib.desc
15:29.08 nsIconChannel.obj
15:29.08 config.status: creating tools/genrb/derb.1
15:29.08 nsIconChannel.cpp
15:29.08 Unified_cpp_dom_telephony0.cpp
15:29.08 image_decoders_icon_win.lib.desc
15:29.08 dom_telephony.lib.desc
15:29.08 CustomEvent.obj
15:29.08 EventStateManager.obj
15:29.08 Unified_cpp_dom_notification0.obj
15:29.08 config.status: creating tools/genrb/genrb.1
15:29.08 Unified_cpp_dom_devicestorage0.cpp
15:29.08 dom_devicestorage.lib.desc
15:29.08 Unified_cpp_dom_events0.obj
15:29.08 c:/Strawberry/c/bin/gmake.EXE[7]: Making `all' in `genbrk'
15:29.08 generating dependency information for d:/a/K-Meleon-R/K-Meleon-R/goanna/intl/icu/source/tools/genbrk/genbrk.cpp
15:29.08 genbrk.cpp
15:29.08 CustomEvent.cpp
15:29.08 BaseWebSocketChannel.obj
15:29.08 WebSocketChannel.obj
15:29.08 config.status: creating tools/genbrk/genbrk.1
15:29.08 Unified_cpp_dom_notification0.cpp
15:29.08 dom_notification.lib.desc
15:29.08 Unified_cpp_dom_events1.obj
15:29.08 BaseWebSocketChannel.cpp
15:29.08 WebSocketChannelChild.obj
15:29.08 c:/Strawberry/c/bin/gmake.EXE[7]: Making `all' in `gencnval'
15:29.08 generating dependency information for d:/a/K-Meleon-R/K-Meleon-R/goanna/intl/icu/source/tools/gencnval/gencnval.c
15:29.08 cl : Command line warning D9025 : overriding '/W3' with '/W4'
15:29.08 gencnval.c
15:29.08 d:/a/K-Meleon-R/K-Meleon-R/goanna/intl/icu/source/tools/gencnval/gencnval.c(585): warning C4100: 'lineLen': unreferenced formal parameter
15:29.08 config.status: creating tools/gencnval/gencnval.1
15:29.08 EventStateManager.cpp
15:29.08 nsWebBrowserPersist.obj
15:29.08 WebSocketChannel.cpp
15:29.08 WebSocketChannelParent.obj
15:29.08 c:/Strawberry/c/bin/gmake.EXE[7]: Making `all' in `gensprep'
15:29.08 generating dependency information for d:/a/K-Meleon-R/K-Meleon-R/goanna/intl/icu/source/tools/gensprep/store.c
15:29.08 generating dependency information for d:/a/K-Meleon-R/K-Meleon-R/goanna/intl/icu/source/tools/gensprep/gensprep.c
15:29.08 cl : Command line warning D9025 : overriding '/W3' with '/W4'
15:29.08 gensprep.c
15:29.08 d:/a/K-Meleon-R/K-Meleon-R/goanna/intl/icu/source/tools/gensprep/gensprep.c(144): warning C4189: 'basename': local variable is initialized but not referenced
15:29.08 d:/a/K-Meleon-R/K-Meleon-R/goanna/intl/icu/source/tools/gensprep/gensprep.c(145): warning C4189: 'sprepOptions': local variable is initialized but not referenced
15:29.08 cl : Command line warning D9025 : overriding '/W3' with '/W4'
15:29.08 store.c
15:29.08 config.status: creating tools/gensprep/gensprep.8
15:29.08 c:/Strawberry/c/bin/gmake.EXE[7]: Making `all' in `icuinfo'
15:29.08 generating dependency information for d:/a/K-Meleon-R/K-Meleon-R/goanna/intl/icu/source/tools/icuinfo/icuinfo.cpp
15:29.08 icuinfo.cpp
15:29.08 Unified_cpp_dom_events0.cpp
15:29.08 Unified_cpp_dom_events2.obj
15:29.08 c:/Strawberry/c/bin/gmake.EXE[7]: Making `all' in `genccode'
15:29.08 nsWebBrowserPersist.cpp
15:29.08 WebSocketChannelChild.cpp
15:29.08 embedding_components_webbrowserpersist.lib.desc
15:29.08 generating dependency information for d:/a/K-Meleon-R/K-Meleon-R/goanna/intl/icu/source/tools/genccode/genccode.c
15:29.08 cl : Command line warning D9025 : overriding '/W3' with '/W4'
15:29.08 genccode.c
15:29.08 config.status: creating tools/genccode/genccode.8
15:29.08 WebSocketChannelParent.cpp
15:29.08 netwerk_protocol_websocket.lib.desc
15:29.08 affentry.obj
15:29.08 affixmgr.obj
15:29.08 c:/Strawberry/c/bin/gmake.EXE[7]: Making `all' in `gencmn'
15:29.08 generating dependency information for d:/a/K-Meleon-R/K-Meleon-R/goanna/intl/icu/source/tools/gencmn/gencmn.c
15:29.08 cl : Command line warning D9025 : overriding '/W3' with '/W4'
15:29.08 gencmn.c
15:29.08 affentry.cxx
15:29.08 csutil.obj
15:29.08 Unified_cpp_dom_events2.cpp
15:29.08 VsyncChild.obj
15:29.08 VsyncParent.obj
15:29.08 config.status: creating tools/gencmn/gencmn.8
15:29.08 c:/Strawberry/c/bin/gmake.EXE[7]: Making `all' in `icupkg'
15:29.08 generating dependency information for d:/a/K-Meleon-R/K-Meleon-R/goanna/intl/icu/source/tools/icupkg/icupkg.cpp
15:29.08 Unified_cpp_dom_events1.cpp
15:29.08 dom_events.lib.desc
15:29.08 icupkg.cpp
15:29.08 filemgr.obj
15:29.08 VsyncChild.cpp
15:29.08 Unified_cpp_layout_ipc0.obj
15:29.08 affixmgr.cxx
15:29.08 WindowsLocationProvider.obj
15:29.08 nsHapticFeedback.obj
15:29.08 csutil.cxx
15:29.08 hashmgr.obj
15:29.08 config.status: creating tools/icupkg/icupkg.8
16:04.76 c:/Strawberry/c/bin/gmake.EXE[7]: Making `all' in `pkgdata'
16:04.76 WindowsLocationProvider.cpp
16:04.76 generating dependency information for d:/a/K-Meleon-R/K-Meleon-R/goanna/intl/icu/source/tools/pkgdata/pkgtypes.c
16:04.76 generating dependency information for d:/a/K-Meleon-R/K-Meleon-R/goanna/intl/icu/source/tools/pkgdata/pkgdata.cpp
16:04.76 pkgdata.cpp
16:04.76 cl : Command line warning D9025 : overriding '/W3' with '/W4'
16:04.76 pkgtypes.c
16:04.76 Warning: C4706 in d:\a\K-Meleon-R\K-Meleon-R\goanna\intl\icu\source\tools\pkgdata\pkgtypes.c: assignment within conditional expression
16:04.76 d:\a\K-Meleon-R\K-Meleon-R\goanna\intl\icu\source\tools\pkgdata\pkgtypes.c(204) : warning C4706: assignment within conditional expression
16:04.76 nsHapticFeedback.cpp
16:04.76 dom_system_windows.lib.desc
16:04.76 filemgr.cxx
16:04.76 hunspell.obj
16:04.76 VsyncParent.cpp
16:04.76 hunzip.obj
16:04.76 config.status: creating tools/pkgdata/pkgdata.1
16:04.76 hashmgr.cxx
16:04.76 c:/Strawberry/c/bin/gmake.EXE[7]: Making `all' in `gentest'
16:04.76 Unified_cpp_hunspell_glue0.obj
16:04.76 generating dependency information for d:/a/K-Meleon-R/K-Meleon-R/goanna/intl/icu/source/tools/gentest/genres32.c
16:04.76 generating dependency information for d:/a/K-Meleon-R/K-Meleon-R/goanna/intl/icu/source/tools/gentest/gentest.c
16:04.76 cl : Command line warning D9025 : overriding '/W3' with '/W4'
16:04.76 gentest.c
16:04.76 cl : Command line warning D9025 : overriding '/W3' with '/W4'
16:04.76 genres32.c
16:04.76 c:/Strawberry/c/bin/gmake.EXE[7]: Making `all' in `gennorm2'
16:04.76 generating dependency information for d:/a/K-Meleon-R/K-Meleon-R/goanna/intl/icu/source/tools/gennorm2/n2builder.cpp
16:04.76 generating dependency information for d:/a/K-Meleon-R/K-Meleon-R/goanna/intl/icu/source/tools/gennorm2/gennorm2.cpp
16:04.76 gennorm2.cpp
16:04.76 n2builder.cpp
16:04.76 hunspell.cxx
16:04.76 phonet.obj
16:04.76 c:/Strawberry/c/bin/gmake.EXE[7]: Making `all' in `gencfu'
16:04.76 generating dependency information for d:/a/K-Meleon-R/K-Meleon-R/goanna/intl/icu/source/tools/gencfu/gencfu.cpp
16:04.76 gencfu.cpp
16:04.76 hunzip.cxx
16:04.76 replist.obj
16:04.76 Unified_cpp_layout_ipc0.cpp
16:04.76 layout_ipc.lib.desc
16:04.76 suggestmgr.obj
16:04.76 Unified_cpp_hunspell_glue0.cpp
16:04.76 extensions_spellcheck_hunspell_glue.lib.desc
16:04.76 phonet.cxx
16:04.76 config.status: creating tools/gencfu/gencfu.1
16:04.76 Unified_cpp_commandhandler0.obj
16:04.76 c:/Strawberry/c/bin/gmake.EXE[7]: Making `all' in `gendict'
16:04.76 replist.cxx
16:04.76 generating dependency information for d:/a/K-Meleon-R/K-Meleon-R/goanna/intl/icu/source/tools/gendict/gendict.cpp
16:04.76 gendict.cpp
16:04.76 BlurSSE2.obj
16:04.76 DrawTargetD2D.obj
16:04.76 BlurSSE2.cpp
16:04.76 DrawTargetD2D1.obj
16:04.76 Unified_cpp_commandhandler0.cpp
16:04.76 embedding_components_commandhandler.lib.desc
16:04.76 ExtendInputEffectD2D1.obj
16:04.76 suggestmgr.cxx
16:04.76 extensions_spellcheck_hunspell_src.lib.desc
16:04.76 FilterNodeD2D1.obj
16:04.76 config.status: creating tools/gendict/gendict.1
16:04.76 c:/Strawberry/c/bin/gmake.EXE[6]: Making `all' in `data'
16:04.76 C:/mozilla-build/msys/bin/sh.exe d:/a/K-Meleon-R/K-Meleon-R/goanna/intl/icu/source/mkinstalldirs ./out ./out/build ./out/build/icudt58l ./out/build/icudt58l/curr ./out/build/icudt58l/lang ./out/build/icudt58l/region ./out/build/icudt58l/zone ./out/build/icudt58l/unit ./out/build/icudt58l/brkitr ./out/build/icudt58l/coll ./out/build/icudt58l/rbnf ./out/build/icudt58l/translit ./out/tmp ./out/tmp/curr ./out/tmp/lang ./out/tmp/region ./out/tmp/zone ./out/tmp/unit ./out/tmp/coll ./out/tmp/rbnf ./out/tmp/translit ./out/tmp/brkitr
16:04.76 mkdir ./out
16:04.76 ExtendInputEffectD2D1.cpp
16:04.76 DrawTargetD2D1.cpp
16:04.76 mkdir ./out/build
16:04.76 chain.obj
16:04.76 iccread.obj
16:04.76 hb-blob.obj
16:04.76 hb-common.obj
16:04.76 mkdir ./out/build/icudt58l
16:04.76 DrawTargetD2D.cpp
16:04.76 FilterProcessingSSE2.obj
16:04.76 mkdir ./out/build/icudt58l/curr
16:04.76 mkdir ./out/build/icudt58l/lang
16:04.76 mkdir ./out/build/icudt58l/region
16:04.76 chain.c
16:04.76 matrix.obj
16:04.76 mkdir ./out/build/icudt58l/zone
16:04.76 mkdir ./out/build/icudt58l/unit
16:04.76 hb-blob.cc
16:04.76 hb-ot-math.obj
16:04.76 mkdir ./out/build/icudt58l/brkitr
16:04.76 mkdir ./out/build/icudt58l/coll
16:04.76 iccread.c
16:04.76 d:/a/K-Meleon-R/K-Meleon-R/goanna/gfx/qcms/iccread.c(315): warning C4305: '=': truncation from 'double' to 'float'
16:04.76 d:/a/K-Meleon-R/K-Meleon-R/goanna/gfx/qcms/iccread.c(317): warning C4305: '=': truncation from 'double' to 'float'
16:04.76 d:/a/K-Meleon-R/K-Meleon-R/goanna/gfx/qcms/iccread.c(323): warning C4305: '=': truncation from 'double' to 'float'
16:04.76 d:/a/K-Meleon-R/K-Meleon-R/goanna/gfx/qcms/iccread.c(324): warning C4305: '=': truncation from 'double' to 'float'
16:04.76 d:/a/K-Meleon-R/K-Meleon-R/goanna/gfx/qcms/iccread.c(325): warning C4305: '=': truncation from 'double' to 'float'
16:04.76 d:/a/K-Meleon-R/K-Meleon-R/goanna/gfx/qcms/iccread.c(747): warning C4018: '<': signed/unsigned mismatch
16:04.76 d:/a/K-Meleon-R/K-Meleon-R/goanna/gfx/qcms/iccread.c(769): warning C4018: '<': signed/unsigned mismatch
16:04.76 transform-sse2.obj
16:04.76 mkdir ./out/build/icudt58l/rbnf
16:04.76 mkdir ./out/build/icudt58l/translit
16:04.76 mkdir ./out/tmp
16:04.76 matrix.c
16:04.76 transform.obj
16:04.76 mkdir ./out/tmp/curr
16:04.76 mkdir ./out/tmp/lang
16:04.76 hb-common.cc
16:04.76 mkdir ./out/tmp/region
16:04.76 hb-ot-shape-complex-hangul.obj
16:04.76 transform-sse2.c
16:04.76 transform_util.obj
16:04.76 mkdir ./out/tmp/zone
16:04.76 mkdir ./out/tmp/unit
16:04.76 mkdir ./out/tmp/coll
16:04.76 mkdir ./out/tmp/rbnf
16:04.76 transform.c
16:04.76 d:/a/K-Meleon-R/K-Meleon-R/goanna/gfx/qcms/transform.c(262): warning C4305: 'initializing': truncation from 'double' to 'float'
16:04.76 d:/a/K-Meleon-R/K-Meleon-R/goanna/gfx/qcms/transform.c(263): warning C4305: 'initializing': truncation from 'double' to 'float'
16:04.76 d:/a/K-Meleon-R/K-Meleon-R/goanna/gfx/qcms/transform.c(264): warning C4305: 'initializing': truncation from 'double' to 'float'
16:04.76 mkdir ./out/tmp/translit
16:04.76 mkdir ./out/tmp/brkitr
16:04.76 transform_util.c
16:04.76 gfx_qcms.lib.desc
16:04.76 hb-ot-math.cc
16:04.76 hb-ot-shape-complex-indic.obj
16:04.76 ImageScalingSSE2.obj
16:04.76 FilterNodeD2D1.cpp
16:04.76 hb-ot-shape-complex-use.obj
16:04.76 Microsoft (R) Windows (R) Resource Compiler Version 10.0.10011.16384
16:04.76 
16:04.76 Copyright (C) Microsoft Corporation.  All rights reserved.
16:04.76 
16:04.76 
16:04.76 hb-ot-shape-complex-hangul.cc
16:04.76 Unified_c_media_libpng0.obj
16:04.76 hb-ot-shape-complex-indic.cc
16:04.76 hb-ot-shape.obj
16:04.76 FilterProcessingSSE2.cpp
16:04.76 PathD2D.obj
16:04.76 Unified_c_media_libpng0.c
16:04.76 mozpng.lib.desc
16:04.76 hb-shape-plan.obj
16:04.76 hb-ot-shape-complex-use.cc
16:04.76 PathHelpers.obj
16:04.76 ImageScalingSSE2.cpp
16:04.76 Unified_c_media_libogg0.obj
16:04.76 hb-ot-shape.cc
16:04.76 Unified_cpp_gfx_harfbuzz_src0.obj
16:04.76 Unified_c_media_libogg0.c
16:04.76 media_libogg.lib.desc
16:04.76 RadialGradientEffectD2D1.obj
16:04.76 hb-shape-plan.cc
16:04.76 Unified_cpp_gfx_harfbuzz_src1.obj
16:04.76 PathHelpers.cpp
16:04.76 PathD2D.cpp
16:04.76 ScaledFontDWrite.obj
16:04.76 decode.obj
16:04.76 postprocess.obj
16:04.76 decode.c
16:04.76 segdec.obj
16:04.76 Unified_cpp_gfx_harfbuzz_src0.cpp
16:04.76 postprocess.c
16:04.76 strInvTransform.obj
16:04.76 segdec.c
16:04.76 strPredQuantDec.obj
16:04.76 RadialGradientEffectD2D1.cpp
16:04.76 ScaledFontWin.obj
16:04.76 Unified_cpp_gfx_harfbuzz_src1.cpp
16:04.76 gfx_harfbuzz_src.lib.desc
16:04.77 strdec.obj
16:04.77 strInvTransform.c
16:04.77 SourceSurfaceD2D.obj
16:04.77 strPredQuantDec.c
16:04.77 adapthuff.obj
16:04.77 strdec.c
16:04.77 image.obj
16:04.77 ScaledFontWin.cpp
16:04.77 ScaledFontDWrite.cpp
16:04.77 SourceSurfaceD2D1.obj
16:04.77 NameTable.obj
16:04.77 Unified_cpp_gfx_graphite2_src0.obj
16:04.77 adapthuff.c
16:04.77 strPredQuant.obj
16:04.77 image.c
16:04.77 strTransform.obj
16:04.77 NameTable.cpp
16:04.77 Unified_cpp_gfx_graphite2_src1.obj
16:04.77 strPredQuant.c
16:04.77 strcodec.obj
16:04.77 strTransform.c
16:04.77 JXRGlue.obj
16:04.77 SourceSurfaceD2D.cpp
16:04.77 Unified_cpp_gfx_graphite2_src0.cpp
16:04.77 SourceSurfaceD2DTarget.obj
16:04.77 Unified_cpp_gfx_graphite2_src2.obj
16:04.77 strcodec.c
16:04.77 JXRGlueDec.obj
16:04.77 JXRGlue.c
16:04.77 JXRGluePFC.obj
16:04.77 JXRGlueDec.c
16:04.77 JXRMeta.obj
16:04.77 Unified_cpp_gfx_graphite2_src1.cpp
16:04.77 JXRGluePFC.c
16:04.77 JXRMeta.c
16:04.77 Unified_cpp_gfx_graphite2_src2.cpp
16:04.77 gfx_graphite2_src.lib.desc
16:04.77 media_jxrlib.lib.desc
16:04.77 convolverSSE2.obj
16:04.77 image_operations.obj
16:04.77 SourceSurfaceD2D1.cpp
16:04.77 Unified_c_media_libtheora0.obj
16:04.77 Unified_c_media_libtheora0.c
16:04.77 media_libtheora.lib.desc
16:04.77 Unified_cpp_gfx_2d0.obj
16:04.77 convolverSSE2.cpp
16:04.77 vorbis_codebook.obj
16:04.77 vorbis_floor1.obj
16:04.77 vorbis_codebook.c
16:04.77 vorbis_info.obj
16:04.77 image_operations.cpp
16:04.77 vorbis_floor1.c
16:04.77 vorbis_res0.obj
16:04.77 cairo-base85-stream.obj
16:04.77 cairo-bentley-ottmann-rectangular.obj
16:04.77 SourceSurfaceD2DTarget.cpp
16:04.77 Unified_cpp_gfx_2d1.obj
16:04.77 vorbis_info.c
16:04.77 vorbis_window.obj
16:04.77 cairo-base85-stream.c
16:04.77 d:\a\K-Meleon-R\K-Meleon-R\goanna\gfx\cairo\cairo\src\cairo-mutex-impl-private.h(180): warning C4005: 'WIN32_LEAN_AND_MEAN': macro redefinition
16:04.77 d:\a\K-Meleon-R\K-Meleon-R\goanna\obj-x64\gfx\cairo\cairo\src\../../../../dist/include/mozilla-config.h(116): note: see previous definition of 'WIN32_LEAN_AND_MEAN'
16:04.77 d:\a\K-Meleon-R\K-Meleon-R\goanna\gfx\cairo\cairo\src\cairo-wideint-private.h(177): warning C4146: unary minus operator applied to unsigned type, result still unsigned
16:04.77 d:\a\K-Meleon-R\K-Meleon-R\goanna\gfx\cairo\cairo\src\cairo-wideint-private.h(181): warning C4146: unary minus operator applied to unsigned type, result still unsigned
16:04.77 cairo-bentley-ottmann-rectilinear.obj
16:04.77 vorbis_res0.c
16:04.77 Unified_c_media_libvorbis0.obj
16:04.77 vorbis_window.c
16:04.77 cairo-bentley-ottmann-rectangular.c
16:04.77 d:\a\K-Meleon-R\K-Meleon-R\goanna\gfx\cairo\cairo\src\cairo-mutex-impl-private.h(180): warning C4005: 'WIN32_LEAN_AND_MEAN': macro redefinition
16:04.77 d:\a\K-Meleon-R\K-Meleon-R\goanna\obj-x64\gfx\cairo\cairo\src\../../../../dist/include/mozilla-config.h(116): note: see previous definition of 'WIN32_LEAN_AND_MEAN'
16:04.77 d:\a\K-Meleon-R\K-Meleon-R\goanna\gfx\cairo\cairo\src\cairo-wideint-private.h(177): warning C4146: unary minus operator applied to unsigned type, result still unsigned
16:04.77 d:\a\K-Meleon-R\K-Meleon-R\goanna\gfx\cairo\cairo\src\cairo-wideint-private.h(181): warning C4146: unary minus operator applied to unsigned type, result still unsigned
16:04.77 cairo-bentley-ottmann.obj
16:04.77 Unified_c_media_libvorbis0.c
16:04.77 C:\Program Files (x86)\Windows Kits\10\include\10.0.26100.0\ucrt\stdlib.h(1282): warning C4005: 'max': macro redefinition
16:04.77 d:\a\K-Meleon-R\K-Meleon-R\goanna\media\libvorbis\lib\os.h(78): note: see previous definition of 'max'
16:04.77 C:\Program Files (x86)\Windows Kits\10\include\10.0.26100.0\ucrt\stdlib.h(1283): warning C4005: 'min': macro redefinition
16:04.77 d:\a\K-Meleon-R\K-Meleon-R\goanna\media\libvorbis\lib\os.h(74): note: see previous definition of 'min'
16:04.77 d:\a\K-Meleon-R\K-Meleon-R\goanna\media\libvorbis\lib/vorbis_psy.c(289): warning C4305: '=': truncation from 'double' to 'float'
16:04.77 d:\a\K-Meleon-R\K-Meleon-R\goanna\media\libvorbis\lib/vorbis_psy.c(290): warning C4305: '=': truncation from 'double' to 'float'
16:04.77 d:\a\K-Meleon-R\K-Meleon-R\goanna\media\libvorbis\lib/vorbis_psy.c(800): warning C4305: '=': truncation from 'double' to 'float'
16:04.77 d:\a\K-Meleon-R\K-Meleon-R\goanna\media\libvorbis\lib/vorbis_psy.c(813): warning C4305: '=': truncation from 'double' to 'float'
16:04.77 d:\a\K-Meleon-R\K-Meleon-R\goanna\media\libvorbis\lib/vorbisenc.c(912): warning C4305: '+=': truncation from 'double' to 'float'
16:04.77 d:\a\K-Meleon-R\K-Meleon-R\goanna\media\libvorbis\lib/vorbisenc.c(913): warning C4305: '=': truncation from 'double' to 'float'
16:04.77 media_libvorbis.lib.desc
16:04.77 cairo-bentley-ottmann-rectilinear.c
16:04.77 d:\a\K-Meleon-R\K-Meleon-R\goanna\gfx\cairo\cairo\src\cairo-mutex-impl-private.h(180): warning C4005: 'WIN32_LEAN_AND_MEAN': macro redefinition
16:13.11 d:\a\K-Meleon-R\K-Meleon-R\goanna\obj-x64\gfx\cairo\cairo\src\../../../../dist/include/mozilla-config.h(116): note: see previous definition of 'WIN32_LEAN_AND_MEAN'
16:13.11 d:\a\K-Meleon-R\K-Meleon-R\goanna\gfx\cairo\cairo\src\cairo-wideint-private.h(177): warning C4146: unary minus operator applied to unsigned type, result still unsigned
16:13.11 d:\a\K-Meleon-R\K-Meleon-R\goanna\gfx\cairo\cairo\src\cairo-wideint-private.h(181): warning C4146: unary minus operator applied to unsigned type, result still unsigned
16:13.11 cairo-cff-subset.obj
16:13.11 cairo-bentley-ottmann.c
16:13.11 d:\a\K-Meleon-R\K-Meleon-R\goanna\gfx\cairo\cairo\src\cairo-mutex-impl-private.h(180): warning C4005: 'WIN32_LEAN_AND_MEAN': macro redefinition
16:13.11 d:\a\K-Meleon-R\K-Meleon-R\goanna\obj-x64\gfx\cairo\cairo\src\../../../../dist/include/mozilla-config.h(116): note: see previous definition of 'WIN32_LEAN_AND_MEAN'
16:13.11 d:\a\K-Meleon-R\K-Meleon-R\goanna\gfx\cairo\cairo\src\cairo-wideint-private.h(177): warning C4146: unary minus operator applied to unsigned type, result still unsigned
16:13.11 d:\a\K-Meleon-R\K-Meleon-R\goanna\gfx\cairo\cairo\src\cairo-wideint-private.h(181): warning C4146: unary minus operator applied to unsigned type, result still unsigned
16:13.11 cairo-deflate-stream.obj
16:13.11 cairo-cff-subset.c
16:13.11 d:\a\K-Meleon-R\K-Meleon-R\goanna\gfx\cairo\cairo\src\cairo-mutex-impl-private.h(180): warning C4005: 'WIN32_LEAN_AND_MEAN': macro redefinition
16:13.11 d:\a\K-Meleon-R\K-Meleon-R\goanna\obj-x64\gfx\cairo\cairo\src\../../../../dist/include/mozilla-config.h(116): note: see previous definition of 'WIN32_LEAN_AND_MEAN'
16:13.11 d:\a\K-Meleon-R\K-Meleon-R\goanna\gfx\cairo\cairo\src\cairo-wideint-private.h(177): warning C4146: unary minus operator applied to unsigned type, result still unsigned
16:13.11 d:\a\K-Meleon-R\K-Meleon-R\goanna\gfx\cairo\cairo\src\cairo-wideint-private.h(181): warning C4146: unary minus operator applied to unsigned type, result still unsigned
16:13.11 cairo-pdf-operators.obj
16:13.11 Unified_cpp_gfx_2d0.cpp
16:13.11 cubeb.obj
16:13.11 cubeb_winmm.obj
16:13.11 cairo-deflate-stream.c
16:13.11 d:\a\K-Meleon-R\K-Meleon-R\goanna\gfx\cairo\cairo\src\cairo-mutex-impl-private.h(180): warning C4005: 'WIN32_LEAN_AND_MEAN': macro redefinition
16:13.11 d:\a\K-Meleon-R\K-Meleon-R\goanna\obj-x64\gfx\cairo\cairo\src\../../../../dist/include/mozilla-config.h(116): note: see previous definition of 'WIN32_LEAN_AND_MEAN'
16:13.11 d:\a\K-Meleon-R\K-Meleon-R\goanna\gfx\cairo\cairo\src\cairo-wideint-private.h(177): warning C4146: unary minus operator applied to unsigned type, result still unsigned
16:13.11 d:\a\K-Meleon-R\K-Meleon-R\goanna\gfx\cairo\cairo\src\cairo-wideint-private.h(181): warning C4146: unary minus operator applied to unsigned type, result still unsigned
16:13.11 cairo-pdf-surface.obj
16:13.11 cubeb.c
16:13.11 cubeb_panner.obj
16:13.11 Unified_cpp_gfx_2d1.cpp
16:13.11 gfx_2d.lib.desc
16:13.11 cairo-surface-wrapper.obj
16:13.11 cairo-pdf-operators.c
16:13.11 d:\a\K-Meleon-R\K-Meleon-R\goanna\gfx\cairo\cairo\src\cairo-mutex-impl-private.h(180): warning C4005: 'WIN32_LEAN_AND_MEAN': macro redefinition
16:13.11 d:\a\K-Meleon-R\K-Meleon-R\goanna\obj-x64\gfx\cairo\cairo\src\../../../../dist/include/mozilla-config.h(116): note: see previous definition of 'WIN32_LEAN_AND_MEAN'
16:13.11 d:\a\K-Meleon-R\K-Meleon-R\goanna\gfx\cairo\cairo\src\cairo-wideint-private.h(177): warning C4146: unary minus operator applied to unsigned type, result still unsigned
16:13.11 d:\a\K-Meleon-R\K-Meleon-R\goanna\gfx\cairo\cairo\src\cairo-wideint-private.h(181): warning C4146: unary minus operator applied to unsigned type, result still unsigned
16:13.11 cubeb_resampler.obj
16:13.11 cubeb_winmm.c
16:13.11 alloccommon.obj
16:13.11 blockd.obj
16:13.11 alloccommon.c
16:13.11 d:\a\K-Meleon-R\K-Meleon-R\goanna\media\libvpx\vpx_config_x86_64-win64-vs12.h(34): warning C4005: 'HAVE_STDINT_H': macro redefinition
16:13.11 d:\a\K-Meleon-R\K-Meleon-R\goanna\obj-x64\media\libvpx\../../dist/include/mozilla-config.h(36): note: see previous definition of 'HAVE_STDINT_H'
16:13.11 copy_c.obj
16:13.11 cairo-pdf-surface.c
16:13.11 d:\a\K-Meleon-R\K-Meleon-R\goanna\gfx\cairo\cairo\src\cairo-mutex-impl-private.h(180): warning C4005: 'WIN32_LEAN_AND_MEAN': macro redefinition
16:13.11 d:\a\K-Meleon-R\K-Meleon-R\goanna\obj-x64\gfx\cairo\cairo\src\../../../../dist/include/mozilla-config.h(116): note: see previous definition of 'WIN32_LEAN_AND_MEAN'
16:13.11 d:\a\K-Meleon-R\K-Meleon-R\goanna\gfx\cairo\cairo\src\cairo-wideint-private.h(177): warning C4146: unary minus operator applied to unsigned type, result still unsigned
16:13.11 d:\a\K-Meleon-R\K-Meleon-R\goanna\gfx\cairo\cairo\src\cairo-wideint-private.h(181): warning C4146: unary minus operator applied to unsigned type, result still unsigned
16:13.13 cairo-truetype-subset.obj
16:13.13 cubeb_panner.cpp
16:13.13 cubeb_wasapi.obj
16:13.13 blockd.c
16:13.13 d:\a\K-Meleon-R\K-Meleon-R\goanna\media\libvpx\vpx_config_x86_64-win64-vs12.h(34): warning C4005: 'HAVE_STDINT_H': macro redefinition
16:13.13 d:\a\K-Meleon-R\K-Meleon-R\goanna\obj-x64\media\libvpx\../../dist/include/mozilla-config.h(36): note: see previous definition of 'HAVE_STDINT_H'
16:13.13 debugmodes.obj
16:13.13 copy_c.c
16:13.13 dequantize.obj
16:13.13 cairo-surface-wrapper.c
16:13.13 d:\a\K-Meleon-R\K-Meleon-R\goanna\gfx\cairo\cairo\src\cairo-mutex-impl-private.h(180): warning C4005: 'WIN32_LEAN_AND_MEAN': macro redefinition
16:13.13 d:\a\K-Meleon-R\K-Meleon-R\goanna\obj-x64\gfx\cairo\cairo\src\../../../../dist/include/mozilla-config.h(116): note: see previous definition of 'WIN32_LEAN_AND_MEAN'
16:13.13 d:\a\K-Meleon-R\K-Meleon-R\goanna\gfx\cairo\cairo\src\cairo-wideint-private.h(177): warning C4146: unary minus operator applied to unsigned type, result still unsigned
16:13.13 d:\a\K-Meleon-R\K-Meleon-R\goanna\gfx\cairo\cairo\src\cairo-wideint-private.h(181): warning C4146: unary minus operator applied to unsigned type, result still unsigned
16:13.13 cairo-type1-fallback.obj
16:13.13 debugmodes.c
16:13.13 d:\a\K-Meleon-R\K-Meleon-R\goanna\media\libvpx\vpx_config_x86_64-win64-vs12.h(34): warning C4005: 'HAVE_STDINT_H': macro redefinition
16:13.13 d:\a\K-Meleon-R\K-Meleon-R\goanna\obj-x64\media\libvpx\../../dist/include/mozilla-config.h(36): note: see previous definition of 'HAVE_STDINT_H'
16:13.13 entropy.obj
16:13.13 cubeb_resampler.cpp
16:13.13 dequantize.c
16:13.13 d:\a\K-Meleon-R\K-Meleon-R\goanna\media\libvpx\vpx_config_x86_64-win64-vs12.h(34): warning C4005: 'HAVE_STDINT_H': macro redefinition
16:13.13 d:\a\K-Meleon-R\K-Meleon-R\goanna\obj-x64\media\libvpx\../../dist/include/mozilla-config.h(36): note: see previous definition of 'HAVE_STDINT_H'
16:13.13 entropymode.obj
16:13.13 cairo-truetype-subset.c
16:13.13 d:\a\K-Meleon-R\K-Meleon-R\goanna\gfx\cairo\cairo\src\cairo-mutex-impl-private.h(180): warning C4005: 'WIN32_LEAN_AND_MEAN': macro redefinition
16:13.13 d:\a\K-Meleon-R\K-Meleon-R\goanna\obj-x64\gfx\cairo\cairo\src\../../../../dist/include/mozilla-config.h(116): note: see previous definition of 'WIN32_LEAN_AND_MEAN'
16:13.13 d:\a\K-Meleon-R\K-Meleon-R\goanna\gfx\cairo\cairo\src\cairo-wideint-private.h(177): warning C4146: unary minus operator applied to unsigned type, result still unsigned
16:13.13 d:\a\K-Meleon-R\K-Meleon-R\goanna\gfx\cairo\cairo\src\cairo-wideint-private.h(181): warning C4146: unary minus operator applied to unsigned type, result still unsigned
16:13.13 cairo-type3-glyph-surface.obj
16:13.13 entropy.c
16:13.13 d:\a\K-Meleon-R\K-Meleon-R\goanna\media\libvpx\vpx_config_x86_64-win64-vs12.h(34): warning C4005: 'HAVE_STDINT_H': macro redefinition
16:13.13 d:\a\K-Meleon-R\K-Meleon-R\goanna\obj-x64\media\libvpx\../../dist/include/mozilla-config.h(36): note: see previous definition of 'HAVE_STDINT_H'
16:13.13 entropymv.obj
16:13.13 entropymode.c
16:13.13 d:\a\K-Meleon-R\K-Meleon-R\goanna\media\libvpx\vpx_config_x86_64-win64-vs12.h(34): warning C4005: 'HAVE_STDINT_H': macro redefinition
16:13.13 d:\a\K-Meleon-R\K-Meleon-R\goanna\obj-x64\media\libvpx\../../dist/include/mozilla-config.h(36): note: see previous definition of 'HAVE_STDINT_H'
16:13.13 extend.obj
16:13.13 cairo-type1-fallback.c
16:13.13 d:\a\K-Meleon-R\K-Meleon-R\goanna\gfx\cairo\cairo\src\cairo-mutex-impl-private.h(180): warning C4005: 'WIN32_LEAN_AND_MEAN': macro redefinition
16:13.13 d:\a\K-Meleon-R\K-Meleon-R\goanna\obj-x64\gfx\cairo\cairo\src\../../../../dist/include/mozilla-config.h(116): note: see previous definition of 'WIN32_LEAN_AND_MEAN'
16:13.13 d:\a\K-Meleon-R\K-Meleon-R\goanna\gfx\cairo\cairo\src\cairo-wideint-private.h(177): warning C4146: unary minus operator applied to unsigned type, result still unsigned
16:13.13 d:\a\K-Meleon-R\K-Meleon-R\goanna\gfx\cairo\cairo\src\cairo-wideint-private.h(181): warning C4146: unary minus operator applied to unsigned type, result still unsigned
16:13.13 cairo-win32-font.obj
16:13.13 entropymv.c
16:13.13 filter.obj
16:13.13 cubeb_wasapi.cpp
16:13.13 cubeb.lib.desc
16:13.13 cairo-win32-printing-surface.obj
16:13.13 extend.c
16:13.13 d:\a\K-Meleon-R\K-Meleon-R\goanna\media\libvpx\vpx_config_x86_64-win64-vs12.h(34): warning C4005: 'HAVE_STDINT_H': macro redefinition
16:13.13 d:\a\K-Meleon-R\K-Meleon-R\goanna\obj-x64\media\libvpx\../../dist/include/mozilla-config.h(36): note: see previous definition of 'HAVE_STDINT_H'
16:13.13 findnearmv.obj
16:13.13 cairo-type3-glyph-surface.c
16:13.13 d:\a\K-Meleon-R\K-Meleon-R\goanna\gfx\cairo\cairo\src\cairo-mutex-impl-private.h(180): warning C4005: 'WIN32_LEAN_AND_MEAN': macro redefinition
16:13.13 d:\a\K-Meleon-R\K-Meleon-R\goanna\obj-x64\gfx\cairo\cairo\src\../../../../dist/include/mozilla-config.h(116): note: see previous definition of 'WIN32_LEAN_AND_MEAN'
16:13.13 d:\a\K-Meleon-R\K-Meleon-R\goanna\gfx\cairo\cairo\src\cairo-wideint-private.h(177): warning C4146: unary minus operator applied to unsigned type, result still unsigned
16:13.13 d:\a\K-Meleon-R\K-Meleon-R\goanna\gfx\cairo\cairo\src\cairo-wideint-private.h(181): warning C4146: unary minus operator applied to unsigned type, result still unsigned
16:13.13 bands.obj
16:13.13 celt.obj
16:13.13 filter.c
16:13.13 d:\a\K-Meleon-R\K-Meleon-R\goanna\media\libvpx\vpx_config_x86_64-win64-vs12.h(34): warning C4005: 'HAVE_STDINT_H': macro redefinition
16:13.13 d:\a\K-Meleon-R\K-Meleon-R\goanna\obj-x64\media\libvpx\../../dist/include/mozilla-config.h(36): note: see previous definition of 'HAVE_STDINT_H'
16:13.13 systemdependent.obj
16:13.13 cairo-win32-font.c
16:13.13 d:/a/K-Meleon-R/K-Meleon-R/goanna/gfx/cairo/cairo/src/cairo-win32-font.c(36): warning C4005: 'WIN32_LEAN_AND_MEAN': macro redefinition
16:13.13 d:\a\K-Meleon-R\K-Meleon-R\goanna\obj-x64\gfx\cairo\cairo\src\../../../../dist/include/mozilla-config.h(116): note: see previous definition of 'WIN32_LEAN_AND_MEAN'
16:13.13 d:\a\K-Meleon-R\K-Meleon-R\goanna\gfx\cairo\cairo\src\cairo-wideint-private.h(177): warning C4146: unary minus operator applied to unsigned type, result still unsigned
16:13.13 d:\a\K-Meleon-R\K-Meleon-R\goanna\gfx\cairo\cairo\src\cairo-wideint-private.h(181): warning C4146: unary minus operator applied to unsigned type, result still unsigned
16:13.13 d:/a/K-Meleon-R/K-Meleon-R/goanna/gfx/cairo/cairo/src/cairo-win32-font.c(252): warning C4996: 'GetVersionExA': was declared deprecated
16:17.19 cairo-win32-surface.obj
16:17.19 findnearmv.c
16:17.19 d:\a\K-Meleon-R\K-Meleon-R\goanna\media\libvpx\vpx_config_x86_64-win64-vs12.h(34): warning C4005: 'HAVE_STDINT_H': macro redefinition
16:17.19 d:\a\K-Meleon-R\K-Meleon-R\goanna\obj-x64\media\libvpx\../../dist/include/mozilla-config.h(36): note: see previous definition of 'HAVE_STDINT_H'
16:17.19 idct_blk.obj
16:17.19 bands.c
16:17.19 celt_decoder.obj
16:17.19 cairo-win32-printing-surface.c
16:17.19 d:/a/K-Meleon-R/K-Meleon-R/goanna/gfx/cairo/cairo/src/cairo-win32-printing-surface.c(38): warning C4005: 'WIN32_LEAN_AND_MEAN': macro redefinition
16:17.19 d:\a\K-Meleon-R\K-Meleon-R\goanna\obj-x64\gfx\cairo\cairo\src\../../../../dist/include/mozilla-config.h(116): note: see previous definition of 'WIN32_LEAN_AND_MEAN'
16:17.19 d:\a\K-Meleon-R\K-Meleon-R\goanna\gfx\cairo\cairo\src\cairo-wideint-private.h(177): warning C4146: unary minus operator applied to unsigned type, result still unsigned
16:17.19 d:\a\K-Meleon-R\K-Meleon-R\goanna\gfx\cairo\cairo\src\cairo-wideint-private.h(181): warning C4146: unary minus operator applied to unsigned type, result still unsigned
16:17.19 Unified_c_gfx_cairo_cairo_src0.obj
16:17.19 celt.c
16:17.19 celt_encoder.obj
16:17.19 systemdependent.c
16:17.19 d:\a\K-Meleon-R\K-Meleon-R\goanna\media\libvpx\vpx_config_x86_64-win64-vs12.h(34): warning C4005: 'HAVE_STDINT_H': macro redefinition
16:17.19 d:\a\K-Meleon-R\K-Meleon-R\goanna\obj-x64\media\libvpx\../../dist/include/mozilla-config.h(36): note: see previous definition of 'HAVE_STDINT_H'
16:17.19 idctllm.obj
16:17.19 idct_blk.c
16:17.19 d:\a\K-Meleon-R\K-Meleon-R\goanna\media\libvpx\vpx_config_x86_64-win64-vs12.h(34): warning C4005: 'HAVE_STDINT_H': macro redefinition
16:17.19 d:\a\K-Meleon-R\K-Meleon-R\goanna\obj-x64\media\libvpx\../../dist/include/mozilla-config.h(36): note: see previous definition of 'HAVE_STDINT_H'
16:17.19 loopfilter.obj
16:17.19 celt_decoder.c
16:17.19 celt_lpc.obj
16:17.19 cairo-win32-surface.c
16:17.19 d:/a/K-Meleon-R/K-Meleon-R/goanna/gfx/cairo/cairo/src/cairo-win32-surface.c(39): warning C4005: 'WIN32_LEAN_AND_MEAN': macro redefinition
16:17.19 d:\a\K-Meleon-R\K-Meleon-R\goanna\obj-x64\gfx\cairo\cairo\src\../../../../dist/include/mozilla-config.h(116): note: see previous definition of 'WIN32_LEAN_AND_MEAN'
16:17.19 d:\a\K-Meleon-R\K-Meleon-R\goanna\gfx\cairo\cairo\src\cairo-wideint-private.h(177): warning C4146: unary minus operator applied to unsigned type, result still unsigned
16:17.19 d:\a\K-Meleon-R\K-Meleon-R\goanna\gfx\cairo\cairo\src\cairo-wideint-private.h(181): warning C4146: unary minus operator applied to unsigned type, result still unsigned
16:17.19 d:/a/K-Meleon-R/K-Meleon-R/goanna/gfx/cairo/cairo/src/cairo-win32-surface.c(539): warning C4133: '=': incompatible types - from 'cairo_surface_t *' to 'cairo_image_surface_t *'
16:17.19 d:/a/K-Meleon-R/K-Meleon-R/goanna/gfx/cairo/cairo/src/cairo-win32-surface.c(956): warning C4996: 'GetVersionExA': was declared deprecated
16:17.19 d:/a/K-Meleon-R/K-Meleon-R/goanna/gfx/cairo/cairo/src/cairo-win32-surface.c(1066): warning C4133: 'function': incompatible types - from 'cairo_surface_t *' to 'cairo_image_surface_t *'
16:17.19 d:/a/K-Meleon-R/K-Meleon-R/goanna/gfx/cairo/cairo/src/cairo-win32-surface.c(1483): warning C4018: '<': signed/unsigned mismatch
16:17.19 d:/a/K-Meleon-R/K-Meleon-R/goanna/gfx/cairo/cairo/src/cairo-win32-surface.c(1489): warning C4018: '>': signed/unsigned mismatch
16:17.19 d:/a/K-Meleon-R/K-Meleon-R/goanna/gfx/cairo/cairo/src/cairo-win32-surface.c(1493): warning C4018: '<': signed/unsigned mismatch
16:17.19 d:/a/K-Meleon-R/K-Meleon-R/goanna/gfx/cairo/cairo/src/cairo-win32-surface.c(1499): warning C4018: '>': signed/unsigned mismatch
16:17.19 d:/a/K-Meleon-R/K-Meleon-R/goanna/gfx/cairo/cairo/src/cairo-win32-surface.c(3423): warning C4133: '=': incompatible types - from 'cairo_surface_t *' to 'cairo_image_surface_t *'
16:17.19 d:/a/K-Meleon-R/K-Meleon-R/goanna/gfx/cairo/cairo/src/cairo-win32-surface.c(3432): warning C4133: 'function': incompatible types - from 'cairo_image_surface_t *' to 'cairo_surface_t *'
16:17.19 d:/a/K-Meleon-R/K-Meleon-R/goanna/gfx/cairo/cairo/src/cairo-win32-surface.c(3433): warning C4133: 'function': incompatible types - from 'cairo_image_surface_t *' to 'cairo_surface_t *'
16:17.19 d:/a/K-Meleon-R/K-Meleon-R/goanna/gfx/cairo/cairo/src/cairo-win32-surface.c(3470): warning C4133: 'function': incompatible types - from 'cairo_image_surface_t *' to 'cairo_surface_t *'
16:17.19 d:/a/K-Meleon-R/K-Meleon-R/goanna/gfx/cairo/cairo/src/cairo-win32-surface.c(3853): warning C4133: 'initializing': incompatible types - from 'cairo_status_t (__cdecl *)(cairo_surface_t *,cairo_operator_t,const cairo_pattern_t *,cairo_clip_t *)' to 'cairo_int_status_t (__cdecl *)(void *,cairo_operator_t,const cairo_pattern_t *,cairo_clip_t *)'
16:17.19 d:/a/K-Meleon-R/K-Meleon-R/goanna/gfx/cairo/cairo/src/cairo-win32-surface.c(3853): warning C4133: 'initializing': incompatible types - from 'cairo_status_t (__cdecl *)(cairo_surface_t *,cairo_operator_t,const cairo_pattern_t *,const cairo_pattern_t *,cairo_clip_t *)' to 'cairo_int_status_t (__cdecl *)(void *,cairo_operator_t,const cairo_pattern_t *,const cairo_pattern_t *,cairo_clip_t *)'
16:17.19 d:/a/K-Meleon-R/K-Meleon-R/goanna/gfx/cairo/cairo/src/cairo-win32-surface.c(3853): warning C4133: 'initializing': incompatible types - from 'cairo_status_t (__cdecl *)(cairo_surface_t *,cairo_operator_t,const cairo_pattern_t *,cairo_path_fixed_t *,const cairo_stroke_style_t *,const cairo_matrix_t *,const cairo_matrix_t *,double,cairo_antialias_t,cairo_clip_t *)' to 'cairo_int_status_t (__cdecl *)(void *,cairo_operator_t,const cairo_pattern_t *,cairo_path_fixed_t *,const cairo_stroke_style_t *,const cairo_matrix_t *,const cairo_matrix_t *,double,cairo_antialias_t,cairo_clip_t *)'
16:17.19 d:/a/K-Meleon-R/K-Meleon-R/goanna/gfx/cairo/cairo/src/cairo-win32-surface.c(3853): warning C4133: 'initializing': incompatible types - from 'cairo_status_t (__cdecl *)(cairo_surface_t *,cairo_operator_t,const cairo_pattern_t *,cairo_path_fixed_t *,cairo_fill_rule_t,double,cairo_antialias_t,cairo_clip_t *)' to 'cairo_int_status_t (__cdecl *)(void *,cairo_operator_t,const cairo_pattern_t *,cairo_path_fixed_t *,cairo_fill_rule_t,double,cairo_antialias_t,cairo_clip_t *)'
16:17.19 Unified_c_gfx_cairo_cairo_src1.obj
16:17.19 idctllm.c
16:17.19 loopfilter_filters.obj
16:17.19 loopfilter.c
16:17.19 d:\a\K-Meleon-R\K-Meleon-R\goanna\media\libvpx\vpx_config_x86_64-win64-vs12.h(34): warning C4005: 'HAVE_STDINT_H': macro redefinition
16:17.19 d:\a\K-Meleon-R\K-Meleon-R\goanna\obj-x64\media\libvpx\../../dist/include/mozilla-config.h(36): note: see previous definition of 'HAVE_STDINT_H'
16:17.19 mbpitch.obj
16:17.19 celt_encoder.c
16:17.19 Unified_c_gfx_cairo_cairo_src0.c
16:17.19 d:\a\K-Meleon-R\K-Meleon-R\goanna\gfx\cairo\cairo\src\cairo-mutex-impl-private.h(180): warning C4005: 'WIN32_LEAN_AND_MEAN': macro redefinition
16:17.19 d:\a\K-Meleon-R\K-Meleon-R\goanna\obj-x64\gfx\cairo\cairo\src\../../../../dist/include/mozilla-config.h(116): note: see previous definition of 'WIN32_LEAN_AND_MEAN'
16:17.19 d:\a\K-Meleon-R\K-Meleon-R\goanna\gfx\cairo\cairo\src\cairo-wideint-private.h(177): warning C4146: unary minus operator applied to unsigned type, result still unsigned
16:17.19 d:\a\K-Meleon-R\K-Meleon-R\goanna\gfx\cairo\cairo\src\cairo-wideint-private.h(181): warning C4146: unary minus operator applied to unsigned type, result still unsigned
16:17.19 Unified_c_gfx_cairo_cairo_src2.obj
16:17.19 cwrs.obj
16:17.19 loopfilter_filters.c
16:17.19 d:\a\K-Meleon-R\K-Meleon-R\goanna\media\libvpx\vpx_config_x86_64-win64-vs12.h(34): warning C4005: 'HAVE_STDINT_H': macro redefinition
16:17.19 d:\a\K-Meleon-R\K-Meleon-R\goanna\obj-x64\media\libvpx\../../dist/include/mozilla-config.h(36): note: see previous definition of 'HAVE_STDINT_H'
16:17.19 mfqe.obj
16:17.19 celt_lpc.c
16:17.19 entcode.obj
16:17.19 mbpitch.c
16:17.19 d:\a\K-Meleon-R\K-Meleon-R\goanna\media\libvpx\vpx_config_x86_64-win64-vs12.h(34): warning C4005: 'HAVE_STDINT_H': macro redefinition
16:17.19 d:\a\K-Meleon-R\K-Meleon-R\goanna\obj-x64\media\libvpx\../../dist/include/mozilla-config.h(36): note: see previous definition of 'HAVE_STDINT_H'
16:17.19 modecont.obj
16:17.19 Unified_c_gfx_cairo_cairo_src1.c
16:17.19 d:\a\K-Meleon-R\K-Meleon-R\goanna\gfx\cairo\cairo\src\cairo-mutex-impl-private.h(180): warning C4005: 'WIN32_LEAN_AND_MEAN': macro redefinition
16:17.19 d:\a\K-Meleon-R\K-Meleon-R\goanna\obj-x64\gfx\cairo\cairo\src\../../../../dist/include/mozilla-config.h(116): note: see previous definition of 'WIN32_LEAN_AND_MEAN'
16:17.19 d:\a\K-Meleon-R\K-Meleon-R\goanna\gfx\cairo\cairo\src\cairo-wideint-private.h(177): warning C4146: unary minus operator applied to unsigned type, result still unsigned
16:17.19 d:\a\K-Meleon-R\K-Meleon-R\goanna\gfx\cairo\cairo\src\cairo-wideint-private.h(181): warning C4146: unary minus operator applied to unsigned type, result still unsigned
16:17.19 d:\a\K-Meleon-R\K-Meleon-R\goanna\gfx\cairo\cairo\src\cairo-image-surface.c(435): warning C4146: unary minus operator applied to unsigned type, result still unsigned
16:17.19 d:\a\K-Meleon-R\K-Meleon-R\goanna\gfx\cairo\cairo\src\cairo-image-surface.c(2869): warning C4146: unary minus operator applied to unsigned type, result still unsigned
16:17.19 d:\a\K-Meleon-R\K-Meleon-R\goanna\gfx\cairo\cairo\src\cairo-image-surface.c(2875): warning C4146: unary minus operator applied to unsigned type, result still unsigned
16:17.19 d:\a\K-Meleon-R\K-Meleon-R\goanna\gfx\cairo\cairo\src\cairo-image-surface.c(3506): warning C4146: unary minus operator applied to unsigned type, result still unsigned
16:17.19 Unified_c_gfx_cairo_cairo_src3.obj
16:17.19 cwrs.c
16:17.19 entdec.obj
16:17.19 mfqe.c
16:17.19 d:\a\K-Meleon-R\K-Meleon-R\goanna\media\libvpx\vpx_config_x86_64-win64-vs12.h(34): warning C4005: 'HAVE_STDINT_H': macro redefinition
16:17.19 d:\a\K-Meleon-R\K-Meleon-R\goanna\obj-x64\media\libvpx\../../dist/include/mozilla-config.h(36): note: see previous definition of 'HAVE_STDINT_H'
16:17.19 postproc.obj
16:17.19 entcode.c
16:17.19 entenc.obj
16:17.19 modecont.c
16:17.19 d:\a\K-Meleon-R\K-Meleon-R\goanna\media\libvpx\vpx_config_x86_64-win64-vs12.h(34): warning C4005: 'HAVE_STDINT_H': macro redefinition
16:17.19 d:\a\K-Meleon-R\K-Meleon-R\goanna\obj-x64\media\libvpx\../../dist/include/mozilla-config.h(36): note: see previous definition of 'HAVE_STDINT_H'
16:17.19 quant_common.obj
16:17.19 Unified_c_gfx_cairo_cairo_src2.c
16:17.21 d:\a\K-Meleon-R\K-Meleon-R\goanna\gfx\cairo\cairo\src\cairo-mutex-impl-private.h(180): warning C4005: 'WIN32_LEAN_AND_MEAN': macro redefinition
16:17.21 d:\a\K-Meleon-R\K-Meleon-R\goanna\obj-x64\gfx\cairo\cairo\src\../../../../dist/include/mozilla-config.h(116): note: see previous definition of 'WIN32_LEAN_AND_MEAN'
16:17.21 d:\a\K-Meleon-R\K-Meleon-R\goanna\gfx\cairo\cairo\src\cairo-wideint-private.h(177): warning C4146: unary minus operator applied to unsigned type, result still unsigned
16:22.84 d:\a\K-Meleon-R\K-Meleon-R\goanna\gfx\cairo\cairo\src\cairo-wideint-private.h(181): warning C4146: unary minus operator applied to unsigned type, result still unsigned
16:22.84 Unified_c_gfx_cairo_cairo_src4.obj
16:22.84 entdec.c
16:22.84 kiss_fft.obj
16:22.84 postproc.c
16:22.84 d:\a\K-Meleon-R\K-Meleon-R\goanna\media\libvpx\vpx_config_x86_64-win64-vs12.h(34): warning C4005: 'HAVE_STDINT_H': macro redefinition
16:22.84 d:\a\K-Meleon-R\K-Meleon-R\goanna\obj-x64\media\libvpx\../../dist/include/mozilla-config.h(36): note: see previous definition of 'HAVE_STDINT_H'
16:22.84 reconinter.obj
16:22.84 quant_common.c
16:22.84 d:\a\K-Meleon-R\K-Meleon-R\goanna\media\libvpx\vpx_config_x86_64-win64-vs12.h(34): warning C4005: 'HAVE_STDINT_H': macro redefinition
16:22.84 d:\a\K-Meleon-R\K-Meleon-R\goanna\obj-x64\media\libvpx\../../dist/include/mozilla-config.h(36): note: see previous definition of 'HAVE_STDINT_H'
16:22.84 reconintra.obj
16:22.84 entenc.c
16:22.84 laplace.obj
16:22.84 Unified_c_gfx_cairo_cairo_src3.c
16:22.84 d:\a\K-Meleon-R\K-Meleon-R\goanna\gfx\cairo\cairo\src\cairo-mutex-impl-private.h(180): warning C4005: 'WIN32_LEAN_AND_MEAN': macro redefinition
16:22.84 d:\a\K-Meleon-R\K-Meleon-R\goanna\obj-x64\gfx\cairo\cairo\src\../../../../dist/include/mozilla-config.h(116): note: see previous definition of 'WIN32_LEAN_AND_MEAN'
16:22.84 d:\a\K-Meleon-R\K-Meleon-R\goanna\gfx\cairo\cairo\src\cairo-wideint-private.h(177): warning C4146: unary minus operator applied to unsigned type, result still unsigned
16:22.84 d:\a\K-Meleon-R\K-Meleon-R\goanna\gfx\cairo\cairo\src\cairo-wideint-private.h(181): warning C4146: unary minus operator applied to unsigned type, result still unsigned
16:22.84 d:\a\K-Meleon-R\K-Meleon-R\goanna\gfx\cairo\cairo\src\cairo-surface.c(1465): warning C4047: '=': 'volatile char' differs in levels of indirection from 'volatile char *'
16:22.84 d:\a\K-Meleon-R\K-Meleon-R\goanna\gfx\cairo\cairo\src\cairo-version.c(39): warning C4005: 'CAIRO_VERSION_H': macro redefinition
16:22.84 d:\a\K-Meleon-R\K-Meleon-R\goanna\gfx\cairo\cairo\src\cairo-version.h(8): note: see previous definition of 'CAIRO_VERSION_H'
16:22.84 cairo-d2d-surface.obj
16:22.84 reconinter.c
16:22.84 d:\a\K-Meleon-R\K-Meleon-R\goanna\media\libvpx\vpx_config_x86_64-win64-vs12.h(34): warning C4005: 'HAVE_STDINT_H': macro redefinition
16:22.84 d:\a\K-Meleon-R\K-Meleon-R\goanna\obj-x64\media\libvpx\../../dist/include/mozilla-config.h(36): note: see previous definition of 'HAVE_STDINT_H'
16:22.84 reconintra4x4.obj
16:22.84 kiss_fft.c
16:22.84 mathops.obj
16:22.84 reconintra.c
16:22.84 d:\a\K-Meleon-R\K-Meleon-R\goanna\media\libvpx\vpx_config_x86_64-win64-vs12.h(34): warning C4005: 'HAVE_STDINT_H': macro redefinition
16:22.84 d:\a\K-Meleon-R\K-Meleon-R\goanna\obj-x64\media\libvpx\../../dist/include/mozilla-config.h(36): note: see previous definition of 'HAVE_STDINT_H'
16:22.84 rtcd.obj
16:22.84 laplace.c
16:22.84 Unified_c_gfx_cairo_cairo_src4.c
16:22.84 d:\a\K-Meleon-R\K-Meleon-R\goanna\gfx\cairo\cairo\src\cairo-mutex-impl-private.h(180): warning C4005: 'WIN32_LEAN_AND_MEAN': macro redefinition
16:22.84 d:\a\K-Meleon-R\K-Meleon-R\goanna\obj-x64\gfx\cairo\cairo\src\../../../../dist/include/mozilla-config.h(116): note: see previous definition of 'WIN32_LEAN_AND_MEAN'
16:22.84 d:\a\K-Meleon-R\K-Meleon-R\goanna\gfx\cairo\cairo\src\cairo-wideint-private.h(177): warning C4146: unary minus operator applied to unsigned type, result still unsigned
16:22.84 d:\a\K-Meleon-R\K-Meleon-R\goanna\gfx\cairo\cairo\src\cairo-wideint-private.h(181): warning C4146: unary minus operator applied to unsigned type, result still unsigned
16:22.84 d:\a\K-Meleon-R\K-Meleon-R\goanna\gfx\cairo\cairo\src\cairo-wideint.c(689): warning C4146: unary minus operator applied to unsigned type, result still unsigned
16:22.84 d:\a\K-Meleon-R\K-Meleon-R\goanna\gfx\cairo\cairo\src\cairo-wideint.c(756): warning C4146: unary minus operator applied to unsigned type, result still unsigned
16:22.84 d:\a\K-Meleon-R\K-Meleon-R\goanna\gfx\cairo\cairo\src\cairo-wideint.c(805): warning C4146: unary minus operator applied to unsigned type, result still unsigned
16:22.84 d:\a\K-Meleon-R\K-Meleon-R\goanna\gfx\cairo\cairo\src\cairo-wideint.c(811): warning C4146: unary minus operator applied to unsigned type, result still unsigned
16:22.84 d:\a\K-Meleon-R\K-Meleon-R\goanna\gfx\cairo\cairo\src\cairo-wideint.c(815): warning C4146: unary minus operator applied to unsigned type, result still unsigned
16:22.84 mdct.obj
16:22.84 cairo-dwrite-font.obj
16:22.84 reconintra4x4.c
16:22.84 d:\a\K-Meleon-R\K-Meleon-R\goanna\media\libvpx\vpx_config_x86_64-win64-vs12.h(34): warning C4005: 'HAVE_STDINT_H': macro redefinition
16:22.84 d:\a\K-Meleon-R\K-Meleon-R\goanna\obj-x64\media\libvpx\../../dist/include/mozilla-config.h(36): note: see previous definition of 'HAVE_STDINT_H'
16:22.84 setupintrarecon.obj
16:22.84 mathops.c
16:22.84 modes.obj
16:22.84 rtcd.c
16:22.84 d:\a\K-Meleon-R\K-Meleon-R\goanna\media\libvpx\vpx_config_x86_64-win64-vs12.h(34): warning C4005: 'HAVE_STDINT_H': macro redefinition
16:22.84 d:\a\K-Meleon-R\K-Meleon-R\goanna\obj-x64\media\libvpx\../../dist/include/mozilla-config.h(36): note: see previous definition of 'HAVE_STDINT_H'
16:22.84 swapyv12buffer.obj
16:22.84 mdct.c
16:22.84 pitch.obj
16:22.84 setupintrarecon.c
16:22.84 d:\a\K-Meleon-R\K-Meleon-R\goanna\media\libvpx\vpx_config_x86_64-win64-vs12.h(34): warning C4005: 'HAVE_STDINT_H': macro redefinition
16:22.84 d:\a\K-Meleon-R\K-Meleon-R\goanna\obj-x64\media\libvpx\../../dist/include/mozilla-config.h(36): note: see previous definition of 'HAVE_STDINT_H'
16:22.84 treecoder.obj
16:22.84 modes.c
16:22.84 quant_bands.obj
16:22.84 swapyv12buffer.c
16:22.84 d:\a\K-Meleon-R\K-Meleon-R\goanna\media\libvpx\vpx_config_x86_64-win64-vs12.h(34): warning C4005: 'HAVE_STDINT_H': macro redefinition
16:22.84 d:\a\K-Meleon-R\K-Meleon-R\goanna\obj-x64\media\libvpx\../../dist/include/mozilla-config.h(36): note: see previous definition of 'HAVE_STDINT_H'
16:22.84 variance_c.obj
16:22.84 cairo-d2d-surface.cpp
16:22.84 d:\a\K-Meleon-R\K-Meleon-R\goanna\gfx\cairo\cairo\src\cairo-mutex-impl-private.h(180): warning C4005: 'WIN32_LEAN_AND_MEAN': macro redefinition
16:22.84 d:\a\K-Meleon-R\K-Meleon-R\goanna\obj-x64\gfx\cairo\cairo\src\../../../../dist/include/mozilla-config.h(116): note: see previous definition of 'WIN32_LEAN_AND_MEAN'
16:22.84 d:\a\K-Meleon-R\K-Meleon-R\goanna\gfx\cairo\cairo\src\cairo-wideint-private.h(177): warning C4146: unary minus operator applied to unsigned type, result still unsigned
16:22.84 d:\a\K-Meleon-R\K-Meleon-R\goanna\gfx\cairo\cairo\src\cairo-wideint-private.h(181): warning C4146: unary minus operator applied to unsigned type, result still unsigned
16:22.84 d:/a/K-Meleon-R/K-Meleon-R/goanna/gfx/cairo/cairo/src/cairo-d2d-surface.cpp(2568): warning C4018: '<': signed/unsigned mismatch
16:22.84 pitch.c
16:22.84 rate.obj
16:22.84 treecoder.c
16:22.84 filter_x86.obj
16:22.84 quant_bands.c
16:22.84 vq.obj
16:22.84 variance_c.c
16:22.84 d:\a\K-Meleon-R\K-Meleon-R\goanna\media\libvpx\vpx_config_x86_64-win64-vs12.h(34): warning C4005: 'HAVE_STDINT_H': macro redefinition
16:22.84 d:\a\K-Meleon-R\K-Meleon-R\goanna\obj-x64\media\libvpx\../../dist/include/mozilla-config.h(36): note: see previous definition of 'HAVE_STDINT_H'
16:22.84 idct_blk_mmx.obj
16:22.84 filter_x86.c
16:22.84 d:\a\K-Meleon-R\K-Meleon-R\goanna\media\libvpx\vpx_config_x86_64-win64-vs12.h(34): warning C4005: 'HAVE_STDINT_H': macro redefinition
16:22.84 d:\a\K-Meleon-R\K-Meleon-R\goanna\obj-x64\media\libvpx\../../dist/include/mozilla-config.h(36): note: see previous definition of 'HAVE_STDINT_H'
16:22.84 idct_blk_sse2.obj
16:22.84 rate.c
16:22.84 A2NLSF.obj
16:22.84 idct_blk_mmx.c
16:22.84 d:\a\K-Meleon-R\K-Meleon-R\goanna\media\libvpx\vpx_config_x86_64-win64-vs12.h(34): warning C4005: 'HAVE_STDINT_H': macro redefinition
16:22.84 d:\a\K-Meleon-R\K-Meleon-R\goanna\obj-x64\media\libvpx\../../dist/include/mozilla-config.h(36): note: see previous definition of 'HAVE_STDINT_H'
16:22.84 loopfilter_x86.obj
16:22.84 idct_blk_sse2.c
16:22.84 d:\a\K-Meleon-R\K-Meleon-R\goanna\media\libvpx\vpx_config_x86_64-win64-vs12.h(34): warning C4005: 'HAVE_STDINT_H': macro redefinition
16:22.84 d:\a\K-Meleon-R\K-Meleon-R\goanna\obj-x64\media\libvpx\../../dist/include/mozilla-config.h(36): note: see previous definition of 'HAVE_STDINT_H'
16:22.84 vq.c
16:22.84 recon_wrapper_sse2.obj
16:22.84 CNG.obj
16:22.84 cairo-dwrite-font.cpp
16:22.84 d:\a\K-Meleon-R\K-Meleon-R\goanna\gfx\cairo\cairo\src\cairo-mutex-impl-private.h(180): warning C4005: 'WIN32_LEAN_AND_MEAN': macro redefinition
16:22.84 d:\a\K-Meleon-R\K-Meleon-R\goanna\obj-x64\gfx\cairo\cairo\src\../../../../dist/include/mozilla-config.h(116): note: see previous definition of 'WIN32_LEAN_AND_MEAN'
16:22.84 d:\a\K-Meleon-R\K-Meleon-R\goanna\gfx\cairo\cairo\src\cairo-wideint-private.h(177): warning C4146: unary minus operator applied to unsigned type, result still unsigned
16:22.84 d:\a\K-Meleon-R\K-Meleon-R\goanna\gfx\cairo\cairo\src\cairo-wideint-private.h(181): warning C4146: unary minus operator applied to unsigned type, result still unsigned
16:22.84 gfx_cairo_cairo_src.lib.desc
16:22.84 variance_ssse3.obj
16:22.84 loopfilter_x86.c
16:22.84 d:\a\K-Meleon-R\K-Meleon-R\goanna\media\libvpx\vpx_config_x86_64-win64-vs12.h(34): warning C4005: 'HAVE_STDINT_H': macro redefinition
16:22.84 d:\a\K-Meleon-R\K-Meleon-R\goanna\obj-x64\media\libvpx\../../dist/include/mozilla-config.h(36): note: see previous definition of 'HAVE_STDINT_H'
16:22.84 HP_variable_cutoff.obj
16:22.84 recon_wrapper_sse2.c
16:22.84 d:\a\K-Meleon-R\K-Meleon-R\goanna\media\libvpx\vpx_config_x86_64-win64-vs12.h(34): warning C4005: 'HAVE_STDINT_H': macro redefinition
16:22.84 d:\a\K-Meleon-R\K-Meleon-R\goanna\obj-x64\media\libvpx\../../dist/include/mozilla-config.h(36): note: see previous definition of 'HAVE_STDINT_H'
16:22.84 A2NLSF.c
16:22.84 vp8_asm_stubs.obj
16:22.84 resample.obj
16:22.84 resample_sse.obj
16:22.84 variance_ssse3.c
16:22.84 d:\a\K-Meleon-R\K-Meleon-R\goanna\media\libvpx\vpx_config_x86_64-win64-vs12.h(34): warning C4005: 'HAVE_STDINT_H': macro redefinition
16:22.84 d:\a\K-Meleon-R\K-Meleon-R\goanna\obj-x64\media\libvpx\../../dist/include/mozilla-config.h(36): note: see previous definition of 'HAVE_STDINT_H'
16:22.84 vp8_variance_mmx.obj
16:22.84 CNG.c
16:22.84 LPC_analysis_filter.obj
16:22.84 resample.c
16:22.84 d:/a/K-Meleon-R/K-Meleon-R/goanna/media/libspeex_resampler/src/resample.c(676): warning C4018: '<': signed/unsigned mismatch
16:22.84 d:/a/K-Meleon-R/K-Meleon-R/goanna/media/libspeex_resampler/src/resample.c(940): warning C4018: '<': signed/unsigned mismatch
16:22.84 d:/a/K-Meleon-R/K-Meleon-R/goanna/media/libspeex_resampler/src/resample.c(943): warning C4018: '<': signed/unsigned mismatch
16:22.84 d:/a/K-Meleon-R/K-Meleon-R/goanna/media/libspeex_resampler/src/resample.c(996): warning C4018: '<': signed/unsigned mismatch
16:22.86 d:/a/K-Meleon-R/K-Meleon-R/goanna/media/libspeex_resampler/src/resample.c(1003): warning C4018: '<': signed/unsigned mismatch
16:22.86 d:/a/K-Meleon-R/K-Meleon-R/goanna/media/libspeex_resampler/src/resample.c(1013): warning C4018: '<': signed/unsigned mismatch
16:22.86 simd_detect.obj
16:22.86 vp8_asm_stubs.c
16:22.86 d:\a\K-Meleon-R\K-Meleon-R\goanna\media\libvpx\vpx_config_x86_64-win64-vs12.h(34): warning C4005: 'HAVE_STDINT_H': macro redefinition
16:36.57 d:\a\K-Meleon-R\K-Meleon-R\goanna\obj-x64\media\libvpx\../../dist/include/mozilla-config.h(36): note: see previous definition of 'HAVE_STDINT_H'
16:36.57 vp8_variance_sse2.obj
16:36.57 HP_variable_cutoff.c
16:36.57 LPC_inv_pred_gain.obj
16:36.57 resample_sse.c
16:36.57 d:/a/K-Meleon-R/K-Meleon-R/goanna/media/libspeex_resampler/src/resample_sse.c(47): warning C4018: '<': signed/unsigned mismatch
16:36.57 d:/a/K-Meleon-R/K-Meleon-R/goanna/media/libspeex_resampler/src/resample_sse.c(64): warning C4018: '<': signed/unsigned mismatch
16:36.57 d:/a/K-Meleon-R/K-Meleon-R/goanna/media/libspeex_resampler/src/resample_sse.c(86): warning C4018: '<': signed/unsigned mismatch
16:36.57 d:/a/K-Meleon-R/K-Meleon-R/goanna/media/libspeex_resampler/src/resample_sse.c(112): warning C4018: '<': signed/unsigned mismatch
16:36.57 vp8_variance_mmx.c
16:36.57 d:\a\K-Meleon-R\K-Meleon-R\goanna\media\libvpx\vpx_config_x86_64-win64-vs12.h(34): warning C4005: 'HAVE_STDINT_H': macro redefinition
16:36.57 d:\a\K-Meleon-R\K-Meleon-R\goanna\obj-x64\media\libvpx\../../dist/include/mozilla-config.h(36): note: see previous definition of 'HAVE_STDINT_H'
16:36.57 dboolhuff.obj
16:36.57 LPC_analysis_filter.c
16:36.57 LP_variable_cutoff.obj
16:36.57 vp8_variance_sse2.c
16:36.57 d:\a\K-Meleon-R\K-Meleon-R\goanna\media\libvpx\vpx_config_x86_64-win64-vs12.h(34): warning C4005: 'HAVE_STDINT_H': macro redefinition
16:36.57 d:\a\K-Meleon-R\K-Meleon-R\goanna\obj-x64\media\libvpx\../../dist/include/mozilla-config.h(36): note: see previous definition of 'HAVE_STDINT_H'
16:36.57 decodeframe.obj
16:36.57 simd_detect.cpp
16:36.57 speex.lib.desc
16:36.57 LPC_inv_pred_gain.c
16:36.57 NLSF2A.obj
16:36.57 decodemv.obj
16:36.57 dboolhuff.c
16:36.57 d:\a\K-Meleon-R\K-Meleon-R\goanna\media\libvpx\vpx_config_x86_64-win64-vs12.h(34): warning C4005: 'HAVE_STDINT_H': macro redefinition
16:36.57 d:\a\K-Meleon-R\K-Meleon-R\goanna\obj-x64\media\libvpx\../../dist/include/mozilla-config.h(36): note: see previous definition of 'HAVE_STDINT_H'
16:36.57 sse_optimized.obj
16:36.57 Unified_cpp_libsoundtouch_src0.obj
16:36.57 LP_variable_cutoff.c
16:36.57 NLSF_VQ.obj
16:36.57 decodeframe.c
16:36.57 d:\a\K-Meleon-R\K-Meleon-R\goanna\media\libvpx\vpx_config_x86_64-win64-vs12.h(34): warning C4005: 'HAVE_STDINT_H': macro redefinition
16:36.57 d:\a\K-Meleon-R\K-Meleon-R\goanna\obj-x64\media\libvpx\../../dist/include/mozilla-config.h(36): note: see previous definition of 'HAVE_STDINT_H'
16:36.57 detokenize.obj
16:36.57 NLSF2A.c
16:36.57 NLSF_VQ_weights_laroia.obj
16:36.57 sse_optimized.cpp
16:36.57 NLSF_VQ.c
16:36.57 NLSF_decode.obj
16:36.57 decodemv.c
16:36.57 d:\a\K-Meleon-R\K-Meleon-R\goanna\media\libvpx\vpx_config_x86_64-win64-vs12.h(34): warning C4005: 'HAVE_STDINT_H': macro redefinition
16:36.57 d:\a\K-Meleon-R\K-Meleon-R\goanna\obj-x64\media\libvpx\../../dist/include/mozilla-config.h(36): note: see previous definition of 'HAVE_STDINT_H'
16:36.57 onyxd_if.obj
16:36.57 NLSF_VQ_weights_laroia.c
16:36.57 NLSF_del_dec_quant.obj
16:36.57 Unified_cpp_libsoundtouch_src0.cpp
16:36.57 d:\a\K-Meleon-R\K-Meleon-R\goanna\media\libsoundtouch\src\InterpolateShannon.cpp(75): warning C4005: 'PI': macro redefinition
16:36.57 d:\a\K-Meleon-R\K-Meleon-R\goanna\media\libsoundtouch\src\AAFilter.cpp(52): note: see previous definition of 'PI'
16:36.57 d:\a\K-Meleon-R\K-Meleon-R\goanna\media\libsoundtouch\src\SoundTouch.h(145): warning C4275: non dll-interface class 'soundtouch::FIFOProcessor' used as base for dll-interface class 'soundtouch::SoundTouch'
16:36.57 d:\a\K-Meleon-R\K-Meleon-R\goanna\media\libsoundtouch\src\FIFOSamplePipe.h(134): note: see declaration of 'soundtouch::FIFOProcessor'
16:36.57 d:\a\K-Meleon-R\K-Meleon-R\goanna\media\libsoundtouch\src\SoundTouch.h(144): note: see declaration of 'soundtouch::SoundTouch'
16:36.57 media_libsoundtouch_src.lib.desc
16:36.57 threading.obj
16:36.57 detokenize.c
16:36.57 d:\a\K-Meleon-R\K-Meleon-R\goanna\media\libvpx\vpx_config_x86_64-win64-vs12.h(34): warning C4005: 'HAVE_STDINT_H': macro redefinition
16:36.57 d:\a\K-Meleon-R\K-Meleon-R\goanna\obj-x64\media\libvpx\../../dist/include/mozilla-config.h(36): note: see previous definition of 'HAVE_STDINT_H'
16:36.57 NLSF_encode.obj
16:36.57 NLSF_decode.c
16:36.57 xmlparse.obj
16:36.57 xmlrole.obj
16:36.57 NLSF_del_dec_quant.c
16:36.57 NLSF_stabilize.obj
16:36.57 onyxd_if.c
16:36.57 d:\a\K-Meleon-R\K-Meleon-R\goanna\media\libvpx\vpx_config_x86_64-win64-vs12.h(34): warning C4005: 'HAVE_STDINT_H': macro redefinition
16:36.57 d:\a\K-Meleon-R\K-Meleon-R\goanna\obj-x64\media\libvpx\../../dist/include/mozilla-config.h(36): note: see previous definition of 'HAVE_STDINT_H'
16:36.57 bitstream.obj
16:36.57 NLSF_encode.c
16:36.57 NLSF_unpack.obj
16:36.57 xmlparse.c
16:36.57 xmltok.obj
16:36.57 NLSF_stabilize.c
16:36.57 NSQ.obj
16:36.57 threading.c
16:36.57 d:\a\K-Meleon-R\K-Meleon-R\goanna\media\libvpx\vpx_config_x86_64-win64-vs12.h(34): warning C4005: 'HAVE_STDINT_H': macro redefinition
16:36.57 d:\a\K-Meleon-R\K-Meleon-R\goanna\obj-x64\media\libvpx\../../dist/include/mozilla-config.h(36): note: see previous definition of 'HAVE_STDINT_H'
16:36.57 boolhuff.obj
16:36.57 xmlrole.c
16:36.57 NLSF_unpack.c
16:36.57 NSQ_del_dec.obj
16:36.57 bitstream.c
16:36.57 d:\a\K-Meleon-R\K-Meleon-R\goanna\media\libvpx\vpx_config_x86_64-win64-vs12.h(34): warning C4005: 'HAVE_STDINT_H': macro redefinition
16:36.57 d:\a\K-Meleon-R\K-Meleon-R\goanna\obj-x64\media\libvpx\../../dist/include/mozilla-config.h(36): note: see previous definition of 'HAVE_STDINT_H'
16:36.57 dct.obj
16:36.57 xmltok.c
16:36.57 parser_expat_lib.lib.desc
16:36.57 PLC.obj
16:36.57 NSQ.c
16:36.57 denoising.obj
16:36.57 boolhuff.c
16:36.57 d:\a\K-Meleon-R\K-Meleon-R\goanna\media\libvpx\vpx_config_x86_64-win64-vs12.h(34): warning C4005: 'HAVE_STDINT_H': macro redefinition
16:36.57 d:\a\K-Meleon-R\K-Meleon-R\goanna\obj-x64\media\libvpx\../../dist/include/mozilla-config.h(36): note: see previous definition of 'HAVE_STDINT_H'
16:36.57 alpha_dec.obj
16:36.57 buffer_dec.obj
16:36.57 dct.c
16:36.57 encodeframe.obj
16:36.57 alpha_dec.c
16:36.57 frame_dec.obj
16:36.57 NSQ_del_dec.c
16:36.57 VAD.obj
16:36.57 denoising.c
16:36.57 d:\a\K-Meleon-R\K-Meleon-R\goanna\media\libvpx\vpx_config_x86_64-win64-vs12.h(34): warning C4005: 'HAVE_STDINT_H': macro redefinition
16:36.57 d:\a\K-Meleon-R\K-Meleon-R\goanna\obj-x64\media\libvpx\../../dist/include/mozilla-config.h(36): note: see previous definition of 'HAVE_STDINT_H'
16:36.57 encodeintra.obj
16:36.57 buffer_dec.c
16:36.57 idec_dec.obj
16:36.57 PLC.c
16:36.57 VQ_WMat_EC.obj
16:36.57 frame_dec.c
16:36.57 io_dec.obj
16:36.57 encodeframe.c
16:36.57 d:\a\K-Meleon-R\K-Meleon-R\goanna\media\libvpx\vpx_config_x86_64-win64-vs12.h(34): warning C4005: 'HAVE_STDINT_H': macro redefinition
16:36.57 d:\a\K-Meleon-R\K-Meleon-R\goanna\obj-x64\media\libvpx\../../dist/include/mozilla-config.h(36): note: see previous definition of 'HAVE_STDINT_H'
16:36.57 encodemb.obj
16:36.57 VAD.c
16:36.57 ana_filt_bank_1.obj
16:36.57 idec_dec.c
16:36.57 quant_dec.obj
16:36.57 VQ_WMat_EC.c
16:36.57 biquad_alt.obj
16:36.57 encodeintra.c
16:36.57 d:\a\K-Meleon-R\K-Meleon-R\goanna\media\libvpx\vpx_config_x86_64-win64-vs12.h(34): warning C4005: 'HAVE_STDINT_H': macro redefinition
16:36.57 d:\a\K-Meleon-R\K-Meleon-R\goanna\obj-x64\media\libvpx\../../dist/include/mozilla-config.h(36): note: see previous definition of 'HAVE_STDINT_H'
16:36.57 io_dec.c
16:36.57 tree_dec.obj
16:36.57 encodemv.obj
16:36.57 ana_filt_bank_1.c
16:36.57 bwexpander.obj
16:36.57 quant_dec.c
16:36.57 vp8_dec.obj
16:36.57 encodemb.c
16:36.57 d:\a\K-Meleon-R\K-Meleon-R\goanna\media\libvpx\vpx_config_x86_64-win64-vs12.h(34): warning C4005: 'HAVE_STDINT_H': macro redefinition
16:36.57 d:\a\K-Meleon-R\K-Meleon-R\goanna\obj-x64\media\libvpx\../../dist/include/mozilla-config.h(36): note: see previous definition of 'HAVE_STDINT_H'
16:36.57 biquad_alt.c
16:36.57 ethreading.obj
16:36.57 bwexpander_32.obj
16:36.57 tree_dec.c
16:36.57 vp8l_dec.obj
16:36.57 bwexpander.c
16:36.57 check_control_input.obj
16:36.57 vp8_dec.c
16:36.57 webp_dec.obj
16:36.57 encodemv.c
16:36.57 d:\a\K-Meleon-R\K-Meleon-R\goanna\media\libvpx\vpx_config_x86_64-win64-vs12.h(34): warning C4005: 'HAVE_STDINT_H': macro redefinition
16:36.57 d:\a\K-Meleon-R\K-Meleon-R\goanna\obj-x64\media\libvpx\../../dist/include/mozilla-config.h(36): note: see previous definition of 'HAVE_STDINT_H'
16:36.57 firstpass.obj
16:36.57 bwexpander_32.c
16:36.57 code_signs.obj
16:36.57 vp8l_dec.c
16:36.57 demux.obj
16:36.57 check_control_input.c
16:36.57 control_SNR.obj
16:36.57 ethreading.c
16:36.57 d:\a\K-Meleon-R\K-Meleon-R\goanna\media\libvpx\vpx_config_x86_64-win64-vs12.h(34): warning C4005: 'HAVE_STDINT_H': macro redefinition
16:36.57 d:\a\K-Meleon-R\K-Meleon-R\goanna\obj-x64\media\libvpx\../../dist/include/mozilla-config.h(36): note: see previous definition of 'HAVE_STDINT_H'
16:36.57 lookahead.obj
16:36.57 webp_dec.c
16:36.57 alpha_processing.obj
16:36.57 code_signs.c
16:36.57 control_audio_bandwidth.obj
16:36.57 demux.c
16:36.57 alpha_processing_sse2.obj
16:36.59 firstpass.c
16:36.59 d:\a\K-Meleon-R\K-Meleon-R\goanna\media\libvpx\vpx_config_x86_64-win64-vs12.h(34): warning C4005: 'HAVE_STDINT_H': macro redefinition
16:36.59 d:\a\K-Meleon-R\K-Meleon-R\goanna\obj-x64\media\libvpx\../../dist/include/mozilla-config.h(36): note: see previous definition of 'HAVE_STDINT_H'
16:36.59 mcomp.obj
16:36.59 control_SNR.c
16:36.59 control_codec.obj
16:36.59 alpha_processing.c
16:36.59 alpha_processing_sse41.obj
16:36.59 lookahead.c
16:36.59 d:\a\K-Meleon-R\K-Meleon-R\goanna\media\libvpx\vpx_config_x86_64-win64-vs12.h(34): warning C4005: 'HAVE_STDINT_H': macro redefinition
16:36.59 d:\a\K-Meleon-R\K-Meleon-R\goanna\obj-x64\media\libvpx\../../dist/include/mozilla-config.h(36): note: see previous definition of 'HAVE_STDINT_H'
16:36.59 modecosts.obj
16:36.59 alpha_processing_sse2.c
16:36.59 dec.obj
16:36.59 control_audio_bandwidth.c
16:36.59 debug.obj
16:36.59 alpha_processing_sse41.c
16:36.59 dec_clip_tables.obj
16:36.59 mcomp.c
16:36.59 d:\a\K-Meleon-R\K-Meleon-R\goanna\media\libvpx\vpx_config_x86_64-win64-vs12.h(34): warning C4005: 'HAVE_STDINT_H': macro redefinition
16:36.59 d:\a\K-Meleon-R\K-Meleon-R\goanna\obj-x64\media\libvpx\../../dist/include/mozilla-config.h(36): note: see previous definition of 'HAVE_STDINT_H'
16:36.59 control_codec.c
16:36.59 mr_dissim.obj
16:36.59 dec_API.obj
16:36.59 dec.c
16:36.59 dec_sse2.obj
16:36.59 debug.c
16:36.59 decode_core.obj
16:36.59 modecosts.c
16:36.59 d:\a\K-Meleon-R\K-Meleon-R\goanna\media\libvpx\vpx_config_x86_64-win64-vs12.h(34): warning C4005: 'HAVE_STDINT_H': macro redefinition
16:36.59 d:\a\K-Meleon-R\K-Meleon-R\goanna\obj-x64\media\libvpx\../../dist/include/mozilla-config.h(36): note: see previous definition of 'HAVE_STDINT_H'
16:36.59 onyx_if.obj
16:36.59 dec_clip_tables.c
16:36.59 dec_sse41.obj
16:36.59 dec_API.c
16:36.59 decode_frame.obj
16:36.59 dec_sse2.c
16:36.59 filters.obj
16:36.59 mr_dissim.c
16:36.59 d:\a\K-Meleon-R\K-Meleon-R\goanna\media\libvpx\vpx_config_x86_64-win64-vs12.h(34): warning C4005: 'HAVE_STDINT_H': macro redefinition
16:36.59 d:\a\K-Meleon-R\K-Meleon-R\goanna\obj-x64\media\libvpx\../../dist/include/mozilla-config.h(36): note: see previous definition of 'HAVE_STDINT_H'
16:36.59 pickinter.obj
16:36.59 decode_core.c
16:36.59 dec_sse41.c
16:36.59 decode_indices.obj
16:36.59 filters_sse2.obj
16:36.59 filters.c
16:36.59 decode_frame.c
16:36.59 lossless.obj
16:36.59 decode_parameters.obj
16:36.59 filters_sse2.c
16:36.59 lossless_sse2.obj
16:36.59 decode_indices.c
16:36.59 decode_pitch.obj
16:36.59 onyx_if.c
16:36.59 d:\a\K-Meleon-R\K-Meleon-R\goanna\media\libvpx\vpx_config_x86_64-win64-vs12.h(34): warning C4005: 'HAVE_STDINT_H': macro redefinition
16:36.59 d:\a\K-Meleon-R\K-Meleon-R\goanna\obj-x64\media\libvpx\../../dist/include/mozilla-config.h(36): note: see previous definition of 'HAVE_STDINT_H'
16:36.59 picklpf.obj
16:36.59 lossless.c
16:36.59 rescaler.obj
16:36.59 decode_parameters.c
16:36.59 decode_pulses.obj
16:36.59 lossless_sse2.c
16:36.59 rescaler_sse2.obj
16:36.59 pickinter.c
16:36.59 d:\a\K-Meleon-R\K-Meleon-R\goanna\media\libvpx\vpx_config_x86_64-win64-vs12.h(34): warning C4005: 'HAVE_STDINT_H': macro redefinition
16:53.10 d:\a\K-Meleon-R\K-Meleon-R\goanna\obj-x64\media\libvpx\../../dist/include/mozilla-config.h(36): note: see previous definition of 'HAVE_STDINT_H'
16:53.10 quantize.obj
16:53.10 decode_pitch.c
16:53.10 decoder_set_fs.obj
16:53.10 rescaler.c
16:53.10 upsampling.obj
16:53.10 decode_pulses.c
16:53.10 enc_API.obj
16:53.10 rescaler_sse2.c
16:53.10 upsampling_sse2.obj
16:53.10 picklpf.c
16:53.10 d:\a\K-Meleon-R\K-Meleon-R\goanna\media\libvpx\vpx_config_x86_64-win64-vs12.h(34): warning C4005: 'HAVE_STDINT_H': macro redefinition
16:53.10 d:\a\K-Meleon-R\K-Meleon-R\goanna\obj-x64\media\libvpx\../../dist/include/mozilla-config.h(36): note: see previous definition of 'HAVE_STDINT_H'
16:53.10 ratectrl.obj
16:53.10 decoder_set_fs.c
16:53.10 encode_indices.obj
16:53.10 upsampling.c
16:53.10 upsampling_sse41.obj
16:53.10 quantize.c
16:53.10 d:\a\K-Meleon-R\K-Meleon-R\goanna\media\libvpx\vpx_config_x86_64-win64-vs12.h(34): warning C4005: 'HAVE_STDINT_H': macro redefinition
16:53.10 d:\a\K-Meleon-R\K-Meleon-R\goanna\obj-x64\media\libvpx\../../dist/include/mozilla-config.h(36): note: see previous definition of 'HAVE_STDINT_H'
16:53.10 rdopt.obj
16:53.10 upsampling_sse2.c
16:53.10 enc_API.c
16:53.10 encode_pulses.objyuv.obj
16:53.10 
16:53.10 upsampling_sse41.c
16:53.10 encode_indices.c
16:53.10 LPC_analysis_filter_FLP.obj
16:53.10 yuv_sse2.obj
16:53.10 ratectrl.c
16:53.10 d:\a\K-Meleon-R\K-Meleon-R\goanna\media\libvpx\vpx_config_x86_64-win64-vs12.h(34): warning C4005: 'HAVE_STDINT_H': macro redefinition
16:53.10 d:\a\K-Meleon-R\K-Meleon-R\goanna\obj-x64\media\libvpx\../../dist/include/mozilla-config.h(36): note: see previous definition of 'HAVE_STDINT_H'
16:53.10 segmentation.obj
16:53.10 yuv.c
16:53.10 yuv_sse41.obj
16:53.10 encode_pulses.c
16:53.10 LPC_inv_pred_gain_FLP.obj
16:53.10 yuv_sse2.c
16:53.10 bit_reader_utils.obj
16:53.10 LPC_analysis_filter_FLP.c
16:53.10 LTP_analysis_filter_FLP.obj
16:53.10 yuv_sse41.c
16:53.10 color_cache_utils.obj
16:53.10 rdopt.c
16:53.10 d:\a\K-Meleon-R\K-Meleon-R\goanna\media\libvpx\vpx_config_x86_64-win64-vs12.h(34): warning C4005: 'HAVE_STDINT_H': macro redefinition
16:53.10 d:\a\K-Meleon-R\K-Meleon-R\goanna\obj-x64\media\libvpx\../../dist/include/mozilla-config.h(36): note: see previous definition of 'HAVE_STDINT_H'
16:53.10 temporal_filter.obj
16:53.10 generating out/tmp/res_index.txt (list of installed locales)
16:53.10 LPC_inv_pred_gain_FLP.c
16:53.10 LTP_scale_ctrl_FLP.obj
16:53.10 bit_reader_utils.c
16:53.10 filters_utils.obj
16:53.10 segmentation.c
16:53.10 d:\a\K-Meleon-R\K-Meleon-R\goanna\media\libvpx\vpx_config_x86_64-win64-vs12.h(34): warning C4005: 'HAVE_STDINT_H': macro redefinition
16:53.10 d:\a\K-Meleon-R\K-Meleon-R\goanna\obj-x64\media\libvpx\../../dist/include/mozilla-config.h(36): note: see previous definition of 'HAVE_STDINT_H'
16:53.10 tokenize.obj
16:53.10 color_cache_utils.c
16:53.10 huffman_utils.obj
16:53.10 LTP_analysis_filter_FLP.c
16:53.10 apply_sine_window_FLP.obj
16:53.10 filters_utils.c
16:53.10 quant_levels_dec_utils.obj
16:53.10 LTP_scale_ctrl_FLP.c
16:53.10 autocorrelation_FLP.obj
16:53.10 temporal_filter.c
16:53.10 d:\a\K-Meleon-R\K-Meleon-R\goanna\media\libvpx\vpx_config_x86_64-win64-vs12.h(34): warning C4005: 'HAVE_STDINT_H': macro redefinition
16:53.10 d:\a\K-Meleon-R\K-Meleon-R\goanna\obj-x64\media\libvpx\../../dist/include/mozilla-config.h(36): note: see previous definition of 'HAVE_STDINT_H'
16:53.10 treewriter.obj
16:53.10 huffman_utils.c
16:53.10 quant_levels_utils.obj
16:53.10 apply_sine_window_FLP.c
16:53.10 burg_modified_FLP.obj
16:53.10 quant_levels_dec_utils.c
16:53.10 random_utils.obj
16:53.10 autocorrelation_FLP.c
16:53.10 bwexpander_FLP.obj
16:53.10 tokenize.c
16:53.10 d:\a\K-Meleon-R\K-Meleon-R\goanna\media\libvpx\vpx_config_x86_64-win64-vs12.h(34): warning C4005: 'HAVE_STDINT_H': macro redefinition
16:53.10 d:\a\K-Meleon-R\K-Meleon-R\goanna\obj-x64\media\libvpx\../../dist/include/mozilla-config.h(36): note: see previous definition of 'HAVE_STDINT_H'
16:53.10 denoising_sse2.obj
16:53.10 quant_levels_utils.c
16:53.10 rescaler_utils.obj
16:53.10 treewriter.c
16:53.10 d:\a\K-Meleon-R\K-Meleon-R\goanna\media\libvpx\vpx_config_x86_64-win64-vs12.h(34): warning C4005: 'HAVE_STDINT_H': macro redefinition
16:53.10 d:\a\K-Meleon-R\K-Meleon-R\goanna\obj-x64\media\libvpx\../../dist/include/mozilla-config.h(36): note: see previous definition of 'HAVE_STDINT_H'
16:53.10 quantize_sse2.obj
16:53.10 burg_modified_FLP.c
16:53.10 corrMatrix_FLP.obj
16:53.10 random_utils.c
16:53.10 thread_utils.obj
16:53.10 denoising_sse2.c
16:53.10 d:\a\K-Meleon-R\K-Meleon-R\goanna\media\libvpx\vpx_config_x86_64-win64-vs12.h(34): warning C4005: 'HAVE_STDINT_H': macro redefinition
16:53.10 d:\a\K-Meleon-R\K-Meleon-R\goanna\obj-x64\media\libvpx\../../dist/include/mozilla-config.h(36): note: see previous definition of 'HAVE_STDINT_H'
16:53.10 quantize_sse4.obj
16:53.10 bwexpander_FLP.c
16:53.10 encode_frame_FLP.obj
16:53.10 rescaler_utils.c
16:53.10 utils.obj
16:53.10 thread_utils.c
16:53.10 cpu.obj
16:53.10 corrMatrix_FLP.c
16:53.10 quantize_sse2.c
16:53.10 d:\a\K-Meleon-R\K-Meleon-R\goanna\media\libvpx\vpx_config_x86_64-win64-vs12.h(34): warning C4005: 'HAVE_STDINT_H': macro redefinition
16:53.10 d:\a\K-Meleon-R\K-Meleon-R\goanna\obj-x64\media\libvpx\../../dist/include/mozilla-config.h(36): note: see previous definition of 'HAVE_STDINT_H'
16:53.10 energy_FLP.obj
16:53.10 quantize_ssse3.obj
16:53.10 quantize_sse4.c
16:53.10 d:\a\K-Meleon-R\K-Meleon-R\goanna\media\libvpx\vpx_config_x86_64-win64-vs12.h(34): warning C4005: 'HAVE_STDINT_H': macro redefinition
16:53.10 d:\a\K-Meleon-R\K-Meleon-R\goanna\obj-x64\media\libvpx\../../dist/include/mozilla-config.h(36): note: see previous definition of 'HAVE_STDINT_H'
16:53.10 vp8_enc_stubs_mmx.obj
16:53.10 utils.c
16:53.10 encode_frame_FLP.c
16:53.10 find_LPC_FLP.obj
16:53.10 quantize_ssse3.c
16:53.10 d:\a\K-Meleon-R\K-Meleon-R\goanna\media\libvpx\vpx_config_x86_64-win64-vs12.h(34): warning C4005: 'HAVE_STDINT_H': macro redefinition
16:53.10 d:\a\K-Meleon-R\K-Meleon-R\goanna\obj-x64\media\libvpx\../../dist/include/mozilla-config.h(36): note: see previous definition of 'HAVE_STDINT_H'
16:53.10 vp8_enc_stubs_sse2.obj
16:53.10 energy_FLP.c
16:53.10 find_LTP_FLP.obj
16:53.10 cpu.cpp
16:53.10 mozwebp.lib.desc
16:53.10 vp8_enc_stubs_mmx.c
16:53.10 d:\a\K-Meleon-R\K-Meleon-R\goanna\media\libvpx\vpx_config_x86_64-win64-vs12.h(34): warning C4005: 'HAVE_STDINT_H': macro redefinition
16:53.10 d:\a\K-Meleon-R\K-Meleon-R\goanna\obj-x64\media\libvpx\../../dist/include/mozilla-config.h(36): note: see previous definition of 'HAVE_STDINT_H'
16:53.10 vp8_cx_iface.obj
16:53.10 find_pitch_lags_FLP.obj
16:53.10 find_LPC_FLP.c
16:53.10 Unified_c_media_libnestegg_src0.obj
16:53.10 vp8_enc_stubs_sse2.c
16:53.10 d:\a\K-Meleon-R\K-Meleon-R\goanna\media\libvpx\vpx_config_x86_64-win64-vs12.h(34): warning C4005: 'HAVE_STDINT_H': macro redefinition
16:53.10 d:\a\K-Meleon-R\K-Meleon-R\goanna\obj-x64\media\libvpx\../../dist/include/mozilla-config.h(36): note: see previous definition of 'HAVE_STDINT_H'
16:53.10 vp8_dx_iface.obj
16:53.10 find_LTP_FLP.c
16:53.10 find_pred_coefs_FLP.obj
16:53.10 Unified_c_media_libnestegg_src0.c
16:53.10 media_libnestegg_src.lib.desc
16:53.10 vp9_alloccommon.obj
16:53.10 find_pitch_lags_FLP.c
16:53.10 inner_product_FLP.obj
16:53.10 vp8_cx_iface.c
16:53.10 d:\a\K-Meleon-R\K-Meleon-R\goanna\media\libvpx\vpx_config_x86_64-win64-vs12.h(34): warning C4005: 'HAVE_STDINT_H': macro redefinition
16:53.10 d:\a\K-Meleon-R\K-Meleon-R\goanna\obj-x64\media\libvpx\../../dist/include/mozilla-config.h(36): note: see previous definition of 'HAVE_STDINT_H'
16:53.10 pixman-access-accessors.obj
16:53.10 pixman-access.obj
16:53.10 find_pred_coefs_FLP.c
16:53.10 k2a_FLP.obj
16:53.10 vp8_dx_iface.c
16:53.10 d:\a\K-Meleon-R\K-Meleon-R\goanna\media\libvpx\vpx_config_x86_64-win64-vs12.h(34): warning C4005: 'HAVE_STDINT_H': macro redefinition
16:53.10 d:\a\K-Meleon-R\K-Meleon-R\goanna\obj-x64\media\libvpx\../../dist/include/mozilla-config.h(36): note: see previous definition of 'HAVE_STDINT_H'
16:53.10 vp9_blockd.obj
16:53.10 inner_product_FLP.c
16:53.10 levinsondurbin_FLP.obj
16:53.10 pixman-access-accessors.c
16:53.10 pixman-arm.obj
16:53.10 k2a_FLP.c
16:53.10 noise_shape_analysis_FLP.obj
16:53.10 vp9_alloccommon.c
16:53.10 d:\a\K-Meleon-R\K-Meleon-R\goanna\media\libvpx\vpx_config_x86_64-win64-vs12.h(34): warning C4005: 'HAVE_STDINT_H': macro redefinition
16:53.10 d:\a\K-Meleon-R\K-Meleon-R\goanna\obj-x64\media\libvpx\../../dist/include/mozilla-config.h(36): note: see previous definition of 'HAVE_STDINT_H'
16:53.10 vp9_common_data.obj
16:53.10 pixman-access.c
16:53.10 pixman-bits-image.obj
16:53.10 levinsondurbin_FLP.c
16:53.10 vp9_blockd.c
16:53.10 d:\a\K-Meleon-R\K-Meleon-R\goanna\media\libvpx\vpx_config_x86_64-win64-vs12.h(34): warning C4005: 'HAVE_STDINT_H': macro redefinition
16:53.12 d:\a\K-Meleon-R\K-Meleon-R\goanna\obj-x64\media\libvpx\../../dist/include/mozilla-config.h(36): note: see previous definition of 'HAVE_STDINT_H'
16:53.12 pitch_analysis_core_FLP.obj
16:53.12 vp9_convolve.obj
16:53.12 vp9_common_data.c
16:53.12 d:\a\K-Meleon-R\K-Meleon-R\goanna\media\libvpx\vpx_config_x86_64-win64-vs12.h(34): warning C4005: 'HAVE_STDINT_H': macro redefinition
16:53.12 d:\a\K-Meleon-R\K-Meleon-R\goanna\obj-x64\media\libvpx\../../dist/include/mozilla-config.h(36): note: see previous definition of 'HAVE_STDINT_H'
16:53.12 vp9_debugmodes.obj
16:53.12 pixman-arm.c
16:53.12 pixman-combine-float.obj
16:53.12 noise_shape_analysis_FLP.c
16:53.12 prefilter_FLP.obj
16:53.12 vp9_convolve.c
16:53.12 d:\a\K-Meleon-R\K-Meleon-R\goanna\media\libvpx\vpx_config_x86_64-win64-vs12.h(34): warning C4005: 'HAVE_STDINT_H': macro redefinition
16:53.12 d:\a\K-Meleon-R\K-Meleon-R\goanna\obj-x64\media\libvpx\../../dist/include/mozilla-config.h(36): note: see previous definition of 'HAVE_STDINT_H'
16:53.12 vp9_entropy.obj
16:53.12 pitch_analysis_core_FLP.c
16:53.12 process_gains_FLP.obj
16:53.12 pixman-bits-image.c
16:53.12 pixman-combine16.obj
16:53.12 vp9_debugmodes.c
16:53.12 d:\a\K-Meleon-R\K-Meleon-R\goanna\media\libvpx\vpx_config_x86_64-win64-vs12.h(34): warning C4005: 'HAVE_STDINT_H': macro redefinition
16:53.12 d:\a\K-Meleon-R\K-Meleon-R\goanna\obj-x64\media\libvpx\../../dist/include/mozilla-config.h(36): note: see previous definition of 'HAVE_STDINT_H'
16:53.12 vp9_entropymode.obj
16:53.12 prefilter_FLP.c
16:53.12 regularize_correlations_FLP.obj
16:53.12 pixman-combine-float.c
16:53.12 process_gains_FLP.c
16:53.12 pixman-combine32.obj
16:53.12 residual_energy_FLP.obj
16:53.12 vp9_entropy.c
16:53.12 d:\a\K-Meleon-R\K-Meleon-R\goanna\media\libvpx\vpx_config_x86_64-win64-vs12.h(34): warning C4005: 'HAVE_STDINT_H': macro redefinition
16:53.12 d:\a\K-Meleon-R\K-Meleon-R\goanna\obj-x64\media\libvpx\../../dist/include/mozilla-config.h(36): note: see previous definition of 'HAVE_STDINT_H'
16:53.12 vp9_entropymv.obj
16:53.12 regularize_correlations_FLP.c
16:53.12 scale_copy_vector_FLP.obj
16:53.12 pixman-combine16.c
16:53.12 pixman-conical-gradient.obj
16:53.12 residual_energy_FLP.c
16:53.12 scale_vector_FLP.obj
16:53.12 vp9_entropymode.c
16:53.12 d:\a\K-Meleon-R\K-Meleon-R\goanna\media\libvpx\vpx_config_x86_64-win64-vs12.h(34): warning C4005: 'HAVE_STDINT_H': macro redefinition
16:53.12 d:\a\K-Meleon-R\K-Meleon-R\goanna\obj-x64\media\libvpx\../../dist/include/mozilla-config.h(36): note: see previous definition of 'HAVE_STDINT_H'
16:53.12 vp9_filter.obj
16:53.12 pixman-combine32.c
16:53.12 pixman-edge-accessors.obj
16:53.12 scale_copy_vector_FLP.c
16:53.12 schur_FLP.obj
16:53.12 vp9_entropymv.c
16:53.12 d:\a\K-Meleon-R\K-Meleon-R\goanna\media\libvpx\vpx_config_x86_64-win64-vs12.h(34): warning C4005: 'HAVE_STDINT_H': macro redefinition
16:53.12 d:\a\K-Meleon-R\K-Meleon-R\goanna\obj-x64\media\libvpx\../../dist/include/mozilla-config.h(36): note: see previous definition of 'HAVE_STDINT_H'
16:53.12 scale_vector_FLP.c
16:53.12 vp9_frame_buffers.obj
16:53.12 solve_LS_FLP.obj
16:53.12 pixman-conical-gradient.c
16:53.12 pixman-edge.obj
16:53.12 vp9_filter.c
16:53.12 d:\a\K-Meleon-R\K-Meleon-R\goanna\media\libvpx\vpx_config_x86_64-win64-vs12.h(34): warning C4005: 'HAVE_STDINT_H': macro redefinition
17:07.52 d:\a\K-Meleon-R\K-Meleon-R\goanna\obj-x64\media\libvpx\../../dist/include/mozilla-config.h(36): note: see previous definition of 'HAVE_STDINT_H'
17:07.52 vp9_idct.obj
17:07.52 schur_FLP.c
17:07.52 sort_FLP.obj
17:07.52 vp9_frame_buffers.c
17:07.52 d:\a\K-Meleon-R\K-Meleon-R\goanna\media\libvpx\vpx_config_x86_64-win64-vs12.h(34): warning C4005: 'HAVE_STDINT_H': macro redefinition
17:07.52 d:\a\K-Meleon-R\K-Meleon-R\goanna\obj-x64\media\libvpx\../../dist/include/mozilla-config.h(36): note: see previous definition of 'HAVE_STDINT_H'
17:07.52 pixman-edge-accessors.c
17:07.52 vp9_loopfilter.obj
17:07.52 pixman-fast-path.obj
17:07.52 solve_LS_FLP.c
17:07.52 warped_autocorrelation_FLP.obj
17:07.52 vp9_idct.c
17:07.52 d:\a\K-Meleon-R\K-Meleon-R\goanna\media\libvpx\vpx_config_x86_64-win64-vs12.h(34): warning C4005: 'HAVE_STDINT_H': macro redefinition
17:07.52 d:\a\K-Meleon-R\K-Meleon-R\goanna\obj-x64\media\libvpx\../../dist/include/mozilla-config.h(36): note: see previous definition of 'HAVE_STDINT_H'
17:07.52 vp9_loopfilter_filters.obj
17:07.52 pixman-edge.c
17:07.52 pixman-filter.obj
17:07.52 sort_FLP.c
17:07.52 wrappers_FLP.obj
17:07.52 warped_autocorrelation_FLP.c
17:07.52 vp9_loopfilter.c
17:07.52 d:\a\K-Meleon-R\K-Meleon-R\goanna\media\libvpx\vpx_config_x86_64-win64-vs12.h(34): warning C4005: 'HAVE_STDINT_H': macro redefinition
17:07.52 d:\a\K-Meleon-R\K-Meleon-R\goanna\obj-x64\media\libvpx\../../dist/include/mozilla-config.h(36): note: see previous definition of 'HAVE_STDINT_H'
17:07.52 gain_quant.obj
17:07.52 vp9_mvref_common.obj
17:07.52 pixman-fast-path.c
17:07.52 pixman-general.obj
17:07.52 wrappers_FLP.c
17:07.52 init_decoder.obj
17:07.52 vp9_loopfilter_filters.c
17:07.52 d:\a\K-Meleon-R\K-Meleon-R\goanna\media\libvpx\vpx_config_x86_64-win64-vs12.h(34): warning C4005: 'HAVE_STDINT_H': macro redefinition
17:07.52 d:\a\K-Meleon-R\K-Meleon-R\goanna\obj-x64\media\libvpx\../../dist/include/mozilla-config.h(36): note: see previous definition of 'HAVE_STDINT_H'
17:07.52 gain_quant.c
17:07.52 vp9_pred_common.obj
17:07.52 init_encoder.obj
17:07.52 pixman-filter.c
17:07.52 pixman-glyph.obj
17:07.52 init_decoder.c
17:07.52 inner_prod_aligned.obj
17:07.52 pixman-general.c
17:07.52 vp9_mvref_common.c
17:07.52 d:\a\K-Meleon-R\K-Meleon-R\goanna\media\libvpx\vpx_config_x86_64-win64-vs12.h(34): warning C4005: 'HAVE_STDINT_H': macro redefinition
17:07.52 d:\a\K-Meleon-R\K-Meleon-R\goanna\obj-x64\media\libvpx\../../dist/include/mozilla-config.h(36): note: see previous definition of 'HAVE_STDINT_H'
17:07.52 pixman-gradient-walker.obj
17:07.52 vp9_prob.obj
17:07.52 init_encoder.c
17:07.52 interpolate.obj
17:07.52 pixman-glyph.c
17:07.52 pixman-image.obj
17:07.52 vp9_pred_common.c
17:07.52 d:\a\K-Meleon-R\K-Meleon-R\goanna\media\libvpx\vpx_config_x86_64-win64-vs12.h(34): warning C4005: 'HAVE_STDINT_H': macro redefinition
17:07.52 d:\a\K-Meleon-R\K-Meleon-R\goanna\obj-x64\media\libvpx\../../dist/include/mozilla-config.h(36): note: see previous definition of 'HAVE_STDINT_H'
17:07.52 vp9_quant_common.obj
17:07.52 inner_prod_aligned.c
17:07.52 lin2log.obj
17:07.52 vp9_prob.c
17:07.52 d:\a\K-Meleon-R\K-Meleon-R\goanna\media\libvpx\vpx_config_x86_64-win64-vs12.h(34): warning C4005: 'HAVE_STDINT_H': macro redefinition
17:07.52 d:\a\K-Meleon-R\K-Meleon-R\goanna\obj-x64\media\libvpx\../../dist/include/mozilla-config.h(36): note: see previous definition of 'HAVE_STDINT_H'
17:07.52 vp9_reconinter.obj
17:07.52 interpolate.c
17:07.52 log2lin.obj
17:07.52 pixman-gradient-walker.c
17:07.52 pixman-implementation.obj
17:07.52 vp9_quant_common.c
17:07.52 d:\a\K-Meleon-R\K-Meleon-R\goanna\media\libvpx\vpx_config_x86_64-win64-vs12.h(34): warning C4005: 'HAVE_STDINT_H': macro redefinition
17:07.52 d:\a\K-Meleon-R\K-Meleon-R\goanna\obj-x64\media\libvpx\../../dist/include/mozilla-config.h(36): note: see previous definition of 'HAVE_STDINT_H'
17:07.52 vp9_reconintra.obj
17:07.52 lin2log.c
17:07.52 pitch_est_tables.obj
17:07.52 pixman-image.c
17:07.52 pixman-linear-gradient.obj
17:07.52 log2lin.c
17:07.52 process_NLSFs.obj
17:07.52 vp9_reconinter.c
17:07.52 d:\a\K-Meleon-R\K-Meleon-R\goanna\media\libvpx\vpx_config_x86_64-win64-vs12.h(34): warning C4005: 'HAVE_STDINT_H': macro redefinition
17:07.52 d:\a\K-Meleon-R\K-Meleon-R\goanna\obj-x64\media\libvpx\../../dist/include/mozilla-config.h(36): note: see previous definition of 'HAVE_STDINT_H'
17:07.52 vp9_rtcd.obj
17:07.52 pixman-implementation.c
17:07.52 d:/a/K-Meleon-R/K-Meleon-R/goanna/gfx/cairo/libpixman/src/pixman-implementation.c(215): warning C4047: '=': 'pixman_combine_32_func_t' differs in levels of indirection from 'pixman_combine_32_func_t *'
17:07.52 pixman-matrix.obj
17:07.52 pitch_est_tables.c
17:07.52 quant_LTP_gains.obj
17:07.52 vp9_reconintra.c
17:07.52 d:\a\K-Meleon-R\K-Meleon-R\goanna\media\libvpx\vpx_config_x86_64-win64-vs12.h(34): warning C4005: 'HAVE_STDINT_H': macro redefinition
17:07.52 d:\a\K-Meleon-R\K-Meleon-R\goanna\obj-x64\media\libvpx\../../dist/include/mozilla-config.h(36): note: see previous definition of 'HAVE_STDINT_H'
17:07.52 vp9_scale.obj
17:07.52 process_NLSFs.c
17:07.52 resampler.obj
17:07.52 pixman-linear-gradient.c
17:07.52 pixman-mips.obj
17:07.52 quant_LTP_gains.c
17:07.52 resampler_down2.obj
17:07.52 vp9_rtcd.c
17:07.52 d:\a\K-Meleon-R\K-Meleon-R\goanna\media\libvpx\vpx_config_x86_64-win64-vs12.h(34): warning C4005: 'HAVE_STDINT_H': macro redefinition
17:07.52 d:\a\K-Meleon-R\K-Meleon-R\goanna\obj-x64\media\libvpx\../../dist/include/mozilla-config.h(36): note: see previous definition of 'HAVE_STDINT_H'
17:07.52 vp9_scan.obj
17:07.52 pixman-matrix.c
17:07.52 d:/a/K-Meleon-R/K-Meleon-R/goanna/gfx/cairo/libpixman/src/pixman-matrix.c(120): warning C4146: unary minus operator applied to unsigned type, result still unsigned
17:07.52 d:/a/K-Meleon-R/K-Meleon-R/goanna/gfx/cairo/libpixman/src/pixman-matrix.c(128): warning C4146: unary minus operator applied to unsigned type, result still unsigned
17:07.52 d:/a/K-Meleon-R/K-Meleon-R/goanna/gfx/cairo/libpixman/src/pixman-matrix.c(129): warning C4146: unary minus operator applied to unsigned type, result still unsigned
17:07.52 pixman-noop.obj
17:07.52 resampler.c
17:07.52 resampler_down2_3.obj
17:07.52 vp9_scale.c
17:07.52 d:\a\K-Meleon-R\K-Meleon-R\goanna\media\libvpx\vpx_config_x86_64-win64-vs12.h(34): warning C4005: 'HAVE_STDINT_H': macro redefinition
17:07.52 d:\a\K-Meleon-R\K-Meleon-R\goanna\obj-x64\media\libvpx\../../dist/include/mozilla-config.h(36): note: see previous definition of 'HAVE_STDINT_H'
17:07.52 vp9_seg_common.obj
17:07.52 pixman-mips.c
17:07.52 pixman-ppc.obj
17:07.52 resampler_down2.c
17:07.52 resampler_private_AR2.obj
17:07.52 vp9_scan.c
17:07.52 d:\a\K-Meleon-R\K-Meleon-R\goanna\media\libvpx\vpx_config_x86_64-win64-vs12.h(34): warning C4005: 'HAVE_STDINT_H': macro redefinition
17:07.52 d:\a\K-Meleon-R\K-Meleon-R\goanna\obj-x64\media\libvpx\../../dist/include/mozilla-config.h(36): note: see previous definition of 'HAVE_STDINT_H'
17:07.52 vp9_thread.obj
17:07.52 resampler_down2_3.c
17:07.52 resampler_private_IIR_FIR.obj
17:07.52 pixman-noop.c
17:07.52 vp9_seg_common.c
17:07.52 d:\a\K-Meleon-R\K-Meleon-R\goanna\media\libvpx\vpx_config_x86_64-win64-vs12.h(34): warning C4005: 'HAVE_STDINT_H': macro redefinition
17:07.52 d:\a\K-Meleon-R\K-Meleon-R\goanna\obj-x64\media\libvpx\../../dist/include/mozilla-config.h(36): note: see previous definition of 'HAVE_STDINT_H'
17:07.52 pixman-radial-gradient.obj
17:07.52 vp9_thread_common.obj
17:07.52 resampler_private_AR2.c
17:07.52 resampler_private_down_FIR.obj
17:07.52 vp9_thread.c
17:07.52 d:\a\K-Meleon-R\K-Meleon-R\goanna\media\libvpx\vpx_config_x86_64-win64-vs12.h(34): warning C4005: 'HAVE_STDINT_H': macro redefinition
17:07.52 d:\a\K-Meleon-R\K-Meleon-R\goanna\obj-x64\media\libvpx\../../dist/include/mozilla-config.h(36): note: see previous definition of 'HAVE_STDINT_H'
17:07.52 pixman-ppc.c
17:07.52 vp9_tile_common.obj
17:07.52 pixman-region16.obj
17:07.52 resampler_private_IIR_FIR.c
17:07.52 resampler_private_up2_HQ.obj
17:07.52 pixman-radial-gradient.c
17:07.52 d:/a/K-Meleon-R/K-Meleon-R/goanna/gfx/cairo/libpixman/src/pixman-radial-gradient.c(493): warning C4133: 'initializing': incompatible types - from 'uint32_t *' to 'uint16_t *'
17:07.52 pixman-region32.obj
17:07.52 resampler_private_down_FIR.c
17:07.52 resampler_rom.obj
17:07.52 vp9_thread_common.c
17:07.52 d:\a\K-Meleon-R\K-Meleon-R\goanna\media\libvpx\vpx_config_x86_64-win64-vs12.h(34): warning C4005: 'HAVE_STDINT_H': macro redefinition
17:07.52 d:\a\K-Meleon-R\K-Meleon-R\goanna\obj-x64\media\libvpx\../../dist/include/mozilla-config.h(36): note: see previous definition of 'HAVE_STDINT_H'
17:07.52 vp9_asm_stubs.obj
17:07.52 resampler_private_up2_HQ.c
17:07.52 shell_coder.obj
17:07.52 pixman-region16.c
17:07.52 pixman-solid-fill.obj
17:07.52 vp9_tile_common.c
17:07.52 d:\a\K-Meleon-R\K-Meleon-R\goanna\media\libvpx\vpx_config_x86_64-win64-vs12.h(34): warning C4005: 'HAVE_STDINT_H': macro redefinition
17:07.52 d:\a\K-Meleon-R\K-Meleon-R\goanna\obj-x64\media\libvpx\../../dist/include/mozilla-config.h(36): note: see previous definition of 'HAVE_STDINT_H'
17:07.52 vp9_idct_intrin_sse2.obj
17:07.52 resampler_rom.c
17:07.52 sigm_Q15.obj
17:07.52 vp9_asm_stubs.c
17:07.52 d:\a\K-Meleon-R\K-Meleon-R\goanna\media\libvpx\vpx_config_x86_64-win64-vs12.h(34): warning C4005: 'HAVE_STDINT_H': macro redefinition
17:07.52 d:\a\K-Meleon-R\K-Meleon-R\goanna\obj-x64\media\libvpx\../../dist/include/mozilla-config.h(36): note: see previous definition of 'HAVE_STDINT_H'
17:07.54 vp9_loopfilter_intrin_avx2.obj
17:07.54 pixman-region32.c
17:07.54 pixman-sse2.obj
17:07.54 shell_coder.c
17:07.54 sort.obj
17:07.54 pixman-solid-fill.c
17:07.54 pixman-trap.obj
17:07.54 sigm_Q15.c
17:07.54 stereo_LR_to_MS.obj
17:07.54 vp9_idct_intrin_sse2.c
17:07.54 d:\a\K-Meleon-R\K-Meleon-R\goanna\media\libvpx\vpx_config_x86_64-win64-vs12.h(34): warning C4005: 'HAVE_STDINT_H': macro redefinition
17:07.54 d:\a\K-Meleon-R\K-Meleon-R\goanna\obj-x64\media\libvpx\../../dist/include/mozilla-config.h(36): note: see previous definition of 'HAVE_STDINT_H'
17:07.54 vp9_loopfilter_intrin_sse2.obj
17:07.54 sort.c
17:07.54 stereo_MS_to_LR.obj
17:07.54 vp9_loopfilter_intrin_avx2.c
17:07.54 d:\a\K-Meleon-R\K-Meleon-R\goanna\media\libvpx\vpx_config_x86_64-win64-vs12.h(34): warning C4005: 'HAVE_STDINT_H': macro redefinition
17:07.54 d:\a\K-Meleon-R\K-Meleon-R\goanna\obj-x64\media\libvpx\../../dist/include/mozilla-config.h(36): note: see previous definition of 'HAVE_STDINT_H'
17:07.54 vp9_subpixel_8t_intrin_avx2.obj
17:07.54 pixman-sse2.c
17:07.54 pixman-utils.obj
17:07.54 stereo_LR_to_MS.c
17:07.54 stereo_decode_pred.obj
17:07.54 vp9_loopfilter_intrin_sse2.c
17:07.54 d:\a\K-Meleon-R\K-Meleon-R\goanna\media\libvpx\vpx_config_x86_64-win64-vs12.h(34): warning C4005: 'HAVE_STDINT_H': macro redefinition
17:07.54 d:\a\K-Meleon-R\K-Meleon-R\goanna\obj-x64\media\libvpx\../../dist/include/mozilla-config.h(36): note: see previous definition of 'HAVE_STDINT_H'
17:07.54 vp9_subpixel_8t_intrin_ssse3.obj
17:07.54 pixman-trap.c
17:07.54 pixman-x86.obj
17:07.54 stereo_MS_to_LR.c
17:07.54 stereo_encode_pred.obj
17:07.54 vp9_subpixel_8t_intrin_avx2.c
17:07.54 d:\a\K-Meleon-R\K-Meleon-R\goanna\media\libvpx\vpx_config_x86_64-win64-vs12.h(34): warning C4005: 'HAVE_STDINT_H': macro redefinition
17:07.54 d:\a\K-Meleon-R\K-Meleon-R\goanna\obj-x64\media\libvpx\../../dist/include/mozilla-config.h(36): note: see previous definition of 'HAVE_STDINT_H'
17:07.54 vp9_decodeframe.obj
17:07.54 pixman-utils.c
17:07.54 stereo_decode_pred.c
17:07.54 stereo_find_predictor.obj
17:07.54 pixman.obj
17:07.54 vp9_subpixel_8t_intrin_ssse3.c
17:07.54 d:\a\K-Meleon-R\K-Meleon-R\goanna\media\libvpx\vpx_config_x86_64-win64-vs12.h(34): warning C4005: 'HAVE_STDINT_H': macro redefinition
17:07.54 d:\a\K-Meleon-R\K-Meleon-R\goanna\obj-x64\media\libvpx\../../dist/include/mozilla-config.h(36): note: see previous definition of 'HAVE_STDINT_H'
17:07.54 vp9_decodemv.obj
17:07.54 stereo_encode_pred.c
17:07.54 stereo_quant_pred.obj
17:07.54 pixman-x86.c
17:07.54 vp9_decodeframe.c
17:27.35 d:\a\K-Meleon-R\K-Meleon-R\goanna\media\libvpx\vpx_config_x86_64-win64-vs12.h(34): warning C4005: 'HAVE_STDINT_H': macro redefinition
17:27.39 d:\a\K-Meleon-R\K-Meleon-R\goanna\obj-x64\media\libvpx\../../dist/include/mozilla-config.h(36): note: see previous definition of 'HAVE_STDINT_H'
17:27.39 vp9_decoder.obj
17:27.39 stereo_find_predictor.c
17:27.39 sum_sqr_shift.obj
17:27.39 pixman.c
17:27.39 gfx_cairo_libpixman_src.lib.desc
17:27.39 stereo_quant_pred.c
17:27.39 vp9_detokenize.obj
17:27.39 table_LSF_cos.obj
17:27.39 vp9_decodemv.c
17:27.39 d:\a\K-Meleon-R\K-Meleon-R\goanna\media\libvpx\vpx_config_x86_64-win64-vs12.h(34): warning C4005: 'HAVE_STDINT_H': macro redefinition
17:27.39 d:\a\K-Meleon-R\K-Meleon-R\goanna\obj-x64\media\libvpx\../../dist/include/mozilla-config.h(36): note: see previous definition of 'HAVE_STDINT_H'
17:27.39 Unified_cpp_modules_woff20.obj
17:27.39 sum_sqr_shift.c
17:27.39 tables_LTP.obj
17:27.39 vp9_decoder.c
17:27.39 d:\a\K-Meleon-R\K-Meleon-R\goanna\media\libvpx\vpx_config_x86_64-win64-vs12.h(34): warning C4005: 'HAVE_STDINT_H': macro redefinition
17:27.39 d:\a\K-Meleon-R\K-Meleon-R\goanna\obj-x64\media\libvpx\../../dist/include/mozilla-config.h(36): note: see previous definition of 'HAVE_STDINT_H'
17:27.39 vp9_dsubexp.obj
17:27.39 table_LSF_cos.c
17:27.39 tables_NLSF_CB_NB_MB.obj
17:27.39 tables_LTP.c
17:27.39 tables_NLSF_CB_WB.obj
17:27.39 vp9_detokenize.c
17:27.39 d:\a\K-Meleon-R\K-Meleon-R\goanna\media\libvpx\vpx_config_x86_64-win64-vs12.h(34): warning C4005: 'HAVE_STDINT_H': macro redefinition
17:27.39 d:\a\K-Meleon-R\K-Meleon-R\goanna\obj-x64\media\libvpx\../../dist/include/mozilla-config.h(36): note: see previous definition of 'HAVE_STDINT_H'
17:27.39 vp9_dthread.obj
17:27.39 tables_NLSF_CB_NB_MB.c
17:27.39 vp9_dsubexp.c
17:27.39 d:\a\K-Meleon-R\K-Meleon-R\goanna\media\libvpx\vpx_config_x86_64-win64-vs12.h(34): warning C4005: 'HAVE_STDINT_H': macro redefinition
17:27.39 d:\a\K-Meleon-R\K-Meleon-R\goanna\obj-x64\media\libvpx\../../dist/include/mozilla-config.h(36): note: see previous definition of 'HAVE_STDINT_H'
17:27.39 tables_gain.obj
17:27.39 vp9_read_bit_buffer.obj
17:27.39 Unified_cpp_modules_woff20.cpp
17:27.39 woff2.lib.desc
17:27.39 tables_NLSF_CB_WB.c
17:27.39 tables_other.obj
17:27.39 vp9_reader.obj
17:27.39 vp9_dthread.c
17:27.39 d:\a\K-Meleon-R\K-Meleon-R\goanna\media\libvpx\vpx_config_x86_64-win64-vs12.h(34): warning C4005: 'HAVE_STDINT_H': macro redefinition
17:27.39 d:\a\K-Meleon-R\K-Meleon-R\goanna\obj-x64\media\libvpx\../../dist/include/mozilla-config.h(36): note: see previous definition of 'HAVE_STDINT_H'
17:27.39 tables_pitch_lag.obj
17:27.39 vp9_read_bit_buffer.c
17:27.39 vp9_aq_complexity.obj
17:27.39 tables_gain.c
17:27.39 Unified_c_modules_brotli0.obj
17:27.39 tables_other.c
17:27.39 tables_pulses_per_block.obj
17:27.39 vp9_reader.c
17:27.39 d:\a\K-Meleon-R\K-Meleon-R\goanna\media\libvpx\vpx_config_x86_64-win64-vs12.h(34): warning C4005: 'HAVE_STDINT_H': macro redefinition
17:27.39 d:\a\K-Meleon-R\K-Meleon-R\goanna\obj-x64\media\libvpx\../../dist/include/mozilla-config.h(36): note: see previous definition of 'HAVE_STDINT_H'
17:27.39 vp9_aq_cyclicrefresh.obj
17:27.39 tables_pitch_lag.c
17:27.39 analysis.obj
17:27.39 vp9_aq_complexity.c
17:27.39 d:\a\K-Meleon-R\K-Meleon-R\goanna\media\libvpx\vpx_config_x86_64-win64-vs12.h(34): warning C4005: 'HAVE_STDINT_H': macro redefinition
17:27.39 d:\a\K-Meleon-R\K-Meleon-R\goanna\obj-x64\media\libvpx\../../dist/include/mozilla-config.h(36): note: see previous definition of 'HAVE_STDINT_H'
17:27.39 vp9_aq_variance.obj
17:27.39 tables_pulses_per_block.c
17:27.39 mlp.obj
17:27.39 Unified_c_modules_brotli0.c
17:27.39 brotli.lib.desc
17:27.39 vp9_avg.obj
17:27.39 analysis.c
17:27.39 vp9_aq_cyclicrefresh.c
17:27.39 d:\a\K-Meleon-R\K-Meleon-R\goanna\media\libvpx\vpx_config_x86_64-win64-vs12.h(34): warning C4005: 'HAVE_STDINT_H': macro redefinition
17:27.39 d:\a\K-Meleon-R\K-Meleon-R\goanna\obj-x64\media\libvpx\../../dist/include/mozilla-config.h(36): note: see previous definition of 'HAVE_STDINT_H'
17:27.39 mlp_data.obj
17:27.39 glslang_lex.obj
17:27.39 glslang_tab.obj
17:27.39 mlp.c
17:27.39 vp9_aq_variance.c
17:27.39 d:\a\K-Meleon-R\K-Meleon-R\goanna\media\libvpx\vpx_config_x86_64-win64-vs12.h(34): warning C4005: 'HAVE_STDINT_H': macro redefinition
17:27.39 d:\a\K-Meleon-R\K-Meleon-R\goanna\obj-x64\media\libvpx\../../dist/include/mozilla-config.h(36): note: see previous definition of 'HAVE_STDINT_H'
17:27.39 opus.obj
17:27.39 vp9_bitstream.obj
17:27.39 mlp_data.c
17:27.39 opus_decoder.obj
17:27.39 vp9_avg.c
17:27.39 d:\a\K-Meleon-R\K-Meleon-R\goanna\media\libvpx\vpx_config_x86_64-win64-vs12.h(34): warning C4005: 'HAVE_STDINT_H': macro redefinition
17:27.39 d:\a\K-Meleon-R\K-Meleon-R\goanna\obj-x64\media\libvpx\../../dist/include/mozilla-config.h(36): note: see previous definition of 'HAVE_STDINT_H'
17:27.39 vp9_context_tree.obj
17:27.39 opus.c
17:27.39 opus_encoder.obj
17:27.39 vp9_bitstream.c
17:27.39 d:\a\K-Meleon-R\K-Meleon-R\goanna\media\libvpx\vpx_config_x86_64-win64-vs12.h(34): warning C4005: 'HAVE_STDINT_H': macro redefinition
17:27.39 d:\a\K-Meleon-R\K-Meleon-R\goanna\obj-x64\media\libvpx\../../dist/include/mozilla-config.h(36): note: see previous definition of 'HAVE_STDINT_H'
17:27.39 vp9_cost.obj
17:27.39 opus_decoder.c
17:27.39 opus_multistream.obj
17:27.39 opus_encoder.c
17:27.39 d:/a/K-Meleon-R/K-Meleon-R/goanna/media/libopus/src/opus_encoder.c(649): warning C4334: '<<': result of 32-bit shift implicitly converted to 64 bits (was 64-bit shift intended?)
17:27.39 d:/a/K-Meleon-R/K-Meleon-R/goanna/media/libopus/src/opus_encoder.c(721): warning C4334: '<<': result of 32-bit shift implicitly converted to 64 bits (was 64-bit shift intended?)
17:27.39 vp9_context_tree.c
17:27.39 d:\a\K-Meleon-R\K-Meleon-R\goanna\media\libvpx\vpx_config_x86_64-win64-vs12.h(34): warning C4005: 'HAVE_STDINT_H': macro redefinition
17:27.39 d:\a\K-Meleon-R\K-Meleon-R\goanna\obj-x64\media\libvpx\../../dist/include/mozilla-config.h(36): note: see previous definition of 'HAVE_STDINT_H'
17:27.39 vp9_dct.obj
17:27.39 opus_multistream_decoder.obj
17:27.39 vp9_cost.c
17:27.39 d:\a\K-Meleon-R\K-Meleon-R\goanna\media\libvpx\vpx_config_x86_64-win64-vs12.h(34): warning C4005: 'HAVE_STDINT_H': macro redefinition
17:27.39 d:\a\K-Meleon-R\K-Meleon-R\goanna\obj-x64\media\libvpx\../../dist/include/mozilla-config.h(36): note: see previous definition of 'HAVE_STDINT_H'
17:27.39 vp9_encodeframe.obj
17:27.39 opus_multistream.c
17:27.39 opus_multistream_encoder.obj
17:27.39 glslang_lex.cpp
17:27.39 Unified_cpp_gfx_angle0.obj
17:27.39 opus_multistream_decoder.c
17:27.39 repacketizer.obj
17:27.39 vp9_dct.c
17:27.39 d:\a\K-Meleon-R\K-Meleon-R\goanna\media\libvpx\vpx_config_x86_64-win64-vs12.h(34): warning C4005: 'HAVE_STDINT_H': macro redefinition
17:27.39 d:\a\K-Meleon-R\K-Meleon-R\goanna\obj-x64\media\libvpx\../../dist/include/mozilla-config.h(36): note: see previous definition of 'HAVE_STDINT_H'
17:27.39 vp9_encodemb.obj
17:27.39 generating out/tmp/curr/res_index.txt (list of installed currency name locales)
17:27.39 opus_multistream_encoder.c
17:27.39 generating out/tmp/lang/res_index.txt (list of installed language name locales)
17:27.39 ./out/tmp/lang\res_index.txt:3: warning: Encountered empty array
17:27.39 repacketizer.c
17:27.39 vp9_encodeframe.c
17:27.39 d:\a\K-Meleon-R\K-Meleon-R\goanna\media\libvpx\vpx_config_x86_64-win64-vs12.h(34): warning C4005: 'HAVE_STDINT_H': macro redefinition
17:27.39 d:\a\K-Meleon-R\K-Meleon-R\goanna\obj-x64\media\libvpx\../../dist/include/mozilla-config.h(36): note: see previous definition of 'HAVE_STDINT_H'
17:27.39 media_libopus.lib.desc
17:27.39 generating out/tmp/region/res_index.txt (list of installed region name locales)
17:27.39 vp9_encodemv.obj
17:27.39 Unified_cpp_gfx_angle1.obj
17:27.39 ./out/tmp/region\res_index.txt:3: warning: Encountered empty array
17:27.39 vp9_encodemb.c
17:27.39 d:\a\K-Meleon-R\K-Meleon-R\goanna\media\libvpx\vpx_config_x86_64-win64-vs12.h(34): warning C4005: 'HAVE_STDINT_H': macro redefinition
17:27.39 d:\a\K-Meleon-R\K-Meleon-R\goanna\obj-x64\media\libvpx\../../dist/include/mozilla-config.h(36): note: see previous definition of 'HAVE_STDINT_H'
17:27.39 vp9_encoder.obj
17:27.39 vp9_encodemv.c
17:27.39 d:\a\K-Meleon-R\K-Meleon-R\goanna\media\libvpx\vpx_config_x86_64-win64-vs12.h(34): warning C4005: 'HAVE_STDINT_H': macro redefinition
17:27.39 d:\a\K-Meleon-R\K-Meleon-R\goanna\obj-x64\media\libvpx\../../dist/include/mozilla-config.h(36): note: see previous definition of 'HAVE_STDINT_H'
17:27.39 vp9_ethread.obj
17:27.39 Unified_cpp_gfx_angle0.cpp
17:27.39 SkAdvancedTypefaceMetrics.obj
17:27.39 SkBitmapProcState_matrixProcs.obj
17:27.39 glslang_tab.cpp
17:27.39 Unified_cpp_gfx_angle2.obj
17:27.39 vp9_encoder.c
17:27.39 d:\a\K-Meleon-R\K-Meleon-R\goanna\media\libvpx\vpx_config_x86_64-win64-vs12.h(34): warning C4005: 'HAVE_STDINT_H': macro redefinition
17:27.39 d:\a\K-Meleon-R\K-Meleon-R\goanna\obj-x64\media\libvpx\../../dist/include/mozilla-config.h(36): note: see previous definition of 'HAVE_STDINT_H'
17:27.39 vp9_extend.obj
17:27.39 vp9_ethread.c
17:27.39 d:\a\K-Meleon-R\K-Meleon-R\goanna\media\libvpx\vpx_config_x86_64-win64-vs12.h(34): warning C4005: 'HAVE_STDINT_H': macro redefinition
17:27.39 d:\a\K-Meleon-R\K-Meleon-R\goanna\obj-x64\media\libvpx\../../dist/include/mozilla-config.h(36): note: see previous definition of 'HAVE_STDINT_H'
17:27.39 vp9_firstpass.obj
17:27.39 vp9_extend.c
17:27.39 d:\a\K-Meleon-R\K-Meleon-R\goanna\media\libvpx\vpx_config_x86_64-win64-vs12.h(34): warning C4005: 'HAVE_STDINT_H': macro redefinition
17:27.39 d:\a\K-Meleon-R\K-Meleon-R\goanna\obj-x64\media\libvpx\../../dist/include/mozilla-config.h(36): note: see previous definition of 'HAVE_STDINT_H'
17:27.39 vp9_lookahead.obj
17:27.39 SkAdvancedTypefaceMetrics.cpp
17:27.39 SkBlitter_A8.obj
17:27.39 vp9_firstpass.c
17:27.39 d:\a\K-Meleon-R\K-Meleon-R\goanna\media\libvpx\vpx_config_x86_64-win64-vs12.h(34): warning C4005: 'HAVE_STDINT_H': macro redefinition
17:27.39 d:\a\K-Meleon-R\K-Meleon-R\goanna\obj-x64\media\libvpx\../../dist/include/mozilla-config.h(36): note: see previous definition of 'HAVE_STDINT_H'
17:27.39 vp9_mbgraph.obj
17:27.39 SkBitmapProcState_matrixProcs.cpp
17:27.39 SkBlitter_ARGB32.obj
17:27.39 vp9_lookahead.c
17:27.39 d:\a\K-Meleon-R\K-Meleon-R\goanna\media\libvpx\vpx_config_x86_64-win64-vs12.h(34): warning C4005: 'HAVE_STDINT_H': macro redefinition
17:27.39 d:\a\K-Meleon-R\K-Meleon-R\goanna\obj-x64\media\libvpx\../../dist/include/mozilla-config.h(36): note: see previous definition of 'HAVE_STDINT_H'
17:27.39 vp9_mcomp.obj
17:27.40 Unified_cpp_gfx_angle1.cpp
17:27.40 Unified_cpp_gfx_angle3.obj
17:27.40 vp9_mbgraph.c
17:27.40 d:\a\K-Meleon-R\K-Meleon-R\goanna\media\libvpx\vpx_config_x86_64-win64-vs12.h(34): warning C4005: 'HAVE_STDINT_H': macro redefinition
17:27.40 d:\a\K-Meleon-R\K-Meleon-R\goanna\obj-x64\media\libvpx\../../dist/include/mozilla-config.h(36): note: see previous definition of 'HAVE_STDINT_H'
17:27.40 vp9_picklpf.obj
17:27.40 SkBlitter_A8.cpp
17:27.40 SkBlitter_RGB16.obj
17:27.40 vp9_mcomp.c
17:27.40 d:\a\K-Meleon-R\K-Meleon-R\goanna\media\libvpx\vpx_config_x86_64-win64-vs12.h(34): warning C4005: 'HAVE_STDINT_H': macro redefinition
17:27.40 d:\a\K-Meleon-R\K-Meleon-R\goanna\obj-x64\media\libvpx\../../dist/include/mozilla-config.h(36): note: see previous definition of 'HAVE_STDINT_H'
17:27.40 vp9_pickmode.obj
17:27.40 SkBlitter_ARGB32.cpp
17:27.40 SkBlitter_Sprite.obj
17:27.40 vp9_picklpf.c
17:27.40 d:\a\K-Meleon-R\K-Meleon-R\goanna\media\libvpx\vpx_config_x86_64-win64-vs12.h(34): warning C4005: 'HAVE_STDINT_H': macro redefinition
17:27.40 d:\a\K-Meleon-R\K-Meleon-R\goanna\obj-x64\media\libvpx\../../dist/include/mozilla-config.h(36): note: see previous definition of 'HAVE_STDINT_H'
17:27.40 vp9_quantize.obj
17:54.38 SkBlitter_RGB16.cpp
17:54.38 vp9_pickmode.c
17:54.38 d:\a\K-Meleon-R\K-Meleon-R\goanna\media\libvpx\vpx_config_x86_64-win64-vs12.h(34): warning C4005: 'HAVE_STDINT_H': macro redefinition
17:54.38 d:\a\K-Meleon-R\K-Meleon-R\goanna\obj-x64\media\libvpx\../../dist/include/mozilla-config.h(36): note: see previous definition of 'HAVE_STDINT_H'
17:54.38 SkFontHost.obj
17:54.38 vp9_ratectrl.obj
17:54.38 Unified_cpp_gfx_angle2.cpp
17:54.38 Unified_cpp_gfx_angle4.obj
17:54.38 vp9_quantize.c
17:54.38 d:\a\K-Meleon-R\K-Meleon-R\goanna\media\libvpx\vpx_config_x86_64-win64-vs12.h(34): warning C4005: 'HAVE_STDINT_H': macro redefinition
17:54.38 d:\a\K-Meleon-R\K-Meleon-R\goanna\obj-x64\media\libvpx\../../dist/include/mozilla-config.h(36): note: see previous definition of 'HAVE_STDINT_H'
17:54.38 vp9_rd.obj
17:54.38 SkBlitter_Sprite.cpp
17:54.38 SkPictureData.obj
17:54.38 vp9_ratectrl.c
17:54.38 d:\a\K-Meleon-R\K-Meleon-R\goanna\media\libvpx\vpx_config_x86_64-win64-vs12.h(34): warning C4005: 'HAVE_STDINT_H': macro redefinition
17:54.38 d:\a\K-Meleon-R\K-Meleon-R\goanna\obj-x64\media\libvpx\../../dist/include/mozilla-config.h(36): note: see previous definition of 'HAVE_STDINT_H'
17:54.38 vp9_rdopt.obj
17:54.38 vp9_rd.c
17:54.38 d:\a\K-Meleon-R\K-Meleon-R\goanna\media\libvpx\vpx_config_x86_64-win64-vs12.h(34): warning C4005: 'HAVE_STDINT_H': macro redefinition
17:54.38 d:\a\K-Meleon-R\K-Meleon-R\goanna\obj-x64\media\libvpx\../../dist/include/mozilla-config.h(36): note: see previous definition of 'HAVE_STDINT_H'
17:54.38 vp9_resize.obj
17:54.38 SkFontHost.cpp
17:54.38 SkScaledImageCache.obj
17:54.38 vp9_rdopt.c
17:54.38 d:\a\K-Meleon-R\K-Meleon-R\goanna\media\libvpx\vpx_config_x86_64-win64-vs12.h(34): warning C4005: 'HAVE_STDINT_H': macro redefinition
17:54.38 d:\a\K-Meleon-R\K-Meleon-R\goanna\obj-x64\media\libvpx\../../dist/include/mozilla-config.h(36): note: see previous definition of 'HAVE_STDINT_H'
17:54.38 vp9_segmentation.obj
17:54.38 Unified_cpp_gfx_angle3.cpp
17:54.38 Unified_cpp_gfx_angle5.obj
17:54.38 vp9_resize.c
17:54.38 d:\a\K-Meleon-R\K-Meleon-R\goanna\media\libvpx\vpx_config_x86_64-win64-vs12.h(34): warning C4005: 'HAVE_STDINT_H': macro redefinition
17:54.38 d:\a\K-Meleon-R\K-Meleon-R\goanna\obj-x64\media\libvpx\../../dist/include/mozilla-config.h(36): note: see previous definition of 'HAVE_STDINT_H'
17:54.38 vp9_skin_detection.obj
17:54.38 SkPictureData.cpp
17:54.38 SkScan_Antihair.obj
17:54.38 vp9_segmentation.c
17:54.38 d:\a\K-Meleon-R\K-Meleon-R\goanna\media\libvpx\vpx_config_x86_64-win64-vs12.h(34): warning C4005: 'HAVE_STDINT_H': macro redefinition
17:54.38 d:\a\K-Meleon-R\K-Meleon-R\goanna\obj-x64\media\libvpx\../../dist/include/mozilla-config.h(36): note: see previous definition of 'HAVE_STDINT_H'
17:54.38 vp9_speed_features.obj
17:54.38 vp9_skin_detection.c
17:54.38 d:\a\K-Meleon-R\K-Meleon-R\goanna\media\libvpx\vpx_config_x86_64-win64-vs12.h(34): warning C4005: 'HAVE_STDINT_H': macro redefinition
17:54.38 d:\a\K-Meleon-R\K-Meleon-R\goanna\obj-x64\media\libvpx\../../dist/include/mozilla-config.h(36): note: see previous definition of 'HAVE_STDINT_H'
17:54.38 vp9_subexp.obj
17:54.38 SkScaledImageCache.cpp
17:54.38 GrAddPathRenderers_default.obj
17:54.38 vp9_speed_features.c
17:54.38 d:\a\K-Meleon-R\K-Meleon-R\goanna\media\libvpx\vpx_config_x86_64-win64-vs12.h(34): warning C4005: 'HAVE_STDINT_H': macro redefinition
17:54.38 d:\a\K-Meleon-R\K-Meleon-R\goanna\obj-x64\media\libvpx\../../dist/include/mozilla-config.h(36): note: see previous definition of 'HAVE_STDINT_H'
17:54.38 vp9_svc_layercontext.obj
17:54.38 vp9_subexp.c
17:54.38 d:\a\K-Meleon-R\K-Meleon-R\goanna\media\libvpx\vpx_config_x86_64-win64-vs12.h(34): warning C4005: 'HAVE_STDINT_H': macro redefinition
17:54.38 d:\a\K-Meleon-R\K-Meleon-R\goanna\obj-x64\media\libvpx\../../dist/include/mozilla-config.h(36): note: see previous definition of 'HAVE_STDINT_H'
17:54.38 vp9_temporal_filter.obj
17:54.38 Unified_cpp_gfx_angle4.cpp
17:54.38 SkScan_Antihair.cpp
17:54.38 GrDistanceFieldTextContext.obj
17:54.38 vp9_svc_layercontext.c
17:54.38 d:\a\K-Meleon-R\K-Meleon-R\goanna\media\libvpx\vpx_config_x86_64-win64-vs12.h(34): warning C4005: 'HAVE_STDINT_H': macro redefinition
17:54.38 d:\a\K-Meleon-R\K-Meleon-R\goanna\obj-x64\media\libvpx\../../dist/include/mozilla-config.h(36): note: see previous definition of 'HAVE_STDINT_H'
17:54.38 vp9_tokenize.obj
17:54.38 vp9_temporal_filter.c
17:54.38 d:\a\K-Meleon-R\K-Meleon-R\goanna\media\libvpx\vpx_config_x86_64-win64-vs12.h(34): warning C4005: 'HAVE_STDINT_H': macro redefinition
17:54.38 d:\a\K-Meleon-R\K-Meleon-R\goanna\obj-x64\media\libvpx\../../dist/include/mozilla-config.h(36): note: see previous definition of 'HAVE_STDINT_H'
17:54.38 vp9_treewriter.obj
17:54.38 GrAddPathRenderers_default.cpp
17:54.38 SkBitmapFilter_opts_SSE2.obj
17:54.38 vp9_tokenize.c
17:54.38 d:\a\K-Meleon-R\K-Meleon-R\goanna\media\libvpx\vpx_config_x86_64-win64-vs12.h(34): warning C4005: 'HAVE_STDINT_H': macro redefinition
17:54.38 d:\a\K-Meleon-R\K-Meleon-R\goanna\obj-x64\media\libvpx\../../dist/include/mozilla-config.h(36): note: see previous definition of 'HAVE_STDINT_H'
17:54.38 vp9_variance.obj
17:54.38 vp9_treewriter.c
17:54.38 d:\a\K-Meleon-R\K-Meleon-R\goanna\media\libvpx\vpx_config_x86_64-win64-vs12.h(34): warning C4005: 'HAVE_STDINT_H': macro redefinition
17:54.38 d:\a\K-Meleon-R\K-Meleon-R\goanna\obj-x64\media\libvpx\../../dist/include/mozilla-config.h(36): note: see previous definition of 'HAVE_STDINT_H'
17:54.38 vp9_write_bit_buffer.obj
17:54.38 Unified_cpp_gfx_angle5.cpp
17:54.38 vp9_variance.c
17:54.38 d:\a\K-Meleon-R\K-Meleon-R\goanna\media\libvpx\vpx_config_x86_64-win64-vs12.h(34): warning C4005: 'HAVE_STDINT_H': macro redefinition
17:54.38 d:\a\K-Meleon-R\K-Meleon-R\goanna\obj-x64\media\libvpx\../../dist/include/mozilla-config.h(36): note: see previous definition of 'HAVE_STDINT_H'
17:54.38 gfx_angle.lib.desc
17:54.38 vp9_writer.obj
17:54.38 SkBitmapProcState_opts_SSE2.obj
17:54.38 vp9_write_bit_buffer.c
17:54.38 vp9_avg_intrin_sse2.obj
17:54.38 GrDistanceFieldTextContext.cpp
17:54.38 jcapimin.obj
17:54.38 jcapistd.obj
17:54.38 vp9_writer.c
17:54.38 d:\a\K-Meleon-R\K-Meleon-R\goanna\media\libvpx\vpx_config_x86_64-win64-vs12.h(34): warning C4005: 'HAVE_STDINT_H': macro redefinition
17:54.38 d:\a\K-Meleon-R\K-Meleon-R\goanna\obj-x64\media\libvpx\../../dist/include/mozilla-config.h(36): note: see previous definition of 'HAVE_STDINT_H'
17:54.38 vp9_dct_avx2.obj
17:54.38 jcapimin.c
17:54.38 jccoefct.obj
17:54.38 vp9_avg_intrin_sse2.c
17:54.38 d:\a\K-Meleon-R\K-Meleon-R\goanna\media\libvpx\vpx_config_x86_64-win64-vs12.h(34): warning C4005: 'HAVE_STDINT_H': macro redefinition
17:54.38 d:\a\K-Meleon-R\K-Meleon-R\goanna\obj-x64\media\libvpx\../../dist/include/mozilla-config.h(36): note: see previous definition of 'HAVE_STDINT_H'
17:54.38 vp9_dct_sse2.obj
17:54.38 SkBitmapFilter_opts_SSE2.cpp
17:54.38 SkBitmapProcState_opts_SSSE3.obj
17:54.38 jcapistd.c
17:54.38 jccolor.obj
17:54.38 jccoefct.c
17:54.38 jcdctmgr.obj
17:54.38 jccolor.c
17:54.38 jchuff.obj
17:54.38 SkBitmapProcState_opts_SSE2.cpp
17:54.38 SkBlitRect_opts_SSE2.obj
17:54.38 jcdctmgr.c
17:54.38 jcinit.obj
17:54.38 SkBitmapProcState_opts_SSSE3.cpp
17:54.38 SkBlitRow_opts_SSE2.obj
17:54.38 SkBlitRect_opts_SSE2.cpp
17:54.38 SkBlurImage_opts_SSE2.obj
17:54.38 SkBlitRow_opts_SSE2.cpp
17:54.38 SkBlurImage_opts_SSE4.obj
17:54.38 vp9_dct_avx2.c
17:54.38 d:\a\K-Meleon-R\K-Meleon-R\goanna\media\libvpx\vpx_config_x86_64-win64-vs12.h(34): warning C4005: 'HAVE_STDINT_H': macro redefinition
17:54.38 d:\a\K-Meleon-R\K-Meleon-R\goanna\obj-x64\media\libvpx\../../dist/include/mozilla-config.h(36): note: see previous definition of 'HAVE_STDINT_H'
17:54.38 vp9_dct_ssse3.obj
17:54.38 SkBlurImage_opts_SSE2.cpp
17:54.38 SkMorphology_opts_SSE2.obj
17:54.38 SkBlurImage_opts_SSE4.cpp
17:54.38 SkUtils_opts_SSE2.obj
17:54.38 SkMorphology_opts_SSE2.cpp
17:54.38 SkXfermode_opts_SSE2.obj
17:54.38 jchuff.c
17:54.38 jcmainct.obj
17:54.38 generating out/tmp/zone/res_index.txt (list of installed time zone name locales)
17:54.38 jcinit.c
17:54.38 generating out/tmp/unit/res_index.txt (list of installed time zone name locales)
17:54.38 jcmarker.obj
17:54.38 SkUtils_opts_SSE2.cpp
17:54.38 opts_check_x86.obj
17:54.38 ./out/tmp/unit\res_index.txt:3: warning: Encountered empty array
17:54.38 vp9_dct_sse2.c
17:54.38 d:\a\K-Meleon-R\K-Meleon-R\goanna\media\libvpx\vpx_config_x86_64-win64-vs12.h(34): warning C4005: 'HAVE_STDINT_H': macro redefinition
17:54.38 d:\a\K-Meleon-R\K-Meleon-R\goanna\obj-x64\media\libvpx\../../dist/include/mozilla-config.h(36): note: see previous definition of 'HAVE_STDINT_H'
17:54.38 vp9_error_intrin_avx2.obj
17:54.38 jcmainct.c
17:54.38 jcmaster.obj
17:54.38 vp9_dct_ssse3.c
17:54.38 d:\a\K-Meleon-R\K-Meleon-R\goanna\media\libvpx\vpx_config_x86_64-win64-vs12.h(34): warning C4005: 'HAVE_STDINT_H': macro redefinition
17:54.38 d:\a\K-Meleon-R\K-Meleon-R\goanna\obj-x64\media\libvpx\../../dist/include/mozilla-config.h(36): note: see previous definition of 'HAVE_STDINT_H'
17:54.40 vp9_quantize_sse2.obj
17:54.40 jcmarker.c
17:54.40 jcomapi.obj
17:54.40 vp9_error_intrin_avx2.c
17:54.40 d:\a\K-Meleon-R\K-Meleon-R\goanna\media\libvpx\vpx_config_x86_64-win64-vs12.h(34): warning C4005: 'HAVE_STDINT_H': macro redefinition
17:54.40 d:\a\K-Meleon-R\K-Meleon-R\goanna\obj-x64\media\libvpx\../../dist/include/mozilla-config.h(36): note: see previous definition of 'HAVE_STDINT_H'
17:54.40 vp9_subpel_variance_impl_intrin_avx2.obj
17:54.40 jcmaster.c
17:54.40 jcparam.obj
17:54.40 SkXfermode_opts_SSE2.cpp
17:54.40 SkDebug_win.obj
17:54.40 vp9_quantize_sse2.c
17:54.40 d:\a\K-Meleon-R\K-Meleon-R\goanna\media\libvpx\vpx_config_x86_64-win64-vs12.h(34): warning C4005: 'HAVE_STDINT_H': macro redefinition
17:54.40 d:\a\K-Meleon-R\K-Meleon-R\goanna\obj-x64\media\libvpx\../../dist/include/mozilla-config.h(36): note: see previous definition of 'HAVE_STDINT_H'
17:54.40 vp9_variance_avx2.obj
17:54.40 jcomapi.c
17:54.40 jcphuff.obj
17:54.40 vp9_subpel_variance_impl_intrin_avx2.c
17:54.40 d:\a\K-Meleon-R\K-Meleon-R\goanna\media\libvpx\vpx_config_x86_64-win64-vs12.h(34): warning C4005: 'HAVE_STDINT_H': macro redefinition
17:54.40 d:\a\K-Meleon-R\K-Meleon-R\goanna\obj-x64\media\libvpx\../../dist/include/mozilla-config.h(36): note: see previous definition of 'HAVE_STDINT_H'
17:54.40 vp9_variance_sse2.obj
17:54.40 jcparam.c
17:54.40 jcprepct.obj
17:54.40 vp9_variance_avx2.c
17:54.40 d:\a\K-Meleon-R\K-Meleon-R\goanna\media\libvpx\vpx_config_x86_64-win64-vs12.h(34): warning C4005: 'HAVE_STDINT_H': macro redefinition
17:54.40 d:\a\K-Meleon-R\K-Meleon-R\goanna\obj-x64\media\libvpx\../../dist/include/mozilla-config.h(36): note: see previous definition of 'HAVE_STDINT_H'
17:54.40 vp9_cx_iface.obj
17:54.40 jcphuff.c
17:54.40 jcsample.obj
17:54.40 opts_check_x86.cpp
17:54.40 SkFontHost_win.obj
17:54.40 vp9_variance_sse2.c
17:54.40 d:\a\K-Meleon-R\K-Meleon-R\goanna\media\libvpx\vpx_config_x86_64-win64-vs12.h(34): warning C4005: 'HAVE_STDINT_H': macro redefinition
17:54.40 d:\a\K-Meleon-R\K-Meleon-R\goanna\obj-x64\media\libvpx\../../dist/include/mozilla-config.h(36): note: see previous definition of 'HAVE_STDINT_H'
17:54.40 vp9_dx_iface.obj
17:54.40 jcprepct.c
17:54.40 jctrans.obj
17:54.40 jcsample.c
17:54.40 jdapimin.obj
17:54.40 vp9_cx_iface.c
17:54.40 d:\a\K-Meleon-R\K-Meleon-R\goanna\media\libvpx\vpx_config_x86_64-win64-vs12.h(34): warning C4005: 'HAVE_STDINT_H': macro redefinition
17:54.40 d:\a\K-Meleon-R\K-Meleon-R\goanna\obj-x64\media\libvpx\../../dist/include/mozilla-config.h(36): note: see previous definition of 'HAVE_STDINT_H'
17:54.40 vpx_codec.obj
17:54.40 jctrans.c
17:54.40 jdapistd.obj
17:54.40 SkDebug_win.cpp
17:54.40 SkFontMgr_default_dw.obj
17:54.40 jdapimin.c
17:54.40 jdatadst.obj
17:54.40 vp9_dx_iface.c
17:54.40 d:\a\K-Meleon-R\K-Meleon-R\goanna\media\libvpx\vpx_config_x86_64-win64-vs12.h(34): warning C4005: 'HAVE_STDINT_H': macro redefinition
18:04.00 d:\a\K-Meleon-R\K-Meleon-R\goanna\obj-x64\media\libvpx\../../dist/include/mozilla-config.h(36): note: see previous definition of 'HAVE_STDINT_H'
18:04.00 vpx_decoder.obj
18:04.00 jdapistd.c
18:04.00 vpx_codec.c
18:04.00 jdatasrc.obj
18:04.00 vpx_encoder.obj
18:04.00 vpx_decoder.c
18:04.00 vpx_image.obj
18:04.00 jdatadst.c
18:04.00 jdcoefct.obj
18:04.00 jdatasrc.c
18:04.00 jdcolor.obj
18:04.00 vpx_encoder.c
18:04.00 d:\a\K-Meleon-R\K-Meleon-R\goanna\media\libvpx\vpx_config_x86_64-win64-vs12.h(34): warning C4005: 'HAVE_STDINT_H': macro redefinition
18:04.00 d:\a\K-Meleon-R\K-Meleon-R\goanna\obj-x64\media\libvpx\../../dist/include/mozilla-config.h(36): note: see previous definition of 'HAVE_STDINT_H'
18:04.00 vpx_psnr.obj
18:04.00 SkFontHost_win.cpp
18:04.00 SkFontMgr_win_dw.obj
18:04.00 vpx_image.c
18:04.00 d:\a\K-Meleon-R\K-Meleon-R\goanna\media\libvpx\vpx_config_x86_64-win64-vs12.h(34): warning C4005: 'HAVE_STDINT_H': macro redefinition
18:04.00 d:\a\K-Meleon-R\K-Meleon-R\goanna\obj-x64\media\libvpx\../../dist/include/mozilla-config.h(36): note: see previous definition of 'HAVE_STDINT_H'
18:04.00 sad.obj
18:04.00 jdcoefct.c
18:04.00 jddctmgr.obj
18:04.00 vpx_psnr.c
18:04.00 variance.obj
18:04.00 jdcolor.c
18:04.00 jdhuff.obj
18:04.00 sad.c
18:04.00 d:\a\K-Meleon-R\K-Meleon-R\goanna\media\libvpx\vpx_config_x86_64-win64-vs12.h(34): warning C4005: 'HAVE_STDINT_H': macro redefinition
18:04.00 d:\a\K-Meleon-R\K-Meleon-R\goanna\obj-x64\media\libvpx\../../dist/include/mozilla-config.h(36): note: see previous definition of 'HAVE_STDINT_H'
18:04.00 vpx_dsp_rtcd.obj
18:04.00 jddctmgr.c
18:04.00 jdinput.obj
18:04.00 SkFontMgr_default_dw.cpp
18:04.00 SkOSFile_win.obj
18:04.00 variance.c
18:04.00 d:\a\K-Meleon-R\K-Meleon-R\goanna\media\libvpx\vpx_config_x86_64-win64-vs12.h(34): warning C4005: 'HAVE_STDINT_H': macro redefinition
18:04.00 d:\a\K-Meleon-R\K-Meleon-R\goanna\obj-x64\media\libvpx\../../dist/include/mozilla-config.h(36): note: see previous definition of 'HAVE_STDINT_H'
18:04.00 sad4d_avx2.obj
18:04.00 jdhuff.c
18:04.00 jdmainct.obj
18:04.00 jdinput.c
18:04.00 jdmarker.obj
18:04.00 vpx_dsp_rtcd.c
18:04.00 d:\a\K-Meleon-R\K-Meleon-R\goanna\media\libvpx\vpx_config_x86_64-win64-vs12.h(34): warning C4005: 'HAVE_STDINT_H': macro redefinition
18:04.00 d:\a\K-Meleon-R\K-Meleon-R\goanna\obj-x64\media\libvpx\../../dist/include/mozilla-config.h(36): note: see previous definition of 'HAVE_STDINT_H'
18:04.00 sad_avx2.obj
18:04.00 jdmainct.c
18:04.00 jdmaster.obj
18:04.00 sad4d_avx2.c
18:04.00 variance_avx2.obj
18:04.00 jdmarker.c
18:04.00 jdmerge.obj
18:04.00 SkFontMgr_win_dw.cpp
18:04.00 SkRemotableFontMgr_win_dw.obj
18:04.00 sad_avx2.c
18:04.00 d:\a\K-Meleon-R\K-Meleon-R\goanna\media\libvpx\vpx_config_x86_64-win64-vs12.h(34): warning C4005: 'HAVE_STDINT_H': macro redefinition
18:04.00 d:\a\K-Meleon-R\K-Meleon-R\goanna\obj-x64\media\libvpx\../../dist/include/mozilla-config.h(36): note: see previous definition of 'HAVE_STDINT_H'
18:04.00 variance_impl_avx2.obj
18:04.00 variance_avx2.c
18:04.00 variance_mmx.obj
18:04.00 jdmaster.c
18:04.00 jdphuff.obj
18:04.00 variance_impl_avx2.c
18:04.00 variance_sse2.obj
18:04.00 jdmerge.c
18:04.00 jdpostct.obj
18:04.00 variance_mmx.c
18:04.00 vpx_mem.obj
18:04.00 SkOSFile_win.cpp
18:04.00 SkScalerContext_win_dw.obj
18:04.00 jdphuff.c
18:04.00 jdsample.obj
18:04.00 variance_sse2.c
18:04.00 d:\a\K-Meleon-R\K-Meleon-R\goanna\media\libvpx\vpx_config_x86_64-win64-vs12.h(34): warning C4005: 'HAVE_STDINT_H': macro redefinition
18:04.00 d:\a\K-Meleon-R\K-Meleon-R\goanna\obj-x64\media\libvpx\../../dist/include/mozilla-config.h(36): note: see previous definition of 'HAVE_STDINT_H'
18:04.00 gen_scalers.obj
18:04.00 jdpostct.c
18:04.00 jdtrans.obj
18:04.00 vpx_mem.c
18:04.00 d:\a\K-Meleon-R\K-Meleon-R\goanna\media\libvpx\vpx_config_x86_64-win64-vs12.h(34): warning C4005: 'HAVE_STDINT_H': macro redefinition
18:04.00 d:\a\K-Meleon-R\K-Meleon-R\goanna\obj-x64\media\libvpx\../../dist/include/mozilla-config.h(36): note: see previous definition of 'HAVE_STDINT_H'
18:04.00 vpx_scale.obj
18:04.00 gen_scalers.c
18:04.00 d:\a\K-Meleon-R\K-Meleon-R\goanna\media\libvpx\vpx_config_x86_64-win64-vs12.h(34): warning C4005: 'HAVE_STDINT_H': macro redefinition
18:04.00 d:\a\K-Meleon-R\K-Meleon-R\goanna\obj-x64\media\libvpx\../../dist/include/mozilla-config.h(36): note: see previous definition of 'HAVE_STDINT_H'
18:04.00 jdsample.c
18:04.00 yv12config.obj
18:04.00 jerror.obj
18:04.00 jdtrans.c
18:04.00 jfdctflt.obj
18:04.00 vpx_scale.c
18:04.00 d:\a\K-Meleon-R\K-Meleon-R\goanna\media\libvpx\vpx_config_x86_64-win64-vs12.h(34): warning C4005: 'HAVE_STDINT_H': macro redefinition
18:04.00 d:\a\K-Meleon-R\K-Meleon-R\goanna\obj-x64\media\libvpx\../../dist/include/mozilla-config.h(36): note: see previous definition of 'HAVE_STDINT_H'
18:04.00 yv12extend.obj
18:04.00 SkRemotableFontMgr_win_dw.cpp
18:04.00 SkTLS_win.obj
18:04.00 jerror.c
18:04.00 jfdctfst.obj
18:04.00 yv12config.c
18:04.00 d:\a\K-Meleon-R\K-Meleon-R\goanna\media\libvpx\vpx_config_x86_64-win64-vs12.h(34): warning C4005: 'HAVE_STDINT_H': macro redefinition
18:04.00 d:\a\K-Meleon-R\K-Meleon-R\goanna\obj-x64\media\libvpx\../../dist/include/mozilla-config.h(36): note: see previous definition of 'HAVE_STDINT_H'
18:04.00 vpx_scale_rtcd.obj
18:04.00 jfdctflt.c
18:04.00 jfdctint.obj
18:04.00 yv12extend.c
18:04.00 d:\a\K-Meleon-R\K-Meleon-R\goanna\media\libvpx\vpx_config_x86_64-win64-vs12.h(34): warning C4005: 'HAVE_STDINT_H': macro redefinition
18:04.00 d:\a\K-Meleon-R\K-Meleon-R\goanna\obj-x64\media\libvpx\../../dist/include/mozilla-config.h(36): note: see previous definition of 'HAVE_STDINT_H'
18:04.00 x86inc.obj
18:04.00 jfdctfst.c
18:04.00 jidctflt.obj
18:04.00 vpx_scale_rtcd.c
18:04.00 d:\a\K-Meleon-R\K-Meleon-R\goanna\media\libvpx\vpx_config_x86_64-win64-vs12.h(34): warning C4005: 'HAVE_STDINT_H': macro redefinition
18:04.00 d:\a\K-Meleon-R\K-Meleon-R\goanna\obj-x64\media\libvpx\../../dist/include/mozilla-config.h(36): note: see previous definition of 'HAVE_STDINT_H'
18:04.00 copy_sse2.obj
18:04.00 gmake.EXE[5]: *** [d:/a/K-Meleon-R/K-Meleon-R/goanna/config/rules.mk:924: x86inc.obj] Error -1073741515
18:04.00 copy_sse3.obj
18:04.00 jfdctint.c
18:04.00 jidctfst.obj
18:04.00 gmake.EXE[5]: *** [d:/a/K-Meleon-R/K-Meleon-R/goanna/config/rules.mk:924: copy_sse2.obj] Error -1073741515
18:04.00 dequantize_mmx.obj
18:04.00 gmake.EXE[5]: *** [d:/a/K-Meleon-R/K-Meleon-R/goanna/config/rules.mk:924: copy_sse3.obj] Error -1073741515
18:04.00 idctllm_mmx.obj
18:04.00 gmake.EXE[5]: *** [d:/a/K-Meleon-R/K-Meleon-R/goanna/config/rules.mk:924: dequantize_mmx.obj] Error -1073741515
18:04.00 idctllm_sse2.obj
18:04.00 gmake.EXE[5]: *** [d:/a/K-Meleon-R/K-Meleon-R/goanna/config/rules.mk:924: idctllm_mmx.obj] Error -1073741515
18:04.00 iwalsh_mmx.obj
18:04.00 gmake.EXE[5]: *** [d:/a/K-Meleon-R/K-Meleon-R/goanna/config/rules.mk:924: idctllm_sse2.obj] Error -1073741515
18:04.00 iwalsh_sse2.obj
18:04.00 gmake.EXE[5]: *** [d:/a/K-Meleon-R/K-Meleon-R/goanna/config/rules.mk:924: iwalsh_mmx.obj] Error -1073741515
18:04.00 loopfilter_block_sse2_x86_64.obj
18:04.00 SkScalerContext_win_dw.cpp
18:04.00 gmake.EXE[5]: *** [d:/a/K-Meleon-R/K-Meleon-R/goanna/config/rules.mk:924: iwalsh_sse2.obj] Error -1073741515
18:04.00 loopfilter_mmx.obj
18:04.00 SkTime_win.obj
18:04.00 jidctflt.c
18:04.00 gmake.EXE[5]: *** [d:/a/K-Meleon-R/K-Meleon-R/goanna/config/rules.mk:924: loopfilter_block_sse2_x86_64.obj] Error -1073741515
18:04.00 loopfilter_sse2.obj
18:04.00 jidctint.obj
18:04.00 gmake.EXE[5]: *** [d:/a/K-Meleon-R/K-Meleon-R/goanna/config/rules.mk:924: loopfilter_mmx.obj] Error -1073741515
18:04.00 mfqe_sse2.obj
18:04.00 gmake.EXE[5]: *** [d:/a/K-Meleon-R/K-Meleon-R/goanna/config/rules.mk:924: loopfilter_sse2.obj] Error -1073741515
18:04.00 postproc_mmx.obj
18:04.00 gmake.EXE[5]: *** [d:/a/K-Meleon-R/K-Meleon-R/goanna/config/rules.mk:924: mfqe_sse2.obj] Error -1073741515
18:04.00 postproc_sse2.obj
18:04.00 gmake.EXE[5]: *** [d:/a/K-Meleon-R/K-Meleon-R/goanna/config/rules.mk:924: postproc_mmx.obj] Error -1073741515
18:04.00 recon_mmx.obj
18:04.00 gmake.EXE[5]: *** [d:/a/K-Meleon-R/K-Meleon-R/goanna/config/rules.mk:924: postproc_sse2.obj] Error -1073741515
18:04.00 recon_sse2.obj
18:04.00 gmake.EXE[5]: *** [d:/a/K-Meleon-R/K-Meleon-R/goanna/config/rules.mk:924: recon_mmx.obj] Error -1073741515
18:04.00 subpixel_mmx.obj
18:04.00 gmake.EXE[5]: *** [d:/a/K-Meleon-R/K-Meleon-R/goanna/config/rules.mk:924: recon_sse2.obj] Error -1073741515
18:04.00 subpixel_sse2.obj
18:04.02 jidctfst.c
18:04.02 jidctred.obj
18:04.02 gmake.EXE[5]: *** [d:/a/K-Meleon-R/K-Meleon-R/goanna/config/rules.mk:924: subpixel_mmx.obj] Error -1073741515
18:04.02 subpixel_ssse3.obj
18:04.02 gmake.EXE[5]: *** [d:/a/K-Meleon-R/K-Meleon-R/goanna/config/rules.mk:924: subpixel_sse2.obj] Error -1073741515
18:04.02 variance_impl_sse2.obj
18:04.02 gmake.EXE[5]: *** [d:/a/K-Meleon-R/K-Meleon-R/goanna/config/rules.mk:924: subpixel_ssse3.obj] Error -1073741515
18:04.02 variance_impl_ssse3.obj
18:04.02 gmake.EXE[5]: *** [d:/a/K-Meleon-R/K-Meleon-R/goanna/config/rules.mk:924: variance_impl_sse2.obj] Error -1073741515
18:04.02 vp8_variance_impl_mmx.obj
18:04.02 gmake.EXE[5]: *** [d:/a/K-Meleon-R/K-Meleon-R/goanna/config/rules.mk:924: variance_impl_ssse3.obj] Error -1073741515
18:04.02 dct_mmx.obj
18:04.02 gmake.EXE[5]: *** [d:/a/K-Meleon-R/K-Meleon-R/goanna/config/rules.mk:924: vp8_variance_impl_mmx.obj] Error -1073741515
18:04.02 dct_sse2.obj
18:04.02 jidctint.c
18:04.02 gmake.EXE[5]: *** [d:/a/K-Meleon-R/K-Meleon-R/goanna/config/rules.mk:924: dct_mmx.obj] Error -1073741515
18:04.02 encodeopt.obj
18:04.02 jmemmgr.obj
18:04.02 gmake.EXE[5]: *** [d:/a/K-Meleon-R/K-Meleon-R/goanna/config/rules.mk:924: dct_sse2.obj] Error -1073741515
18:04.02 fwalsh_sse2.obj
18:04.02 gmake.EXE[5]: *** [d:/a/K-Meleon-R/K-Meleon-R/goanna/config/rules.mk:924: encodeopt.obj] Error -1073741515
18:04.02 quantize_mmx.obj
18:04.02 gmake.EXE[5]: *** [d:/a/K-Meleon-R/K-Meleon-R/goanna/config/rules.mk:924: fwalsh_sse2.obj] Error -1073741515
18:04.02 ssim_opt_x86_64.obj
18:04.02 gmake.EXE[5]: *** [d:/a/K-Meleon-R/K-Meleon-R/goanna/config/rules.mk:924: quantize_mmx.obj] Error -1073741515
18:04.02 subtract_mmx.obj
18:04.02 gmake.EXE[5]: *** [d:/a/K-Meleon-R/K-Meleon-R/goanna/config/rules.mk:924: ssim_opt_x86_64.obj] Error -1073741515
18:04.02 subtract_sse2.obj
18:04.02 SkTLS_win.cpp
18:04.02 gmake.EXE[5]: *** [d:/a/K-Meleon-R/K-Meleon-R/goanna/config/rules.mk:924: subtract_mmx.obj] Error -1073741515
18:04.02 temporal_filter_apply_sse2.obj
18:04.02 jidctred.c
18:04.02 SkTypeface_win_dw.obj
18:04.02 jmemnobs.obj
18:04.02 gmake.EXE[5]: *** [d:/a/K-Meleon-R/K-Meleon-R/goanna/config/rules.mk:924: subtract_sse2.obj] Error -1073741515
18:04.02 vp9_copy_sse2.obj
18:04.02 gmake.EXE[5]: *** [d:/a/K-Meleon-R/K-Meleon-R/goanna/config/rules.mk:924: temporal_filter_apply_sse2.obj] Error -1073741515
18:04.02 vp9_idct_ssse3_x86_64.obj
18:04.02 gmake.EXE[5]: *** [d:/a/K-Meleon-R/K-Meleon-R/goanna/config/rules.mk:924: vp9_copy_sse2.obj] Error -1073741515
18:04.02 vp9_intrapred_sse2.obj
18:04.02 gmake.EXE[5]: *** [d:/a/K-Meleon-R/K-Meleon-R/goanna/config/rules.mk:924: vp9_idct_ssse3_x86_64.obj] Error -1073741515
18:04.02 vp9_intrapred_ssse3.obj
18:04.02 gmake.EXE[5]: *** [d:/a/K-Meleon-R/K-Meleon-R/goanna/config/rules.mk:924: vp9_intrapred_sse2.obj] Error -1073741515
18:04.02 vp9_loopfilter_mmx.obj
18:04.02 gmake.EXE[5]: *** [d:/a/K-Meleon-R/K-Meleon-R/goanna/config/rules.mk:924: vp9_intrapred_ssse3.obj] Error -1073741515
18:04.02 vp9_subpixel_8t_sse2.obj
18:04.02 gmake.EXE[5]: *** [d:/a/K-Meleon-R/K-Meleon-R/goanna/config/rules.mk:924: vp9_loopfilter_mmx.obj] Error -1073741515
18:04.02 vp9_subpixel_8t_ssse3.obj
18:04.02 jmemmgr.c
18:04.02 jquant1.obj
18:04.02 gmake.EXE[5]: *** [d:/a/K-Meleon-R/K-Meleon-R/goanna/config/rules.mk:924: vp9_subpixel_8t_sse2.obj] Error -1073741515
18:04.02 vp9_subpixel_bilinear_sse2.obj
18:04.02 gmake.EXE[5]: *** [d:/a/K-Meleon-R/K-Meleon-R/goanna/config/rules.mk:924: vp9_subpixel_8t_ssse3.obj] Error -1073741515
18:04.02 vp9_subpixel_bilinear_ssse3.obj
18:15.98 gmake.EXE[5]: *** [d:/a/K-Meleon-R/K-Meleon-R/goanna/config/rules.mk:924: vp9_subpixel_bilinear_sse2.obj] Error -1073741515
18:15.98 vp9_dct_mmx.obj
18:15.98 gmake.EXE[5]: *** [d:/a/K-Meleon-R/K-Meleon-R/goanna/config/rules.mk:924: vp9_subpixel_bilinear_ssse3.obj] Error -1073741515
18:15.98 vp9_dct_ssse3_x86_64.obj
18:15.98 gmake.EXE[5]: *** [d:/a/K-Meleon-R/K-Meleon-R/goanna/config/rules.mk:924: vp9_dct_mmx.obj] Error -1073741515
18:15.98 vp9_error_sse2.obj
18:15.98 gmake.EXE[5]: *** [d:/a/K-Meleon-R/K-Meleon-R/goanna/config/rules.mk:924: vp9_dct_ssse3_x86_64.obj] Error -1073741515
18:15.98 vp9_quantize_ssse3_x86_64.obj
18:15.98 jmemnobs.c
18:15.98 gmake.EXE[5]: *** [d:/a/K-Meleon-R/K-Meleon-R/goanna/config/rules.mk:924: vp9_error_sse2.obj] Error -1073741515
18:15.98 vp9_ssim_opt_x86_64.obj
18:15.98 jquant2.obj
18:15.98 gmake.EXE[5]: *** [d:/a/K-Meleon-R/K-Meleon-R/goanna/config/rules.mk:924: vp9_quantize_ssse3_x86_64.obj] Error -1073741515
18:15.98 vp9_subpel_variance.obj
18:15.98 gmake.EXE[5]: *** [d:/a/K-Meleon-R/K-Meleon-R/goanna/config/rules.mk:924: vp9_ssim_opt_x86_64.obj] Error -1073741515
18:15.98 vp9_subtract_sse2.obj
18:15.98 gmake.EXE[5]: *** [d:/a/K-Meleon-R/K-Meleon-R/goanna/config/rules.mk:924: vp9_subpel_variance.obj] Error -1073741515
18:15.98 vp9_temporal_filter_apply_sse2.obj
18:15.98 gmake.EXE[5]: *** [d:/a/K-Meleon-R/K-Meleon-R/goanna/config/rules.mk:924: vp9_subtract_sse2.obj] Error -1073741515
18:15.98 sad4d_sse2.obj
18:15.98 gmake.EXE[5]: *** [d:/a/K-Meleon-R/K-Meleon-R/goanna/config/rules.mk:924: vp9_temporal_filter_apply_sse2.obj] Error -1073741515
18:15.98 sad_mmx.obj
18:15.98 gmake.EXE[5]: *** [d:/a/K-Meleon-R/K-Meleon-R/goanna/config/rules.mk:924: sad4d_sse2.obj] Error -1073741515
18:15.98 sad_sse2.obj
18:15.98 SkTime_win.cpp
18:15.98 SkMD5.obj
18:15.98 gmake.EXE[5]: *** [d:/a/K-Meleon-R/K-Meleon-R/goanna/config/rules.mk:924: sad_mmx.obj] Error -1073741515
18:15.98 sad_sse3.obj
18:15.98 jquant1.c
18:15.98 gmake.EXE[5]: *** [d:/a/K-Meleon-R/K-Meleon-R/goanna/config/rules.mk:924: sad_sse2.obj] Error -1073741515
18:15.98 sad_sse4.obj
18:15.98 jutils.obj
18:15.98 gmake.EXE[5]: *** [d:/a/K-Meleon-R/K-Meleon-R/goanna/config/rules.mk:924: sad_sse3.obj] Error -1073741515
18:15.98 sad_ssse3.obj
18:15.98 gmake.EXE[5]: *** [d:/a/K-Meleon-R/K-Meleon-R/goanna/config/rules.mk:924: sad_sse4.obj] Error -1073741515
18:15.98 variance_impl_mmx.obj
18:15.98 gmake.EXE[5]: *** [d:/a/K-Meleon-R/K-Meleon-R/goanna/config/rules.mk:924: sad_ssse3.obj] Error -1073741515
18:15.98 emms.obj
18:15.98 gmake.EXE[5]: *** [d:/a/K-Meleon-R/K-Meleon-R/goanna/config/rules.mk:924: variance_impl_mmx.obj] Error -1073741515
18:15.98 gmake.EXE[5]: *** [d:/a/K-Meleon-R/K-Meleon-R/goanna/config/rules.mk:924: emms.obj] Error -1073741515
18:15.98 gmake.EXE[5]: Target 'target' not remade because of errors.
18:15.98 gmake.EXE[4]: *** [d:/a/K-Meleon-R/K-Meleon-R/goanna/config/recurse.mk:70: media/libvpx/target] Error 2
18:15.98 SkParse.obj
18:15.98 jquant2.c
18:15.98 jsimd_x86_64.obj
18:15.98 generating out/tmp/coll/res_index.txt (list of installed collation locales)
18:15.98 jutils.c
18:15.98 jccolor-sse2-64.obj
18:15.98 generating out/tmp/brkitr/res_index.txt (list of installed break locales)
18:15.98 ./out/tmp/brkitr\res_index.txt:3: warning: Encountered empty array
18:15.98 generating out/tmp/rbnf/res_index.txt (list of installed RBNF locales)
18:15.98 ./out/tmp/rbnf\res_index.txt:3: warning: Encountered empty array
18:15.98 gensprep writes dummy icudt58l_sprep.spp because UCONFIG_NO_IDNA is set,
18:15.98 see icu/source/common/unicode/uconfig.h
18:15.98 jsimd_x86_64.c
18:15.98 jcgray-sse2-64.obj
18:15.98 gensprep writes dummy icudt58l_sprep.spp because UCONFIG_NO_IDNA is set,
18:15.98 see icu/source/common/unicode/uconfig.h
18:15.98 gmake.EXE[5]: *** [d:/a/K-Meleon-R/K-Meleon-R/goanna/config/rules.mk:924: jccolor-sse2-64.obj] Error -1073741515
18:15.98 jchuff-sse2-64.obj
18:15.98 gensprep writes dummy icudt58l_sprep.spp because UCONFIG_NO_IDNA is set,
18:15.98 see icu/source/common/unicode/uconfig.h
18:15.98 gmake.EXE[5]: *** [d:/a/K-Meleon-R/K-Meleon-R/goanna/config/rules.mk:924: jcgray-sse2-64.obj] Error -1073741515
18:15.98 jcsample-sse2-64.obj
18:15.98 gensprep writes dummy icudt58l_sprep.spp because UCONFIG_NO_IDNA is set,
18:15.98 see icu/source/common/unicode/uconfig.h
18:15.98 gmake.EXE[5]: *** [d:/a/K-Meleon-R/K-Meleon-R/goanna/config/rules.mk:924: jchuff-sse2-64.obj] Error -1073741515
18:15.98 jdcolor-sse2-64.obj
18:15.98 gensprep writes dummy icudt58l_sprep.spp because UCONFIG_NO_IDNA is set,
18:15.98 see icu/source/common/unicode/uconfig.h
18:15.98 SkMD5.cpp
18:15.98 gmake.EXE[5]: *** [d:/a/K-Meleon-R/K-Meleon-R/goanna/config/rules.mk:924: jcsample-sse2-64.obj] Error -1073741515
18:15.98 jdmerge-sse2-64.obj
18:15.98 gensprep writes dummy icudt58l_sprep.spp because UCONFIG_NO_IDNA is set,
18:15.98 see icu/source/common/unicode/uconfig.h
18:15.98 Unified_cpp_layout_xul0.obj
18:15.98 SkTypeface_win_dw.cpp
18:15.98 gmake.EXE[5]: *** [d:/a/K-Meleon-R/K-Meleon-R/goanna/config/rules.mk:924: jdcolor-sse2-64.obj] Error -1073741515
18:15.98 Unified_cpp_layout_xul1.obj
18:15.98 jdsample-sse2-64.obj
18:15.98 gensprep writes dummy icudt58l_sprep.spp because UCONFIG_NO_IDNA is set,
18:15.98 see icu/source/common/unicode/uconfig.h
18:15.98 SkSHA1.obj
18:15.98 gmake.EXE[5]: *** [d:/a/K-Meleon-R/K-Meleon-R/goanna/config/rules.mk:924: jdmerge-sse2-64.obj] Error -1073741515
18:15.98 jfdctflt-sse-64.obj
18:15.98 gensprep writes dummy icudt58l_sprep.spp because UCONFIG_NO_IDNA is set,
18:15.98 see icu/source/common/unicode/uconfig.h
18:15.98 gmake.EXE[5]: *** [d:/a/K-Meleon-R/K-Meleon-R/goanna/config/rules.mk:924: jdsample-sse2-64.obj] Error -1073741515
18:15.98 jfdctfst-sse2-64.obj
18:15.98 gensprep writes dummy icudt58l_sprep.spp because UCONFIG_NO_IDNA is set,
18:15.98 see icu/source/common/unicode/uconfig.h
18:15.98 gmake.EXE[5]: *** [d:/a/K-Meleon-R/K-Meleon-R/goanna/config/rules.mk:924: jfdctflt-sse-64.obj] Error -1073741515
18:15.98 jfdctint-sse2-64.obj
18:15.98 gensprep writes dummy icudt58l_sprep.spp because UCONFIG_NO_IDNA is set,
18:15.98 see icu/source/common/unicode/uconfig.h
18:15.98 gmake.EXE[5]: *** [d:/a/K-Meleon-R/K-Meleon-R/goanna/config/rules.mk:924: jfdctfst-sse2-64.obj] Error -1073741515
18:15.98 jidctflt-sse2-64.obj
18:15.98 gensprep writes dummy icudt58l_sprep.spp because UCONFIG_NO_IDNA is set,
18:15.98 see icu/source/common/unicode/uconfig.h
18:15.98 gmake.EXE[5]: *** [d:/a/K-Meleon-R/K-Meleon-R/goanna/config/rules.mk:924: jfdctint-sse2-64.obj] Error -1073741515
18:15.98 jidctfst-sse2-64.obj
18:15.98 gensprep writes dummy icudt58l_sprep.spp because UCONFIG_NO_IDNA is set,
18:15.98 see icu/source/common/unicode/uconfig.h
18:15.98 gmake.EXE[5]: *** [d:/a/K-Meleon-R/K-Meleon-R/goanna/config/rules.mk:924: jidctflt-sse2-64.obj] Error -1073741515
18:15.98 jidctint-sse2-64.obj
18:15.98 ALL_CFU_SOURCE: d:/a/K-Meleon-R/K-Meleon-R/goanna/intl/icu/source/data/unidata/confusables.txt d:/a/K-Meleon-R/K-Meleon-R/goanna/intl/icu/source/data/unidata/confusablesWholeScript.txt
18:15.98 CFU_FILES: ./out/build/icudt58l/confusables.cfu
18:15.98 gmake.EXE[5]: *** [d:/a/K-Meleon-R/K-Meleon-R/goanna/config/rules.mk:924: jidctfst-sse2-64.obj] Error -1073741515
18:15.98 jidctred-sse2-64.obj
18:15.98 CFU_FILES_SHORT: confusables.cfu
18:15.98 gmake.EXE[5]: *** [d:/a/K-Meleon-R/K-Meleon-R/goanna/config/rules.mk:924: jidctint-sse2-64.obj] Error -1073741515
18:15.98 jquantf-sse2-64.obj
18:15.98 gencfu writes dummy out/build/icudt58l/confusables.cfu because of UCONFIG_NO_REGULAR_EXPRESSIONS and/or UCONFIG_NO_NORMALIZATION and/or UCONFIG_NO_FILE_IO, see uconfig.h
18:15.98 generating out/tmp/icudata.lst (list of data files)
18:15.98 gmake.EXE[5]: *** [d:/a/K-Meleon-R/K-Meleon-R/goanna/config/rules.mk:924: jidctred-sse2-64.obj] Error -1073741515
18:15.98 jquanti-sse2-64.obj
18:15.98 gmake.EXE[5]: *** [d:/a/K-Meleon-R/K-Meleon-R/goanna/config/rules.mk:924: jquantf-sse2-64.obj] Error -1073741515
18:15.98 gmake.EXE[5]: *** [d:/a/K-Meleon-R/K-Meleon-R/goanna/config/rules.mk:924: jquanti-sse2-64.obj] Error -1073741515
18:15.98 gmake.EXE[5]: Target 'target' not remade because of errors.
18:15.98 gmake.EXE[4]: *** [d:/a/K-Meleon-R/K-Meleon-R/goanna/config/recurse.mk:70: media/libjpeg/target] Error 2
18:15.98 Unified_cpp_layout_xul2.obj
18:15.98 SkParse.cpp
18:15.98 SkThreadUtils_win.obj
18:15.98 cl : Command line warning D9025 : overriding '/W3' with '/W4'
18:15.98 cl : Command line warning D9035 : option 'o' has been deprecated and will be removed in a future release
18:15.98 oma.c
18:15.98    Creating library ../lib/icudt.lib and object ../lib/icudt.exp
18:15.98 LINK : warning LNK4281: undesirable base address 0x4AD00000 for x64 image; set base address above 4GB for best ASLR optimization
18:15.98 pkgdata: bash -c "cl -DU_USING_ICU_NAMESPACE=0 -DU_NO_DEFAULT_INCLUDE_UTF_HEADERS=1 -DUCONFIG_NO_LEGACY_CONVERSION -DUCONFIG_NO_TRANSLITERATION -DUCONFIG_NO_REGULAR_EXPRESSIONS -DUCONFIG_NO_BREAK_ITERATION -DUCONFIG_NO_IDNA -DU_CHARSET_IS_UTF8 -I/d/a/K-Meleon-R/K-Meleon-R/goanna/intl/icu/source/common -I/d/a/K-Meleon-R/K-Meleon-R/goanna/intl/icu/source/i18n    -DHAVE_DLOPEN=0 -DU_HAVE_ATOMIC=1 -DU_HAVE_MMAP=0 -DU_HAVE_DIRENT_H=0 -DU_HAVE_POPEN=0 -DU_HAVE_TZNAME=0 -DU_HAVE_STRTOD_L=0 -DU_HAVE_WCSCPY=0  -DU_RELEASE=1 -D_CRT_SECURE_NO_DEPRECATE -DU_ATTRIBUTE_DEPRECATED= -DWIN32 -DCYGWINMSVC -DNOMINMAX -TC -nologo -Wv:18 -wd4091 -D_HAS_EXCEPTIONS=0 -W3 -Gy -FS -wd4244 -wd4267 -wd4819 -we4553 -Zi -UDEBUG -DNDEBUG -O1 -Oi -MD -W4 -W4   -GF -nologo -c oma.c -o oma.obj"
18:15.98 genccode: --match-arch cpu=34404 bits=64 big-endian=0
18:15.98 pkgdata: link.exe /nologo /release /out:"../lib/icudt58.dll" /DLL /NOENTRY /MANIFEST:NO  /base:0x4ad00000 /implib:"../lib/icudt.lib" "./out/tmp\icudt58l_dat.obj" "./out/tmp/icudata.res"
18:15.98 Note: rebuild with "c:/Strawberry/c/bin/gmake.EXE VERBOSE=1 all-local" to show all compiler parameters.
18:15.98 SkSHA1.cpp
18:15.98 SkAutoCoInitialize.obj
18:15.98 SkThreadUtils_win.cpp
18:15.99 d:/a/K-Meleon-R/K-Meleon-R/goanna/gfx/skia/skia/src/utils/SkThreadUtils_win.cpp(134): warning C4334: '<<': result of 32-bit shift implicitly converted to 64 bits (was 64-bit shift intended?)
18:15.99 SkDWrite.obj
18:15.99 SkAutoCoInitialize.cpp
18:15.99 d:/a/K-Meleon-R/K-Meleon-R/goanna/gfx/skia/skia/src/utils/win/SkAutoCoInitialize.cpp(10): warning C4005: 'WIN32_LEAN_AND_MEAN': macro redefinition
18:15.99 d:\a\K-Meleon-R\K-Meleon-R\goanna\obj-x64\gfx\skia\../../dist/include/mozilla-config.h(116): note: see previous definition of 'WIN32_LEAN_AND_MEAN'
18:15.99 SkDWriteFontFileStream.obj
18:15.99 Unified_cpp_layout_xul0.cpp
18:15.99 Unified_cpp_converters0.obj
18:15.99 Unified_cpp_layout_xul1.cpp
18:15.99 SkDWriteGeometrySink.obj
18:15.99 SkDWrite.cpp
18:15.99 Unified_cpp_intl_chardet0.obj
18:15.99 SkDWriteFontFileStream.cpp
18:15.99 SkHRESULT.obj
18:15.99 Unified_cpp_converters0.cpp
18:15.99 netwerk_streamconv_converters.lib.desc
18:15.99 SkIStream.obj
18:15.99 Unified_cpp_layout_xul2.cpp
18:15.99 layout_xul.lib.desc
18:15.99 Unified_cpp_intl_chardet0.cpp
18:15.99 intl_chardet.lib.desc
18:15.99 Unified_cpp_gfx_skia0.obj
18:15.99 Unified_cpp_gfx_skia1.obj
18:15.99 SkHRESULT.cpp
18:15.99 SkDWriteGeometrySink.cpp
18:15.99 Unified_cpp_layout_inspector0.obj
18:15.99 mozStorageModule.obj
18:15.99 SkIStream.cpp
18:15.99 d:/a/K-Meleon-R/K-Meleon-R/goanna/gfx/skia/skia/src/utils/win/SkIStream.cpp(10): warning C4005: 'WIN32_LEAN_AND_MEAN': macro redefinition
18:15.99 d:\a\K-Meleon-R\K-Meleon-R\goanna\obj-x64\gfx\skia\../../dist/include/mozilla-config.h(116): note: see previous definition of 'WIN32_LEAN_AND_MEAN'
18:15.99 pkixbuild.obj
19:12.91 pkixcert.obj
19:12.91 Unified_cpp_gfx_skia0.cpp
19:12.91 Unified_cpp_gfx_skia10.obj
19:12.91 mozStorageModule.cpp
19:12.91 storage_build.lib.desc
19:12.91 pkixbuild.cpp
19:12.91 d:/a/K-Meleon-R/K-Meleon-R/goanna/security/pkix/lib/pkixbuild.cpp: warning C4464: relative include path contains '..'
19:12.91 d:\a\K-Meleon-R\K-Meleon-R\goanna\security\pkix\lib\pkixder.h(131): warning C4365: 'argument': conversion from 'int' to 'uint8_t', signed/unsigned mismatch
19:12.91 d:\a\K-Meleon-R\K-Meleon-R\goanna\security\pkix\lib\pkixder.h(132): warning C4365: 'argument': conversion from 'int' to 'uint8_t', signed/unsigned mismatch
19:12.91 pkixcheck.obj
19:12.91 Unified_cpp_gfx_skia11.obj
19:12.91 pkixcert.cpp
19:12.91 d:/a/K-Meleon-R/K-Meleon-R/goanna/security/pkix/lib/pkixcert.cpp: warning C4464: relative include path contains '..'
19:12.91 d:\a\K-Meleon-R\K-Meleon-R\goanna\security\pkix\lib\pkixder.h(131): warning C4365: 'argument': conversion from 'int' to 'uint8_t', signed/unsigned mismatch
19:12.91 d:\a\K-Meleon-R\K-Meleon-R\goanna\security\pkix\lib\pkixder.h(132): warning C4365: 'argument': conversion from 'int' to 'uint8_t', signed/unsigned mismatch
19:12.91 pkixder.obj
19:12.91 Unified_cpp_gfx_skia1.cpp
19:12.91 Telemetry.obj
19:12.91 pkixcheck.cpp
19:12.91 d:/a/K-Meleon-R/K-Meleon-R/goanna/security/pkix/lib/pkixcheck.cpp: warning C4464: relative include path contains '..'
19:12.91 d:\a\K-Meleon-R\K-Meleon-R\goanna\security\pkix\lib\pkixder.h(131): warning C4365: 'argument': conversion from 'int' to 'uint8_t', signed/unsigned mismatch
19:12.91 d:\a\K-Meleon-R\K-Meleon-R\goanna\security\pkix\lib\pkixder.h(132): warning C4365: 'argument': conversion from 'int' to 'uint8_t', signed/unsigned mismatch
19:12.91 pkixnames.obj
19:12.91 Unified_cpp_gfx_skia10.cpp
19:12.91 Unified_cpp_gfx_skia12.obj
19:12.91 pkixder.cpp
19:12.91 d:/a/K-Meleon-R/K-Meleon-R/goanna/security/pkix/lib/pkixder.cpp: warning C4464: relative include path contains '..'
19:12.91 d:\a\K-Meleon-R\K-Meleon-R\goanna\security\pkix\lib\pkixder.h(131): warning C4365: 'argument': conversion from 'int' to 'uint8_t', signed/unsigned mismatch
19:12.91 d:\a\K-Meleon-R\K-Meleon-R\goanna\security\pkix\lib\pkixder.h(132): warning C4365: 'argument': conversion from 'int' to 'uint8_t', signed/unsigned mismatch
19:12.91 pkixnss.obj
19:12.91 pkixnames.cpp
19:12.91 d:/a/K-Meleon-R/K-Meleon-R/goanna/security/pkix/lib/pkixnames.cpp: warning C4464: relative include path contains '..'
19:12.91 d:\a\K-Meleon-R\K-Meleon-R\goanna\security\pkix\lib\pkixder.h(131): warning C4365: 'argument': conversion from 'int' to 'uint8_t', signed/unsigned mismatch
19:12.91 d:\a\K-Meleon-R\K-Meleon-R\goanna\security\pkix\lib\pkixder.h(132): warning C4365: 'argument': conversion from 'int' to 'uint8_t', signed/unsigned mismatch
19:12.91 pkixocsp.obj
19:12.91 Unified_cpp_layout_inspector0.cpp
19:12.91 layout_inspector.lib.desc
19:12.91 Unified_cpp_gfx_skia13.obj
19:12.91 Unified_cpp_gfx_skia11.cpp
19:12.91 pkixresult.obj
19:12.91 pkixnss.cpp
19:12.91 d:/a/K-Meleon-R/K-Meleon-R/goanna/security/pkix/lib/pkixnss.cpp: warning C4464: relative include path contains '..'
19:12.91 d:\a\K-Meleon-R\K-Meleon-R\goanna\security\pkix\lib\pkixder.h(131): warning C4365: 'argument': conversion from 'int' to 'uint8_t', signed/unsigned mismatch
19:12.91 d:\a\K-Meleon-R\K-Meleon-R\goanna\security\pkix\lib\pkixder.h(132): warning C4365: 'argument': conversion from 'int' to 'uint8_t', signed/unsigned mismatch
19:12.91 Telemetry.cpp
19:12.91 toolkit_components_telemetry.lib.desc
19:12.91 Unified_cpp_dom_workers0.obj
19:12.91 Unified_cpp_dom_workers1.obj
19:12.91 Unified_cpp_gfx_skia14.obj
19:12.91 pkixocsp.cpp
19:12.91 d:/a/K-Meleon-R/K-Meleon-R/goanna/security/pkix/lib/pkixocsp.cpp: warning C4464: relative include path contains '..'
19:12.91 d:\a\K-Meleon-R\K-Meleon-R\goanna\security\pkix\lib\pkixder.h(131): warning C4365: 'argument': conversion from 'int' to 'uint8_t', signed/unsigned mismatch
19:12.91 d:\a\K-Meleon-R\K-Meleon-R\goanna\security\pkix\lib\pkixder.h(132): warning C4365: 'argument': conversion from 'int' to 'uint8_t', signed/unsigned mismatch
19:12.91 pkixtime.obj
19:12.91 pkixresult.cpp
19:12.91 d:/a/K-Meleon-R/K-Meleon-R/goanna/security/pkix/lib/pkixresult.cpp: warning C4464: relative include path contains '..'
19:12.91 d:\a\K-Meleon-R\K-Meleon-R\goanna\security\pkix\lib\pkixder.h(131): warning C4365: 'argument': conversion from 'int' to 'uint8_t', signed/unsigned mismatch
19:12.91 d:\a\K-Meleon-R\K-Meleon-R\goanna\security\pkix\lib\pkixder.h(132): warning C4365: 'argument': conversion from 'int' to 'uint8_t', signed/unsigned mismatch
19:12.91 pkixverify.obj
19:12.91 Unified_cpp_gfx_skia12.cpp
19:12.91 Unified_cpp_gfx_skia13.cpp
19:12.91 Unified_cpp_gfx_skia15.obj
19:12.91 pkixtime.cpp
19:12.91 d:/a/K-Meleon-R/K-Meleon-R/goanna/security/pkix/lib/pkixtime.cpp: warning C4464: relative include path contains '..'
19:12.91 d:\a\K-Meleon-R\K-Meleon-R\goanna\security\pkix\lib\pkixder.h(131): warning C4365: 'argument': conversion from 'int' to 'uint8_t', signed/unsigned mismatch
19:12.91 d:\a\K-Meleon-R\K-Meleon-R\goanna\security\pkix\lib\pkixder.h(132): warning C4365: 'argument': conversion from 'int' to 'uint8_t', signed/unsigned mismatch
19:12.91 pkixverify.cpp
19:12.91 d:/a/K-Meleon-R/K-Meleon-R/goanna/security/pkix/lib/pkixverify.cpp: warning C4464: relative include path contains '..'
19:12.91 d:\a\K-Meleon-R\K-Meleon-R\goanna\security\pkix\lib\pkixder.h(131): warning C4365: 'argument': conversion from 'int' to 'uint8_t', signed/unsigned mismatch
19:12.91 d:\a\K-Meleon-R\K-Meleon-R\goanna\security\pkix\lib\pkixder.h(132): warning C4365: 'argument': conversion from 'int' to 'uint8_t', signed/unsigned mismatch
19:12.91 mozillapkix.lib.desc
19:12.91 Unified_cpp_gfx_skia16.obj
19:12.91 Unified_cpp_gfx_skia14.cpp
19:12.91 MessagePort.obj
19:12.91 nsContentUtils.obj
19:12.91 Unified_cpp_gfx_skia15.cpp
19:12.91 Unified_cpp_gfx_skia17.obj
19:12.91 Unified_cpp_dom_workers0.cpp
19:12.91 Unified_cpp_dom_json0.obj
19:12.91 Unified_cpp_gfx_skia16.cpp
19:12.91 d:\a\K-Meleon-R\K-Meleon-R\goanna\gfx\skia\skia/src/gpu/gl/GrGLBufferImpl.cpp(16): warning C4005: 'VALIDATE': macro redefinition
19:12.91 d:\a\K-Meleon-R\K-Meleon-R\goanna\gfx\skia\skia/src/gpu/effects/GrTextureStripAtlas.cpp(17): note: see previous definition of 'VALIDATE'
19:12.91 Unified_cpp_gfx_skia18.obj
19:12.91 MessagePort.cpp
19:12.91 nsDOMWindowUtils.obj
19:12.91 Unified_cpp_dom_json0.cpp
19:12.91 dom_json.lib.desc
19:12.91 Unified_cpp_gfx_skia19.obj
19:12.91 Unified_cpp_dom_workers1.cpp
19:12.91 dom_workers.lib.desc
19:12.91 nsFrameMessageManager.obj
19:12.91 Unified_cpp_gfx_skia17.cpp
19:12.91 d:\a\K-Meleon-R\K-Meleon-R\goanna\gfx\skia\skia/src/gpu/gl/GrGLProgram.cpp(20): warning C4005: 'GL_CALL': macro redefinition
19:12.91 d:\a\K-Meleon-R\K-Meleon-R\goanna\gfx\skia\skia/src/gpu/gl/GrGLPath.cpp(14): note: see previous definition of 'GL_CALL'
19:12.91 d:\a\K-Meleon-R\K-Meleon-R\goanna\gfx\skia\skia/src/gpu/gl/GrGLProgram.cpp(21): warning C4005: 'GL_CALL_RET': macro redefinition
19:12.91 d:\a\K-Meleon-R\K-Meleon-R\goanna\gfx\skia\skia/src/gpu/gl/GrGLPath.cpp(15): note: see previous definition of 'GL_CALL_RET'
19:12.91 d:\a\K-Meleon-R\K-Meleon-R\goanna\gfx\skia\skia/src/gpu/gl/GrGLRenderTarget.cpp(12): warning C4005: 'GPUGL': macro redefinition
19:12.91 d:\a\K-Meleon-R\K-Meleon-R\goanna\gfx\skia\skia/src/gpu/gl/GrGLPath.cpp(12): note: see previous definition of 'GPUGL'
19:12.91 d:\a\K-Meleon-R\K-Meleon-R\goanna\gfx\skia\skia/src/gpu/gl/GrGLRenderTarget.cpp(14): warning C4005: 'GL_CALL': macro redefinition
19:12.91 d:\a\K-Meleon-R\K-Meleon-R\goanna\gfx\skia\skia/src/gpu/gl/GrGLProgram.cpp(20): note: see previous definition of 'GL_CALL'
19:12.91 d:\a\K-Meleon-R\K-Meleon-R\goanna\gfx\skia\skia/src/gpu/gl/GrGLShaderBuilder.cpp(18): warning C4005: 'GL_CALL': macro redefinition
19:12.91 d:\a\K-Meleon-R\K-Meleon-R\goanna\gfx\skia\skia/src/gpu/gl/GrGLRenderTarget.cpp(14): note: see previous definition of 'GL_CALL'
19:12.91 d:\a\K-Meleon-R\K-Meleon-R\goanna\gfx\skia\skia/src/gpu/gl/GrGLShaderBuilder.cpp(19): warning C4005: 'GL_CALL_RET': macro redefinition
19:12.91 d:\a\K-Meleon-R\K-Meleon-R\goanna\gfx\skia\skia/src/gpu/gl/GrGLProgram.cpp(21): note: see previous definition of 'GL_CALL_RET'
19:12.91 ASpdySession.obj
19:12.91 AlternateServices.obj
19:12.91 Unified_cpp_gfx_skia18.cpp
19:12.91 d:\a\K-Meleon-R\K-Meleon-R\goanna\gfx\skia\skia/src/gpu/gl/GrGLVertexArray.cpp(11): warning C4005: 'GPUGL': macro redefinition
19:12.91 d:\a\K-Meleon-R\K-Meleon-R\goanna\gfx\skia\skia/src/gpu/gl/GrGLTexture.cpp(11): note: see previous definition of 'GPUGL'
19:12.91 d:\a\K-Meleon-R\K-Meleon-R\goanna\gfx\skia\skia/src/gpu/gl/GrGLVertexArray.cpp(12): warning C4005: 'GL_CALL': macro redefinition
19:12.91 d:\a\K-Meleon-R\K-Meleon-R\goanna\gfx\skia\skia/src/gpu/gl/GrGLTexture.cpp(13): note: see previous definition of 'GL_CALL'
19:12.91 d:\a\K-Meleon-R\K-Meleon-R\goanna\gfx\skia\skia/src/gpu/gl/GrGpuGL.cpp(20): warning C4005: 'GL_CALL': macro redefinition
19:12.91 d:\a\K-Meleon-R\K-Meleon-R\goanna\gfx\skia\skia/src/gpu/gl/GrGLVertexArray.cpp(12): note: see previous definition of 'GL_CALL'
19:12.91 Unified_cpp_gfx_skia2.obj
19:12.91 Unified_cpp_gfx_skia19.cpp
19:12.91 Unified_cpp_gfx_skia20.obj
19:12.91 ASpdySession.cpp
19:12.91 nsHttpAuthCache.obj
19:12.91 Unified_cpp_gfx_skia2.cpp
19:12.91 Unified_cpp_gfx_skia21.obj
19:12.91 AlternateServices.cpp
19:12.91 nsDOMWindowUtils.cpp
19:12.91 nsHttpChannelAuthProvider.obj
19:12.91 Unified_c_mediasniffer0.obj
19:12.91 Unified_cpp_mediasniffer0.obj
19:12.91 nsContentUtils.cpp
19:12.91 nsGlobalWindow.obj
19:12.91 Unified_c_mediasniffer0.c
19:12.91 Unified_cpp_gfx_skia20.cpp
19:12.91 Unified_cpp_gfx_skia22.obj
19:12.91 Unified_cpp_mediasniffer0.cpp
19:12.91 toolkit_components_mediasniffer.lib.desc
19:12.91 nsHttpHandler.obj
19:12.91 nsHttpAuthCache.cpp
19:12.91 nsImageLoadingContent.obj
19:12.92 Unified_cpp_gfx_skia21.cpp
19:12.92 Unified_cpp_gfx_skia23.obj
19:12.92 Unified_cpp_gfx_skia22.cpp
19:12.92 Unified_cpp_gfx_skia24.obj
19:12.92 nsHttpChannelAuthProvider.cpp
19:12.92 Unified_cpp_protocol_http0.obj
19:12.92 Unified_cpp_gfx_skia23.cpp
19:12.92 Unified_cpp_gfx_skia3.obj
19:12.92 nsFrameMessageManager.cpp
19:12.92 Unified_cpp_dom_security0.obj
19:12.92 Unified_cpp_gfx_skia24.cpp
19:12.92 Unified_cpp_gfx_skia4.obj
19:12.92 nsHttpHandler.cpp
19:12.92 Unified_cpp_protocol_http1.obj
19:12.92 Unified_cpp_gfx_skia3.cpp
19:12.92 Unified_cpp_gfx_skia5.obj
19:12.92 Unified_cpp_dom_security0.cpp
19:12.92 dom_security.lib.desc
19:12.92 nsObjectLoadingContent.obj
19:12.92 nsGlobalWindow.cpp
19:12.92 d:/a/K-Meleon-R/K-Meleon-R/goanna/dom/base/nsGlobalWindow.cpp(3888): warning C4101: 'rv': unreferenced local variable
19:12.92 Warning: C4715 in d:\a\K-Meleon-R\K-Meleon-R\goanna\dom\base\nsGlobalWindow.cpp: 'nsGlobalWindow::GetParent': not all control paths return a value
19:12.92 d:\a\K-Meleon-R\K-Meleon-R\goanna\dom\base\nsGlobalWindow.cpp(3827) : warning C4715: 'nsGlobalWindow::GetParent': not all control paths return a value
19:12.92 Warning: C4715 in d:\a\K-Meleon-R\K-Meleon-R\goanna\dom\base\nsGlobalWindow.cpp: 'nsGlobalWindow::GetTop': not all control paths return a value
19:12.92 d:\a\K-Meleon-R\K-Meleon-R\goanna\dom\base\nsGlobalWindow.cpp(5828) : warning C4715: 'nsGlobalWindow::GetTop': not all control paths return a value
19:12.92 Unified_cpp_protocol_http2.obj
19:12.92 Unified_cpp_gfx_skia4.cpp
19:12.92 Unified_cpp_gfx_skia6.obj
19:12.92 Unified_cpp_gfx_skia5.cpp
19:12.92 Unified_cpp_gfx_skia7.obj
19:12.92 nsImageLoadingContent.cpp
19:12.92 nsPluginArray.obj
19:12.92 Unified_cpp_gfx_skia6.cpp
19:12.92 Unified_cpp_protocol_http0.cpp
19:12.92 Unified_cpp_gfx_skia8.obj
19:12.92 nsOSHelperAppService.obj
19:12.92 Unified_cpp_uriloader_exthandler0.obj
19:12.92 Unified_cpp_protocol_http1.cpp
19:12.92 Unified_cpp_gfx_skia7.cpp
19:12.92 Unified_cpp_gfx_skia9.obj
19:12.92 nsOSHelperAppService.cpp
19:12.92 Unified_cpp_protocol_http2.cpp
19:12.92 netwerk_protocol_http.lib.desc
19:12.92 Unified_cpp_gfx_skia8.cpp
19:12.92 nsTextFragmentSSE2.obj
19:12.92 nsPluginArray.cpp
21:17.40 nsObjectLoadingContent.cpp
21:17.40 Unified_cpp_dom_base0.obj
21:17.40 Unified_cpp_xpcom_typelib_xpt0.obj
21:17.40 Unified_cpp_gfx_skia9.cpp
21:17.40 gfx_skia.lib.desc
21:17.40 Unified_cpp_dom_base1.obj
21:17.40 nsTextFragmentSSE2.cpp
21:17.40 Unified_cpp_xpcom_typelib_xpt0.cpp
21:17.40 xpt.lib
21:17.40 xpt.lib.desc
21:17.40 PluginDocument.obj
21:17.40 Unified_cpp_dom_html0.obj
21:17.40 Unified_cpp_dom_base2.obj
21:17.40 Unified_cpp_uriloader_exthandler0.cpp
21:17.40 uriloader_exthandler.lib.desc
21:17.40 Unified_cpp_dom_html1.obj
21:17.40 PluginDocument.cpp
21:17.40 Unified_cpp_dom_base3.obj
21:17.40 Unified_cpp_dom_base0.cpp
21:17.40 Unified_cpp_intl_locale0.obj
21:17.40 Unified_cpp_dom_base1.cpp
21:17.40 Unified_cpp_dom_html2.obj
21:17.40 Unified_cpp_intl_locale0.cpp
21:17.40 intl_locale.lib.desc
21:17.40 Unified_cpp_dom_html3.obj
21:17.40 Unified_cpp_dom_html0.cpp
21:17.40 Unified_cpp_dom_base4.obj
21:17.40 Unified_cpp_dom_base2.cpp
21:17.40 Unified_cpp_webspeech_synth0.obj
21:17.40 Unified_cpp_dom_html2.cpp
21:17.40 dom_resourcestats.lib.desc
21:17.40 Unified_cpp_dom_base5.obj
21:17.40 Unified_cpp_dom_html1.cpp
21:17.40 Unified_cpp_dom_html4.obj
21:17.40 Unified_cpp_webspeech_synth0.cpp
21:17.40 dom_media_webspeech_synth.lib.desc
21:17.40 Unified_cpp_dom_base6.obj
21:17.40 Unified_cpp_dom_base3.cpp
21:17.40 Unified_cpp_dom_html5.obj
21:17.40 Unified_cpp_dom_html3.cpp
21:17.40 Unified_cpp_caps0.obj
21:17.40 Unified_cpp_dom_html4.cpp
21:17.40 Unified_cpp_caps0.cpp
21:17.40 caps.lib.desc
21:17.40 Unified_cpp_dom_base7.obj
21:17.40 Unified_cpp_dom_base4.cpp
21:17.40 Unified_cpp_dom_jsurl0.obj
21:17.40 Unified_cpp_dom_jsurl0.cpp
21:17.40 dom_jsurl.lib.desc
21:17.40 Unified_cpp_dom_base8.obj
21:17.40 Unified_cpp_dom_base5.cpp
21:17.40 Unified_cpp_dom_filesystem0.obj
21:17.40 Unified_cpp_dom_base6.cpp
21:17.40 Unified_cpp_dom_xul0.obj
21:17.40 Unified_cpp_dom_html5.cpp
21:17.40 dom_html.lib.desc
21:17.40 Unified_cpp_dom_filesystem0.cpp
21:17.40 dom_filesystem.lib.desc
21:17.40 Unified_cpp_uriloader_base0.obj
21:17.40 Unified_cpp_dom_base7.cpp
21:17.40 Unified_cpp_netwerk_wifi0.obj
21:17.40 Unified_cpp_netwerk_wifi0.cpp
21:17.40 netwerk_wifi.lib.desc
21:17.40 Unified_cpp_dom_storage0.obj
21:17.40 Unified_cpp_uriloader_base0.cpp
21:17.40 uriloader_base.lib.desc
21:17.40 nsUTF8UtilsSSE2.obj
21:17.40 Unified_cpp_xpcom_string0.obj
21:17.40 nsUTF8UtilsSSE2.cpp
21:17.40 Unified_cpp_dom_xul0.cpp
21:17.40 dom_xul.lib.desc
21:17.40 Unified_cpp_dom_system0.obj
21:17.40 Unified_cpp_xpcom_string0.cpp
21:17.40 xpcom_string.lib.desc
21:17.40 Unified_cpp_intl_unicharutil0.obj
21:17.40 Unified_cpp_intl_unicharutil0.cpp
21:17.40 intl_unicharutil.lib.desc
21:17.40 hyphen.obj
21:17.40 hnjstdio.obj
21:17.40 Unified_cpp_dom_storage0.cpp
21:17.40 dom_storage.lib.desc
21:17.40 Unified_cpp_intl_hyphenation0.obj
21:17.40 hyphen.c
21:17.40 Unified_cpp_filewatcher0.obj
21:17.40 Unified_cpp_dom_system0.cpp
21:17.40 dom_system.lib.desc
21:17.40 Unified_cpp_filewatcher0.cpp
21:17.40 toolkit_components_filewatcher.lib.desc
21:17.40 nsNPAPIPlugin.obj
21:17.40 nsPluginHost.obj
21:17.40 hnjstdio.cpp
21:17.40 Unified_cpp_chrome0.obj
21:17.40 Unified_cpp_intl_hyphenation0.cpp
21:17.40 intl_hyphenation.lib.desc
21:17.40 Unified_cpp_dom_plugins_base0.obj
21:17.40 Unified_cpp_dom_base8.cpp
21:17.40 dom_base.lib.desc
21:17.40 nsNPAPIPlugin.cpp
21:17.40 XPCComponents.obj
21:17.40 Unified_cpp_js_xpconnect_src0.obj
21:17.40 Unified_cpp_chrome0.cpp
21:17.40 chrome.lib.desc
21:17.40 Unified_cpp_js_xpconnect_src1.obj
21:17.40 nsPluginHost.cpp
21:17.40 Unified_cpp_pref_autoconfig_src0.obj
21:17.40 Unified_cpp_dom_plugins_base0.cpp
21:17.40 d:\a\K-Meleon-R\K-Meleon-R\goanna\dom\plugins\base\nsPluginDirServiceProvider.cpp(119): warning C4996: 'wcstok': wcstok has been changed to conform with the ISO C standard, adding an extra context parameter. To use the legacy Microsoft wcstok, define _CRT_NON_CONFORMING_WCSTOK.
21:17.40 d:\a\K-Meleon-R\K-Meleon-R\goanna\dom\plugins\base\nsPluginDirServiceProvider.cpp(120): warning C4996: 'wcstok': wcstok has been changed to conform with the ISO C standard, adding an extra context parameter. To use the legacy Microsoft wcstok, define _CRT_NON_CONFORMING_WCSTOK.
21:17.40 d:\a\K-Meleon-R\K-Meleon-R\goanna\dom\plugins\base\nsPluginDirServiceProvider.cpp(121): warning C4996: 'wcstok': wcstok has been changed to conform with the ISO C standard, adding an extra context parameter. To use the legacy Microsoft wcstok, define _CRT_NON_CONFORMING_WCSTOK.
21:17.40 d:\a\K-Meleon-R\K-Meleon-R\goanna\dom\plugins\base\nsPluginDirServiceProvider.cpp(122): warning C4996: 'wcstok': wcstok has been changed to conform with the ISO C standard, adding an extra context parameter. To use the legacy Microsoft wcstok, define _CRT_NON_CONFORMING_WCSTOK.
21:17.40 dom_plugins_base.lib.desc
21:17.40 XPCComponents.cpp
21:17.40 kiss_fft.obj
21:17.40 kiss_fftr.obj
21:17.40 kiss_fft.c
21:17.40 Unified_cpp_pref_autoconfig_src0.cpp
21:17.40 extensions_pref_autoconfig_src.lib.desc
21:17.40 Unified_cpp_dom_media_gmp0.obj
21:17.40 Unified_cpp_dom_media_gmp1.obj
21:17.40 kiss_fftr.c
21:17.40 media_kiss_fft.lib.desc
21:17.40 Unified_cpp_js_xpconnect_src0.cpp
21:17.40 yuv_convert_sse2.obj
21:17.40 yuv_row_win64.obj
21:17.40 Unified_cpp_dom_media_gmp1.cpp
21:17.40 nsICOEncoder.obj
21:17.40 yuv_convert_sse2.cpp
21:17.40 Unified_cpp_gfx_ycbcr0.obj
21:17.40 yuv_row_win64.cpp
21:17.40 Unified_cpp_dom_media_gmp0.cpp
21:17.40 dom_media_gmp.lib.desc
21:17.40 dom_secureelement.lib.desc
21:17.40 nsICOEncoder.cpp
21:17.40 image_encoders_ico.lib.desc
21:17.40 TestShellChild.obj
21:17.40 TestShellParent.obj
21:17.40 XPCShellEnvironment.obj
21:17.40 Unified_cpp_js_xpconnect_src1.cpp
21:17.40 js_xpconnect_src.lib.desc
21:17.40 Unified_cpp_gfx_ycbcr0.cpp
21:17.40 gfx_ycbcr.lib.desc
21:17.40 nsEmbeddingModule.obj
21:17.40 TestShellChild.cpp
21:17.40 PerfMeasurement.obj
21:17.40 XPCShellEnvironment.cpp
21:17.40 AppProtocolHandler.obj
21:17.40 PerfMeasurement.cpp
21:17.40 toolkit_components_perf.lib.desc
21:17.40 TestShellParent.cpp
21:17.40 ipc_testshell.lib.desc
21:17.40 Unified_cpp_netwerk_socket0.obj
21:17.40 nsEmbeddingModule.cpp
21:17.42 embedding_components_build.lib.desc
21:17.42 Unified_cpp_recognition0.obj
21:17.42 RequestSyncWifiService.obj
21:17.42 AppProtocolHandler.cpp
21:17.42 netwerk_protocol_app.lib.desc
21:17.42 Unified_cpp_netwerk_socket0.cpp
21:17.42 Unified_cpp_protocol_about0.obj
21:17.42 netwerk_socket.lib.desc
21:17.42 Unified_cpp_snappy0.obj
21:17.42 RequestSyncWifiService.cpp
21:17.42 dom_requestsync.lib.desc
21:17.42 Unified_cpp_snappy0.cpp
21:17.42 d:\a\K-Meleon-R\K-Meleon-R\goanna\other-licenses\snappy\src/snappy.cc(1248): warning C4018: '<': signed/unsigned mismatch
21:17.42 d:\a\K-Meleon-R\K-Meleon-R\goanna\other-licenses\snappy\src/snappy.cc(1245): note: while compiling class template member function 'bool snappy::SnappyScatteredWriter<snappy::SnappySinkAllocator>::AppendFromSelf(size_t,size_t)'
21:17.42 d:\a\K-Meleon-R\K-Meleon-R\goanna\other-licenses\snappy\src/snappy.cc(626): note: see reference to function template instantiation 'bool snappy::SnappyScatteredWriter<snappy::SnappySinkAllocator>::AppendFromSelf(size_t,size_t)' being compiled
21:17.42 d:\a\K-Meleon-R\K-Meleon-R\goanna\other-licenses\snappy\src/snappy.cc(1367): note: see reference to class template instantiation 'snappy::SnappyScatteredWriter<snappy::SnappySinkAllocator>' being compiled
21:17.42 other-licenses_snappy.lib.desc
21:17.42 DiskSpaceWatcher.obj
21:17.42 mozStorageBindingParams.obj
21:17.42 mozStorageConnection.obj
21:17.42 Unified_cpp_protocol_about0.cpp
21:17.42 netwerk_protocol_about.lib.desc
21:17.42 Unified_cpp_storage_src0.obj
21:17.42 mozStorageBindingParams.cpp
21:17.42 Unified_cpp_dom_media_ogg0.obj
21:17.42 Unified_cpp_recognition0.cpp
21:17.42 dom_media_webspeech_recognition.lib.desc
21:17.42 Unified_cpp_storage_src1.obj
21:17.42 DiskSpaceWatcher.cpp
21:17.42 toolkit_components_diskspacewatcher.lib.desc
21:17.42 mozStorageConnection.cpp
21:17.42 Unified_cpp_dom_filehandle0.obj
21:17.42 Unified_cpp_storage_src0.cpp
21:17.42 Unified_cpp_storage_src1.cpp
21:17.42 storage_src.lib.desc
21:17.42 Unified_cpp_dom_crypto0.obj
21:17.42 Unified_cpp_dom_offline0.obj
21:17.42 Unified_cpp_dom_filehandle0.cpp
21:17.42 Unified_cpp_dom_media_ogg0.cpp
21:17.42 dom_filehandle.lib.desc
21:17.42 dom_media_ogg.lib.desc
21:17.42 Unified_cpp_dom_crypto0.cpp
21:17.42 dom_crypto.lib.desc
21:17.42 Unified_cpp_dom_offline0.cpp
21:17.42 dom_offline.lib.desc
21:17.42 nsUserInfoWin.obj
21:17.42 Unified_cpp_components_startup0.obj
21:17.42 Unified_cpp_security_apps0.obj
21:17.42 Unified_cpp_windowwatcher0.obj
21:17.42 Unified_cpp_components_startup0.cpp
21:17.42 Unified_cpp_parser_htmlparser0.obj
21:17.42 Unified_cpp_security_apps0.cpp
21:17.42 security_apps.lib.desc
21:17.42 nsRDFModule.obj
21:17.42 nsUserInfoWin.cpp
21:17.42 toolkit_components_startup.lib.desc
21:17.42 Unified_cpp_dom_media_encoder0.obj
21:17.42 nsRDFModule.cpp
21:17.42 rdf_build.lib.desc
21:17.42 MiniShmParent.obj
21:17.42 PluginInstanceChild.obj
21:17.42 Unified_cpp_windowwatcher0.cpp
21:17.42 embedding_components_windowwatcher.lib.desc
21:17.42 PluginModuleChild.obj
21:17.42 MiniShmParent.cpp
21:17.42 Unified_cpp_mozapps_extensions0.obj
21:17.42 Unified_cpp_parser_htmlparser0.cpp
21:17.42 parser_htmlparser.lib.desc
21:17.42 PluginWidgetChild.obj
21:17.42 Unified_cpp_dom_media_encoder0.cpp
21:17.42 dom_media_encoder.lib.desc
21:17.42 PluginWidgetParent.obj
21:17.42 Unified_cpp_mozapps_extensions0.cpp
21:17.42 toolkit_mozapps_extensions.lib.desc
21:17.42 Unified_cpp_dom_plugins_ipc0.obj
21:17.42 PluginInstanceChild.cpp
21:17.42 WyciwygChannelChild.obj
21:17.42 WyciwygChannelParent.obj
21:17.42 PluginModuleChild.cpp
21:17.42 Unified_cpp_glue_staticruntime0.obj
21:17.42 Unified_cpp_glue_staticruntime1.obj
21:17.42 PluginWidgetChild.cpp
21:17.42 nsWyciwyg.obj
21:17.42 Unified_cpp_glue_staticruntime0.cpp
21:17.42 Unified_cpp_glue_staticruntime2.obj
21:17.42 PluginWidgetParent.cpp
21:17.42 Unified_cpp_dom_plugins_ipc1.obj
21:17.42 WyciwygChannelChild.cpp
21:17.42 Unified_cpp_glue_staticruntime1.cpp
21:17.42 gmp-fake.obj
21:17.42 gmp-test-decryptor.obj
21:17.42 WyciwygChannelParent.cpp
21:17.42 nsWyciwygChannel.obj
21:17.42 Unified_cpp_glue_staticruntime2.cpp
21:17.42 xpcomglue_staticruntime_s.lib
21:17.42 gmp-fake.cpp
21:17.42 gmp-test-storage.obj
21:17.42 nsWyciwyg.cpp
21:17.42 nsWyciwygProtocolHandler.obj
21:17.42 gmp-test-decryptor.cpp
21:17.42 module.res
21:17.42 Unified_cpp_dom_plugins_ipc1.cpp
21:17.42 Unified_cpp_dirserviceprovider0.obj
21:17.42 gmp-test-storage.cpp
21:17.42 Creating Resource file: module.res
21:17.42 Microsoft (R) Windows (R) Resource Compiler Version 10.0.10011.16384
21:17.42 
21:17.42 Copyright (C) Microsoft Corporation.  All rights reserved.
21:17.42 
21:17.42 
21:17.42 fake.dll
21:17.42    Creating library fake.lib and object fake.exp
21:17.42 
21:17.42 Unified_cpp_dirserviceprovider0.cpp
21:17.42 profdirserviceprovidersa_s.lib.desc
21:17.42 glslang_lex.obj
21:17.42 glslang_tab.obj
21:17.42 nsWyciwygChannel.cpp
21:17.42 oaes_lib.obj
21:17.42 WMFUtils.obj
21:17.42 oaes_lib.c
21:17.42 Unified_cpp_gmp-clearkey_0.10.obj
21:17.42 Unified_cpp_dom_plugins_ipc0.cpp
21:17.42 dom_plugins_ipc.lib.desc
21:17.42 Display.obj
21:17.42 nsWyciwygProtocolHandler.cpp
21:17.42 netwerk_protocol_wyciwyg.lib.desc
21:17.42 module.res
21:17.42 WMFUtils.cpp
21:17.42 HLSLCompiler.obj
21:17.42 glslang_lex.cpp
21:17.42 Unified_cpp_unicharutil_util0.obj
21:17.42 Unified_cpp_unicharutil_util0.cpp
21:17.42 unicharutil_external_s.lib
21:17.42 Unified_cpp_gmp-clearkey_0.10.cpp
21:17.42 Creating Resource file: module.res
21:17.42 unicharutil_external_s.lib.desc
21:17.42 Microsoft (R) Windows (R) Resource Compiler Version 10.0.10011.16384
21:17.42 
21:17.42 Copyright (C) Microsoft Corporation.  All rights reserved.
21:17.42 
21:17.42 
21:17.42 clearkey.dll
21:17.42 glslang_tab.cpp
21:17.42 loadimageSSE2.obj
21:17.42 GenericModule.obj
21:17.42 AppData.obj
21:17.43 Display.cpp
21:17.43 nsRDFResource.obj
21:17.43    Creating library clearkey.lib and object clearkey.exp
21:17.43 
21:17.43 BlockingResourceBase.obj
21:17.43 GenericModule.cpp
21:17.43 Unified_cpp_angle_src_libANGLE0.obj
21:17.43 nsRDFResource.cpp
21:17.43 rdfutil_external_s.lib
21:17.43 rdfutil_external_s.lib.desc
21:17.43 AppData.cpp
21:17.43 FileUtils.obj
21:17.43 Unified_cpp_angle_src_libANGLE1.obj
21:17.43 HLSLCompiler.cpp
21:17.43 GenericFactory.obj
21:17.43 BlockingResourceBase.cpp
21:17.43 Unified_cpp_plugins_ipc_hangui0.obj
21:17.43 module.res
21:17.43 loadimageSSE2.cpp
21:17.43 freetype.lib.desc
21:17.43 nsArrayEnumerator.obj
21:17.43 FileUtils.cpp
21:17.43 Creating Resource file: module.res
21:17.43 Microsoft (R) Windows (R) Resource Compiler Version 10.0.10011.16384
21:17.43 
21:17.43 Copyright (C) Microsoft Corporation.  All rights reserved.
21:17.43 
21:17.43 
21:17.43 Unified_cpp_angle_src_libANGLE10.obj
21:17.43 GenericFactory.cpp
21:17.43 nsArrayUtils.obj
21:17.43 Unified_cpp_angle_src_libANGLE0.cpp
21:17.43 Unified_cpp_dom_media_gmp_rlz0.obj
21:17.43 Unified_cpp_plugins_ipc_hangui0.cpp
21:17.43 nsArrayEnumerator.cpp
21:17.43 plugin-hang-ui.exe
22:07.62 nsCOMArray.obj
22:07.62 Unified_cpp_dom_media_gmp_rlz0.cpp
22:07.62 rlz.lib.desc
22:07.62 Unified_cpp_angle_src_libANGLE11.obj
22:07.63 Embedding manifest from d:/a/K-Meleon-R/K-Meleon-R/goanna/dom/plugins/ipc/hangui/plugin-hang-ui.exe.manifest
22:07.63 nsArrayUtils.cpp
22:07.63 nsCOMPtr.obj
22:07.63 Unified_cpp_angle_src_libANGLE12.obj
22:07.63 Unified_cpp_angle_src_libANGLE1.cpp
22:07.63 nsStringAPI.obj
22:07.63 nsXPCOMGlue.obj
22:07.63 nsCOMArray.cpp
22:07.63 nsCRTGlue.obj
22:07.63 nsCOMPtr.cpp
22:07.63 nsStringAPI.cpp
22:07.63 AppData.obj
22:07.63 nsCategoryCache.obj
22:07.63 nsCRTGlue.cpp
22:07.63 nsClassInfoImpl.obj
22:07.63 nsXPCOMGlue.cpp
22:07.63 FileUtils.obj
22:07.63 AppData.cpp
22:07.63 nsCategoryCache.cpp
22:07.63 nsArrayEnumerator.obj
22:07.63 nsComponentManagerUtils.obj
22:07.63 Unified_cpp_angle_src_libANGLE10.cpp
22:07.63 jemalloc_config.obj
22:07.63 mozmemory_wrap.obj
22:07.63 jemalloc_config.c
22:07.63 nsClassInfoImpl.cpp
22:07.63 nsCycleCollectionParticipant.obj
22:07.63 mozmemory_wrap.c
22:07.63 d:/a/K-Meleon-R/K-Meleon-R/goanna/memory/build/mozmemory_wrap.c(175): warning C4273: '_aligned_malloc': inconsistent dll linkage
22:07.63 C:\Program Files (x86)\Windows Kits\10\include\10.0.26100.0\ucrt\corecrt_malloc.h(154): note: see previous definition of '_aligned_malloc'
22:07.63 memory.lib.desc
22:07.63 nsArrayUtils.obj
22:07.63 FileUtils.cpp
22:07.63 Unified_cpp_angle_src_libANGLE2.obj
22:07.63 Unified_cpp_angle_src_libANGLE11.cpp
22:07.63 nsDeque.obj
22:07.63 nsComponentManagerUtils.cpp
22:07.63 nsStringAPI.obj
22:07.63 AppData.obj
22:07.63 nsArrayEnumerator.cpp
22:07.63 nsCOMArray.obj
22:07.63 nsCycleCollectionParticipant.cpp
22:07.63 nsEnumeratorUtils.obj
22:07.63 nsArrayUtils.cpp
22:07.63 nsStringAPI.cpp
22:07.63 FileUtils.obj
22:07.63 nsCOMPtr.obj
22:07.63 nsDeque.cpp
22:07.63 nsID.obj
22:07.63 AppData.cpp
22:07.63 nsCOMArray.cpp
22:07.63 nsCRTGlue.obj
22:07.63 nsArrayEnumerator.obj
22:07.63 nsCOMPtr.cpp
22:07.63 nsCategoryCache.obj
22:07.63 nsEnumeratorUtils.cpp
22:07.63 nsIInterfaceRequestorUtils.obj
22:07.63 FileUtils.cpp
22:07.63 nsArrayUtils.obj
22:07.63 nsID.cpp
22:07.63 Unified_cpp_angle_src_libANGLE12.cpp
22:07.63 nsINIParser.obj
22:07.63 Unified_cpp_angle_src_libANGLE3.obj
22:07.63 nsCRTGlue.cpp
22:07.63 nsClassInfoImpl.obj
22:07.63 nsArrayEnumerator.cpp
22:07.63 nsCOMArray.obj
22:07.63 nsIInterfaceRequestorUtils.cpp
22:07.63 nsISupportsImpl.obj
22:07.63 nsArrayUtils.cpp
22:07.63 nsCOMPtr.obj
22:07.63 nsCategoryCache.cpp
22:07.63 nsComponentManagerUtils.obj
22:07.63 nsClassInfoImpl.cpp
22:07.63 nsCycleCollectionParticipant.obj
22:07.63 nsCOMArray.cpp
22:07.63 nsCRTGlue.obj
22:07.63 nsINIParser.cpp
22:07.63 nsMemory.obj
22:07.63 nsComponentManagerUtils.cpp
22:07.63 nsDeque.obj
22:07.63 nsCOMPtr.cpp
22:07.63 nsCategoryCache.obj
22:07.63 nsISupportsImpl.cpp
22:07.63 nsProxyRelease.obj
22:07.63 Unified_cpp_angle_src_libANGLE2.cpp
22:07.63 Unified_cpp_angle_src_libANGLE4.obj
22:07.63 nsCycleCollectionParticipant.cpp
22:07.63 nsEnumeratorUtils.obj
22:07.63 nsMemory.cpp
22:07.63 nsQuickSort.obj
22:07.63 nsCRTGlue.cpp
22:07.63 nsClassInfoImpl.obj
22:07.63 nsDeque.cpp
22:07.63 nsID.obj
22:07.63 nsProxyRelease.cpp
22:07.63 nsTArray.obj
22:07.63 nsCategoryCache.cpp
22:07.63 nsComponentManagerUtils.obj
22:07.63 nsEnumeratorUtils.cpp
22:07.63 nsIInterfaceRequestorUtils.obj
22:07.63 nsQuickSort.cpp
22:07.63 nsTHashtable.obj
22:07.63 nsClassInfoImpl.cpp
22:07.63 nsCycleCollectionParticipant.obj
22:07.63 Unified_cpp_angle_src_libANGLE3.cpp
22:07.63 Unified_cpp_angle_src_libANGLE5.obj
22:07.63 nsID.cpp
22:07.63 nsINIParser.obj
22:07.63 nsTArray.cpp
22:07.63 nsTObserverArray.obj
22:07.63 nsComponentManagerUtils.cpp
22:07.63 nsDeque.obj
22:07.63 nsIInterfaceRequestorUtils.cpp
22:07.63 nsISupportsImpl.obj
22:07.63 nsTHashtable.cpp
22:07.63 nsTextFormatter.obj
22:07.63 nsCycleCollectionParticipant.cpp
22:07.63 nsEnumeratorUtils.obj
22:07.63 nsTObserverArray.cpp
22:07.63 nsThreadUtils.obj
22:07.63 nsINIParser.cpp
22:07.63 nsMemory.obj
22:07.63 nsDeque.cpp
22:07.63 nsID.obj
22:07.63 Unified_cpp_angle_src_libANGLE4.cpp
22:07.63 Unified_cpp_angle_src_libANGLE6.obj
22:07.63 nsISupportsImpl.cpp
22:07.63 nsQuickSort.obj
22:07.63 nsTextFormatter.cpp
22:07.63 nsVersionComparator.obj
22:07.63 nsEnumeratorUtils.cpp
22:07.63 nsIInterfaceRequestorUtils.obj
22:07.63 nsMemory.cpp
22:07.63 nsTArray.obj
22:07.63 nsID.cpp
22:07.63 nsINIParser.obj
22:07.63 nsThreadUtils.cpp
22:07.63 nsVoidArray.obj
22:07.63 nsQuickSort.cpp
22:07.63 nsTHashtable.obj
22:07.63 nsIInterfaceRequestorUtils.cpp
22:07.63 nsISupportsImpl.obj
22:07.63 nsVersionComparator.cpp
22:07.63 nsWeakReference.obj
22:07.65 nsTArray.cpp
22:07.65 nsTObserverArray.obj
22:07.65 Unified_cpp_angle_src_libANGLE5.cpp
22:07.65 Unified_cpp_angle_src_libANGLE7.obj
22:07.65 nsVoidArray.cpp
22:07.65 nsINIParser.cpp
22:07.65 pldhash.obj
22:07.65 nsMemory.obj
22:07.65 nsTHashtable.cpp
22:07.65 nsThreadUtils.obj
22:07.65 nsISupportsImpl.cpp
22:07.65 nsQuickSort.obj
22:07.65 nsWeakReference.cpp
22:07.65 nsStringAPI.obj
22:07.65 nsTObserverArray.cpp
22:07.65 nsVersionComparator.obj
22:07.65 pldhash.cpp
22:07.65 nsMemory.cpp
22:07.65 nsTArray.obj
22:07.65 nsThreadUtils.cpp
22:07.65 nsVoidArray.obj
22:07.65 nsQuickSort.cpp
22:07.65 nsTHashtable.obj
22:07.65 Unified_cpp_angle_src_libANGLE6.cpp
22:07.65 Unified_cpp_angle_src_libANGLE8.obj
22:07.65 nsStringAPI.cpp
22:07.65 xpcomglue_s.lib
22:07.65 nsWeakReference.obj
22:07.65 nsVersionComparator.cpp
22:07.65 nsTObserverArray.obj
22:07.65 nsTArray.cpp
22:07.65 Unified_cpp_angle_src_libANGLE9.obj
22:07.65 nsVoidArray.cpp
22:07.65 pldhash.obj
22:07.65 nsTHashtable.cpp
22:07.65 nsThreadUtils.obj
22:07.65 nsWeakReference.cpp
22:07.65 nsTObserverArray.cpp
22:07.65 nsVersionComparator.obj
22:07.65 pldhash.cpp
22:07.65 xpcomglue_staticruntime.lib
22:07.65 Unified_cpp_angle_src_libANGLE7.cpp
22:07.65 gdef.obj
22:07.65 Unified_cpp_gfx_ots_src0.obj
22:07.65 nsVoidArray.obj
22:07.65 Unified_cpp_angle_src_libANGLE8.cpp
22:07.65 nsThreadUtils.cpp
22:07.65 Unified_cpp_gfx_ots_src1.obj
22:07.65 nsVersionComparator.cpp
22:07.65 nsWeakReference.obj
22:07.65 gdef.cc
22:07.65 nsXULStub.obj
22:07.65 module.res
22:07.65 nsVoidArray.cpp
22:07.65 pldhash.obj
22:07.65 Unified_cpp_gfx_ots_src0.cpp
22:07.65 Unified_cpp_gfx_ots_src2.obj
22:07.65 nsWeakReference.cpp
22:07.65 nsXPCOMGlue.obj
22:07.65 nsXULStub.cpp
22:07.65 d:/a/K-Meleon-R/K-Meleon-R/goanna/xulrunner/stub/nsXULStub.cpp(159): warning C4101: 'tmpPath': unreferenced local variable
22:07.65 Creating Resource file: module.res
22:07.65 Microsoft (R) Windows (R) Resource Compiler Version 10.0.10011.16384
22:07.65 
22:07.65 Copyright (C) Microsoft Corporation.  All rights reserved.
22:07.65 
22:07.65 
22:07.65 xulrunner-stub.exe
22:07.65 Executing: link -NOLOGO -OUT:xulrunner-stub.exe -PDB:xulrunner-stub.pdb -ENTRY:wmainCRTStartup -SUBSYSTEM:WINDOWS,5.02 -STACK:2097152 -LARGEADDRESSAWARE -NXCOMPAT -OPT:REF -OPT:ICF=15 -DYNAMICBASE -DEBUG -DEBUGTYPE:CV -DEBUG -OPT:REF,ICF @d:\a\K-Meleon-R\K-Meleon-R\goanna\obj-x64\xulrunner\stub\tmpdebuif.list module.res ../../xpcom/glue/standalone/staticruntime/xpcomglue_staticruntime.lib kernel32.lib user32.lib gdi32.lib winmm.lib wsock32.lib advapi32.lib secur32.lib netapi32.lib shell32.lib
22:07.65 d:\a\K-Meleon-R\K-Meleon-R\goanna\obj-x64\xulrunner\stub\tmpdebuif.list:
22:07.65     nsXULStub.obj
22:07.65     ..\..\memory\fallible\fallible.obj
22:07.65 
22:07.65 fallible.obj : error LNK2038: mismatch detected for 'RuntimeLibrary': value 'MD_DynamicRelease' doesn't match value 'MT_StaticRelease' in nsXULStub.obj
22:07.65 
22:07.65 xulrunner-stub.exe : fatal error LNK1319: 1 mismatches detected
22:07.65 
22:07.65 gmake.EXE[5]: *** [d:/a/K-Meleon-R/K-Meleon-R/goanna/config/rules.mk:656: xulrunner-stub.exe] Error 1319
22:07.65 gmake.EXE[5]: Target 'target' not remade because of errors.
22:07.65 gmake.EXE[5]: Target 'target' not remade because of errors.
22:07.65 gmake.EXE[4]: *** [d:/a/K-Meleon-R/K-Meleon-R/goanna/config/recurse.mk:70: xulrunner/stub/target] Error 2
22:07.65 pldhash.cpp
22:07.65 Unified_cpp_angle_src_libANGLE9.cpp
22:07.65 libANGLE.lib.desc
22:07.65 SSE.obj
22:07.65 WindowsDllBlocklist.obj
22:07.65 Unified_cpp_gfx_ots_src2.cpp
22:07.65 module.res
22:07.65 Unified_cpp_gfx_ots_src1.cpp
22:07.65 d:\a\K-Meleon-R\K-Meleon-R\goanna\gfx\ots\src\kern.cc(92): warning C4334: '<<': result of 32-bit shift implicitly converted to 64 bits (was 64-bit shift intended?)
22:07.65 gfx_ots_src.lib.desc
22:07.65 Creating Resource file: module.res
22:07.65 SSE.cpp
22:07.65 Microsoft (R) Windows (R) Resource Compiler Version 10.0.10011.16384
22:07.65 
22:07.65 Copyright (C) Microsoft Corporation.  All rights reserved.
22:07.65 
22:07.65 
22:07.65 nsXPCOMGlue.cpp
22:07.65 xpcomglue.lib
22:07.65 WindowsDllBlocklist.cpp
22:07.65 mozglue.dll
22:07.65    Creating library mozglue.lib and object mozglue.exp
22:07.65 
22:07.65 LINK : warning LNK4217: symbol 'moz_abort' defined in 'jemalloc_config.obj' is imported by 'jemalloc.obj' in function 'arenas_extend'
22:07.65 
22:07.65 Unified_cpp_memory_mozalloc0.obj
22:07.65 nsXULRunnerApp.obj
22:07.65 Unified_cpp_angle_src_libGLESv20.obj
22:07.65 module.res
22:07.65 module.res
22:07.65 module.res
22:07.65 quickder.c
22:07.65 Unified_cpp_memory_mozalloc0.cpp
22:07.65 Creating Resource file: module.res
22:07.65 Microsoft (R) Windows (R) Resource Compiler Version 10.0.10011.16384
22:07.65 
22:07.65 Copyright (C) Microsoft Corporation.  All rights reserved.
22:07.65 
22:07.65 
22:07.65 mozalloc.dll
22:07.65 secdig.c
22:07.65    Creating library mozalloc.lib and object mozalloc.exp
22:07.65 
22:07.65 derdec.c
22:07.65 derenc.c
22:07.65 nsXULRunnerApp.cpp
22:07.65 Creating Resource file: module.res
22:07.65 Creating Resource file: module.res
22:07.65 Microsoft (R) Windows (R) Resource Compiler Version 10.0.10011.16384
22:07.65 
22:07.65 Copyright (C) Microsoft Corporation.  All rights reserved.
22:07.65 
22:07.65 
22:07.65 Microsoft (R) Windows (R) Resource Compiler Version 10.0.10011.16384
22:07.65 
22:07.65 Copyright (C) Microsoft Corporation.  All rights reserved.
22:07.65 
22:07.65 
22:07.65 xulrunner.exe
22:07.65 dersubr.c
22:07.65 dertime.c
22:07.65 Embedding manifest from d:/a/K-Meleon-R/K-Meleon-R/goanna/xulrunner/app/xulrunner.exe.manifest
22:07.65 errstrs.c
22:07.65 nssb64d.c
22:07.65 certhtml.c
22:07.65 certreq.c
22:07.65 nssb64e.c
22:07.65 sechash.c
22:07.65 crlv2.c
22:07.65 nssrwlk.c
22:07.65 seckey.c
22:07.65 ocsp.c
22:07.65 nssilock.c
22:07.65 oidstring.c
22:07.65 secsign.c
22:07.65 ocspsig.c
22:07.65 pkcs1sig.c
22:07.65 secvfy.c
22:07.65 certhigh.c
22:07.65 portreg.c
22:07.65 Unified_cpp_angle_src_libGLESv20.cpp
22:07.65 dsautil.c
22:07.65 libGLESv2.dll
22:07.65 secalgid.c
22:07.65 certvfy.c
22:07.65 d:/a/K-Meleon-R/K-Meleon-R/goanna/obj-x64/security/nss/lib/cryptohi/cryptohi.lib
22:07.65 secasn1d.c
22:07.65 Executing: link -NOLOGO -DLL -OUT:libGLESv2.dll -PDB:libGLESv2.pdb -SUBSYSTEM:WINDOWS,5.02 -MACHINE:X64 @d:\a\K-Meleon-R\K-Meleon-R\goanna\obj-x64\gfx\angle\src\libGLESv2\tmp11szdl.list module.res -LARGEADDRESSAWARE -NXCOMPAT -OPT:REF -OPT:ICF=15 -DYNAMICBASE -DEBUG -DEBUGTYPE:CV -DEBUG -OPT:REF,ICF -DEF:d:/a/K-Meleon-R/K-Meleon-R/goanna/gfx/angle/src/libGLESv2/libGLESv2.def ../../../../mozglue/build/mozglue.lib /lib/x64/d3d9.lib /lib/x64/dxguid.lib kernel32.lib user32.lib gdi32.lib winmm.lib wsock32.lib advapi32.lib secur32.lib netapi32.lib
22:07.65 d:\a\K-Meleon-R\K-Meleon-R\goanna\obj-x64\gfx\angle\src\libGLESv2\tmp11szdl.list:
22:07.65     Unified_cpp_angle_src_libGLESv20.obj
22:07.65     ..\..\..\..\memory\fallible\fallible.obj
22:07.65     ..\libANGLE\glslang_lex.obj
22:07.65     ..\libANGLE\glslang_tab.obj
22:07.66     ..\libANGLE\Display.obj
22:07.66     ..\libANGLE\HLSLCompiler.obj
22:07.66     ..\libANGLE\loadimageSSE2.obj
22:07.66     ..\libANGLE\Unified_cpp_angle_src_libANGLE0.obj
22:07.66     ..\libANGLE\Unified_cpp_angle_src_libANGLE1.obj
22:07.66     ..\libANGLE\Unified_cpp_angle_src_libANGLE10.obj
22:07.66     ..\libANGLE\Unified_cpp_angle_src_libANGLE11.obj
22:07.66     ..\libANGLE\Unified_cpp_angle_src_libANGLE12.obj
22:07.66     ..\libANGLE\Unified_cpp_angle_src_libANGLE2.obj
22:07.66     ..\libANGLE\Unified_cpp_angle_src_libANGLE3.obj
22:07.66     ..\libANGLE\Unified_cpp_angle_src_libANGLE4.obj
22:07.66     ..\libANGLE\Unified_cpp_angle_src_libANGLE5.obj
22:07.66     ..\libANGLE\Unified_cpp_angle_src_libANGLE6.obj
22:07.66     ..\libANGLE\Unified_cpp_angle_src_libANGLE7.obj
22:07.66     ..\libANGLE\Unified_cpp_angle_src_libANGLE8.obj
22:07.66     ..\libANGLE\Unified_cpp_angle_src_libANGLE9.obj
22:07.66 
22:07.66 LINK : warning LNK4044: unrecognized option '/lib/x64/d3d9.lib'; ignored
22:07.66 
22:07.66 LINK : warning LNK4044: unrecognized option '/lib/x64/dxguid.lib'; ignored
22:07.66 
22:07.66    Creating library libGLESv2.lib and object libGLESv2.exp
22:07.66 
22:07.66 Unified_cpp_angle_src_libANGLE10.obj : error LNK2019: unresolved external symbol Direct3DCreate9 referenced in function "public: virtual class egl::Error __cdecl rx::Renderer9::initialize(void)" (?initialize@Renderer9@rx@@UEAA?AVError@egl@@XZ)
22:07.66 
22:36.98 Unified_cpp_angle_src_libANGLE8.obj : error LNK2019: unresolved external symbol "public: static bool __cdecl rx::NativeWindow::isValidNativeWindow(struct HWND__ *)" (?isValidNativeWindow@NativeWindow@rx@@SA_NPEAUHWND__@@@Z) referenced in function "public: virtual bool __cdecl rx::DisplayD3D::isValidNativeWindow(struct HWND__ *)const " (?isValidNativeWindow@DisplayD3D@rx@@UEBA_NPEAUHWND__@@@Z)
22:36.98 
22:36.98 Unified_cpp_angle_src_libANGLE8.obj : error LNK2019: unresolved external symbol "public: struct rx::WorkaroundsD3D const & __cdecl rx::RendererD3D::getWorkarounds(void)const " (?getWorkarounds@RendererD3D@rx@@QEBAAEBUWorkaroundsD3D@2@XZ) referenced in function "public: bool __cdecl rx::DynamicHLSL::generateShaderLinkHLSL(struct gl::Data const &,class gl::Program::Data const &,class rx::ProgramD3DMetadata const &,class rx::VaryingPacking const &,class std::basic_string<char,struct std::char_traits<char>,class std::allocator<char> > *,class std::basic_string<char,struct std::char_traits<char>,class std::allocator<char> > *)const " (?generateShaderLinkHLSL@DynamicHLSL@rx@@QEBA_NAEBUData@gl@@AEBV3Program@4@AEBVProgramD3DMetadata@2@AEBVVaryingPacking@2@PEAV?$basic_string@DU?$char_traits@D@std@@V?$allocator@D@2@@std@@4@Z)
22:36.98 
22:36.98 Unified_cpp_angle_src_libANGLE9.obj : error LNK2001: unresolved external symbol "public: struct rx::WorkaroundsD3D const & __cdecl rx::RendererD3D::getWorkarounds(void)const " (?getWorkarounds@RendererD3D@rx@@QEBAAEBUWorkaroundsD3D@2@XZ)
22:36.98 
22:36.98 Unified_cpp_angle_src_libANGLE9.obj : error LNK2019: unresolved external symbol D3DPERF_BeginEvent referenced in function "public: virtual void __cdecl rx::DebugAnnotator9::beginEvent(wchar_t const *)" (?beginEvent@DebugAnnotator9@rx@@UEAAXPEB_W@Z)
22:36.98 
22:36.98 Unified_cpp_angle_src_libANGLE9.obj : error LNK2019: unresolved external symbol D3DPERF_EndEvent referenced in function "public: virtual void __cdecl rx::DebugAnnotator9::endEvent(void)" (?endEvent@DebugAnnotator9@rx@@UEAAXXZ)
22:36.98 
22:36.98 Unified_cpp_angle_src_libANGLE9.obj : error LNK2019: unresolved external symbol D3DPERF_SetMarker referenced in function "public: virtual void __cdecl rx::DebugAnnotator9::setMarker(wchar_t const *)" (?setMarker@DebugAnnotator9@rx@@UEAAXPEB_W@Z)
22:36.98 
22:36.98 Unified_cpp_angle_src_libANGLE9.obj : error LNK2019: unresolved external symbol D3DPERF_GetStatus referenced in function "public: virtual bool __cdecl rx::DebugAnnotator9::getStatus(void)" (?getStatus@DebugAnnotator9@rx@@UEAA_NXZ)
22:36.98 
22:36.98 Unified_cpp_angle_src_libANGLE9.obj : error LNK2019: unresolved external symbol "public: __cdecl rx::NativeWindow::NativeWindow(struct HWND__ *,struct egl::Config const *)" (??0NativeWindow@rx@@QEAA@PEAUHWND__@@PEBUConfig@egl@@@Z) referenced in function "private: __cdecl rx::SurfaceD3D::SurfaceD3D(class rx::RendererD3D *,class egl::Display *,struct egl::Config const *,int,int,int,void *,struct HWND__ *)" (??0SurfaceD3D@rx@@AEAA@PEAVRendererD3D@1@PEAVDisplay@egl@@PEBUConfig@4@HHHPEAXPEAUHWND__@@@Z)
22:36.98 
22:36.98 Unified_cpp_angle_src_libANGLE9.obj : error LNK2019: unresolved external symbol "public: bool __cdecl rx::NativeWindow::initialize(void)" (?initialize@NativeWindow@rx@@QEAA_NXZ) referenced in function "public: virtual class egl::Error __cdecl rx::SurfaceD3D::initialize(void)" (?initialize@SurfaceD3D@rx@@UEAA?AVError@egl@@XZ)
22:36.98 
22:36.98 Unified_cpp_angle_src_libANGLE9.obj : error LNK2019: unresolved external symbol "public: bool __cdecl rx::NativeWindow::getClientRect(struct tagRECT *)" (?getClientRect@NativeWindow@rx@@QEAA_NPEAUtagRECT@@@Z) referenced in function "public: bool __cdecl rx::SurfaceD3D::checkForOutOfDateSwapChain(void)" (?checkForOutOfDateSwapChain@SurfaceD3D@rx@@QEAA_NXZ)
22:36.98 
22:36.98 Unified_cpp_angle_src_libANGLE9.obj : error LNK2019: unresolved external symbol "public: bool __cdecl rx::NativeWindow::isIconic(void)" (?isIconic@NativeWindow@rx@@QEAA_NXZ) referenced in function "public: bool __cdecl rx::SurfaceD3D::checkForOutOfDateSwapChain(void)" (?checkForOutOfDateSwapChain@SurfaceD3D@rx@@QEAA_NXZ)
22:36.98 
22:36.98 libGLESv2.dll : fatal error LNK1120: 11 unresolved externals
22:36.98 
22:36.98 gmake.EXE[5]: *** [d:/a/K-Meleon-R/K-Meleon-R/goanna/config/rules.mk:815: libGLESv2.dll] Error 1120
22:36.98 gmake.EXE[5]: Target 'target' not remade because of errors.
22:36.98 gmake.EXE[5]: Target 'target' not remade because of errors.
22:36.98 gmake.EXE[4]: *** [d:/a/K-Meleon-R/K-Meleon-R/goanna/config/recurse.mk:70: gfx/angle/src/libGLESv2/target] Error 2
22:36.98 certvfypkix.c
22:36.98 secasn1e.c
22:36.98 redit.obj
22:36.98 module.res
22:36.98 secasn1u.c
22:36.98 xcrldist.c
22:36.98 secitem.c
22:36.98 d:/a/K-Meleon-R/K-Meleon-R/goanna/obj-x64/security/nss/lib/certhigh/certhi.lib
22:36.98 dev3hack.c
22:36.98 secload.c
22:36.98 Creating Resource file: module.res
22:36.98 Microsoft (R) Windows (R) Resource Compiler Version 10.0.10011.16384
22:36.98 
22:36.98 Copyright (C) Microsoft Corporation.  All rights reserved.
22:36.98 
22:36.98 
22:36.98 pk11akey.c
22:36.98 secoid.c
22:36.98 sectime.c
22:36.98 redit.cpp
22:36.98 pk11auth.c
22:36.98 redit.exe
22:36.98 secport.c
22:36.98 alg1485.c
22:36.98 pk11cert.c
22:36.98 certdb.c
22:36.98 templates.c
22:36.98 pk11cxt.c
22:36.98 certv3.c
22:36.98 utf8.c
22:36.98 certxutl.c
22:36.98 pk11err.c
22:36.98 asymmkey.c
22:36.98 utilmod.c
22:36.98 pk11kea.c
22:36.98 crl.c
22:36.98 certificate.c
22:36.98 pk11list.c
22:36.98 cryptocontext.c
22:36.98 genname.c
22:36.98 pk11load.c
22:36.98 utilpars.c
22:36.98 stanpcertdb.c
22:36.98 symmkey.c
22:36.98 pkcs11uri.c
22:36.98 pk11mech.c
22:36.98 trustdomain.c
22:36.98 polcyxtn.c
22:36.98 d:/a/K-Meleon-R/K-Meleon-R/goanna/obj-x64/security/nss/lib/util/nssutil.lib
22:36.98 pk11merge.c
22:36.98 tdcache.c
22:36.98 secname.c
22:36.98 pk11nobj.c
22:36.98 certdecode.c
22:36.98 xauthkid.c
22:36.98 pk11obj.c
22:36.98 xbsconst.c
22:36.98 pkistore.c
22:36.98 pk11pars.c
22:36.98 devslot.c
22:36.98 xconst.c
22:36.98 pkibase.c
22:36.98 pk11pbe.c
22:36.98 devtoken.c
22:36.98 d:/a/K-Meleon-R/K-Meleon-R/goanna/obj-x64/security/nss/lib/certdb/certdb.lib
22:36.98 pki3hack.c
22:36.98 pk11pk12.c
22:36.98 devutil.c
22:36.98 ckhelper.c
22:36.98 d:/a/K-Meleon-R/K-Meleon-R/goanna/obj-x64/security/nss/lib/pki/nsspki.lib
22:36.98 pk11pqg.c
22:36.98 d:/a/K-Meleon-R/K-Meleon-R/goanna/obj-x64/security/nss/lib/dev/nssdev.lib
22:36.98 pk11sdr.c
22:36.98 pk11skey.c
22:36.98 arena.c
22:36.98 pk11slot.c
22:36.98 error.c
22:36.98 pkix_basicconstraintschecker.c
22:36.98 pkix_certselector.c
22:36.98 errorval.c
22:36.98 pk11util.c
22:36.98 pkix_certchainchecker.c
22:36.98 hashops.c
22:36.98 pkix_comcertselparams.c
22:36.98 pkix_crlchecker.c
22:36.98 libc.c
22:36.98 d:/a/K-Meleon-R/K-Meleon-R/goanna/obj-x64/security/nss/lib/pk11wrap/pk11wrap.lib
22:36.98 d:/a/K-Meleon-R/K-Meleon-R/goanna/obj-x64/security/nss/lib/libpkix/pkix/certsel/pkixcertsel.lib
22:36.98 tracker.c
22:36.98 pkix_ekuchecker.c
22:36.98 item.c
22:36.98 pkix_expirationchecker.c
22:36.98 utf8.c
22:36.98 pkix_namechainingchecker.c
22:36.98 list.c
22:36.98 pkix_nameconstraintschecker.c
22:36.98 pkix_trustanchor.c
22:36.98 hash.c
22:36.98 pkix_buildresult.c
22:36.98 pkix_ocspchecker.c
22:36.98 pkix_procparams.c
22:36.98 d:/a/K-Meleon-R/K-Meleon-R/goanna/obj-x64/security/nss/lib/base/nssb.lib
22:36.98 pkix_policynode.c
22:36.98 pkix_valparams.c
22:36.98 pkix_valresult.c
22:36.98 pkix_revocationmethod.c
22:36.98 pkix_revocationchecker.c
22:36.98 pkix_verifynode.c
22:36.98 pkix_resourcelimits.c
22:36.98 pkix_policychecker.c
22:36.98 d:/a/K-Meleon-R/K-Meleon-R/goanna/obj-x64/security/nss/lib/libpkix/pkix/params/pkixparams.lib
22:36.98 d:/a/K-Meleon-R/K-Meleon-R/goanna/obj-x64/security/nss/lib/libpkix/pkix/results/pkixresults.lib
22:36.98 pkix_validate.c
22:36.98 pkix_signaturechecker.c
22:36.98 pkix_lifecycle.c
22:37.00 pkix_build.c
22:37.00 pkix_targetcertchecker.c
22:37.00 d:/a/K-Meleon-R/K-Meleon-R/goanna/obj-x64/security/nss/lib/libpkix/pkix/checker/pkixchecker.lib
22:37.00 pkix_tools.c
22:37.00 pkix_crlselector.c
22:37.00 pkix_comcrlselparams.c
22:37.00 pkix_error.c
22:37.00 d:/a/K-Meleon-R/K-Meleon-R/goanna/obj-x64/security/nss/lib/libpkix/pkix/top/pkixtop.lib
22:37.00 d:/a/K-Meleon-R/K-Meleon-R/goanna/obj-x64/security/nss/lib/libpkix/pkix/crlsel/pkixcrlsel.lib
22:37.00 pkix_logger.c
22:37.00 pkix_list.c
22:37.00 pkix_errpaths.c
22:37.00 pkix_store.c
22:37.00 d:/a/K-Meleon-R/K-Meleon-R/goanna/obj-x64/security/nss/lib/libpkix/pkix/store/pkixstore.lib
22:37.00 d:/a/K-Meleon-R/K-Meleon-R/goanna/obj-x64/security/nss/lib/libpkix/pkix/util/pkixutil.lib
22:37.00 pkix_pl_basicconstraints.c
22:37.00 pkix_pl_bigint.c
22:37.00 pkix_pl_bytearray.c
22:37.00 pkix_pl_cert.c
22:37.00 pkix_pl_aiamgr.c
22:37.00 pkix_pl_common.c
22:37.00 pkix_pl_certpolicyinfo.c
22:37.00 pkix_pl_error.c
22:37.00 pkix_pl_colcertstore.c
22:37.00 nssinit.c
22:37.00 pkix_pl_certpolicymap.c
22:37.00 pkix_pl_hashtable.c
22:37.00 pkix_pl_httpcertstore.c
22:37.00 nssoptions.c
22:37.00 pkix_pl_lifecycle.c
22:37.00 nssver.c
22:37.00 pkix_pl_certpolicyqualifier.c
22:37.00 pkix_pl_httpdefaultclient.c
22:37.00 utilwrap.c
22:37.00 pkix_pl_mem.c
22:37.00 pkix_pl_crl.c
22:37.00 d:/a/K-Meleon-R/K-Meleon-R/goanna/obj-x64/security/nss/lib/nss/nss.lib
22:37.00 pkix_pl_ldaptemplates.c
22:37.00 pkix_pl_monitorlock.c
22:37.00 pkix_pl_crldp.c
22:37.00 pkix_pl_ldapcertstore.c
22:37.00 pkix_pl_mutex.c
22:37.00 pkix_pl_crlentry.c
22:37.00 pkix_pl_ldapresponse.c
22:37.00 dtlscon.c
22:37.00 pkix_pl_object.c
22:37.00 pkix_pl_date.c
22:37.00 pkix_pl_ldaprequest.c
22:37.00 dtls13con.c
22:37.00 pkix_pl_generalname.c
22:37.00 pkix_pl_oid.c
22:37.00 pkix_pl_ldapdefaultclient.c
22:37.00 prelib.c
22:37.00 pkix_pl_infoaccess.c
22:37.00 pkix_pl_primhash.c
22:37.00 ssl3con.c
22:37.00 pkix_pl_nsscontext.c
22:37.00 pkix_pl_rwlock.c
22:37.00 pkix_pl_nameconstraints.c
22:37.00 pkix_pl_pk11certstore.c
22:37.00 ssl3gthr.c
22:37.00 pkix_pl_ocsprequest.c
22:37.00 pkix_pl_string.c
22:37.00 pkix_pl_socket.c
22:37.00 sslauth.c
22:37.00 pkix_pl_ocspresponse.c
22:37.00 d:/a/K-Meleon-R/K-Meleon-R/goanna/obj-x64/security/nss/lib/libpkix/pkix_pl_nss/system/pkixsystem.lib
22:37.00 sslbloom.c
22:37.00 d:/a/K-Meleon-R/K-Meleon-R/goanna/obj-x64/security/nss/lib/libpkix/pkix_pl_nss/module/pkixmodule.lib
22:37.00 pkix_pl_publickey.c
22:37.00 sslcon.c
22:37.00 ssldef.c
22:37.00 pkix_pl_x500name.c
22:37.00 sslencode.c
22:37.00 p12local.c
22:37.00 pkix_pl_ocspcertid.c
22:37.00 sslenum.c
22:37.00 certread.c
22:37.00 p12creat.c
22:37.00 sslerr.c
22:37.00 sslerrstrs.c
22:37.00 p7common.c
22:37.00 p12dec.c
22:37.00 d:/a/K-Meleon-R/K-Meleon-R/goanna/obj-x64/security/nss/lib/libpkix/pkix_pl_nss/pki/pkixpki.lib
22:37.00 sslinit.c
22:37.00 p7create.c
22:37.00 p12plcy.c
22:37.00 ssl3ext.c
22:37.00 p12tmpl.c
22:37.00 p7decode.c
22:37.00 ssl3exthandle.c
22:37.00 p12e.c
22:37.00 p7encode.c
22:37.00 sslmutex.c
22:37.00 p12d.c
22:37.00 cmsarray.c
22:37.00 p7local.c
22:37.00 cmsasn1.c
22:37.00 secmime.c
22:37.00 d:/a/K-Meleon-R/K-Meleon-R/goanna/obj-x64/security/nss/lib/pkcs12/pkcs12.lib
22:37.00 sslnonce.c
22:37.00 cmsattr.c
22:37.00 sslreveal.c
22:37.00 d:/a/K-Meleon-R/K-Meleon-R/goanna/obj-x64/security/nss/lib/pkcs7/pkcs7.lib
22:37.00 cmscinfo.c
22:37.00 sslsecur.c
22:37.00 cmscipher.c
22:37.00 module.res
22:37.00 Creating Resource file: module.res
22:37.00 Microsoft (R) Windows (R) Resource Compiler Version 10.0.10011.16384
22:37.00 
22:37.00 Copyright (C) Microsoft Corporation.  All rights reserved.
22:37.00 
22:37.00 
22:37.00 sslsnce.c
22:37.00 cmsdecode.c
22:37.00 sslsock.c
22:37.00 cmsdigdata.c
22:37.00 sslspec.c
22:37.00 cmsdigest.c
22:37.00 cmsencdata.c
22:37.00 ssltrace.c
22:37.00 cmsencode.c
22:37.00 sslver.c
22:37.00 cmsenvdata.c
22:37.00 cmsmessage.c
22:37.00 cmspubkey.c
22:37.00 authcert.c
22:37.00 cmpcert.c
22:37.00 selfencrypt.c
22:37.00 cmsrecinfo.c
22:37.00 cmsreclist.c
22:37.00 cmssigdata.c
22:37.00 sslinfo.c
22:37.00 ssl3ecc.c
22:37.00 tls13con.c
22:37.00 cmssiginfo.c
22:37.00 cmsutil.c
22:37.00 cmsudf.c
22:37.00 tls13exthandle.c
22:37.00 smimemessage.c
22:37.00 tls13hkdf.c
22:37.00 tls13hashstate.c
22:37.00 smimeutil.c
22:37.00 smimever.c
22:37.00 tls13replay.c
22:37.00 sslcert.c
22:37.00 sslgrp.c
22:37.00 d:/a/K-Meleon-R/K-Meleon-R/goanna/obj-x64/security/nss/lib/smime/smime.lib
22:37.01 sslprimitive.c
22:37.01 tls13esni.c
22:37.01 tls13subcerts.c
22:37.01 win32err.c
22:37.01 d:/a/K-Meleon-R/K-Meleon-R/goanna/obj-x64/security/nss/lib/ssl/ssl.lib
22:37.01 nss3.dll
22:37.01    Creating library nss3.lib and object nss3.exp
22:37.01 
22:37.01 LINK : warning LNK4217: symbol 'PR_ExplodeTime' defined in 'prtime.obj' is imported by 'dertime.obj' in function 'DER_TimeToGeneralizedTimeArena_Util'
22:37.01 
22:37.01 LINK : warning LNK4286: symbol 'PR_ExplodeTime' defined in 'prtime.obj' is imported by 'sectime.obj'
22:37.01 
22:37.01 LINK : warning LNK4286: symbol 'PR_ExplodeTime' defined in 'prtime.obj' is imported by 'tls13subcerts.obj'
22:37.01 
22:37.01 LINK : warning LNK4217: symbol 'PR_ImplodeTime' defined in 'prtime.obj' is imported by 'dertime.obj' in function 'der_TimeStringToTime'
22:37.01 
22:37.01 LINK : warning LNK4217: symbol 'PR_GMTParameters' defined in 'prtime.obj' is imported by 'dertime.obj' in function 'DER_TimeToGeneralizedTimeArena_Util'
22:37.01 
22:37.01 LINK : warning LNK4217: symbol 'PR_GMTParameters' defined in 'prtime.obj' is imported by 'sectime.obj' in function 'CERT_UTCTime2FormattedAscii'
22:37.01 
22:37.01 LINK : warning LNK4286: symbol 'PR_GMTParameters' defined in 'prtime.obj' is imported by 'tls13subcerts.obj'
22:37.01 
22:37.01 LINK : warning LNK4217: symbol 'PR_ErrorInstallTable' defined in 'prerrortable.obj' is imported by 'errstrs.obj' in function 'nss_InitializePRErrorTableOnce'
22:37.01 
22:37.01 LINK : warning LNK4286: symbol 'PR_ErrorInstallTable' defined in 'prerrortable.obj' is imported by 'sslerrstrs.obj'
22:37.01 
22:37.01 LINK : warning LNK4286: symbol 'PR_CallOnce' defined in 'prinit.obj' is imported by 'sslnonce.obj'
22:37.01 
22:37.01 LINK : warning LNK4286: symbol 'PR_CallOnce' defined in 'prinit.obj' is imported by 'sslsnce.obj'
22:37.01 
22:37.01 LINK : warning LNK4286: symbol 'PR_CallOnce' defined in 'prinit.obj' is imported by 'sslsock.obj'
22:37.01 
22:37.01 LINK : warning LNK4286: symbol 'PR_CallOnce' defined in 'prinit.obj' is imported by 'cmsudf.obj'
22:37.01 
22:37.01 LINK : warning LNK4286: symbol 'PR_CallOnce' defined in 'prinit.obj' is imported by 'pkix_pl_httpcertstore.obj'
22:37.01 
22:37.01 LINK : warning LNK4286: symbol 'PR_CallOnce' defined in 'prinit.obj' is imported by 'nssinit.obj'
22:37.01 
22:37.01 LINK : warning LNK4286: symbol 'PR_CallOnce' defined in 'prinit.obj' is imported by 'sslerrstrs.obj'
22:37.01 
22:37.01 LINK : warning LNK4286: symbol 'PR_CallOnce' defined in 'prinit.obj' is imported by 'sslgrp.obj'
22:37.01 
22:37.01 LINK : warning LNK4217: symbol 'PR_CallOnce' defined in 'prinit.obj' is imported by 'errstrs.obj' in function 'NSS_InitializePRErrorTable'
22:37.01 
22:37.01 LINK : warning LNK4286: symbol 'PR_CallOnce' defined in 'prinit.obj' is imported by 'secport.obj'
22:37.01 
22:37.01 LINK : warning LNK4286: symbol 'PR_CallOnce' defined in 'prinit.obj' is imported by 'pk11load.obj'
22:37.01 
22:37.01 LINK : warning LNK4286: symbol 'PR_CallOnce' defined in 'prinit.obj' is imported by 'error.obj'
22:37.01 
22:37.01 LINK : warning LNK4286: symbol 'PR_SetError' defined in 'prerror.obj' is imported by 'sslsock.obj'
22:37.01 
22:37.01 LINK : warning LNK4286: symbol 'PR_SetError' defined in 'prerror.obj' is imported by 'win32err.obj'
22:37.01 
22:37.01 LINK : warning LNK4286: symbol 'PR_SetError' defined in 'prerror.obj' is imported by 'plgetopt.obj'
22:37.01 
22:37.01 LINK : warning LNK4217: symbol 'PR_SetError' defined in 'prerror.obj' is imported by 'nssb64d.obj' in function 'NSSBase64Decoder_Create_Util'
22:37.01 
22:37.01 LINK : warning LNK4286: symbol 'PR_SetError' defined in 'prerror.obj' is imported by 'nssb64e.obj'
22:37.01 
22:37.01 LINK : warning LNK4286: symbol 'PR_SetError' defined in 'prerror.obj' is imported by 'secport.obj'
22:37.01 
22:37.01 LINK : warning LNK4286: symbol 'PR_SetError' defined in 'prerror.obj' is imported by 'pkix_pl_colcertstore.obj'
22:37.01 
22:37.01 LINK : warning LNK4286: symbol 'PR_Malloc' defined in 'prmem.obj' is imported by 'plhash.obj'
22:37.01 
22:37.01 LINK : warning LNK4286: symbol 'PR_Malloc' defined in 'prmem.obj' is imported by 'base64.obj'
22:37.01 
22:37.01 LINK : warning LNK4286: symbol 'PR_Malloc' defined in 'prmem.obj' is imported by 'plgetopt.obj'
22:37.01 
22:37.01 LINK : warning LNK4286: symbol 'PR_Malloc' defined in 'prmem.obj' is imported by 'pkix_pl_mem.obj'
22:37.01 
22:37.01 LINK : warning LNK4217: symbol 'PR_Malloc' defined in 'prmem.obj' is imported by 'pkix_pl_string.obj' in function 'PKIX_PL_GetString'
22:37.01 
22:37.01 LINK : warning LNK4217: symbol 'PR_Malloc' defined in 'prmem.obj' is imported by 'pkix_pl_pk11certstore.obj' in function 'pkix_pl_Pk11CertStore_CertQuery'
22:37.01 
22:37.01 LINK : warning LNK4286: symbol 'PR_Malloc' defined in 'prmem.obj' is imported by 'plarena.obj'
22:37.01 
22:37.01 LINK : warning LNK4217: symbol 'PR_Malloc' defined in 'prmem.obj' is imported by 'nssb64d.obj' in function 'PL_Base64DecodeBuffer'
22:37.01 
22:37.01 LINK : warning LNK4286: symbol 'PR_Malloc' defined in 'prmem.obj' is imported by 'nssb64e.obj'
22:37.01 
22:37.01 LINK : warning LNK4286: symbol 'PR_Malloc' defined in 'prmem.obj' is imported by 'nssrwlk.obj'
22:37.01 
22:37.01 LINK : warning LNK4286: symbol 'PR_Malloc' defined in 'prmem.obj' is imported by 'secport.obj'
22:37.01 
22:37.01 LINK : warning LNK4217: symbol 'PR_Calloc' defined in 'prmem.obj' is imported by 'arena.obj' in function 'NSSArena_Create'
22:37.01 
22:37.01 LINK : warning LNK4286: symbol 'PR_Calloc' defined in 'prmem.obj' is imported by 'error.obj'
22:37.01 
22:37.01 LINK : warning LNK4286: symbol 'PR_Calloc' defined in 'prmem.obj' is imported by 'pkix_pl_mem.obj'
22:37.01 
22:37.01 LINK : warning LNK4286: symbol 'PR_Calloc' defined in 'prmem.obj' is imported by 'plgetopt.obj'
22:37.01 
22:37.01 LINK : warning LNK4217: symbol 'PR_Calloc' defined in 'prmem.obj' is imported by 'nssb64d.obj' in function 'NSSBase64Decoder_Create_Util'
22:37.01 
22:37.01 LINK : warning LNK4286: symbol 'PR_Calloc' defined in 'prmem.obj' is imported by 'nssb64e.obj'
22:37.01 
22:37.01 LINK : warning LNK4286: symbol 'PR_Calloc' defined in 'prmem.obj' is imported by 'nssrwlk.obj'
22:37.01 
22:37.01 LINK : warning LNK4286: symbol 'PR_Calloc' defined in 'prmem.obj' is imported by 'secport.obj'
22:37.01 
22:37.01 LINK : warning LNK4217: symbol 'PR_Realloc' defined in 'prmem.obj' is imported by 'nssb64d.obj' in function 'PL_UpdateBase64Decoder'
22:37.01 
22:37.01 LINK : warning LNK4286: symbol 'PR_Realloc' defined in 'prmem.obj' is imported by 'secport.obj'
22:37.01 
22:37.01 LINK : warning LNK4286: symbol 'PR_Realloc' defined in 'prmem.obj' is imported by 'pkix_pl_mem.obj'
22:37.01 
22:37.01 LINK : warning LNK4286: symbol 'PR_Free' defined in 'prmem.obj' is imported by 'plarena.obj'
22:37.01 
22:37.01 LINK : warning LNK4286: symbol 'PR_Free' defined in 'prmem.obj' is imported by 'plhash.obj'
22:37.01 
22:37.01 LINK : warning LNK4286: symbol 'PR_Free' defined in 'prmem.obj' is imported by 'base64.obj'
22:37.01 
22:37.01 LINK : warning LNK4286: symbol 'PR_Free' defined in 'prmem.obj' is imported by 'plgetopt.obj'
22:37.01 
22:37.01 LINK : warning LNK4286: symbol 'PR_Free' defined in 'prmem.obj' is imported by 'pkix_pl_generalname.obj'
22:37.01 
22:37.01 LINK : warning LNK4286: symbol 'PR_Free' defined in 'prmem.obj' is imported by 'pkix_pl_mem.obj'
22:37.01 
22:37.01 LINK : warning LNK4286: symbol 'PR_Free' defined in 'prmem.obj' is imported by 'pkix_pl_string.obj'
22:37.01 
22:37.01 LINK : warning LNK4286: symbol 'PR_Free' defined in 'prmem.obj' is imported by 'pkix_pl_ldapresponse.obj'
22:37.01 
22:37.01 LINK : warning LNK4286: symbol 'PR_Free' defined in 'prmem.obj' is imported by 'secport.obj'
22:37.01 
22:37.01 LINK : warning LNK4217: symbol 'PR_Free' defined in 'prmem.obj' is imported by 'arena.obj' in function 'NSS_ZFreeIf'
22:37.01 
22:37.01 LINK : warning LNK4286: symbol 'PR_Free' defined in 'prmem.obj' is imported by 'error.obj'
22:37.01 
22:37.01 LINK : warning LNK4286: symbol 'PR_Free' defined in 'prmem.obj' is imported by 'pkix_pl_date.obj'
22:37.01 
22:37.01 LINK : warning LNK4217: symbol 'PR_Free' defined in 'prmem.obj' is imported by 'nssb64d.obj' in function 'PL_Base64DecodeBuffer'
22:37.01 
22:37.01 LINK : warning LNK4286: symbol 'PR_Free' defined in 'prmem.obj' is imported by 'nssb64e.obj'
22:37.01 
22:37.01 LINK : warning LNK4286: symbol 'PR_Free' defined in 'prmem.obj' is imported by 'nssrwlk.obj'
22:37.01 
22:37.01 LINK : warning LNK4286: symbol 'PR_Free' defined in 'prmem.obj' is imported by 'secload.obj'
22:37.01 
22:37.01 LINK : warning LNK4286: symbol 'PR_NewLock' defined in 'prulock.obj' is imported by 'sslnonce.obj'
22:37.01 
22:37.01 LINK : warning LNK4286: symbol 'PR_NewLock' defined in 'prulock.obj' is imported by 'sslsock.obj'
22:37.01 
22:37.01 LINK : warning LNK4286: symbol 'PR_NewLock' defined in 'prulock.obj' is imported by 'cmsudf.obj'
22:37.01 
22:37.01 LINK : warning LNK4286: symbol 'PR_NewLock' defined in 'prulock.obj' is imported by 'pkix_pl_object.obj'
22:37.01 
22:37.01 LINK : warning LNK4286: symbol 'PR_NewLock' defined in 'prulock.obj' is imported by 'nssinit.obj'
22:37.01 
22:37.01 LINK : warning LNK4286: symbol 'PR_NewLock' defined in 'prulock.obj' is imported by 'ssl3con.obj'
22:37.01 
22:37.01 LINK : warning LNK4286: symbol 'PR_NewLock' defined in 'prulock.obj' is imported by 'sslmutex.obj'
22:37.01 
22:37.01 LINK : warning LNK4286: symbol 'PR_NewLock' defined in 'prulock.obj' is imported by 'hash.obj'
22:37.01 
22:37.01 LINK : warning LNK4286: symbol 'PR_NewLock' defined in 'prulock.obj' is imported by 'list.obj'
22:37.01 
22:37.01 LINK : warning LNK4217: symbol 'PR_NewLock' defined in 'prulock.obj' is imported by 'pkix_pl_lifecycle.obj' in function 'PKIX_PL_Initialize'
22:37.01 
22:37.01 LINK : warning LNK4217: symbol 'PR_NewLock' defined in 'prulock.obj' is imported by 'pkix_pl_mutex.obj' in function 'PKIX_PL_Mutex_Create'
22:37.01 
22:37.01 LINK : warning LNK4286: symbol 'PR_NewLock' defined in 'prulock.obj' is imported by 'pkistore.obj'
22:37.01 
22:37.01 LINK : warning LNK4286: symbol 'PR_NewLock' defined in 'prulock.obj' is imported by 'tdcache.obj'
22:37.01 
22:37.01 LINK : warning LNK4286: symbol 'PR_NewLock' defined in 'prulock.obj' is imported by 'devutil.obj'
22:37.01 
22:37.01 LINK : warning LNK4286: symbol 'PR_NewLock' defined in 'prulock.obj' is imported by 'arena.obj'
22:37.01 
22:37.01 LINK : warning LNK4286: symbol 'PR_NewLock' defined in 'prulock.obj' is imported by 'certdb.obj'
22:37.01 
22:37.01 LINK : warning LNK4286: symbol 'PR_NewLock' defined in 'prulock.obj' is imported by 'crl.obj'
22:37.01 
22:37.01 LINK : warning LNK4286: symbol 'PR_NewLock' defined in 'prulock.obj' is imported by 'genname.obj'
22:37.01 
22:37.01 LINK : warning LNK4286: symbol 'PR_NewLock' defined in 'prulock.obj' is imported by 'pkibase.obj'
22:37.01 
22:37.01 LINK : warning LNK4286: symbol 'PR_NewLock' defined in 'prulock.obj' is imported by 'pk11load.obj'
22:37.01 
22:37.01 LINK : warning LNK4286: symbol 'PR_NewLock' defined in 'prulock.obj' is imported by 'pk11pars.obj'
22:37.01 
22:37.01 LINK : warning LNK4286: symbol 'PR_NewLock' defined in 'prulock.obj' is imported by 'pk11sdr.obj'
22:37.01 
22:37.01 LINK : warning LNK4286: symbol 'PR_NewLock' defined in 'prulock.obj' is imported by 'pk11slot.obj'
22:37.01 
22:37.01 LINK : warning LNK4217: symbol 'PR_NewLock' defined in 'prulock.obj' is imported by 'nssrwlk.obj' in function 'NSSRWLock_New_Util'
22:37.01 
22:37.01 LINK : warning LNK4286: symbol 'PR_NewLock' defined in 'prulock.obj' is imported by 'secport.obj'
22:37.01 
22:37.01 LINK : warning LNK4286: symbol 'PR_NewLock' defined in 'prulock.obj' is imported by 'dev3hack.obj'
22:37.01 
22:37.01 LINK : warning LNK4286: symbol 'PR_NewLock' defined in 'prulock.obj' is imported by 'pk11cxt.obj'
22:37.01 
22:37.01 LINK : warning LNK4286: symbol 'PR_DestroyLock' defined in 'prulock.obj' is imported by 'cmsudf.obj'
22:37.01 
22:37.01 LINK : warning LNK4286: symbol 'PR_DestroyLock' defined in 'prulock.obj' is imported by 'ssl3con.obj'
22:37.01 
22:37.01 LINK : warning LNK4286: symbol 'PR_DestroyLock' defined in 'prulock.obj' is imported by 'sslmutex.obj'
22:37.01 
22:37.01 LINK : warning LNK4286: symbol 'PR_DestroyLock' defined in 'prulock.obj' is imported by 'sslnonce.obj'
22:37.01 
22:37.03 LINK : warning LNK4286: symbol 'PR_DestroyLock' defined in 'prulock.obj' is imported by 'sslsock.obj'
22:37.03 
22:37.03 LINK : warning LNK4217: symbol 'PR_DestroyLock' defined in 'prulock.obj' is imported by 'pkix_pl_lifecycle.obj' in function 'PKIX_PL_Initialize'
22:37.03 
22:37.03 LINK : warning LNK4217: symbol 'PR_DestroyLock' defined in 'prulock.obj' is imported by 'pkix_pl_mutex.obj' in function 'pkix_pl_Mutex_Destroy'
22:37.03 
22:37.03 LINK : warning LNK4286: symbol 'PR_DestroyLock' defined in 'prulock.obj' is imported by 'pkix_pl_object.obj'
22:37.03 
22:37.03 LINK : warning LNK4286: symbol 'PR_DestroyLock' defined in 'prulock.obj' is imported by 'nssinit.obj'
22:37.03 
22:37.03 LINK : warning LNK4286: symbol 'PR_DestroyLock' defined in 'prulock.obj' is imported by 'devutil.obj'
22:37.03 
22:37.03 LINK : warning LNK4286: symbol 'PR_DestroyLock' defined in 'prulock.obj' is imported by 'arena.obj'
22:37.03 
22:37.03 LINK : warning LNK4286: symbol 'PR_DestroyLock' defined in 'prulock.obj' is imported by 'hash.obj'
22:37.03 
22:37.03 LINK : warning LNK4286: symbol 'PR_DestroyLock' defined in 'prulock.obj' is imported by 'list.obj'
22:37.03 
22:37.03 LINK : warning LNK4286: symbol 'PR_DestroyLock' defined in 'prulock.obj' is imported by 'pkistore.obj'
22:37.03 
22:37.03 LINK : warning LNK4286: symbol 'PR_DestroyLock' defined in 'prulock.obj' is imported by 'tdcache.obj'
22:37.03 
22:37.03 LINK : warning LNK4286: symbol 'PR_DestroyLock' defined in 'prulock.obj' is imported by 'devslot.obj'
22:37.03 
22:37.03 LINK : warning LNK4286: symbol 'PR_DestroyLock' defined in 'prulock.obj' is imported by 'devtoken.obj'
22:37.03 
22:37.03 LINK : warning LNK4286: symbol 'PR_DestroyLock' defined in 'prulock.obj' is imported by 'certdb.obj'
22:37.03 
22:37.03 LINK : warning LNK4286: symbol 'PR_DestroyLock' defined in 'prulock.obj' is imported by 'crl.obj'
22:37.03 
22:37.03 LINK : warning LNK4286: symbol 'PR_DestroyLock' defined in 'prulock.obj' is imported by 'genname.obj'
22:37.03 
22:37.03 LINK : warning LNK4286: symbol 'PR_DestroyLock' defined in 'prulock.obj' is imported by 'pkibase.obj'
22:37.03 
22:37.03 LINK : warning LNK4286: symbol 'PR_DestroyLock' defined in 'prulock.obj' is imported by 'pk11load.obj'
22:37.03 
22:37.03 LINK : warning LNK4286: symbol 'PR_DestroyLock' defined in 'prulock.obj' is imported by 'pk11sdr.obj'
22:37.03 
22:37.03 LINK : warning LNK4286: symbol 'PR_DestroyLock' defined in 'prulock.obj' is imported by 'pk11slot.obj'
22:37.03 
22:37.03 LINK : warning LNK4286: symbol 'PR_DestroyLock' defined in 'prulock.obj' is imported by 'pk11util.obj'
22:37.03 
22:37.03 LINK : warning LNK4217: symbol 'PR_DestroyLock' defined in 'prulock.obj' is imported by 'nssrwlk.obj' in function 'NSSRWLock_Destroy_Util'
22:37.03 
22:37.03 LINK : warning LNK4286: symbol 'PR_DestroyLock' defined in 'prulock.obj' is imported by 'secport.obj'
22:37.03 
22:37.03 LINK : warning LNK4286: symbol 'PR_DestroyLock' defined in 'prulock.obj' is imported by 'dev3hack.obj'
22:37.03 
22:37.03 LINK : warning LNK4286: symbol 'PR_DestroyLock' defined in 'prulock.obj' is imported by 'pk11cxt.obj'
22:37.03 
22:37.03 LINK : warning LNK4286: symbol 'PR_Lock' defined in 'prulock.obj' is imported by 'sslnonce.obj'
22:37.03 
22:37.03 LINK : warning LNK4286: symbol 'PR_Lock' defined in 'prulock.obj' is imported by 'sslsecur.obj'
22:37.03 
22:37.03 LINK : warning LNK4286: symbol 'PR_Lock' defined in 'prulock.obj' is imported by 'sslsock.obj'
22:37.03 
22:37.03 LINK : warning LNK4286: symbol 'PR_Lock' defined in 'prulock.obj' is imported by 'cmsudf.obj'
22:37.03 
22:37.03 LINK : warning LNK4217: symbol 'PR_Lock' defined in 'prulock.obj' is imported by 'pkix_pl_mutex.obj' in function 'PKIX_PL_Mutex_Lock'
22:37.03 
22:37.03 LINK : warning LNK4286: symbol 'PR_Lock' defined in 'prulock.obj' is imported by 'nssinit.obj'
22:37.03 
22:37.03 LINK : warning LNK4286: symbol 'PR_Lock' defined in 'prulock.obj' is imported by 'ssl3con.obj'
22:37.03 
22:37.03 LINK : warning LNK4286: symbol 'PR_Lock' defined in 'prulock.obj' is imported by 'sslmutex.obj'
22:37.03 
22:37.03 LINK : warning LNK4286: symbol 'PR_Lock' defined in 'prulock.obj' is imported by 'arena.obj'
22:37.03 
22:37.03 LINK : warning LNK4286: symbol 'PR_Lock' defined in 'prulock.obj' is imported by 'hash.obj'
22:37.03 
22:37.03 LINK : warning LNK4286: symbol 'PR_Lock' defined in 'prulock.obj' is imported by 'list.obj'
22:37.03 
22:37.03 LINK : warning LNK4286: symbol 'PR_Lock' defined in 'prulock.obj' is imported by 'pkix_pl_common.obj'
22:37.03 
22:37.03 LINK : warning LNK4286: symbol 'PR_Lock' defined in 'prulock.obj' is imported by 'pkistore.obj'
22:37.03 
22:37.03 LINK : warning LNK4286: symbol 'PR_Lock' defined in 'prulock.obj' is imported by 'tdcache.obj'
22:37.03 
22:37.03 LINK : warning LNK4286: symbol 'PR_Lock' defined in 'prulock.obj' is imported by 'devslot.obj'
22:37.03 
22:37.03 LINK : warning LNK4286: symbol 'PR_Lock' defined in 'prulock.obj' is imported by 'devutil.obj'
22:37.03 
22:37.03 LINK : warning LNK4286: symbol 'PR_Lock' defined in 'prulock.obj' is imported by 'certdb.obj'
22:37.03 
22:37.03 LINK : warning LNK4286: symbol 'PR_Lock' defined in 'prulock.obj' is imported by 'crl.obj'
22:37.03 
22:37.03 LINK : warning LNK4286: symbol 'PR_Lock' defined in 'prulock.obj' is imported by 'genname.obj'
22:37.03 
22:37.03 LINK : warning LNK4286: symbol 'PR_Lock' defined in 'prulock.obj' is imported by 'pkibase.obj'
22:37.03 
22:37.03 LINK : warning LNK4286: symbol 'PR_Lock' defined in 'prulock.obj' is imported by 'pk11sdr.obj'
22:37.03 
22:37.03 LINK : warning LNK4286: symbol 'PR_Lock' defined in 'prulock.obj' is imported by 'pk11skey.obj'
22:37.03 
22:37.03 LINK : warning LNK4286: symbol 'PR_Lock' defined in 'prulock.obj' is imported by 'pk11slot.obj'
22:37.03 
22:37.03 LINK : warning LNK4286: symbol 'PR_Lock' defined in 'prulock.obj' is imported by 'pk11util.obj'
22:37.03 
22:37.03 LINK : warning LNK4217: symbol 'PR_Lock' defined in 'prulock.obj' is imported by 'nssrwlk.obj' in function 'NSSRWLock_LockRead_Util'
22:37.03 
22:37.03 LINK : warning LNK4286: symbol 'PR_Lock' defined in 'prulock.obj' is imported by 'secport.obj'
22:37.03 
22:37.03 LINK : warning LNK4286: symbol 'PR_Lock' defined in 'prulock.obj' is imported by 'pk11cxt.obj'
22:37.03 
22:37.03 LINK : warning LNK4286: symbol 'PR_Lock' defined in 'prulock.obj' is imported by 'pk11load.obj'
22:37.03 
22:37.03 LINK : warning LNK4286: symbol 'PR_Unlock' defined in 'prulock.obj' is imported by 'sslnonce.obj'
22:37.03 
22:37.03 LINK : warning LNK4286: symbol 'PR_Unlock' defined in 'prulock.obj' is imported by 'sslsecur.obj'
22:37.03 
22:37.03 LINK : warning LNK4286: symbol 'PR_Unlock' defined in 'prulock.obj' is imported by 'sslsock.obj'
22:37.03 
22:37.03 LINK : warning LNK4286: symbol 'PR_Unlock' defined in 'prulock.obj' is imported by 'cmsudf.obj'
22:37.03 
22:37.03 LINK : warning LNK4217: symbol 'PR_Unlock' defined in 'prulock.obj' is imported by 'pkix_pl_mutex.obj' in function 'PKIX_PL_Mutex_Unlock'
22:37.03 
22:37.03 LINK : warning LNK4286: symbol 'PR_Unlock' defined in 'prulock.obj' is imported by 'nssinit.obj'
22:37.03 
22:37.03 LINK : warning LNK4286: symbol 'PR_Unlock' defined in 'prulock.obj' is imported by 'ssl3con.obj'
22:37.03 
22:37.03 LINK : warning LNK4286: symbol 'PR_Unlock' defined in 'prulock.obj' is imported by 'sslmutex.obj'
22:37.03 
22:37.03 LINK : warning LNK4286: symbol 'PR_Unlock' defined in 'prulock.obj' is imported by 'arena.obj'
22:37.03 
22:37.03 LINK : warning LNK4286: symbol 'PR_Unlock' defined in 'prulock.obj' is imported by 'hash.obj'
22:37.03 
22:37.03 LINK : warning LNK4286: symbol 'PR_Unlock' defined in 'prulock.obj' is imported by 'list.obj'
22:37.03 
22:37.03 LINK : warning LNK4286: symbol 'PR_Unlock' defined in 'prulock.obj' is imported by 'pkix_pl_common.obj'
22:37.03 
22:37.03 LINK : warning LNK4286: symbol 'PR_Unlock' defined in 'prulock.obj' is imported by 'pkistore.obj'
22:37.03 
22:37.03 LINK : warning LNK4286: symbol 'PR_Unlock' defined in 'prulock.obj' is imported by 'tdcache.obj'
22:37.03 
22:37.03 LINK : warning LNK4286: symbol 'PR_Unlock' defined in 'prulock.obj' is imported by 'devslot.obj'
22:37.03 
22:37.03 LINK : warning LNK4286: symbol 'PR_Unlock' defined in 'prulock.obj' is imported by 'devutil.obj'
22:37.03 
22:37.03 LINK : warning LNK4286: symbol 'PR_Unlock' defined in 'prulock.obj' is imported by 'certdb.obj'
22:37.03 
22:37.03 LINK : warning LNK4286: symbol 'PR_Unlock' defined in 'prulock.obj' is imported by 'crl.obj'
22:37.03 
22:37.03 LINK : warning LNK4286: symbol 'PR_Unlock' defined in 'prulock.obj' is imported by 'genname.obj'
22:37.03 
22:37.03 LINK : warning LNK4286: symbol 'PR_Unlock' defined in 'prulock.obj' is imported by 'pkibase.obj'
22:37.03 
22:37.03 LINK : warning LNK4286: symbol 'PR_Unlock' defined in 'prulock.obj' is imported by 'pk11sdr.obj'
22:37.03 
22:37.03 LINK : warning LNK4286: symbol 'PR_Unlock' defined in 'prulock.obj' is imported by 'pk11skey.obj'
22:37.03 
22:37.03 LINK : warning LNK4286: symbol 'PR_Unlock' defined in 'prulock.obj' is imported by 'pk11slot.obj'
22:37.03 
22:37.03 LINK : warning LNK4286: symbol 'PR_Unlock' defined in 'prulock.obj' is imported by 'pk11util.obj'
22:37.03 
22:37.03 LINK : warning LNK4217: symbol 'PR_Unlock' defined in 'prulock.obj' is imported by 'nssrwlk.obj' in function 'NSSRWLock_LockRead_Util'
22:37.03 
22:37.03 LINK : warning LNK4286: symbol 'PR_Unlock' defined in 'prulock.obj' is imported by 'secport.obj'
22:37.03 
22:37.03 LINK : warning LNK4286: symbol 'PR_Unlock' defined in 'prulock.obj' is imported by 'pk11cxt.obj'
22:37.03 
22:37.03 LINK : warning LNK4286: symbol 'PR_Unlock' defined in 'prulock.obj' is imported by 'pk11load.obj'
22:37.03 
22:37.03 LINK : warning LNK4217: symbol 'PR_NewCondVar' defined in 'prucv.obj' is imported by 'nssrwlk.obj' in function 'NSSRWLock_New_Util'
22:37.03 
22:37.03 LINK : warning LNK4286: symbol 'PR_NewCondVar' defined in 'prucv.obj' is imported by 'dev3hack.obj'
22:37.03 
22:37.03 LINK : warning LNK4286: symbol 'PR_NewCondVar' defined in 'prucv.obj' is imported by 'nssinit.obj'
22:37.03 
22:37.03 LINK : warning LNK4217: symbol 'PR_DestroyCondVar' defined in 'prucv.obj' is imported by 'nssrwlk.obj' in function 'NSSRWLock_Destroy_Util'
22:37.03 
22:37.03 LINK : warning LNK4286: symbol 'PR_DestroyCondVar' defined in 'prucv.obj' is imported by 'devslot.obj'
22:37.03 
22:37.03 LINK : warning LNK4217: symbol 'PR_WaitCondVar' defined in 'prucv.obj' is imported by 'nssrwlk.obj' in function 'NSSRWLock_LockRead_Util'
22:37.03 
22:37.03 LINK : warning LNK4286: symbol 'PR_WaitCondVar' defined in 'prucv.obj' is imported by 'devslot.obj'
22:37.03 
22:37.03 LINK : warning LNK4286: symbol 'PR_WaitCondVar' defined in 'prucv.obj' is imported by 'nssinit.obj'
22:37.03 
22:37.03 LINK : warning LNK4217: symbol 'PR_NotifyCondVar' defined in 'prucv.obj' is imported by 'nssrwlk.obj' in function 'NSSRWLock_UnlockRead_Util'
22:37.03 
22:37.03 LINK : warning LNK4286: symbol 'PR_NotifyCondVar' defined in 'prucv.obj' is imported by 'nssinit.obj'
22:37.03 
22:37.03 LINK : warning LNK4217: symbol 'PR_NotifyAllCondVar' defined in 'prucv.obj' is imported by 'nssrwlk.obj' in function 'NSSRWLock_UnlockWrite_Util'
22:37.03 
22:37.03 LINK : warning LNK4286: symbol 'PR_NotifyAllCondVar' defined in 'prucv.obj' is imported by 'devslot.obj'
22:37.03 
22:37.03 LINK : warning LNK4286: symbol 'PR_NotifyAllCondVar' defined in 'prucv.obj' is imported by 'nssinit.obj'
22:37.03 
22:37.03 LINK : warning LNK4217: symbol 'PR_GetCurrentThread' defined in 'prcthr.obj' is imported by 'nssrwlk.obj' in function 'NSSRWLock_HaveWriteLock_Util'
22:37.03 
22:37.03 LINK : warning LNK4286: symbol 'PR_GetCurrentThread' defined in 'prcthr.obj' is imported by 'devslot.obj'
22:37.03 
22:37.03 LINK : warning LNK4286: symbol 'PR_GetCurrentThread' defined in 'prcthr.obj' is imported by 'ssl3con.obj'
22:37.03 
22:37.03 LINK : warning LNK4286: symbol 'PR_GetCurrentThread' defined in 'prcthr.obj' is imported by 'sslsecur.obj'
22:37.03 
22:37.03 LINK : warning LNK4286: symbol 'PR_snprintf' defined in 'prprf.obj' is imported by 'pkix_pl_lifecycle.obj'
22:37.03 
22:37.03 LINK : warning LNK4217: symbol 'PR_snprintf' defined in 'prprf.obj' is imported by 'pkix_pl_httpdefaultclient.obj' in function 'pkix_pl_HttpDefaultClient_Destroy'
22:37.03 
22:37.03 LINK : warning LNK4286: symbol 'PR_snprintf' defined in 'prprf.obj' is imported by 'tls13con.obj'
22:37.03 
22:37.03 LINK : warning LNK4286: symbol 'PR_snprintf' defined in 'prprf.obj' is imported by 'pk11util.obj'
22:37.03 
22:37.03 LINK : warning LNK4286: symbol 'PR_snprintf' defined in 'prprf.obj' is imported by 'pkix_error.obj'
22:37.03 
22:37.03 LINK : warning LNK4286: symbol 'PR_snprintf' defined in 'prprf.obj' is imported by 'pkix_logger.obj'
22:37.03 
22:37.03 LINK : warning LNK4286: symbol 'PR_snprintf' defined in 'prprf.obj' is imported by 'pkix_pl_common.obj'
22:37.03 
22:37.03 LINK : warning LNK4217: symbol 'PR_snprintf' defined in 'prprf.obj' is imported by 'pkcs11uri.obj' in function 'pk11uri_Escape'
22:37.03 
22:37.03 LINK : warning LNK4286: symbol 'PR_snprintf' defined in 'prprf.obj' is imported by 'ocsp.obj'
22:37.03 
22:37.03 LINK : warning LNK4286: symbol 'PR_snprintf' defined in 'prprf.obj' is imported by 'pk11load.obj'
22:37.03 
22:37.03 LINK : warning LNK4286: symbol 'PR_snprintf' defined in 'prprf.obj' is imported by 'pk11pars.obj'
22:37.03 
22:37.03 LINK : warning LNK4217: symbol 'PR_LoadLibraryWithFlags' defined in 'prlink.obj' is imported by 'secload.obj' in function 'PORT_LoadLibraryFromOrigin'
22:37.03 
22:37.03 LINK : warning LNK4217: symbol 'PR_GetLibraryFilePathname' defined in 'prlink.obj' is imported by 'secload.obj' in function 'PORT_LoadLibraryFromOrigin'
22:37.03 
22:37.03 LINK : warning LNK4217: symbol 'PR_GetDirectorySeparator' defined in 'prsystem.obj' is imported by 'secload.obj' in function 'loader_LoadLibInReferenceDir'
22:37.03 
22:37.03 LINK : warning LNK4286: symbol 'PR_GetEnvSecure' defined in 'prenv.obj' is imported by 'pkix_pl_socket.obj'
22:37.03 
22:37.03 LINK : warning LNK4286: symbol 'PR_GetEnvSecure' defined in 'prenv.obj' is imported by 'nssinit.obj'
22:37.05 
22:37.05 LINK : warning LNK4286: symbol 'PR_GetEnvSecure' defined in 'prenv.obj' is imported by 'sslsnce.obj'
22:37.05 
22:37.05 LINK : warning LNK4286: symbol 'PR_GetEnvSecure' defined in 'prenv.obj' is imported by 'sslsock.obj'
22:37.05 
22:37.05 LINK : warning LNK4286: symbol 'PR_GetEnvSecure' defined in 'prenv.obj' is imported by 'pk11load.obj'
22:37.05 
22:37.05 LINK : warning LNK4286: symbol 'PR_GetEnvSecure' defined in 'prenv.obj' is imported by 'pk11pars.obj'
22:37.05 
22:37.05 LINK : warning LNK4286: symbol 'PR_GetEnvSecure' defined in 'prenv.obj' is imported by 'certdb.obj'
22:37.05 
22:37.05 LINK : warning LNK4286: symbol 'PR_GetEnvSecure' defined in 'prenv.obj' is imported by 'pkix_pl_lifecycle.obj'
22:37.05 
22:37.05 LINK : warning LNK4217: symbol 'PR_GetEnvSecure' defined in 'prenv.obj' is imported by 'secoid.obj' in function 'SECOID_Init'
22:37.05 
22:37.05 LINK : warning LNK4286: symbol 'PR_GetEnvSecure' defined in 'prenv.obj' is imported by 'secport.obj'
22:37.05 
22:37.05 LINK : warning LNK4286: symbol 'PR_GetEnvSecure' defined in 'prenv.obj' is imported by 'utilpars.obj'
22:37.05 
22:37.05 LINK : warning LNK4286: symbol 'PR_GetEnvSecure' defined in 'prenv.obj' is imported by 'pk11akey.obj'
22:37.05 
22:37.05 LINK : warning LNK4286: symbol 'PR_GetError' defined in 'prerror.obj' is imported by 'sslsock.obj'
22:37.05 
22:37.05 LINK : warning LNK4286: symbol 'PR_GetError' defined in 'prerror.obj' is imported by 'plerror.obj'
22:37.05 
22:37.05 LINK : warning LNK4286: symbol 'PR_GetError' defined in 'prerror.obj' is imported by 'ssl3con.obj'
22:37.05 
22:37.05 LINK : warning LNK4286: symbol 'PR_GetError' defined in 'prerror.obj' is imported by 'ssldef.obj'
22:37.05 
22:37.05 LINK : warning LNK4286: symbol 'PR_GetError' defined in 'prerror.obj' is imported by 'sslsecur.obj'
22:37.05 
22:37.05 LINK : warning LNK4217: symbol 'PR_GetError' defined in 'prerror.obj' is imported by 'sslsnce.obj' in function 'FindSID'
22:37.05 
22:37.05 LINK : warning LNK4217: symbol 'PR_GetError' defined in 'prerror.obj' is imported by 'secport.obj' in function 'PORT_GetError_Util'
22:37.05 
22:37.05 LINK : warning LNK4286: symbol 'PR_GetError' defined in 'prerror.obj' is imported by 'crl.obj'
22:37.05 
22:37.05 LINK : warning LNK4286: symbol 'PR_GetError' defined in 'prerror.obj' is imported by 'pkix_pl_colcertstore.obj'
22:37.05 
22:37.05 LINK : warning LNK4286: symbol 'PR_GetError' defined in 'prerror.obj' is imported by 'pkix_pl_socket.obj'
22:37.05 
22:37.05 LINK : warning LNK4217: symbol 'PR_LocalTimeParameters' defined in 'prtime.obj' is imported by 'sectime.obj' in function 'CERT_UTCTime2FormattedAscii'
22:37.05 
22:37.05 LINK : warning LNK4217: symbol 'PR_FormatTime' defined in 'prtime.obj' is imported by 'sectime.obj' in function 'CERT_GenTime2FormattedAscii_Util'
22:37.05 
22:37.05 LINK : warning LNK4286: symbol 'PR_FormatTime' defined in 'prtime.obj' is imported by 'tls13subcerts.obj'
22:37.05 
22:37.05 LINK : warning LNK4286: symbol 'PR_smprintf' defined in 'prprf.obj' is imported by 'sslsnce.obj'
22:37.05 
22:37.05 LINK : warning LNK4286: symbol 'PR_smprintf' defined in 'prprf.obj' is imported by 'pkix_pl_bytearray.obj'
22:37.05 
22:37.05 LINK : warning LNK4286: symbol 'PR_smprintf' defined in 'prprf.obj' is imported by 'pkix_pl_string.obj'
22:37.05 
22:37.05 LINK : warning LNK4286: symbol 'PR_smprintf' defined in 'prprf.obj' is imported by 'pkix_pl_httpdefaultclient.obj'
22:37.05 
22:37.05 LINK : warning LNK4286: symbol 'PR_smprintf' defined in 'prprf.obj' is imported by 'nssinit.obj'
22:37.05 
22:37.05 LINK : warning LNK4217: symbol 'PR_smprintf' defined in 'prprf.obj' is imported by 'pk11merge.obj' in function 'PK11_MergeTokens'
22:37.05 
22:37.05 LINK : warning LNK4286: symbol 'PR_smprintf' defined in 'prprf.obj' is imported by 'pk11util.obj'
22:37.05 
22:37.05 LINK : warning LNK4286: symbol 'PR_smprintf' defined in 'prprf.obj' is imported by 'alg1485.obj'
22:37.05 
22:37.05 LINK : warning LNK4286: symbol 'PR_smprintf' defined in 'prprf.obj' is imported by 'certdb.obj'
22:37.05 
22:37.05 LINK : warning LNK4217: symbol 'PR_smprintf' defined in 'prprf.obj' is imported by 'utilmod.obj' in function '_NSSUTIL_GetOldSecmodName'
22:37.05 
22:37.05 LINK : warning LNK4286: symbol 'PR_smprintf' defined in 'prprf.obj' is imported by 'utilpars.obj'
22:37.05 
22:37.05 LINK : warning LNK4286: symbol 'PR_smprintf' defined in 'prprf.obj' is imported by 'certvfy.obj'
22:37.05 
22:37.05 LINK : warning LNK4286: symbol 'PR_smprintf' defined in 'prprf.obj' is imported by 'ocsp.obj'
22:37.05 
22:37.05 LINK : warning LNK4286: symbol 'PR_smprintf_free' defined in 'prprf.obj' is imported by 'pkix_pl_string.obj'
22:37.05 
22:37.05 LINK : warning LNK4286: symbol 'PR_smprintf_free' defined in 'prprf.obj' is imported by 'pkix_pl_httpdefaultclient.obj'
22:37.05 
22:37.05 LINK : warning LNK4286: symbol 'PR_smprintf_free' defined in 'prprf.obj' is imported by 'nssinit.obj'
22:37.05 
22:37.05 LINK : warning LNK4286: symbol 'PR_smprintf_free' defined in 'prprf.obj' is imported by 'sslsnce.obj'
22:37.05 
22:37.05 LINK : warning LNK4286: symbol 'PR_smprintf_free' defined in 'prprf.obj' is imported by 'pk11util.obj'
22:37.05 
22:37.05 LINK : warning LNK4286: symbol 'PR_smprintf_free' defined in 'prprf.obj' is imported by 'alg1485.obj'
22:37.05 
22:37.05 LINK : warning LNK4286: symbol 'PR_smprintf_free' defined in 'prprf.obj' is imported by 'pkix_pl_bytearray.obj'
22:37.05 
22:37.05 LINK : warning LNK4286: symbol 'PR_smprintf_free' defined in 'prprf.obj' is imported by 'pkix_pl_oid.obj'
22:37.05 
22:37.05 LINK : warning LNK4217: symbol 'PR_smprintf_free' defined in 'prprf.obj' is imported by 'utilmod.obj' in function 'NSSUTIL_DoModuleDBFunction'
22:37.05 
22:37.05 LINK : warning LNK4286: symbol 'PR_smprintf_free' defined in 'prprf.obj' is imported by 'utilpars.obj'
22:37.05 
22:37.05 LINK : warning LNK4217: symbol 'PR_smprintf_free' defined in 'prprf.obj' is imported by 'pk11merge.obj' in function 'PK11_CreateMergeLog'
22:37.05 
22:37.05 LINK : warning LNK4286: symbol 'PR_smprintf_free' defined in 'prprf.obj' is imported by 'pk11pars.obj'
22:37.05 
22:37.05 LINK : warning LNK4286: symbol 'PR_Now' defined in 'ntmisc.obj' is imported by 'cmssiginfo.obj'
22:37.05 
22:37.05 LINK : warning LNK4286: symbol 'PR_Now' defined in 'ntmisc.obj' is imported by 'sslsock.obj'
22:37.05 
22:37.05 LINK : warning LNK4217: symbol 'PR_Now' defined in 'ntmisc.obj' is imported by 'p7create.obj' in function 'sec_pkcs7_create_content_info'
22:37.05 
22:37.05 LINK : warning LNK4286: symbol 'PR_Now' defined in 'ntmisc.obj' is imported by 'p7decode.obj'
22:37.05 
22:37.05 LINK : warning LNK4286: symbol 'PR_Now' defined in 'ntmisc.obj' is imported by 'cmssigdata.obj'
22:37.05 
22:37.05 LINK : warning LNK4286: symbol 'PR_Now' defined in 'ntmisc.obj' is imported by 'pkix_pl_ldapdefaultclient.obj'
22:37.05 
22:37.05 LINK : warning LNK4217: symbol 'PR_Now' defined in 'ntmisc.obj' is imported by 'pkix_pl_pk11certstore.obj' in function 'pkix_pl_Pk11CertStore_GetCRL'
22:37.05 
22:37.05 LINK : warning LNK4286: symbol 'PR_Now' defined in 'ntmisc.obj' is imported by 'pkix_pl_socket.obj'
22:37.05 
22:37.05 LINK : warning LNK4286: symbol 'PR_Now' defined in 'ntmisc.obj' is imported by 'sslsnce.obj'
22:37.05 
22:37.05 LINK : warning LNK4286: symbol 'PR_Now' defined in 'ntmisc.obj' is imported by 'pkix_pl_date.obj'
22:37.05 
22:37.05 LINK : warning LNK4286: symbol 'PR_Now' defined in 'ntmisc.obj' is imported by 'pkix_pl_ocspcertid.obj'
22:37.05 
22:37.05 LINK : warning LNK4286: symbol 'PR_Now' defined in 'ntmisc.obj' is imported by 'pkix_pl_ocsprequest.obj'
22:37.05 
22:37.05 LINK : warning LNK4217: symbol 'PR_Now' defined in 'ntmisc.obj' is imported by 'pkix_pl_ocspresponse.obj' in function 'pkix_pl_OcspResponse_VerifySignature'
22:37.05 
22:37.05 LINK : warning LNK4286: symbol 'PR_Now' defined in 'ntmisc.obj' is imported by 'crl.obj'
22:37.05 
22:37.05 LINK : warning LNK4286: symbol 'PR_Now' defined in 'ntmisc.obj' is imported by 'pkibase.obj'
22:37.05 
22:37.05 LINK : warning LNK4286: symbol 'PR_Now' defined in 'ntmisc.obj' is imported by 'tdcache.obj'
22:37.05 
22:37.05 LINK : warning LNK4286: symbol 'PR_Now' defined in 'ntmisc.obj' is imported by 'pkix_pl_cert.obj'
22:37.05 
22:37.05 LINK : warning LNK4286: symbol 'PR_Now' defined in 'ntmisc.obj' is imported by 'pk11auth.obj'
22:37.05 
22:37.05 LINK : warning LNK4286: symbol 'PR_Now' defined in 'ntmisc.obj' is imported by 'pk11cert.obj'
22:37.05 
22:37.05 LINK : warning LNK4217: symbol 'PR_Now' defined in 'ntmisc.obj' is imported by 'pk11nobj.obj' in function 'PK11_ImportCRL'
22:37.05 
22:37.05 LINK : warning LNK4286: symbol 'PR_Now' defined in 'ntmisc.obj' is imported by 'certdb.obj'
22:37.05 
22:37.05 LINK : warning LNK4217: symbol 'PR_Now' defined in 'ntmisc.obj' is imported by 'certhigh.obj' in function 'CERT_FindUserCertByUsage'
22:37.05 
22:37.05 LINK : warning LNK4286: symbol 'PR_Now' defined in 'ntmisc.obj' is imported by 'certvfy.obj'
22:37.05 
22:37.05 LINK : warning LNK4286: symbol 'PR_Now' defined in 'ntmisc.obj' is imported by 'ocsp.obj'
22:37.05 
22:37.05 LINK : warning LNK4286: symbol 'PR_Now' defined in 'ntmisc.obj' is imported by 'seckey.obj'
22:37.05 
22:37.05 LINK : warning LNK4217: symbol 'PR_Poll' defined in 'prio.obj' is imported by 'certvfypkix.obj' in function 'cert_BuildAndValidateChain'
22:37.05 
22:37.05 LINK : warning LNK4286: symbol 'PR_Poll' defined in 'prio.obj' is imported by 'pkix_pl_socket.obj'
22:37.05 
22:37.05 LINK : warning LNK4217: symbol 'PR_TicksPerSecond' defined in 'prinrval.obj' is imported by 'ocsp.obj' in function 'fetchOcspHttpClientV1'
22:37.05 
22:37.05 LINK : warning LNK4286: symbol 'PR_SecondsToInterval' defined in 'prinrval.obj' is imported by 'pkix_pl_pk11certstore.obj'
22:37.05 
22:37.05 LINK : warning LNK4286: symbol 'PR_SecondsToInterval' defined in 'prinrval.obj' is imported by 'pkix_pl_date.obj'
22:37.05 
22:37.05 LINK : warning LNK4286: symbol 'PR_SecondsToInterval' defined in 'prinrval.obj' is imported by 'pkix_pl_ocspresponse.obj'
22:37.05 
22:37.05 LINK : warning LNK4286: symbol 'PR_SecondsToInterval' defined in 'prinrval.obj' is imported by 'pkix_pl_aiamgr.obj'
22:37.05 
22:37.06 LINK : warning LNK4286: symbol 'PR_SecondsToInterval' defined in 'prinrval.obj' is imported by 'pkix_pl_httpcertstore.obj'
22:37.06 
22:37.06 LINK : warning LNK4217: symbol 'PR_SecondsToInterval' defined in 'prinrval.obj' is imported by 'ocsp.obj' in function 'ocsp_ConnectToHost'
22:37.06 
22:37.06 LINK : warning LNK4286: symbol 'PR_SecondsToInterval' defined in 'prinrval.obj' is imported by 'pk11auth.obj'
22:37.06 
22:37.06 LINK : warning LNK4217: symbol 'PR_SecondsToInterval' defined in 'prinrval.obj' is imported by 'pk11slot.obj' in function 'PK11_DestroySlot'
22:37.06 
22:37.06 LINK : warning LNK4286: symbol 'PR_SecondsToInterval' defined in 'prinrval.obj' is imported by 'devslot.obj'
22:37.06 
22:37.06 LINK : warning LNK4217: symbol 'PR_Close' defined in 'priometh.obj' is imported by 'ocsp.obj' in function 'cert_FetchOCSPResponse'
22:37.06 
22:37.06 LINK : warning LNK4286: symbol 'PR_Close' defined in 'priometh.obj' is imported by 'pkix_pl_colcertstore.obj'
22:37.06 
22:37.06 LINK : warning LNK4286: symbol 'PR_Close' defined in 'priometh.obj' is imported by 'pkix_pl_socket.obj'
22:37.06 
22:37.06 LINK : warning LNK4286: symbol 'PR_Close' defined in 'priometh.obj' is imported by 'sslsock.obj'
22:37.06 
22:37.06 LINK : warning LNK4217: symbol 'PR_Write' defined in 'priometh.obj' is imported by 'ocsp.obj' in function 'ocsp_SendEncodedRequest'
22:37.06 
22:37.06 LINK : warning LNK4217: symbol 'PR_NewTCPSocket' defined in 'prsocket.obj' is imported by 'ocsp.obj' in function 'ocsp_ConnectToHost'
22:37.06 
22:37.06 LINK : warning LNK4286: symbol 'PR_NewTCPSocket' defined in 'prsocket.obj' is imported by 'pkix_pl_socket.obj'
22:37.06 
22:37.06 LINK : warning LNK4217: symbol 'PR_Connect' defined in 'priometh.obj' is imported by 'ocsp.obj' in function 'ocsp_ConnectToHost'
22:37.06 
22:37.06 LINK : warning LNK4286: symbol 'PR_Connect' defined in 'priometh.obj' is imported by 'pkix_pl_socket.obj'
22:37.06 
22:37.06 LINK : warning LNK4217: symbol 'PR_Recv' defined in 'priometh.obj' is imported by 'ocsp.obj' in function 'ocsp_read'
22:37.06 
22:37.06 LINK : warning LNK4286: symbol 'PR_Recv' defined in 'priometh.obj' is imported by 'pkix_pl_socket.obj'
22:37.06 
22:37.06 LINK : warning LNK4217: symbol 'PR_StringToNetAddr' defined in 'prnetdb.obj' is imported by 'ocsp.obj' in function 'ocsp_ConnectToHost'
22:37.06 
22:37.06 LINK : warning LNK4286: symbol 'PR_StringToNetAddr' defined in 'prnetdb.obj' is imported by 'certdb.obj'
22:37.06 
22:37.06 LINK : warning LNK4286: symbol 'PR_StringToNetAddr' defined in 'prnetdb.obj' is imported by 'ssl3exthandle.obj'
22:37.06 
22:37.06 LINK : warning LNK4217: symbol 'PR_GetHostByName' defined in 'prnetdb.obj' is imported by 'ocsp.obj' in function 'ocsp_ConnectToHost'
22:37.06 
22:37.06 LINK : warning LNK4286: symbol 'PR_GetHostByName' defined in 'prnetdb.obj' is imported by 'pkix_pl_socket.obj'
22:37.06 
22:37.06 LINK : warning LNK4217: symbol 'PR_EnumerateHostEnt' defined in 'prnetdb.obj' is imported by 'ocsp.obj' in function 'ocsp_ConnectToHost'
22:37.06 
22:37.06 LINK : warning LNK4286: symbol 'PR_EnumerateHostEnt' defined in 'prnetdb.obj' is imported by 'pkix_pl_socket.obj'
22:37.06 
22:37.06 LINK : warning LNK4217: symbol 'PR_InitializeNetAddr' defined in 'prnetdb.obj' is imported by 'ocsp.obj' in function 'ocsp_ConnectToHost'
22:37.06 
22:37.06 LINK : warning LNK4286: symbol 'PR_NewMonitor' defined in 'prmon.obj' is imported by 'tls13replay.obj'
22:37.06 
22:37.06 LINK : warning LNK4217: symbol 'PR_NewMonitor' defined in 'prmon.obj' is imported by 'ocsp.obj' in function 'OCSP_InitGlobal'
22:37.06 
22:37.06 LINK : warning LNK4286: symbol 'PR_NewMonitor' defined in 'prmon.obj' is imported by 'pkibase.obj'
22:37.06 
22:37.06 LINK : warning LNK4286: symbol 'PR_NewMonitor' defined in 'prmon.obj' is imported by 'pkix_pl_monitorlock.obj'
22:37.06 
22:37.06 LINK : warning LNK4286: symbol 'PR_NewMonitor' defined in 'prmon.obj' is imported by 'sslsock.obj'
22:37.06 
22:37.06 LINK : warning LNK4286: symbol 'PR_DestroyMonitor' defined in 'prmon.obj' is imported by 'tls13replay.obj'
22:37.06 
22:37.06 LINK : warning LNK4217: symbol 'PR_DestroyMonitor' defined in 'prmon.obj' is imported by 'ocsp.obj' in function 'OCSP_ShutdownGlobal'
22:37.06 
22:37.06 LINK : warning LNK4286: symbol 'PR_DestroyMonitor' defined in 'prmon.obj' is imported by 'pkibase.obj'
22:37.06 
22:37.06 LINK : warning LNK4286: symbol 'PR_DestroyMonitor' defined in 'prmon.obj' is imported by 'pkix_pl_monitorlock.obj'
22:37.06 
22:37.06 LINK : warning LNK4286: symbol 'PR_DestroyMonitor' defined in 'prmon.obj' is imported by 'sslsock.obj'
22:37.06 
22:37.06 LINK : warning LNK4286: symbol 'PR_EnterMonitor' defined in 'prmon.obj' is imported by 'tls13replay.obj'
22:37.06 
22:37.06 LINK : warning LNK4286: symbol 'PR_EnterMonitor' defined in 'prmon.obj' is imported by 'sslreveal.obj'
22:37.06 
22:37.06 LINK : warning LNK4286: symbol 'PR_EnterMonitor' defined in 'prmon.obj' is imported by 'sslsecur.obj'
22:37.06 
22:37.06 LINK : warning LNK4286: symbol 'PR_EnterMonitor' defined in 'prmon.obj' is imported by 'sslsock.obj'
22:37.06 
22:37.06 LINK : warning LNK4217: symbol 'PR_EnterMonitor' defined in 'prmon.obj' is imported by 'tls13con.obj' in function 'tls13_AddContextToHashes'
22:37.06 
22:37.06 LINK : warning LNK4286: symbol 'PR_EnterMonitor' defined in 'prmon.obj' is imported by 'dtlscon.obj'
22:37.06 
22:37.06 LINK : warning LNK4286: symbol 'PR_EnterMonitor' defined in 'prmon.obj' is imported by 'ssl3con.obj'
22:37.06 
22:37.06 LINK : warning LNK4286: symbol 'PR_EnterMonitor' defined in 'prmon.obj' is imported by 'ssl3gthr.obj'
22:37.06 
22:37.06 LINK : warning LNK4286: symbol 'PR_EnterMonitor' defined in 'prmon.obj' is imported by 'sslcon.obj'
22:37.06 
22:37.06 LINK : warning LNK4217: symbol 'PR_EnterMonitor' defined in 'prmon.obj' is imported by 'ocsp.obj' in function 'CERT_CacheOCSPResponseFromSideChannel'
22:37.06 
22:37.06 LINK : warning LNK4286: symbol 'PR_EnterMonitor' defined in 'prmon.obj' is imported by 'pkibase.obj'
22:37.06 
22:37.06 LINK : warning LNK4286: symbol 'PR_EnterMonitor' defined in 'prmon.obj' is imported by 'pkix_pl_monitorlock.obj'
22:37.06 
22:37.06 LINK : warning LNK4286: symbol 'PR_EnterMonitor' defined in 'prmon.obj' is imported by 'dtls13con.obj'
22:37.06 
22:37.06 LINK : warning LNK4286: symbol 'PR_ExitMonitor' defined in 'prmon.obj' is imported by 'tls13replay.obj'
22:37.06 
22:37.06 LINK : warning LNK4286: symbol 'PR_ExitMonitor' defined in 'prmon.obj' is imported by 'sslreveal.obj'
22:37.06 
22:37.06 LINK : warning LNK4286: symbol 'PR_ExitMonitor' defined in 'prmon.obj' is imported by 'sslsecur.obj'
22:37.06 
22:37.06 LINK : warning LNK4286: symbol 'PR_ExitMonitor' defined in 'prmon.obj' is imported by 'sslsock.obj'
22:37.06 
22:37.06 LINK : warning LNK4217: symbol 'PR_ExitMonitor' defined in 'prmon.obj' is imported by 'tls13con.obj' in function 'tls13_RecoverWrappedSharedSecret'
22:37.06 
22:37.06 LINK : warning LNK4286: symbol 'PR_ExitMonitor' defined in 'prmon.obj' is imported by 'dtlscon.obj'
22:37.06 
22:37.06 LINK : warning LNK4286: symbol 'PR_ExitMonitor' defined in 'prmon.obj' is imported by 'ssl3con.obj'
22:37.06 
22:37.06 LINK : warning LNK4286: symbol 'PR_ExitMonitor' defined in 'prmon.obj' is imported by 'ssl3gthr.obj'
22:37.06 
22:37.06 LINK : warning LNK4286: symbol 'PR_ExitMonitor' defined in 'prmon.obj' is imported by 'sslcon.obj'
22:37.06 
22:37.06 LINK : warning LNK4217: symbol 'PR_ExitMonitor' defined in 'prmon.obj' is imported by 'ocsp.obj' in function 'CERT_CacheOCSPResponseFromSideChannel'
22:37.06 
22:37.06 LINK : warning LNK4286: symbol 'PR_ExitMonitor' defined in 'prmon.obj' is imported by 'pkibase.obj'
22:37.06 
22:37.06 LINK : warning LNK4286: symbol 'PR_ExitMonitor' defined in 'prmon.obj' is imported by 'pkix_pl_monitorlock.obj'
22:37.06 
22:37.06 LINK : warning LNK4286: symbol 'PR_ExitMonitor' defined in 'prmon.obj' is imported by 'dtls13con.obj'
22:37.06 
22:37.06 LINK : warning LNK4286: symbol 'PR_IntervalNow' defined in 'prinrval.obj' is imported by 'dtlscon.obj'
22:37.06 
22:37.06 LINK : warning LNK4217: symbol 'PR_IntervalNow' defined in 'prinrval.obj' is imported by 'pk11auth.obj' in function 'PK11_IsLoggedIn'
22:37.06 
22:37.06 LINK : warning LNK4286: symbol 'PR_IntervalNow' defined in 'prinrval.obj' is imported by 'pk11load.obj'
22:37.06 
22:37.06 LINK : warning LNK4286: symbol 'PR_IntervalNow' defined in 'prinrval.obj' is imported by 'pk11slot.obj'
22:37.06 
22:37.06 LINK : warning LNK4286: symbol 'PR_IntervalNow' defined in 'prinrval.obj' is imported by 'devslot.obj'
22:37.06 
22:37.06 LINK : warning LNK4286: symbol 'PR_CallOnceWithArg' defined in 'prinit.obj' is imported by 'sslsnce.obj'
22:37.06 
22:37.06 LINK : warning LNK4217: symbol 'PR_CallOnceWithArg' defined in 'prinit.obj' is imported by 'pk11cert.obj' in function 'PK11_FindCertAndKeyByRecipientListNew'
22:37.06 
22:37.06 LINK : warning LNK4286: symbol 'PR_CallOnceWithArg' defined in 'prinit.obj' is imported by 'sslcert.obj'
22:37.06 
22:37.06 LINK : warning LNK4286: symbol 'PR_CallOnceWithArg' defined in 'prinit.obj' is imported by 'sslgrp.obj'
22:37.06 
22:37.06 LINK : warning LNK4286: symbol 'PR_CallOnceWithArg' defined in 'prinit.obj' is imported by 'sslinit.obj'
22:37.06 
22:37.06 LINK : warning LNK4217: symbol 'PR_LoadLibrary' defined in 'prlink.obj' is imported by 'pk11load.obj' in function 'secmod_LoadPKCS11Module'
22:37.06 
22:37.06 LINK : warning LNK4286: symbol 'PR_LoadLibrary' defined in 'prlink.obj' is imported by 'pkix_pl_httpcertstore.obj'
22:37.06 
22:37.06 LINK : warning LNK4217: symbol 'PR_UnloadLibrary' defined in 'prlink.obj' is imported by 'pk11load.obj' in function 'SECMOD_UnloadModule'
22:37.06 
22:37.06 LINK : warning LNK4286: symbol 'PR_UnloadLibrary' defined in 'prlink.obj' is imported by 'pkix_pl_httpcertstore.obj'
22:37.06 
22:37.06 LINK : warning LNK4217: symbol 'PR_FindSymbol' defined in 'prlink.obj' is imported by 'pk11load.obj' in function 'secmod_LoadPKCS11Module'
22:37.06 
22:37.06 LINK : warning LNK4217: symbol 'PR_NewLogModule' defined in 'prlog.obj' is imported by 'pk11load.obj' in function 'nss_InsertDeviceLog'
22:37.06 
22:37.06 LINK : warning LNK4286: symbol 'PR_NewLogModule' defined in 'prlog.obj' is imported by 'pkix_pl_lifecycle.obj'
22:37.06 
22:37.06 LINK : warning LNK4217: symbol 'PR_LogPrint' defined in 'prlog.obj' is imported by 'pk11load.obj' in function 'NSSDBGC_CancelFunction'
22:37.06 
22:37.06 LINK : warning LNK4217: symbol 'PR_IntervalToSeconds' defined in 'prinrval.obj' is imported by 'pk11load.obj' in function 'getPrintTime'
22:37.06 
22:37.06 LINK : warning LNK4217: symbol 'PR_IntervalToMilliseconds' defined in 'prinrval.obj' is imported by 'pk11load.obj' in function 'getPrintTime'
22:37.06 
22:37.06 LINK : warning LNK4217: symbol 'PR_IntervalToMicroseconds' defined in 'prinrval.obj' is imported by 'pk11load.obj' in function 'getPrintTime'
22:37.06 
22:37.06 LINK : warning LNK4217: symbol 'PR_SetEnv' defined in 'prenv.obj' is imported by 'pk11pars.obj' in function 'SECMOD_CreateModuleEx'
22:37.06 
22:37.06 LINK : warning LNK4217: symbol 'PR_Sleep' defined in 'prcthr.obj' is imported by 'pk11slot.obj' in function 'PK11_WaitForTokenEvent'
22:37.06 
22:37.06 LINK : warning LNK4286: symbol 'PR_Sleep' defined in 'prcthr.obj' is imported by 'pk11util.obj'
22:37.06 
22:37.06 LINK : warning LNK4286: symbol 'PR_Sleep' defined in 'prcthr.obj' is imported by 'ssl3con.obj'
22:37.06 
22:37.06 LINK : warning LNK4217: symbol 'PR_SetErrorText' defined in 'prerror.obj' is imported by 'pk11util.obj' in function 'SECMOD_AddNewModuleEx'
22:37.06 
22:42.72 LINK : warning LNK4217: symbol 'PR_NetAddrToString' defined in 'prnetdb.obj' is imported by 'certdb.obj' in function 'cert_GetDNSPatternsFromGeneralNames'
22:42.72 
22:42.72 LINK : warning LNK4217: symbol 'PR_ConvertIPv4AddrToIPv6' defined in 'prnetdb.obj' is imported by 'certdb.obj' in function 'cert_VerifySubjectAltName'
22:42.72 
22:42.72 LINK : warning LNK4286: symbol 'PR_ConvertIPv4AddrToIPv6' defined in 'prnetdb.obj' is imported by 'sslsock.obj'
22:42.72 
22:42.72 LINK : warning LNK4217: symbol 'PR_htonl' defined in 'prnetdb.obj' is imported by 'certdb.obj' in function 'cert_VerifySubjectAltName'
22:42.72 
22:42.72 LINK : warning LNK4217: symbol 'PR_sprintf_append' defined in 'prprf.obj' is imported by 'polcyxtn.obj' in function 'stringFromUserNotice'
22:42.72 
22:42.72 LINK : warning LNK4286: symbol 'PR_sprintf_append' defined in 'prprf.obj' is imported by 'pkix_pl_string.obj'
22:42.72 
22:42.72 LINK : warning LNK4217: symbol 'PR_NewThreadPrivateIndex' defined in 'prtpd.obj' is imported by 'error.obj' in function 'error_once_function'
22:42.72 
22:42.72 LINK : warning LNK4217: symbol 'PR_SetThreadPrivate' defined in 'prtpd.obj' is imported by 'error.obj' in function 'error_get_my_stack'
22:42.72 
22:42.72 LINK : warning LNK4217: symbol 'PR_GetThreadPrivate' defined in 'prtpd.obj' is imported by 'error.obj' in function 'error_get_my_stack'
22:42.72 
22:42.72 LINK : warning LNK4217: symbol 'PR_NewRWLock' defined in 'prrwlock.obj' is imported by 'pkix_pl_rwlock.obj' in function 'PKIX_PL_RWLock_Create'
22:42.72 
22:42.72 LINK : warning LNK4286: symbol 'PR_NewRWLock' defined in 'prrwlock.obj' is imported by 'sslnonce.obj'
22:42.72 
22:42.72 LINK : warning LNK4286: symbol 'PR_NewRWLock' defined in 'prrwlock.obj' is imported by 'sslsnce.obj'
22:42.72 
22:42.72 LINK : warning LNK4217: symbol 'PR_DestroyRWLock' defined in 'prrwlock.obj' is imported by 'pkix_pl_rwlock.obj' in function 'pkix_pl_RWLock_Destroy'
22:42.72 
22:42.72 LINK : warning LNK4286: symbol 'PR_DestroyRWLock' defined in 'prrwlock.obj' is imported by 'sslnonce.obj'
22:42.72 
22:42.72 LINK : warning LNK4286: symbol 'PR_DestroyRWLock' defined in 'prrwlock.obj' is imported by 'sslsnce.obj'
22:42.72 
22:42.72 LINK : warning LNK4217: symbol 'PR_RWLock_Rlock' defined in 'prrwlock.obj' is imported by 'pkix_pl_rwlock.obj' in function 'PKIX_PL_AcquireReaderLock'
22:42.72 
22:42.72 LINK : warning LNK4286: symbol 'PR_RWLock_Rlock' defined in 'prrwlock.obj' is imported by 'ssl3con.obj'
22:42.72 
22:42.72 LINK : warning LNK4286: symbol 'PR_RWLock_Rlock' defined in 'prrwlock.obj' is imported by 'sslsnce.obj'
22:42.72 
22:42.72 LINK : warning LNK4217: symbol 'PR_RWLock_Wlock' defined in 'prrwlock.obj' is imported by 'pkix_pl_rwlock.obj' in function 'PKIX_PL_AcquireWriterLock'
22:42.72 
22:42.72 LINK : warning LNK4286: symbol 'PR_RWLock_Wlock' defined in 'prrwlock.obj' is imported by 'sslnonce.obj'
22:42.72 
22:42.72 LINK : warning LNK4286: symbol 'PR_RWLock_Wlock' defined in 'prrwlock.obj' is imported by 'sslsnce.obj'
22:42.72 
22:42.72 LINK : warning LNK4217: symbol 'PR_RWLock_Unlock' defined in 'prrwlock.obj' is imported by 'pkix_pl_rwlock.obj' in function 'PKIX_PL_ReleaseReaderLock'
22:42.72 
22:42.72 LINK : warning LNK4286: symbol 'PR_RWLock_Unlock' defined in 'prrwlock.obj' is imported by 'ssl3con.obj'
22:42.72 
22:42.72 LINK : warning LNK4286: symbol 'PR_RWLock_Unlock' defined in 'prrwlock.obj' is imported by 'sslnonce.obj'
22:42.72 
22:42.72 LINK : warning LNK4286: symbol 'PR_RWLock_Unlock' defined in 'prrwlock.obj' is imported by 'sslsnce.obj'
22:42.72 
22:42.72 LINK : warning LNK4217: symbol 'PR_Open' defined in 'prfile.obj' is imported by 'pkix_pl_colcertstore.obj' in function 'pkix_pl_CollectionCertStoreContext_CreateCRL'
22:42.72 
22:42.72 LINK : warning LNK4217: symbol 'PR_Read' defined in 'priometh.obj' is imported by 'pkix_pl_colcertstore.obj' in function 'SECU_FileToItem'
22:42.72 
22:42.72 LINK : warning LNK4217: symbol 'PR_GetOpenFileInfo' defined in 'priometh.obj' is imported by 'pkix_pl_colcertstore.obj' in function 'SECU_FileToItem'
22:42.72 
22:42.72 LINK : warning LNK4217: symbol 'PR_OpenDir' defined in 'prdir.obj' is imported by 'pkix_pl_colcertstore.obj' in function 'pkix_pl_CollectionCertStoreContext_PopulateCRL'
22:42.72 
22:42.72 LINK : warning LNK4217: symbol 'PR_ReadDir' defined in 'prdir.obj' is imported by 'pkix_pl_colcertstore.obj' in function 'pkix_pl_CollectionCertStoreContext_PopulateCRL'
22:42.72 
22:42.72 LINK : warning LNK4217: symbol 'PR_CloseDir' defined in 'prdir.obj' is imported by 'pkix_pl_colcertstore.obj' in function 'pkix_pl_CollectionCertStoreContext_PopulateCRL'
22:42.72 
22:42.72 LINK : warning LNK4217: symbol 'PR_FindFunctionSymbol' defined in 'prlink.obj' is imported by 'pkix_pl_httpcertstore.obj' in function 'pkix_getDecodeFunction'
22:42.72 
22:42.72 LINK : warning LNK4217: symbol 'PR_ConnectContinue' defined in 'priometh.obj' is imported by 'pkix_pl_socket.obj' in function 'pkix_pl_Socket_ConnectContinue'
22:42.72 
22:42.72 LINK : warning LNK4217: symbol 'PR_Accept' defined in 'priometh.obj' is imported by 'pkix_pl_socket.obj' in function 'pkix_pl_Socket_Accept'
22:42.72 
22:42.72 LINK : warning LNK4217: symbol 'PR_Bind' defined in 'priometh.obj' is imported by 'pkix_pl_socket.obj' in function 'pkix_pl_Socket_CreateServer'
22:42.72 
22:42.72 LINK : warning LNK4217: symbol 'PR_Listen' defined in 'priometh.obj' is imported by 'pkix_pl_socket.obj' in function 'pkix_pl_Socket_Listen'
22:42.72 
22:42.72 LINK : warning LNK4217: symbol 'PR_Shutdown' defined in 'priometh.obj' is imported by 'pkix_pl_socket.obj' in function 'pkix_pl_Socket_Shutdown'
22:42.72 
22:42.72 LINK : warning LNK4217: symbol 'PR_Send' defined in 'priometh.obj' is imported by 'pkix_pl_socket.obj' in function 'pkix_pl_Socket_Send'
22:42.72 
22:42.72 LINK : warning LNK4217: symbol 'PR_ErrorToString' defined in 'prerrortable.obj' is imported by 'pkix_pl_socket.obj' in function 'pkix_pl_Socket_CreateServer'
22:42.72 
22:42.72 LINK : warning LNK4217: symbol 'PR_htons' defined in 'prnetdb.obj' is imported by 'pkix_pl_socket.obj' in function 'pkix_pl_Socket_CreateByHostAndPort'
22:42.72 
22:42.72 LINK : warning LNK4217: symbol 'PR_MillisecondsToInterval' defined in 'prinrval.obj' is imported by 'dtlscon.obj' in function 'DTLS_GetHandshakeTimeout'
22:42.72 
22:42.72 LINK : warning LNK4217: symbol 'PR_GetMonitorEntryCount' defined in 'prmon.obj' is imported by 'ssl3con.obj' in function 'SSL3_SendAlert'
22:42.72 
22:42.72 LINK : warning LNK4217: symbol 'PR_ntohl' defined in 'prnetdb.obj' is imported by 'ssl3exthandle.obj' in function 'ssl3_ProcessSessionTicketCommon'
22:42.72 
22:42.72 LINK : warning LNK4286: symbol 'PR_ntohl' defined in 'prnetdb.obj' is imported by 'sslbloom.obj'
22:42.72 
22:42.72 LINK : warning LNK4286: symbol 'PR_ntohl' defined in 'prnetdb.obj' is imported by 'tls13con.obj'
22:42.72 
22:42.72 LINK : warning LNK4217: symbol 'PR_ntohl' defined in 'prnetdb.obj' is imported by 'tls13exthandle.obj' in function 'tls13_ClientHandleKeyShareXtnHrr'
22:42.72 
22:42.72 LINK : warning LNK4217: symbol 'PR_PopIOLayer' defined in 'prlayer.obj' is imported by 'ssldef.obj' in function 'ssl_DefClose'
22:42.72 
22:42.72 LINK : warning LNK4217: symbol 'PR_htonll' defined in 'prnetdb.obj' is imported by 'sslencode.obj' in function 'ssl_EncodeUintX'
22:42.72 
22:42.72 LINK : warning LNK4217: symbol 'PR_MemMap' defined in 'prmmap.obj' is imported by 'sslsnce.obj' in function 'InitCache'
22:42.72 
22:42.72 LINK : warning LNK4217: symbol 'PR_MemUnmap' defined in 'prmmap.obj' is imported by 'sslsnce.obj' in function 'CloseCache'
22:42.72 
22:42.72 LINK : warning LNK4217: symbol 'PR_CloseFileMap' defined in 'prmmap.obj' is imported by 'sslsnce.obj' in function 'CloseCache'
22:42.72 
22:42.72 LINK : warning LNK4217: symbol 'PR_OpenAnonFileMap' defined in 'prshma.obj' is imported by 'sslsnce.obj' in function 'InitCache'
22:42.72 
22:42.72 LINK : warning LNK4217: symbol 'PR_ExportFileMapAsString' defined in 'prshma.obj' is imported by 'sslsnce.obj' in function 'ssl_ConfigMPServerSIDCacheWithOpt'
22:42.72 
22:42.72 LINK : warning LNK4217: symbol 'PR_ImportFileMapFromString' defined in 'prshma.obj' is imported by 'sslsnce.obj' in function 'SSL_InheritMPServerSIDCacheInstance'
22:42.72 
22:42.72 LINK : warning LNK4217: symbol 'PR_GetUniqueIdentity' defined in 'prlayer.obj' is imported by 'sslsock.obj' in function 'ssl_InitIOLayer'
22:42.72 
22:42.72 LINK : warning LNK4217: symbol 'PR_GetIdentitiesLayer' defined in 'prlayer.obj' is imported by 'sslsock.obj' in function 'ssl_FindSocket'
22:42.72 
22:42.72 LINK : warning LNK4217: symbol 'PR_GetDefaultIOMethods' defined in 'prlayer.obj' is imported by 'sslsock.obj' in function 'ssl_SetupIOMethods'
22:42.72 
22:42.72 LINK : warning LNK4217: symbol 'PR_CreateIOLayerStub' defined in 'prlayer.obj' is imported by 'sslsock.obj' in function 'ssl_PushIOLayer'
22:42.72 
22:42.72 LINK : warning LNK4217: symbol 'PR_PushIOLayer' defined in 'prlayer.obj' is imported by 'sslsock.obj' in function 'ssl_PushIOLayer'
22:42.72 
22:42.72 LINK : warning LNK4217: symbol 'PR_GetSocketOption' defined in 'priometh.obj' is imported by 'sslsock.obj' in function 'ssl_FdIsBlocking'
22:42.72 
22:42.72 LINK : warning LNK4217: symbol 'PR_CeilingLog2' defined in 'prlog2.obj' is imported by 'plarena.obj' in function 'PL_InitArenaPool'
22:42.72 
22:42.72 LINK : warning LNK4286: symbol 'PR_CeilingLog2' defined in 'prlog2.obj' is imported by 'plhash.obj'
22:42.72 
22:42.72 LINK : warning LNK4217: symbol 'PR_GetSpecialFD' defined in 'prio.obj' is imported by 'plerror.obj' in function 'PL_PrintError'
22:42.72 
22:42.72 LINK : warning LNK4217: symbol 'PR_fprintf' defined in 'prstdio.obj' is imported by 'plerror.obj' in function 'PL_FPrintError'
22:42.72 
22:42.72 LINK : warning LNK4217: symbol 'PR_GetOSError' defined in 'prerror.obj' is imported by 'plerror.obj' in function 'PL_FPrintError'
22:42.72 
22:42.72 LINK : warning LNK4217: symbol 'PR_ErrorToName' defined in 'prerrortable.obj' is imported by 'plerror.obj' in function 'PL_FPrintError'
22:42.72 
22:42.72 LINK : warning LNK4217: symbol 'PR_Assert' defined in 'prlog.obj' is imported by 'strlen.obj' in function 'PL_strlen'
22:42.72 
22:42.72 cd include; c:/Strawberry/c/bin/gmake.EXE libs
22:42.72 crmfenc.c
22:42.72 crmftmpl.c
22:42.72 crypto.c
22:42.72 loader.c
22:42.72 crmfreq.c
22:42.72 cd src; c:/Strawberry/c/bin/gmake.EXE libs
22:42.72 find.c
22:42.72 crmfpop.c
22:42.72 d:/a/K-Meleon-R/K-Meleon-R/goanna/obj-x64/security/nss/lib/freebl/freebl.lib
22:42.72 hash.c
22:42.72 crmfdec.c
22:42.72 instance.c
22:42.72 db.c
22:42.72 crmfget.c
22:42.72 h_bigkey.c
22:42.72 mutex.c
22:42.72 crmfcont.c
22:42.72 h_func.c
22:42.72 object.c
22:42.72 cmmfasn1.c
22:42.72 freeblver.c
22:42.74 ldvector.c
22:42.74 h_log2.c
22:42.74 session.c
22:42.74 cmmfresp.c
22:42.74 h_page.c
22:42.74 sysrand.c
22:42.74 sessobj.c
22:42.74 cmmfrec.c
22:42.74 hash.c
22:42.74 cmmfchal.c
22:42.74 slot.c
22:42.74 sha_fast.c
22:42.74 servget.c
22:42.74 token.c
22:42.74 md2.c
22:42.74 encutil.c
22:42.74 wrap.c
22:42.74 md5.c
22:42.74 hash_buf.c
22:42.74 respcli.c
22:42.74 sha512.c
22:42.74 mechanism.c
22:42.74 mktemp.c
22:42.74 respcmn.c
22:42.74 cmac.c
22:42.74 d:/a/K-Meleon-R/K-Meleon-R/goanna/obj-x64/security/nss/lib/ckfw/nssckfw.lib
22:42.74 challcli.c
22:42.74 cd builtins; c:/Strawberry/c/bin/gmake.EXE libs
22:42.74 alghmac.c
22:42.74 dirent.c
22:42.74 rawhash.c
22:42.74 asn1cmn.c
22:42.74 d:/a/K-Meleon-R/K-Meleon-R/goanna/obj-x64/security/nss/lib/dbm/src/dbm.lib
22:42.74 alg2268.c
22:42.74 d:/a/K-Meleon-R/K-Meleon-R/goanna/obj-x64/security/nss/lib/crmf/crmf.lib
22:42.74 anchor.c
22:42.74 arcfour.c
22:42.74 constants.c
22:42.74 arcfive.c
22:42.74 crypto_primitives.c
22:42.74 bfind.c
22:42.74 binst.c
22:42.74 bobject.c
22:42.74 blake2b.c
22:42.74 desblapi.c
22:42.74 des.c
22:42.74 bsession.c
22:42.74 bslot.c
22:42.74 btoken.c
22:42.74 drbg.c
22:42.74 chacha20poly1305.c
22:42.74 ckbiver.c
22:42.74 cts.c
22:42.74 ctr.c
22:42.74 Microsoft (R) Windows (R) Resource Compiler Version 10.0.10011.16384
22:42.74 
22:42.74 Copyright (C) Microsoft Corporation.  All rights reserved.
22:42.74 
22:42.74 
23:07.99 d:/a/K-Meleon-R/K-Meleon-R/goanna/obj-x64/security/nss/lib/ckfw/builtins/nssckbi.res finished
23:07.99 blinit.c
23:07.99 fipsfreebl.c
23:07.99 gcm.c
23:07.99 certdata.c
23:07.99 rijndael.c
23:07.99 hmacct.c
23:07.99 aeskeywrap.c
23:07.99 camellia.c
23:07.99    Creating library d:\a\K-Meleon-R\K-Meleon-R\goanna\obj-x64\security\nss\lib\ckfw\builtins\nssckbi.lib and object d:\a\K-Meleon-R\K-Meleon-R\goanna\obj-x64\security\nss\lib\ckfw\builtins\nssckbi.exp
23:07.99 LINK : /LTCG specified but no code generation required; remove /LTCG from the link command line to improve linker performance
23:07.99 dh.c
23:07.99 ec.c
23:07.99 ecdecode.c
23:07.99 pqg.c
23:07.99 dsa.c
23:07.99 cd testlib; c:/Strawberry/c/bin/gmake.EXE libs
23:07.99 rsa.c
23:07.99 shvfy.c
23:07.99 rsapkcs.c
23:07.99 tlsprfalg.c
23:07.99 seed.c
23:07.99 jpake.c
23:07.99 mpprime.c
23:07.99 mpmontg.c
23:07.99 mplogic.c
23:07.99 mpi.c
23:07.99 mp_gf2m.c
23:07.99 Microsoft (R) Windows (R) Resource Compiler Version 10.0.10011.16384
23:07.99 
23:07.99 Copyright (C) Microsoft Corporation.  All rights reserved.
23:07.99 
23:07.99 
23:07.99 d:/a/K-Meleon-R/K-Meleon-R/goanna/obj-x64/security/nss/lib/ckfw/builtins/testlib/nssckbi-testlib.res finished
23:07.99 certdata-testlib.c
23:07.99 mpi_amd64.c
23:07.99 mpcpucache.c
23:07.99 ecl.c
23:07.99 ecl_mult.c
23:07.99    Creating library d:\a\K-Meleon-R\K-Meleon-R\goanna\obj-x64\security\nss\lib\ckfw\builtins\testlib\nssckbi-testlib.lib and object d:\a\K-Meleon-R\K-Meleon-R\goanna\obj-x64\security\nss\lib\ckfw\builtins\testlib\nssckbi-testlib.exp
23:07.99 nssckbi-testlib.exp : warning LNK4070: /OUT:nssckbi.dll directive in .EXP differs from output filename 'd:\a\K-Meleon-R\K-Meleon-R\goanna\obj-x64\security\nss\lib\ckfw\builtins\testlib\nssckbi-testlib.dll'; ignoring directive
23:07.99 LINK : /LTCG specified but no code generation required; remove /LTCG from the link command line to improve linker performance
23:07.99 nssckbi-testlib.exp : warning LNK4070: /OUT:nssckbi.dll directive in .EXP differs from output filename 'd:\a\K-Meleon-R\K-Meleon-R\goanna\obj-x64\security\nss\lib\ckfw\builtins\testlib\nssckbi-testlib.dll'; ignoring directive
23:07.99 ecl_gf.c
23:07.99 ecp_aff.c
23:07.99 ecp_jac.c
23:07.99 ecp_mont.c
23:07.99 ec_naf.c
23:07.99 ecp_jm.c
23:07.99 ecp_256.c
23:07.99 ecp_384.c
23:07.99 ecp_521.c
23:07.99 ecp_256_32.c
23:07.99 curve25519_64.c
23:07.99 ecp_25519.c
23:07.99 Hacl_Chacha20.c
23:07.99 Hacl_Chacha20_Vec128.c
23:07.99 Hacl_Curve25519.c
23:07.99 FStar.c
23:07.99 gcm-x86.c
23:07.99 aes-x86.c
23:07.99 intel-gcm-wrap.c
23:07.99 Hacl_Poly1305_32.c
23:07.99  Assembling: arcfour-amd64-masm.asm
23:07.99  Assembling: mpi/mpi_amd64_masm.asm
23:07.99  Assembling: mpi/mp_comba_amd64_masm.asm
23:07.99  Assembling: intel-aes-x64-masm.asm
23:07.99  Assembling: intel-gcm-x64-masm.asm
23:07.99 Microsoft (R) Windows (R) Resource Compiler Version 10.0.10011.16384
23:07.99 
23:07.99 Copyright (C) Microsoft Corporation.  All rights reserved.
23:07.99 
23:07.99 
23:07.99 d:/a/K-Meleon-R/K-Meleon-R/goanna/obj-x64/security/nss/lib/freebl/freebl.res finished
23:07.99    Creating library d:\a\K-Meleon-R\K-Meleon-R\goanna\obj-x64\security\nss\lib\freebl\freebl3.lib and object d:\a\K-Meleon-R\K-Meleon-R\goanna\obj-x64\security\nss\lib\freebl\freebl3.exp
23:07.99 Generating code
23:07.99 Finished generating code
23:07.99 fipstest.c
23:07.99 fipsaudt.c
23:07.99 fipstokn.c
23:07.99 lgglue.c
23:07.99 lowkey.c
23:07.99 padbuf.c
23:07.99 lowpbe.c
23:07.99 pkcs11.c
23:07.99 pkcs11c.c
23:07.99 pkcs11u.c
23:07.99 sdb.c
23:07.99 sftkdb.c
23:07.99 sftkhmac.c
23:07.99 sftkike.c
23:07.99 sftkpars.c
23:07.99 sftkpwd.c
23:07.99 softkver.c
23:07.99 tlsprf.c
23:07.99 jpakesftk.c
23:07.99 Microsoft (R) Windows (R) Resource Compiler Version 10.0.10011.16384
23:07.99 
23:07.99 Copyright (C) Microsoft Corporation.  All rights reserved.
23:07.99 
23:07.99 
23:07.99 d:/a/K-Meleon-R/K-Meleon-R/goanna/obj-x64/security/nss/lib/softoken/softokn.res finished
23:07.99    Creating library d:\a\K-Meleon-R\K-Meleon-R\goanna\obj-x64\security\nss\lib\softoken\softokn3.lib and object d:\a\K-Meleon-R\K-Meleon-R\goanna\obj-x64\security\nss\lib\softoken\softokn3.exp
23:07.99 d:/a/K-Meleon-R/K-Meleon-R/goanna/obj-x64/security/nss/lib/softoken/softokn.lib
23:07.99 Generating code
23:07.99 Finished generating code
23:07.99 cd legacydb; c:/Strawberry/c/bin/gmake.EXE libs
23:07.99 dbmshim.c
23:07.99 keydb.c
23:07.99 lgattr.c
23:07.99 lgcreate.c
23:07.99 lgdestroy.c
23:07.99 lgfind.c
23:07.99 lgfips.c
23:07.99 lginit.c
23:07.99 lgutil.c
23:07.99 lowcert.c
23:07.99 lowkey.c
23:07.99 pcertdb.c
23:07.99 pk11db.c
23:07.99 Microsoft (R) Windows (R) Resource Compiler Version 10.0.10011.16384
23:07.99 
23:07.99 Copyright (C) Microsoft Corporation.  All rights reserved.
23:07.99 
23:07.99 
23:08.01 d:/a/K-Meleon-R/K-Meleon-R/goanna/obj-x64/security/nss/lib/softoken/legacydb/nssdbm.res finished
23:08.01    Creating library d:\a\K-Meleon-R\K-Meleon-R\goanna\obj-x64\security\nss\lib\softoken\legacydb\nssdbm3.lib and object d:\a\K-Meleon-R\K-Meleon-R\goanna\obj-x64\security\nss\lib\softoken\legacydb\nssdbm3.exp
23:08.01 d:/a/K-Meleon-R/K-Meleon-R/goanna/obj-x64/security/nss/lib/softoken/legacydb/nssdbm.lib
23:08.01 Generating code
23:08.01 Finished generating code
23:08.01 basicutil.c
23:08.01 secutil.c
23:08.01 secpwd.c
23:08.01 derprint.c
23:08.01 moreoids.c
23:08.01 pppolicy.c
23:08.01 ffs.c
23:08.01 pk11table.c
23:08.01 d:/a/K-Meleon-R/K-Meleon-R/goanna/obj-x64/security/nss/cmd/lib/sectool.lib
23:08.01 shlibsign.c
23:08.01 cd mangle; c:/Strawberry/c/bin/gmake.EXE libs
23:08.01 mangle.c
23:08.01 sqlite.lib.desc
23:08.01 nspr.lib.desc
23:08.01 crmf.lib.desc
23:08.01 Unified_c_manager_ssl_src0.obj
23:08.01 nsNSSCertificateDB.obj
23:08.01 Unified_cpp_manager_ssl_src0.obj
23:08.01 Unified_cpp_manager_ssl_src1.obj
23:08.01 Unified_c_manager_ssl_src0.c
23:08.01 Unified_cpp_manager_ssl_src2.obj
23:08.01 nsNSSCertificateDB.cpp
23:08.01 RegExp.obj
23:08.01 CTypes.obj
23:08.01 Unified_cpp_manager_ssl_src0.cpp
23:08.01 Library.obj
23:08.01 Unified_cpp_manager_ssl_src2.cpp
23:08.01 Parser.obj
23:08.01 RegExp.cpp
23:08.01 ExecutableAllocatorWin.obj
23:08.01 Library.cpp
23:08.01 jsarray.obj
23:08.01 Unified_cpp_manager_ssl_src1.cpp
23:08.01 security_manager_ssl_src.lib.desc
23:08.01 jsatom.obj
23:08.01 CTypes.cpp
23:08.01 jsmath.obj
23:08.01 ExecutableAllocatorWin.cpp
23:08.01 jsutil.obj
23:08.01 Parser.cpp
23:08.01 d:\a\K-Meleon-R\K-Meleon-R\goanna\js\src\frontend/Parser.h(713): warning C4661: 'js::frontend::SyntaxParseHandler::Node js::frontend::Parser<js::frontend::SyntaxParseHandler>::standaloneFunctionBody(JS::HandleFunction,const js::AutoNameVector &,js::GeneratorKind,js::frontend::Directives,js::frontend::Directives *)': no suitable definition provided for explicit template instantiation request
23:08.01 d:\a\K-Meleon-R\K-Meleon-R\goanna\js\src\frontend/Parser.h(480): note: see declaration of 'js::frontend::Parser<js::frontend::SyntaxParseHandler>::standaloneFunctionBody'
23:08.01 d:\a\K-Meleon-R\K-Meleon-R\goanna\js\src\frontend/Parser.h(713): warning C4661: 'js::frontend::SyntaxParseHandler::Node js::frontend::Parser<js::frontend::SyntaxParseHandler>::standaloneLazyFunction(JS::HandleFunction,unsigned int,bool,js::GeneratorKind)': no suitable definition provided for explicit template instantiation request
23:08.01 d:\a\K-Meleon-R\K-Meleon-R\goanna\js\src\frontend/Parser.h(486): note: see declaration of 'js::frontend::Parser<js::frontend::SyntaxParseHandler>::standaloneLazyFunction'
23:08.01 d:\a\K-Meleon-R\K-Meleon-R\goanna\js\src\frontend/Parser.h(713): warning C4661: 'bool js::frontend::Parser<js::frontend::SyntaxParseHandler>::makeDefIntoUse(js::frontend::Definition *,js::frontend::SyntaxParseHandler::Node,JSAtom *)': no suitable definition provided for explicit template instantiation request
23:08.01 d:\a\K-Meleon-R\K-Meleon-R\goanna\js\src\frontend/Parser.h(643): note: see declaration of 'js::frontend::Parser<js::frontend::SyntaxParseHandler>::makeDefIntoUse'
23:08.01 d:\a\K-Meleon-R\K-Meleon-R\goanna\js\src\frontend/Parser.h(713): warning C4661: 'bool js::frontend::Parser<js::frontend::SyntaxParseHandler>::isValidForStatementLHS(js::frontend::SyntaxParseHandler::Node,JSVersion,bool,bool,js::frontend::ParseNodeKind)': no suitable definition provided for explicit template instantiation request
23:08.01 d:\a\K-Meleon-R\K-Meleon-R\goanna\js\src\frontend/Parser.h(649): note: see declaration of 'js::frontend::Parser<js::frontend::SyntaxParseHandler>::isValidForStatementLHS'
23:08.01 d:\a\K-Meleon-R\K-Meleon-R\goanna\js\src\frontend/Parser.h(713): warning C4661: 'bool js::frontend::Parser<js::frontend::SyntaxParseHandler>::checkForHeadConstInitializers(js::frontend::SyntaxParseHandler::Node)': no suitable definition provided for explicit template instantiation request
23:08.01 d:\a\K-Meleon-R\K-Meleon-R\goanna\js\src\frontend/Parser.h(651): note: see declaration of 'js::frontend::Parser<js::frontend::SyntaxParseHandler>::checkForHeadConstInitializers'
23:08.01 d:\a\K-Meleon-R\K-Meleon-R\goanna\js\src\frontend/Parser.h(713): warning C4661: 'bool js::frontend::Parser<js::frontend::SyntaxParseHandler>::checkAndPrepareLexical(bool,const js::frontend::TokenPos &)': no suitable definition provided for explicit template instantiation request
23:08.01 d:\a\K-Meleon-R\K-Meleon-R\goanna\js\src\frontend/Parser.h(668): note: see declaration of 'js::frontend::Parser<js::frontend::SyntaxParseHandler>::checkAndPrepareLexical'
23:08.01 d:\a\K-Meleon-R\K-Meleon-R\goanna\js\src\frontend/Parser.h(713): warning C4661: 'js::frontend::SyntaxParseHandler::Node js::frontend::Parser<js::frontend::SyntaxParseHandler>::makeInitializedLexicalBinding(js::HandlePropertyName,bool,const js::frontend::TokenPos &)': no suitable definition provided for explicit template instantiation request
23:08.01 d:\a\K-Meleon-R\K-Meleon-R\goanna\js\src\frontend/Parser.h(669): note: see declaration of 'js::frontend::Parser<js::frontend::SyntaxParseHandler>::makeInitializedLexicalBinding'
23:08.01 d:\a\K-Meleon-R\K-Meleon-R\goanna\js\src\frontend/Parser.h(713): warning C4661: 'bool js::frontend::Parser<js::frontend::SyntaxParseHandler>::checkDestructuringObject(js::frontend::BindData<ParseHandler> *,js::frontend::SyntaxParseHandler::Node)': no suitable definition provided for explicit template instantiation request
23:08.01         with
23:08.01         [
23:08.01             ParseHandler=js::frontend::SyntaxParseHandler
23:08.01         ]
23:08.01 d:\a\K-Meleon-R\K-Meleon-R\goanna\js\src\frontend/Parser.h(673): note: see declaration of 'js::frontend::Parser<js::frontend::SyntaxParseHandler>::checkDestructuringObject'
23:08.01 d:\a\K-Meleon-R\K-Meleon-R\goanna\js\src\frontend/Parser.h(713): warning C4661: 'bool js::frontend::Parser<js::frontend::SyntaxParseHandler>::checkDestructuringArray(js::frontend::BindData<ParseHandler> *,js::frontend::SyntaxParseHandler::Node)': no suitable definition provided for explicit template instantiation request
23:08.01         with
23:08.01         [
23:08.01             ParseHandler=js::frontend::SyntaxParseHandler
23:08.01         ]
23:08.01 d:\a\K-Meleon-R\K-Meleon-R\goanna\js\src\frontend/Parser.h(674): note: see declaration of 'js::frontend::Parser<js::frontend::SyntaxParseHandler>::checkDestructuringArray'
23:08.01 d:\a\K-Meleon-R\K-Meleon-R\goanna\js\src\frontend/Parser.h(713): warning C4661: 'bool js::frontend::Parser<js::frontend::SyntaxParseHandler>::bindInitialized(js::frontend::BindData<ParseHandler> *,js::frontend::SyntaxParseHandler::Node)': no suitable definition provided for explicit template instantiation request
23:08.01         with
23:08.01         [
23:08.01             ParseHandler=js::frontend::SyntaxParseHandler
23:08.01         ]
23:08.01 d:\a\K-Meleon-R\K-Meleon-R\goanna\js\src\frontend/Parser.h(675): note: see declaration of 'js::frontend::Parser<js::frontend::SyntaxParseHandler>::bindInitialized'
23:11.55 d:\a\K-Meleon-R\K-Meleon-R\goanna\js\src\frontend/Parser.h(713): warning C4661: 'bool js::frontend::Parser<js::frontend::SyntaxParseHandler>::bindDestructuringLHS(js::frontend::SyntaxParseHandler::Node)': no suitable definition provided for explicit template instantiation request
23:11.55 d:\a\K-Meleon-R\K-Meleon-R\goanna\js\src\frontend/Parser.h(676): note: see declaration of 'js::frontend::Parser<js::frontend::SyntaxParseHandler>::bindDestructuringLHS'
23:11.55 d:\a\K-Meleon-R\K-Meleon-R\goanna\js\src\frontend/Parser.h(713): warning C4661: 'bool js::frontend::Parser<js::frontend::SyntaxParseHandler>::makeSetCall(js::frontend::SyntaxParseHandler::Node,unsigned int)': no suitable definition provided for explicit template instantiation request
23:11.55 d:\a\K-Meleon-R\K-Meleon-R\goanna\js\src\frontend/Parser.h(677): note: see declaration of 'js::frontend::Parser<js::frontend::SyntaxParseHandler>::makeSetCall'
23:11.55 d:\a\K-Meleon-R\K-Meleon-R\goanna\js\src\frontend/Parser.h(713): warning C4661: 'js::frontend::SyntaxParseHandler::Node js::frontend::Parser<js::frontend::SyntaxParseHandler>::cloneDestructuringDefault(js::frontend::SyntaxParseHandler::Node)': no suitable definition provided for explicit template instantiation request
23:11.55 d:\a\K-Meleon-R\K-Meleon-R\goanna\js\src\frontend/Parser.h(678): note: see declaration of 'js::frontend::Parser<js::frontend::SyntaxParseHandler>::cloneDestructuringDefault'
23:11.55 d:\a\K-Meleon-R\K-Meleon-R\goanna\js\src\frontend/Parser.h(713): warning C4661: 'js::frontend::SyntaxParseHandler::Node js::frontend::Parser<js::frontend::SyntaxParseHandler>::cloneLeftHandSide(js::frontend::SyntaxParseHandler::Node)': no suitable definition provided for explicit template instantiation request
23:11.55 d:\a\K-Meleon-R\K-Meleon-R\goanna\js\src\frontend/Parser.h(679): note: see declaration of 'js::frontend::Parser<js::frontend::SyntaxParseHandler>::cloneLeftHandSide'
23:11.55 d:\a\K-Meleon-R\K-Meleon-R\goanna\js\src\frontend/Parser.h(713): warning C4661: 'js::frontend::SyntaxParseHandler::Node js::frontend::Parser<js::frontend::SyntaxParseHandler>::cloneParseTree(js::frontend::SyntaxParseHandler::Node)': no suitable definition provided for explicit template instantiation request
23:11.55 d:\a\K-Meleon-R\K-Meleon-R\goanna\js\src\frontend/Parser.h(680): note: see declaration of 'js::frontend::Parser<js::frontend::SyntaxParseHandler>::cloneParseTree'
23:11.55 d:\a\K-Meleon-R\K-Meleon-R\goanna\js\src\frontend/Parser.h(713): warning C4661: 'bool js::frontend::Parser<js::frontend::FullParseHandler>::bindDestructuringLHS(js::frontend::ParseNode *)': no suitable definition provided for explicit template instantiation request
23:11.55 d:\a\K-Meleon-R\K-Meleon-R\goanna\js\src\frontend/Parser.h(676): note: see declaration of 'js::frontend::Parser<js::frontend::FullParseHandler>::bindDestructuringLHS'
23:11.55 d:\a\K-Meleon-R\K-Meleon-R\goanna\js\src\frontend/Parser.h(713): warning C4661: 'js::frontend::ParseNode *js::frontend::Parser<js::frontend::FullParseHandler>::cloneDestructuringDefault(js::frontend::ParseNode *)': no suitable definition provided for explicit template instantiation request
23:11.55 d:\a\K-Meleon-R\K-Meleon-R\goanna\js\src\frontend/Parser.h(678): note: see declaration of 'js::frontend::Parser<js::frontend::FullParseHandler>::cloneDestructuringDefault'
23:11.55 d:\a\K-Meleon-R\K-Meleon-R\goanna\js\src\frontend/Parser.h(713): warning C4661: 'js::frontend::ParseNode *js::frontend::Parser<js::frontend::FullParseHandler>::cloneLeftHandSide(js::frontend::ParseNode *)': no suitable definition provided for explicit template instantiation request
23:11.55 d:\a\K-Meleon-R\K-Meleon-R\goanna\js\src\frontend/Parser.h(679): note: see declaration of 'js::frontend::Parser<js::frontend::FullParseHandler>::cloneLeftHandSide'
23:11.55 d:\a\K-Meleon-R\K-Meleon-R\goanna\js\src\frontend/Parser.h(713): warning C4661: 'js::frontend::ParseNode *js::frontend::Parser<js::frontend::FullParseHandler>::cloneParseTree(js::frontend::ParseNode *)': no suitable definition provided for explicit template instantiation request
23:11.55 d:\a\K-Meleon-R\K-Meleon-R\goanna\js\src\frontend/Parser.h(680): note: see declaration of 'js::frontend::Parser<js::frontend::FullParseHandler>::cloneParseTree'
23:11.55 d:/a/K-Meleon-R/K-Meleon-R/goanna/js/src/frontend/Parser.cpp(423): warning C4661: 'js::frontend::SyntaxParseHandler::Node js::frontend::Parser<js::frontend::SyntaxParseHandler>::standaloneFunctionBody(JS::HandleFunction,const js::AutoNameVector &,js::GeneratorKind,js::frontend::Directives,js::frontend::Directives *)': no suitable definition provided for explicit template instantiation request
23:11.55 d:\a\K-Meleon-R\K-Meleon-R\goanna\js\src\frontend/Parser.h(480): note: see declaration of 'js::frontend::Parser<js::frontend::SyntaxParseHandler>::standaloneFunctionBody'
23:11.55 d:/a/K-Meleon-R/K-Meleon-R/goanna/js/src/frontend/Parser.cpp(423): warning C4661: 'js::frontend::SyntaxParseHandler::Node js::frontend::Parser<js::frontend::SyntaxParseHandler>::standaloneLazyFunction(JS::HandleFunction,unsigned int,bool,js::GeneratorKind)': no suitable definition provided for explicit template instantiation request
23:11.55 d:\a\K-Meleon-R\K-Meleon-R\goanna\js\src\frontend/Parser.h(486): note: see declaration of 'js::frontend::Parser<js::frontend::SyntaxParseHandler>::standaloneLazyFunction'
23:11.55 d:/a/K-Meleon-R/K-Meleon-R/goanna/js/src/frontend/Parser.cpp(423): warning C4661: 'bool js::frontend::Parser<js::frontend::SyntaxParseHandler>::makeDefIntoUse(js::frontend::Definition *,js::frontend::SyntaxParseHandler::Node,JSAtom *)': no suitable definition provided for explicit template instantiation request
23:11.55 d:\a\K-Meleon-R\K-Meleon-R\goanna\js\src\frontend/Parser.h(643): note: see declaration of 'js::frontend::Parser<js::frontend::SyntaxParseHandler>::makeDefIntoUse'
23:11.55 d:/a/K-Meleon-R/K-Meleon-R/goanna/js/src/frontend/Parser.cpp(423): warning C4661: 'bool js::frontend::Parser<js::frontend::SyntaxParseHandler>::isValidForStatementLHS(js::frontend::SyntaxParseHandler::Node,JSVersion,bool,bool,js::frontend::ParseNodeKind)': no suitable definition provided for explicit template instantiation request
23:11.55 d:\a\K-Meleon-R\K-Meleon-R\goanna\js\src\frontend/Parser.h(649): note: see declaration of 'js::frontend::Parser<js::frontend::SyntaxParseHandler>::isValidForStatementLHS'
23:11.55 d:/a/K-Meleon-R/K-Meleon-R/goanna/js/src/frontend/Parser.cpp(423): warning C4661: 'bool js::frontend::Parser<js::frontend::SyntaxParseHandler>::checkForHeadConstInitializers(js::frontend::SyntaxParseHandler::Node)': no suitable definition provided for explicit template instantiation request
23:11.55 d:\a\K-Meleon-R\K-Meleon-R\goanna\js\src\frontend/Parser.h(651): note: see declaration of 'js::frontend::Parser<js::frontend::SyntaxParseHandler>::checkForHeadConstInitializers'
23:11.55 d:/a/K-Meleon-R/K-Meleon-R/goanna/js/src/frontend/Parser.cpp(423): warning C4661: 'bool js::frontend::Parser<js::frontend::SyntaxParseHandler>::checkAndPrepareLexical(bool,const js::frontend::TokenPos &)': no suitable definition provided for explicit template instantiation request
23:11.55 d:\a\K-Meleon-R\K-Meleon-R\goanna\js\src\frontend/Parser.h(668): note: see declaration of 'js::frontend::Parser<js::frojsatom.cpp
23:11.55 pm_stub.obj
23:11.55 ntend::SyntaxParseHandler>::checkAndPrepareLexical'
23:11.55 d:/a/K-Meleon-R/K-Meleon-R/goanna/js/src/frontend/Parser.cpp(423): warning C4661: 'js::frontend::SyntaxParseHandler::Node js::frontend::Parser<js::frontend::SyntaxParseHandler>::makeInitializedLexicalBinding(js::HandlePropertyName,bool,const js::frontend::TokenPos &)': no suitable definition provided for explicit template instantiation request
23:11.55 d:\a\K-Meleon-R\K-Meleon-R\goanna\js\src\frontend/Parser.h(669): note: see declaration of 'js::frontend::Parser<js::frontend::SyntaxParseHandler>::makeInitializedLexicalBinding'
23:11.55 d:/a/K-Meleon-R/K-Meleon-R/goanna/js/src/frontend/Parser.cpp(423): warning C4661: 'bool js::frontend::Parser<js::frontend::SyntaxParseHandler>::checkDestructuringObject(js::frontend::BindData<ParseHandler> *,js::frontend::SyntaxParseHandler::Node)': no suitable definition provided for explicit template instantiation request
23:11.55         with
23:11.55         [
23:11.55             ParseHandler=js::frontend::SyntaxParseHandler
23:11.55         ]
23:11.55 d:\a\K-Meleon-R\K-Meleon-R\goanna\js\src\frontend/Parser.h(673): note: see declaration of 'js::frontend::Parser<js::frontend::SyntaxParseHandler>::checkDestructuringObject'
23:11.55 d:/a/K-Meleon-R/K-Meleon-R/goanna/js/src/frontend/Parser.cpp(423): warning C4661: 'bool js::frontend::Parser<js::frontend::SyntaxParseHandler>::checkDestructuringArray(js::frontend::BindData<ParseHandler> *,js::frontend::SyntaxParseHandler::Node)': no suitable definition provided for explicit template instantiation request
23:11.55         with
23:11.55         [
23:11.55             ParseHandler=js::frontend::SyntaxParseHandler
23:11.55         ]
23:11.55 d:\a\K-Meleon-R\K-Meleon-R\goanna\js\src\frontend/Parser.h(674): note: see declaration of 'js::frontend::Parser<js::frontend::SyntaxParseHandler>::checkDestructuringArray'
23:11.55 d:/a/K-Meleon-R/K-Meleon-R/goanna/js/src/frontend/Parser.cpp(423): warning C4661: 'bool js::frontend::Parser<js::frontend::SyntaxParseHandler>::bindInitialized(js::frontend::BindData<ParseHandler> *,js::frontend::SyntaxParseHandler::Node)': no suitable definition provided for explicit template instantiation request
23:11.55         with
23:11.55         [
23:11.55             ParseHandler=js::frontend::SyntaxParseHandler
23:11.55         ]
23:11.55 d:\a\K-Meleon-R\K-Meleon-R\goanna\js\src\frontend/Parser.h(675): note: see declaration of 'js::frontend::Parser<js::frontend::SyntaxParseHandler>::bindInitialized'
23:11.55 d:/a/K-Meleon-R/K-Meleon-R/goanna/js/src/frontend/Parser.cpp(423): warning C4661: 'bool js::frontend::Parser<js::frontend::SyntaxParseHandler>::bindDestructuringLHS(js::frontend::SyntaxParseHandler::Node)': no suitable definition provided for explicit template instantiation request
23:11.55 d:\a\K-Meleon-R\K-Meleon-R\goanna\js\src\frontend/Parser.h(676): note: see declaration of 'js::frontend::Parser<js::frontend::SyntaxParseHandler>::bindDestructuringLHS'
23:11.55 d:/a/K-Meleon-R/K-Meleon-R/goanna/js/src/frontend/Parser.cpp(423): warning C4661: 'bool js::frontend::Parser<js::frontend::SyntaxParseHandler>::makeSetCall(js::frontend::SyntaxParseHandler::Node,unsigned int)': no suitable definition provided for explicit template instantiation request
23:11.55 d:\a\K-Meleon-R\K-Meleon-R\goanna\js\src\frontend/Parser.h(677): note: see declaration of 'js::frontend::Parser<js::frontend::SyntaxParseHandler>::makeSetCall'
23:47.09 d:/a/K-Meleon-R/K-Meleon-R/goanna/js/src/frontend/Parser.cpp(423): warning C4661: 'js::frontend::SyntaxParseHandler::Node js::frontend::Parser<js::frontend::SyntaxParseHandler>::cloneDestructuringDefault(js::frontend::SyntaxParseHandler::Node)': no suitable definition provided for explicit template instantiation request
23:47.09 d:\a\K-Meleon-R\K-Meleon-R\goanna\js\src\frontend/Parser.h(678): note: see declaration of 'js::frontend::Parser<js::frontend::SyntaxParseHandler>::cloneDestructuringDefault'
23:47.09 d:/a/K-Meleon-R/K-Meleon-R/goanna/js/src/frontend/Parser.cpp(423): warning C4661: 'js::frontend::SyntaxParseHandler::Node js::frontend::Parser<js::frontend::SyntaxParseHandler>::cloneLeftHandSide(js::frontend::SyntaxParseHandler::Node)': no suitable definition provided for explicit template instantiation request
23:47.09 d:\a\K-Meleon-R\K-Meleon-R\goanna\js\src\frontend/Parser.h(679): note: see declaration of 'js::frontend::Parser<js::frontend::SyntaxParseHandler>::cloneLeftHandSide'
23:47.09 d:/a/K-Meleon-R/K-Meleon-R/goanna/js/src/frontend/Parser.cpp(423): warning C4661: 'js::frontend::SyntaxParseHandler::Node js::frontend::Parser<js::frontend::SyntaxParseHandler>::cloneParseTree(js::frontend::SyntaxParseHandler::Node)': no suitable definition provided for explicit template instantiation request
23:47.09 d:\a\K-Meleon-R\K-Meleon-R\goanna\js\src\frontend/Parser.h(680): note: see declaration of 'js::frontend::Parser<js::frontend::SyntaxParseHandler>::cloneParseTree'
23:47.09 d:/a/K-Meleon-R/K-Meleon-R/goanna/js/src/frontend/Parser.cpp(423): warning C4661: 'bool js::frontend::Parser<js::frontend::FullParseHandler>::bindDestructuringLHS(js::frontend::ParseNode *)': no suitable definition provided for explicit template instantiation request
23:47.09 d:\a\K-Meleon-R\K-Meleon-R\goanna\js\src\frontend/Parser.h(676): note: see declaration of 'js::frontend::Parser<js::frontend::FullParseHandler>::bindDestructuringLHS'
23:47.09 d:/a/K-Meleon-R/K-Meleon-R/goanna/js/src/frontend/Parser.cpp(423): warning C4661: 'js::frontend::ParseNode *js::frontend::Parser<js::frontend::FullParseHandler>::cloneDestructuringDefault(js::frontend::ParseNode *)': no suitable definition provided for explicit template instantiation request
23:47.09 d:\a\K-Meleon-R\K-Meleon-R\goanna\js\src\frontend/Parser.h(678): note: see declaration of 'js::frontend::Parser<js::frontend::FullParseHandler>::cloneDestructuringDefault'
23:47.09 d:/a/K-Meleon-R/K-Meleon-R/goanna/js/src/frontend/Parser.cpp(423): warning C4661: 'js::frontend::ParseNode *js::frontend::Parser<js::frontend::FullParseHandler>::cloneLeftHandSide(js::frontend::ParseNode *)': no suitable definition provided for explicit template instantiation request
23:47.09 d:\a\K-Meleon-R\K-Meleon-R\goanna\js\src\frontend/Parser.h(679): note: see declaration of 'js::frontend::Parser<js::frontend::FullParseHandler>::cloneLeftHandSide'
23:47.09 d:/a/K-Meleon-R/K-Meleon-R/goanna/js/src/frontend/Parser.cpp(423): warning C4661: 'js::frontend::ParseNode *js::frontend::Parser<js::frontend::FullParseHandler>::cloneParseTree(js::frontend::ParseNode *)': no suitable definition provided for explicit template instantiation request
23:47.09 d:\a\K-Meleon-R\K-Meleon-R\goanna\js\src\frontend/Parser.h(680): note: see declaration of 'js::frontend::Parser<js::frontend::FullParseHandler>::cloneParseTree'
23:47.09 d:\a\K-Meleon-R\K-Meleon-R\goanna\js\src\frontend/FullParseHandler.h(172): warning C4661: 'bool js::frontend::Parser<js::frontend::FullParseHandler>::bindDestructuringLHS(js::frontend::ParseNode *)': no suitable definition provided for explicit template instantiation request
23:47.09 d:\a\K-Meleon-R\K-Meleon-R\goanna\js\src\frontend/Parser.h(676): note: see declaration of 'js::frontend::Parser<js::frontend::FullParseHandler>::bindDestructuringLHS'
23:47.09 d:\a\K-Meleon-R\K-Meleon-R\goanna\js\src\frontend/FullParseHandler.h(172): warning C4661: 'js::frontend::ParseNode *js::frontend::Parser<js::frontend::FullParseHandler>::cloneDestructuringDefault(js::frontend::ParseNode *)': no suitable definition provided for explicit template instantiation request
23:47.09 d:\a\K-Meleon-R\K-Meleon-R\goanna\js\src\frontend/Parser.h(678): note: see declaration of 'js::frontend::Parser<js::frontend::FullParseHandler>::cloneDestructuringDefault'
23:47.09 d:\a\K-Meleon-R\K-Meleon-R\goanna\js\src\frontend/FullParseHandler.h(172): warning C4661: 'js::frontend::ParseNode *js::frontend::Parser<js::frontend::FullParseHandler>::cloneLeftHandSide(js::frontend::ParseNode *)': no suitable definition provided for explicit template instantiation request
23:47.09 d:\a\K-Meleon-R\K-Meleon-R\goanna\js\src\frontend/Parser.h(679): note: see declaration of 'js::frontend::Parser<js::frontend::FullParseHandler>::cloneLeftHandSide'
23:47.09 d:\a\K-Meleon-R\K-Meleon-R\goanna\js\src\frontend/FullParseHandler.h(172): warning C4661: 'js::frontend::ParseNode *js::frontend::Parser<js::frontend::FullParseHandler>::cloneParseTree(js::frontend::ParseNode *)': no suitable definition provided for explicit template instantiation request
23:47.09 d:\a\K-Meleon-R\K-Meleon-R\goanna\js\src\frontend/Parser.h(680): note: see declaration of 'js::frontend::Parser<js::frontend::FullParseHandler>::cloneParseTree'
23:47.09 TraceLogging.obj
23:47.09 jsarray.cpp
23:47.09 TraceLoggingGraph.obj
23:47.09 pm_stub.cpp
23:47.09 TraceLoggingTypes.obj
23:47.09 jsmath.cpp
23:47.09 d:/a/K-Meleon-R/K-Meleon-R/goanna/js/src/jsmath.cpp(1042): warning C4273: 'log2': inconsistent dll linkage
23:47.09 C:\Program Files (x86)\Windows Kits\10\include\10.0.26100.0\ucrt\corecrt_math.h(552): note: see previous definition of 'log2'
23:47.09 d:/a/K-Meleon-R/K-Meleon-R/goanna/js/src/jsmath.cpp(1067): warning C4273: 'log1p': inconsistent dll linkage
23:47.09 C:\Program Files (x86)\Windows Kits\10\include\10.0.26100.0\ucrt\corecrt_math.h(551): note: see previous definition of 'log1p'
23:47.09 d:/a/K-Meleon-R/K-Meleon-R/goanna/js/src/jsmath.cpp(1113): warning C4273: 'expm1': inconsistent dll linkage
23:47.09 C:\Program Files (x86)\Windows Kits\10\include\10.0.26100.0\ucrt\corecrt_math.h(537): note: see previous definition of 'expm1'
23:47.09 d:/a/K-Meleon-R/K-Meleon-R/goanna/js/src/jsmath.cpp(1217): warning C4273: 'acosh': inconsistent dll linkage
23:47.09 C:\Program Files (x86)\Windows Kits\10\include\10.0.26100.0\ucrt\corecrt_math.h(523): note: see previous definition of 'acosh'
23:47.09 d:/a/K-Meleon-R/K-Meleon-R/goanna/js/src/jsmath.cpp(1327): warning C4273: 'atanh': inconsistent dll linkage
23:47.09 C:\Program Files (x86)\Windows Kits\10\include\10.0.26100.0\ucrt\corecrt_math.h(525): note: see previous definition of 'atanh'
23:47.09 d:/a/K-Meleon-R/K-Meleon-R/goanna/js/src/jsmath.cpp(1483): warning C4273: 'trunc': inconsistent dll linkage
23:47.09 C:\Program Files (x86)\Windows Kits\10\include\10.0.26100.0\ucrt\corecrt_math.h(571): note: see previous definition of 'trunc'
23:47.09 d:/a/K-Meleon-R/K-Meleon-R/goanna/js/src/jsmath.cpp(1534): warning C4273: 'cbrt': inconsistent dll linkage
23:47.09 C:\Program Files (x86)\Windows Kits\10\include\10.0.26100.0\ucrt\corecrt_math.h(529): note: see previous definition of 'cbrt'
23:47.09 Unified_cpp_js_src0.obj
23:47.09 jsutil.cpp
23:47.09 Unified_cpp_js_src1.obj
23:47.09 TraceLoggingTypes.cpp
23:47.09 Unified_cpp_js_src10.obj
23:47.09 TraceLoggingGraph.cpp
23:47.09 Unified_cpp_js_src11.obj
23:47.09 TraceLogging.cpp
23:47.09 Unified_cpp_js_src12.obj
23:47.09 Unified_cpp_js_src1.cpp
23:47.09 d:\a\K-Meleon-R\K-Meleon-R\goanna\js\src\frontend/BytecodeEmitter.cpp(7307): warning C4018: '<': signed/unsigned mismatch
23:47.09 Unified_cpp_js_src2.obj
23:47.09 Unified_cpp_js_src0.cpp
23:47.09 d:\a\K-Meleon-R\K-Meleon-R\goanna\js\src\asmjs/AsmJSModule.cpp(857): warning C4146: unary minus operator applied to unsigned type, result still unsigned
23:47.09 d:\a\K-Meleon-R\K-Meleon-R\goanna\js\src\asmjs/AsmJSSignalHandlers.cpp(586): warning C4334: '<<': result of 32-bit shift implicitly converted to 64 bits (was 64-bit shift intended?)
23:47.09 d:\a\K-Meleon-R\K-Meleon-R\goanna\js\src\builtin/MapObject.cpp(630): warning C4334: '<<': result of 32-bit shift implicitly converted to 64 bits (was 64-bit shift intended?)
23:47.09 d:\a\K-Meleon-R\K-Meleon-R\goanna\js\src\builtin/MapObject.cpp(622): note: while compiling class template member function 'bool js::detail::OrderedHashTable<T,js::OrderedHashSet<T,js::HashableValue::Hasher,js::RuntimeAllocPolicy>::SetOps,AllocPolicy>::rehash(uint32_t)'
23:47.09         with
23:47.09         [
23:47.09             T=js::HashableValue,
23:47.09             AllocPolicy=js::RuntimeAllocPolicy
23:47.09         ]
23:47.09 d:\a\K-Meleon-R\K-Meleon-R\goanna\js\src\builtin/MapObject.cpp(231): note: see reference to function template instantiation 'bool js::detail::OrderedHashTable<T,js::OrderedHashSet<T,js::HashableValue::Hasher,js::RuntimeAllocPolicy>::SetOps,AllocPolicy>::rehash(uint32_t)' being compiled
23:47.09         with
23:47.09         [
23:47.09             T=js::HashableValue,
23:47.09             AllocPolicy=js::RuntimeAllocPolicy
23:47.09         ]
23:47.09 d:\a\K-Meleon-R\K-Meleon-R\goanna\js\src\builtin/MapObject.cpp(755): note: see reference to class template instantiation 'js::detail::OrderedHashTable<T,js::OrderedHashSet<T,js::HashableValue::Hasher,js::RuntimeAllocPolicy>::SetOps,AllocPolicy>' being compiled
23:47.09         with
23:47.09         [
23:47.09             T=js::HashableValue,
23:47.09             AllocPolicy=js::RuntimeAllocPolicy
23:47.09         ]
23:47.09 d:\a\K-Meleon-R\K-Meleon-R\goanna\js\src\builtin/MapObject.cpp(1161): note: see reference to class template instantiation 'js::OrderedHashSet<js::HashableValue,js::HashableValue::Hasher,js::RuntimeAllocPolicy>' being compiled
23:47.09 Unified_cpp_js_src3.obj
23:47.09 Unified_cpp_js_src11.cpp
23:47.09 d:\a\K-Meleon-R\K-Meleon-R\goanna\js\src\jit/JitcodeMap.h(248): warning C4200: nonstandard extension used: zero-sized array in struct/union
23:47.09 d:\a\K-Meleon-R\K-Meleon-R\goanna\js\src\jit/JitcodeMap.h(248): note: This member will be ignored by a defaulted constructor or copy/move assignment operator
23:47.09 Unified_cpp_js_src4.obj
23:47.09 Unified_cpp_js_src12.cpp
23:47.09 Unified_cpp_js_src5.obj
23:47.09 Unified_cpp_js_src2.cpp
23:47.09 d:\a\K-Meleon-R\K-Meleon-R\goanna\js\src\jit/AlignmentMaskAnalysis.cpp(18): warning C4146: unary minus operator applied to unsigned type, result still unsigned
23:47.09 d:\a\K-Meleon-R\K-Meleon-R\goanna\js\src\irregexp/RegExpParser.cpp(999): warning C4661: 'js::irregexp::RegExpTree *js::irregexp::RegExpParser<JS::Latin1Char>::ParseGroup(void)': no suitable definition provided for explicit template instantiation request
23:47.09 d:\a\K-Meleon-R\K-Meleon-R\goanna\js\src\irregexp/RegExpParser.h(181): note: see declaration of 'js::irregexp::RegExpParser<JS::Latin1Char>::ParseGroup'
25:50.40 d:\a\K-Meleon-R\K-Meleon-R\goanna\js\src\irregexp/RegExpParser.cpp(1000): warning C4661: 'js::irregexp::RegExpTree *js::irregexp::RegExpParser<char16_t>::ParseGroup(void)': no suitable definition provided for explicit template instantiation request
25:50.40 d:\a\K-Meleon-R\K-Meleon-R\goanna\js\src\irregexp/RegExpParser.h(181): note: see declaration of 'js::irregexp::RegExpParser<char16_t>::ParseGroup'
25:50.40 d:\a\K-Meleon-R\K-Meleon-R\goanna\js\src\irregexp/RegExpParser.cpp(214): warning C4661: 'js::irregexp::RegExpTree *js::irregexp::RegExpParser<JS::Latin1Char>::ParseGroup(void)': no suitable definition provided for explicit template instantiation request
25:50.40 d:\a\K-Meleon-R\K-Meleon-R\goanna\js\src\irregexp/RegExpParser.h(181): note: see declaration of 'js::irregexp::RegExpParser<JS::Latin1Char>::ParseGroup'
25:50.40 d:\a\K-Meleon-R\K-Meleon-R\goanna\js\src\irregexp/RegExpParser.cpp(214): warning C4661: 'js::irregexp::RegExpTree *js::irregexp::RegExpParser<char16_t>::ParseGroup(void)': no suitable definition provided for explicit template instantiation request
25:50.40 d:\a\K-Meleon-R\K-Meleon-R\goanna\js\src\irregexp/RegExpParser.h(181): note: see declaration of 'js::irregexp::RegExpParser<char16_t>::ParseGroup'
25:50.40 d:\a\K-Meleon-R\K-Meleon-R\goanna\js\src\ds/LifoAlloc.h(409): warning C4661: 'js::irregexp::RegExpTree *js::irregexp::RegExpParser<JS::Latin1Char>::ParseGroup(void)': no suitable definition provided for explicit template instantiation request
25:50.40 d:\a\K-Meleon-R\K-Meleon-R\goanna\js\src\irregexp/RegExpParser.h(181): note: see declaration of 'js::irregexp::RegExpParser<JS::Latin1Char>::ParseGroup'
25:50.40 d:\a\K-Meleon-R\K-Meleon-R\goanna\js\src\ds/LifoAlloc.h(409): warning C4661: 'js::irregexp::RegExpTree *js::irregexp::RegExpParser<char16_t>::ParseGroup(void)': no suitable definition provided for explicit template instantiation request
25:50.40 d:\a\K-Meleon-R\K-Meleon-R\goanna\js\src\irregexp/RegExpParser.h(181): note: see declaration of 'js::irregexp::RegExpParser<char16_t>::ParseGroup'
25:50.40 Unified_cpp_js_src6.obj
25:50.40 Unified_cpp_js_src4.cpp
25:50.40 d:\a\K-Meleon-R\K-Meleon-R\goanna\js\src\jit/JitcodeMap.h(248): warning C4200: nonstandard extension used: zero-sized array in struct/union
25:50.40 d:\a\K-Meleon-R\K-Meleon-R\goanna\js\src\jit/JitcodeMap.h(248): note: This member will be ignored by a defaulted constructor or copy/move assignment operator
25:50.40 Unified_cpp_js_src7.obj
25:50.40 Unified_cpp_js_src3.cpp
25:50.40 d:\a\K-Meleon-R\K-Meleon-R\goanna\js\src\jit/JitcodeMap.h(248): warning C4200: nonstandard extension used: zero-sized array in struct/union
25:50.40 d:\a\K-Meleon-R\K-Meleon-R\goanna\js\src\jit/JitcodeMap.h(248): note: This member will be ignored by a defaulted constructor or copy/move assignment operator
25:50.40 d:\a\K-Meleon-R\K-Meleon-R\goanna\js\src\jit/BaselineCompiler.cpp(1010): warning C4146: unary minus operator applied to unsigned type, result still unsigned
25:50.40 d:\a\K-Meleon-R\K-Meleon-R\goanna\js\src\jit/CodeGenerator.cpp(6146): warning C4146: unary minus operator applied to unsigned type, result still unsigned
25:50.40 Unified_cpp_js_src8.obj
25:50.40 Unified_cpp_js_src5.cpp
25:50.40 d:\a\K-Meleon-R\K-Meleon-R\goanna\js\src\jit/JitcodeMap.h(248): warning C4200: nonstandard extension used: zero-sized array in struct/union
25:50.40 d:\a\K-Meleon-R\K-Meleon-R\goanna\js\src\jit/JitcodeMap.h(248): note: This member will be ignored by a defaulted constructor or copy/move assignment operator
25:50.40 Unified_cpp_js_src9.obj
25:50.40 Unified_cpp_js_src6.cpp
25:50.40 d:\a\K-Meleon-R\K-Meleon-R\goanna\js\src\jit/JitcodeMap.h(248): warning C4200: nonstandard extension used: zero-sized array in struct/union
25:50.40 d:\a\K-Meleon-R\K-Meleon-R\goanna\js\src\jit/JitcodeMap.h(248): note: This member will be ignored by a defaulted constructor or copy/move assignment operator
25:50.40 d:\a\K-Meleon-R\K-Meleon-R\goanna\js\src\jit/shared/CodeGenerator-x86-shared.cpp(375): warning C4146: unary minus operator applied to unsigned type, result still unsigned
25:50.40 Unified_cpp_js_src7.cpp
25:50.40 Unified_cpp_js_src8.cpp
25:50.40 d:\a\K-Meleon-R\K-Meleon-R\goanna\js\src\jit/JitcodeMap.h(248): warning C4200: nonstandard extension used: zero-sized array in struct/union
25:50.40 d:\a\K-Meleon-R\K-Meleon-R\goanna\js\src\jit/JitcodeMap.h(248): note: This member will be ignored by a defaulted constructor or copy/move assignment operator
25:50.40 Unified_cpp_js_src9.cpp
25:50.40 Unified_cpp_js_src10.cpp
25:50.40 d:\a\K-Meleon-R\K-Meleon-R\goanna\js\src\vm/MemoryMetrics.cpp(565): warning C4146: unary minus operator applied to unsigned type, result still unsigned
25:50.40 d:\a\K-Meleon-R\K-Meleon-R\goanna\js\src\vm/MemoryMetrics.cpp(723): note: see reference to function template instantiation 'void StatsCellCallback<FineGrained>(JSRuntime *,void *,void *,JSGCTraceKind,size_t)' being compiled
25:50.40 js_static.lib
25:50.40 Unified_cpp_js_src_shell0.obj
25:50.40 Unified_cpp_js_src_shell0.cpp
25:50.40 d:\a\K-Meleon-R\K-Meleon-R\goanna\js\src\jit/shared/Assembler-x86-shared.h(2729): warning C4805: '|': unsafe mix of type 'bool' and type 'int' in operation
25:50.40 d:\a\K-Meleon-R\K-Meleon-R\goanna\js\src\jit/JitcodeMap.h(248): warning C4200: nonstandard extension used: zero-sized array in struct/union
25:50.40 d:\a\K-Meleon-R\K-Meleon-R\goanna\js\src\jit/JitcodeMap.h(248): note: This member will be ignored by a defaulted constructor or copy/move assignment operator
25:50.40 js.exe
25:50.40    Creating library js.lib and object js.exp
25:50.40 
25:50.40 gmake.EXE[4]: Target 'recurse_compile' not remade because of errors.
25:50.40 gmake.EXE[3]: *** [d:/a/K-Meleon-R/K-Meleon-R/goanna/config/recurse.mk:33: compile] Error 2
25:50.40 gmake.EXE[2]: *** [d:/a/K-Meleon-R/K-Meleon-R/goanna/config/rules.mk:537: default] Error 2
25:50.40 gmake.EXE[1]: *** [d:/a/K-Meleon-R/K-Meleon-R/goanna/client.mk:399: realbuild] Error 2
25:50.40 gmake.EXE: *** [client.mk:171: build] Error 2
25:50.45 9 compiler warnings present.
2
=== BUILD FAILED, isolating errors with -j1 ===
=== retry js/ipc ===
 0:07.86     ..\..\xpcom\base\ErrorNames.obj
 0:07.88     ..\..\xpcom\base\nsErrorService.obj
 0:07.92 LINK : fatal error LNK1181: cannot open input file '..\..\layout\media\gkmedias.lib'
 0:07.92 gmake.EXE[1]: *** [d:/a/K-Meleon-R/K-Meleon-R/goanna/config/rules.mk:815: xul.dll] Error 1181
 0:07.92 gmake.EXE: *** [d:/a/K-Meleon-R/K-Meleon-R/goanna/config/rules.mk:537: default] Error 2
